sequence,row_index,id,relative_path,source_sha256,source_size_bytes,expected_status,schedule_schema_version,schedule_design,schedule_sha256,repeat,schedule_row,complete_block,row_in_block,order_in_repeat,arm_position,label,arm,schedule_order_json,timing_scope,parser_inclusive,result,time_s,exit_code,process_returncode,timed_out,error_kind,error_detail,stdout,stderr,argv_json
0,0,6927,QF_UF/QG-classification/qg7/gensys_brn004.smt2,aa3607cc8a57998edf083281c84580657a4b56b86dbcec7f51818a3d00913058,810804,sat,1,williams_first_order_carryover,6ad653227c3c19559c94ff26e7c6827f5db285b786b909d8b494bd463f6fcf84,0,0,0,0,0,0,baseline,baseline,"[""baseline"",""braid-0"",""braid-10000"",""braid-10"",""braid-1000"",""braid-100""]",parser_inclusive_subprocess_wall_clock,1,sat,0.127943205,0,0,0,,,"sat
",,"[""/net/scratch/hscra/plgrid/plgnasqret/codex-control/projects/euf-viper/runs/20260727T103600Z-phase-braid-qg7-8233420/target/release/euf-viper"",""fabric-solve"",""--engine"",""quotient-portfolio"",""/net/scratch/hscra/plgrid/plgnasqret/codex-control/projects/euf-viper/corpora/9b39c70a794d52277a4e5d83731f0ebc50a2f3b804eb1dfc8cf32766a5ebeadc/smtlib-2025/QF_UF/QF_UF/QG-classification/qg7/gensys_brn004.smt2""]"
1,0,6927,QF_UF/QG-classification/qg7/gensys_brn004.smt2,aa3607cc8a57998edf083281c84580657a4b56b86dbcec7f51818a3d00913058,810804,sat,1,williams_first_order_carryover,6ad653227c3c19559c94ff26e7c6827f5db285b786b909d8b494bd463f6fcf84,0,0,0,0,1,1,braid-0,braid-0,"[""baseline"",""braid-0"",""braid-10000"",""braid-10"",""braid-1000"",""braid-100""]",parser_inclusive_subprocess_wall_clock,1,sat,0.319814197,0,0,0,,,"sat
",,"[""/net/scratch/hscra/plgrid/plgnasqret/codex-control/projects/euf-viper/runs/20260727T103600Z-phase-braid-qg7-8233420/target/release/euf-viper"",""fabric-solve"",""--engine"",""quotient-portfolio"",""/net/scratch/hscra/plgrid/plgnasqret/codex-control/projects/euf-viper/corpora/9b39c70a794d52277a4e5d83731f0ebc50a2f3b804eb1dfc8cf32766a5ebeadc/smtlib-2025/QF_UF/QF_UF/QG-classification/qg7/gensys_brn004.smt2""]"
2,0,6927,QF_UF/QG-classification/qg7/gensys_brn004.smt2,aa3607cc8a57998edf083281c84580657a4b56b86dbcec7f51818a3d00913058,810804,sat,1,williams_first_order_carryover,6ad653227c3c19559c94ff26e7c6827f5db285b786b909d8b494bd463f6fcf84,0,0,0,0,2,2,braid-10000,braid-10000,"[""baseline"",""braid-0"",""braid-10000"",""braid-10"",""braid-1000"",""braid-100""]",parser_inclusive_subprocess_wall_clock,1,sat,0.234408757,0,0,0,,,"sat
",,"[""/net/scratch/hscra/plgrid/plgnasqret/codex-control/projects/euf-viper/runs/20260727T103600Z-phase-braid-qg7-8233420/target/release/euf-viper"",""fabric-solve"",""--engine"",""quotient-portfolio"",""/net/scratch/hscra/plgrid/plgnasqret/codex-control/projects/euf-viper/corpora/9b39c70a794d52277a4e5d83731f0ebc50a2f3b804eb1dfc8cf32766a5ebeadc/smtlib-2025/QF_UF/QF_UF/QG-classification/qg7/gensys_brn004.smt2""]"
3,0,6927,QF_UF/QG-classification/qg7/gensys_brn004.smt2,aa3607cc8a57998edf083281c84580657a4b56b86dbcec7f51818a3d00913058,810804,sat,1,williams_first_order_carryover,6ad653227c3c19559c94ff26e7c6827f5db285b786b909d8b494bd463f6fcf84,0,0,0,0,3,3,braid-10,braid-10,"[""baseline"",""braid-0"",""braid-10000"",""braid-10"",""braid-1000"",""braid-100""]",parser_inclusive_subprocess_wall_clock,1,sat,0.559339921,0,0,0,,,"sat
",,"[""/net/scratch/hscra/plgrid/plgnasqret/codex-control/projects/euf-viper/runs/20260727T103600Z-phase-braid-qg7-8233420/target/release/euf-viper"",""fabric-solve"",""--engine"",""quotient-portfolio"",""/net/scratch/hscra/plgrid/plgnasqret/codex-control/projects/euf-viper/corpora/9b39c70a794d52277a4e5d83731f0ebc50a2f3b804eb1dfc8cf32766a5ebeadc/smtlib-2025/QF_UF/QF_UF/QG-classification/qg7/gensys_brn004.smt2""]"
4,0,6927,QF_UF/QG-classification/qg7/gensys_brn004.smt2,aa3607cc8a57998edf083281c84580657a4b56b86dbcec7f51818a3d00913058,810804,sat,1,williams_first_order_carryover,6ad653227c3c19559c94ff26e7c6827f5db285b786b909d8b494bd463f6fcf84,0,0,0,0,4,4,braid-1000,braid-1000,"[""baseline"",""braid-0"",""braid-10000"",""braid-10"",""braid-1000"",""braid-100""]",parser_inclusive_subprocess_wall_clock,1,sat,0.336135692,0,0,0,,,"sat
",,"[""/net/scratch/hscra/plgrid/plgnasqret/codex-control/projects/euf-viper/runs/20260727T103600Z-phase-braid-qg7-8233420/target/release/euf-viper"",""fabric-solve"",""--engine"",""quotient-portfolio"",""/net/scratch/hscra/plgrid/plgnasqret/codex-control/projects/euf-viper/corpora/9b39c70a794d52277a4e5d83731f0ebc50a2f3b804eb1dfc8cf32766a5ebeadc/smtlib-2025/QF_UF/QF_UF/QG-classification/qg7/gensys_brn004.smt2""]"
5,0,6927,QF_UF/QG-classification/qg7/gensys_brn004.smt2,aa3607cc8a57998edf083281c84580657a4b56b86dbcec7f51818a3d00913058,810804,sat,1,williams_first_order_carryover,6ad653227c3c19559c94ff26e7c6827f5db285b786b909d8b494bd463f6fcf84,0,0,0,0,5,5,braid-100,braid-100,"[""baseline"",""braid-0"",""braid-10000"",""braid-10"",""braid-1000"",""braid-100""]",parser_inclusive_subprocess_wall_clock,1,sat,0.767230137,0,0,0,,,"sat
",,"[""/net/scratch/hscra/plgrid/plgnasqret/codex-control/projects/euf-viper/runs/20260727T103600Z-phase-braid-qg7-8233420/target/release/euf-viper"",""fabric-solve"",""--engine"",""quotient-portfolio"",""/net/scratch/hscra/plgrid/plgnasqret/codex-control/projects/euf-viper/corpora/9b39c70a794d52277a4e5d83731f0ebc50a2f3b804eb1dfc8cf32766a5ebeadc/smtlib-2025/QF_UF/QF_UF/QG-classification/qg7/gensys_brn004.smt2""]"
6,0,6927,QF_UF/QG-classification/qg7/gensys_brn004.smt2,aa3607cc8a57998edf083281c84580657a4b56b86dbcec7f51818a3d00913058,810804,sat,1,williams_first_order_carryover,6ad653227c3c19559c94ff26e7c6827f5db285b786b909d8b494bd463f6fcf84,1,1,0,1,0,0,braid-0,braid-0,"[""braid-0"",""braid-10"",""baseline"",""braid-100"",""braid-10000"",""braid-1000""]",parser_inclusive_subprocess_wall_clock,1,sat,0.775866956,0,0,0,,,"sat
",,"[""/net/scratch/hscra/plgrid/plgnasqret/codex-control/projects/euf-viper/runs/20260727T103600Z-phase-braid-qg7-8233420/target/release/euf-viper"",""fabric-solve"",""--engine"",""quotient-portfolio"",""/net/scratch/hscra/plgrid/plgnasqret/codex-control/projects/euf-viper/corpora/9b39c70a794d52277a4e5d83731f0ebc50a2f3b804eb1dfc8cf32766a5ebeadc/smtlib-2025/QF_UF/QF_UF/QG-classification/qg7/gensys_brn004.smt2""]"
7,0,6927,QF_UF/QG-classification/qg7/gensys_brn004.smt2,aa3607cc8a57998edf083281c84580657a4b56b86dbcec7f51818a3d00913058,810804,sat,1,williams_first_order_carryover,6ad653227c3c19559c94ff26e7c6827f5db285b786b909d8b494bd463f6fcf84,1,1,0,1,1,1,braid-10,braid-10,"[""braid-0"",""braid-10"",""baseline"",""braid-100"",""braid-10000"",""braid-1000""]",parser_inclusive_subprocess_wall_clock,1,sat,0.648080199,0,0,0,,,"sat
",,"[""/net/scratch/hscra/plgrid/plgnasqret/codex-control/projects/euf-viper/runs/20260727T103600Z-phase-braid-qg7-8233420/target/release/euf-viper"",""fabric-solve"",""--engine"",""quotient-portfolio"",""/net/scratch/hscra/plgrid/plgnasqret/codex-control/projects/euf-viper/corpora/9b39c70a794d52277a4e5d83731f0ebc50a2f3b804eb1dfc8cf32766a5ebeadc/smtlib-2025/QF_UF/QF_UF/QG-classification/qg7/gensys_brn004.smt2""]"
8,0,6927,QF_UF/QG-classification/qg7/gensys_brn004.smt2,aa3607cc8a57998edf083281c84580657a4b56b86dbcec7f51818a3d00913058,810804,sat,1,williams_first_order_carryover,6ad653227c3c19559c94ff26e7c6827f5db285b786b909d8b494bd463f6fcf84,1,1,0,1,2,2,baseline,baseline,"[""braid-0"",""braid-10"",""baseline"",""braid-100"",""braid-10000"",""braid-1000""]",parser_inclusive_subprocess_wall_clock,1,sat,0.124341905,0,0,0,,,"sat
",,"[""/net/scratch/hscra/plgrid/plgnasqret/codex-control/projects/euf-viper/runs/20260727T103600Z-phase-braid-qg7-8233420/target/release/euf-viper"",""fabric-solve"",""--engine"",""quotient-portfolio"",""/net/scratch/hscra/plgrid/plgnasqret/codex-control/projects/euf-viper/corpora/9b39c70a794d52277a4e5d83731f0ebc50a2f3b804eb1dfc8cf32766a5ebeadc/smtlib-2025/QF_UF/QF_UF/QG-classification/qg7/gensys_brn004.smt2""]"
9,0,6927,QF_UF/QG-classification/qg7/gensys_brn004.smt2,aa3607cc8a57998edf083281c84580657a4b56b86dbcec7f51818a3d00913058,810804,sat,1,williams_first_order_carryover,6ad653227c3c19559c94ff26e7c6827f5db285b786b909d8b494bd463f6fcf84,1,1,0,1,3,3,braid-100,braid-100,"[""braid-0"",""braid-10"",""baseline"",""braid-100"",""braid-10000"",""braid-1000""]",parser_inclusive_subprocess_wall_clock,1,sat,0.285690488,0,0,0,,,"sat
",,"[""/net/scratch/hscra/plgrid/plgnasqret/codex-control/projects/euf-viper/runs/20260727T103600Z-phase-braid-qg7-8233420/target/release/euf-viper"",""fabric-solve"",""--engine"",""quotient-portfolio"",""/net/scratch/hscra/plgrid/plgnasqret/codex-control/projects/euf-viper/corpora/9b39c70a794d52277a4e5d83731f0ebc50a2f3b804eb1dfc8cf32766a5ebeadc/smtlib-2025/QF_UF/QF_UF/QG-classification/qg7/gensys_brn004.smt2""]"
10,0,6927,QF_UF/QG-classification/qg7/gensys_brn004.smt2,aa3607cc8a57998edf083281c84580657a4b56b86dbcec7f51818a3d00913058,810804,sat,1,williams_first_order_carryover,6ad653227c3c19559c94ff26e7c6827f5db285b786b909d8b494bd463f6fcf84,1,1,0,1,4,4,braid-10000,braid-10000,"[""braid-0"",""braid-10"",""baseline"",""braid-100"",""braid-10000"",""braid-1000""]",parser_inclusive_subprocess_wall_clock,1,sat,0.146149873,0,0,0,,,"sat
",,"[""/net/scratch/hscra/plgrid/plgnasqret/codex-control/projects/euf-viper/runs/20260727T103600Z-phase-braid-qg7-8233420/target/release/euf-viper"",""fabric-solve"",""--engine"",""quotient-portfolio"",""/net/scratch/hscra/plgrid/plgnasqret/codex-control/projects/euf-viper/corpora/9b39c70a794d52277a4e5d83731f0ebc50a2f3b804eb1dfc8cf32766a5ebeadc/smtlib-2025/QF_UF/QF_UF/QG-classification/qg7/gensys_brn004.smt2""]"
11,0,6927,QF_UF/QG-classification/qg7/gensys_brn004.smt2,aa3607cc8a57998edf083281c84580657a4b56b86dbcec7f51818a3d00913058,810804,sat,1,williams_first_order_carryover,6ad653227c3c19559c94ff26e7c6827f5db285b786b909d8b494bd463f6fcf84,1,1,0,1,5,5,braid-1000,braid-1000,"[""braid-0"",""braid-10"",""baseline"",""braid-100"",""braid-10000"",""braid-1000""]",parser_inclusive_subprocess_wall_clock,1,sat,0.152513380,0,0,0,,,"sat
",,"[""/net/scratch/hscra/plgrid/plgnasqret/codex-control/projects/euf-viper/runs/20260727T103600Z-phase-braid-qg7-8233420/target/release/euf-viper"",""fabric-solve"",""--engine"",""quotient-portfolio"",""/net/scratch/hscra/plgrid/plgnasqret/codex-control/projects/euf-viper/corpora/9b39c70a794d52277a4e5d83731f0ebc50a2f3b804eb1dfc8cf32766a5ebeadc/smtlib-2025/QF_UF/QF_UF/QG-classification/qg7/gensys_brn004.smt2""]"
12,0,6927,QF_UF/QG-classification/qg7/gensys_brn004.smt2,aa3607cc8a57998edf083281c84580657a4b56b86dbcec7f51818a3d00913058,810804,sat,1,williams_first_order_carryover,6ad653227c3c19559c94ff26e7c6827f5db285b786b909d8b494bd463f6fcf84,2,2,0,2,0,0,braid-10,braid-10,"[""braid-10"",""braid-100"",""braid-0"",""braid-1000"",""baseline"",""braid-10000""]",parser_inclusive_subprocess_wall_clock,1,sat,0.279910908,0,0,0,,,"sat
",,"[""/net/scratch/hscra/plgrid/plgnasqret/codex-control/projects/euf-viper/runs/20260727T103600Z-phase-braid-qg7-8233420/target/release/euf-viper"",""fabric-solve"",""--engine"",""quotient-portfolio"",""/net/scratch/hscra/plgrid/plgnasqret/codex-control/projects/euf-viper/corpora/9b39c70a794d52277a4e5d83731f0ebc50a2f3b804eb1dfc8cf32766a5ebeadc/smtlib-2025/QF_UF/QF_UF/QG-classification/qg7/gensys_brn004.smt2""]"
13,0,6927,QF_UF/QG-classification/qg7/gensys_brn004.smt2,aa3607cc8a57998edf083281c84580657a4b56b86dbcec7f51818a3d00913058,810804,sat,1,williams_first_order_carryover,6ad653227c3c19559c94ff26e7c6827f5db285b786b909d8b494bd463f6fcf84,2,2,0,2,1,1,braid-100,braid-100,"[""braid-10"",""braid-100"",""braid-0"",""braid-1000"",""baseline"",""braid-10000""]",parser_inclusive_subprocess_wall_clock,1,sat,0.272283183,0,0,0,,,"sat
",,"[""/net/scratch/hscra/plgrid/plgnasqret/codex-control/projects/euf-viper/runs/20260727T103600Z-phase-braid-qg7-8233420/target/release/euf-viper"",""fabric-solve"",""--engine"",""quotient-portfolio"",""/net/scratch/hscra/plgrid/plgnasqret/codex-control/projects/euf-viper/corpora/9b39c70a794d52277a4e5d83731f0ebc50a2f3b804eb1dfc8cf32766a5ebeadc/smtlib-2025/QF_UF/QF_UF/QG-classification/qg7/gensys_brn004.smt2""]"
14,0,6927,QF_UF/QG-classification/qg7/gensys_brn004.smt2,aa3607cc8a57998edf083281c84580657a4b56b86dbcec7f51818a3d00913058,810804,sat,1,williams_first_order_carryover,6ad653227c3c19559c94ff26e7c6827f5db285b786b909d8b494bd463f6fcf84,2,2,0,2,2,2,braid-0,braid-0,"[""braid-10"",""braid-100"",""braid-0"",""braid-1000"",""baseline"",""braid-10000""]",parser_inclusive_subprocess_wall_clock,1,sat,0.258898814,0,0,0,,,"sat
",,"[""/net/scratch/hscra/plgrid/plgnasqret/codex-control/projects/euf-viper/runs/20260727T103600Z-phase-braid-qg7-8233420/target/release/euf-viper"",""fabric-solve"",""--engine"",""quotient-portfolio"",""/net/scratch/hscra/plgrid/plgnasqret/codex-control/projects/euf-viper/corpora/9b39c70a794d52277a4e5d83731f0ebc50a2f3b804eb1dfc8cf32766a5ebeadc/smtlib-2025/QF_UF/QF_UF/QG-classification/qg7/gensys_brn004.smt2""]"
15,0,6927,QF_UF/QG-classification/qg7/gensys_brn004.smt2,aa3607cc8a57998edf083281c84580657a4b56b86dbcec7f51818a3d00913058,810804,sat,1,williams_first_order_carryover,6ad653227c3c19559c94ff26e7c6827f5db285b786b909d8b494bd463f6fcf84,2,2,0,2,3,3,braid-1000,braid-1000,"[""braid-10"",""braid-100"",""braid-0"",""braid-1000"",""baseline"",""braid-10000""]",parser_inclusive_subprocess_wall_clock,1,sat,0.146846599,0,0,0,,,"sat
",,"[""/net/scratch/hscra/plgrid/plgnasqret/codex-control/projects/euf-viper/runs/20260727T103600Z-phase-braid-qg7-8233420/target/release/euf-viper"",""fabric-solve"",""--engine"",""quotient-portfolio"",""/net/scratch/hscra/plgrid/plgnasqret/codex-control/projects/euf-viper/corpora/9b39c70a794d52277a4e5d83731f0ebc50a2f3b804eb1dfc8cf32766a5ebeadc/smtlib-2025/QF_UF/QF_UF/QG-classification/qg7/gensys_brn004.smt2""]"
16,0,6927,QF_UF/QG-classification/qg7/gensys_brn004.smt2,aa3607cc8a57998edf083281c84580657a4b56b86dbcec7f51818a3d00913058,810804,sat,1,williams_first_order_carryover,6ad653227c3c19559c94ff26e7c6827f5db285b786b909d8b494bd463f6fcf84,2,2,0,2,4,4,baseline,baseline,"[""braid-10"",""braid-100"",""braid-0"",""braid-1000"",""baseline"",""braid-10000""]",parser_inclusive_subprocess_wall_clock,1,sat,0.126793588,0,0,0,,,"sat
",,"[""/net/scratch/hscra/plgrid/plgnasqret/codex-control/projects/euf-viper/runs/20260727T103600Z-phase-braid-qg7-8233420/target/release/euf-viper"",""fabric-solve"",""--engine"",""quotient-portfolio"",""/net/scratch/hscra/plgrid/plgnasqret/codex-control/projects/euf-viper/corpora/9b39c70a794d52277a4e5d83731f0ebc50a2f3b804eb1dfc8cf32766a5ebeadc/smtlib-2025/QF_UF/QF_UF/QG-classification/qg7/gensys_brn004.smt2""]"
17,0,6927,QF_UF/QG-classification/qg7/gensys_brn004.smt2,aa3607cc8a57998edf083281c84580657a4b56b86dbcec7f51818a3d00913058,810804,sat,1,williams_first_order_carryover,6ad653227c3c19559c94ff26e7c6827f5db285b786b909d8b494bd463f6fcf84,2,2,0,2,5,5,braid-10000,braid-10000,"[""braid-10"",""braid-100"",""braid-0"",""braid-1000"",""baseline"",""braid-10000""]",parser_inclusive_subprocess_wall_clock,1,sat,0.140707489,0,0,0,,,"sat
",,"[""/net/scratch/hscra/plgrid/plgnasqret/codex-control/projects/euf-viper/runs/20260727T103600Z-phase-braid-qg7-8233420/target/release/euf-viper"",""fabric-solve"",""--engine"",""quotient-portfolio"",""/net/scratch/hscra/plgrid/plgnasqret/codex-control/projects/euf-viper/corpora/9b39c70a794d52277a4e5d83731f0ebc50a2f3b804eb1dfc8cf32766a5ebeadc/smtlib-2025/QF_UF/QF_UF/QG-classification/qg7/gensys_brn004.smt2""]"
18,0,6927,QF_UF/QG-classification/qg7/gensys_brn004.smt2,aa3607cc8a57998edf083281c84580657a4b56b86dbcec7f51818a3d00913058,810804,sat,1,williams_first_order_carryover,6ad653227c3c19559c94ff26e7c6827f5db285b786b909d8b494bd463f6fcf84,3,3,0,3,0,0,braid-100,braid-100,"[""braid-100"",""braid-1000"",""braid-10"",""braid-10000"",""braid-0"",""baseline""]",parser_inclusive_subprocess_wall_clock,1,sat,0.283506980,0,0,0,,,"sat
",,"[""/net/scratch/hscra/plgrid/plgnasqret/codex-control/projects/euf-viper/runs/20260727T103600Z-phase-braid-qg7-8233420/target/release/euf-viper"",""fabric-solve"",""--engine"",""quotient-portfolio"",""/net/scratch/hscra/plgrid/plgnasqret/codex-control/projects/euf-viper/corpora/9b39c70a794d52277a4e5d83731f0ebc50a2f3b804eb1dfc8cf32766a5ebeadc/smtlib-2025/QF_UF/QF_UF/QG-classification/qg7/gensys_brn004.smt2""]"
19,0,6927,QF_UF/QG-classification/qg7/gensys_brn004.smt2,aa3607cc8a57998edf083281c84580657a4b56b86dbcec7f51818a3d00913058,810804,sat,1,williams_first_order_carryover,6ad653227c3c19559c94ff26e7c6827f5db285b786b909d8b494bd463f6fcf84,3,3,0,3,1,1,braid-1000,braid-1000,"[""braid-100"",""braid-1000"",""braid-10"",""braid-10000"",""braid-0"",""baseline""]",parser_inclusive_subprocess_wall_clock,1,sat,0.142351750,0,0,0,,,"sat
",,"[""/net/scratch/hscra/plgrid/plgnasqret/codex-control/projects/euf-viper/runs/20260727T103600Z-phase-braid-qg7-8233420/target/release/euf-viper"",""fabric-solve"",""--engine"",""quotient-portfolio"",""/net/scratch/hscra/plgrid/plgnasqret/codex-control/projects/euf-viper/corpora/9b39c70a794d52277a4e5d83731f0ebc50a2f3b804eb1dfc8cf32766a5ebeadc/smtlib-2025/QF_UF/QF_UF/QG-classification/qg7/gensys_brn004.smt2""]"
20,0,6927,QF_UF/QG-classification/qg7/gensys_brn004.smt2,aa3607cc8a57998edf083281c84580657a4b56b86dbcec7f51818a3d00913058,810804,sat,1,williams_first_order_carryover,6ad653227c3c19559c94ff26e7c6827f5db285b786b909d8b494bd463f6fcf84,3,3,0,3,2,2,braid-10,braid-10,"[""braid-100"",""braid-1000"",""braid-10"",""braid-10000"",""braid-0"",""baseline""]",parser_inclusive_subprocess_wall_clock,1,sat,0.308813906,0,0,0,,,"sat
",,"[""/net/scratch/hscra/plgrid/plgnasqret/codex-control/projects/euf-viper/runs/20260727T103600Z-phase-braid-qg7-8233420/target/release/euf-viper"",""fabric-solve"",""--engine"",""quotient-portfolio"",""/net/scratch/hscra/plgrid/plgnasqret/codex-control/projects/euf-viper/corpora/9b39c70a794d52277a4e5d83731f0ebc50a2f3b804eb1dfc8cf32766a5ebeadc/smtlib-2025/QF_UF/QF_UF/QG-classification/qg7/gensys_brn004.smt2""]"
21,0,6927,QF_UF/QG-classification/qg7/gensys_brn004.smt2,aa3607cc8a57998edf083281c84580657a4b56b86dbcec7f51818a3d00913058,810804,sat,1,williams_first_order_carryover,6ad653227c3c19559c94ff26e7c6827f5db285b786b909d8b494bd463f6fcf84,3,3,0,3,3,3,braid-10000,braid-10000,"[""braid-100"",""braid-1000"",""braid-10"",""braid-10000"",""braid-0"",""baseline""]",parser_inclusive_subprocess_wall_clock,1,sat,0.176833248,0,0,0,,,"sat
",,"[""/net/scratch/hscra/plgrid/plgnasqret/codex-control/projects/euf-viper/runs/20260727T103600Z-phase-braid-qg7-8233420/target/release/euf-viper"",""fabric-solve"",""--engine"",""quotient-portfolio"",""/net/scratch/hscra/plgrid/plgnasqret/codex-control/projects/euf-viper/corpora/9b39c70a794d52277a4e5d83731f0ebc50a2f3b804eb1dfc8cf32766a5ebeadc/smtlib-2025/QF_UF/QF_UF/QG-classification/qg7/gensys_brn004.smt2""]"
22,0,6927,QF_UF/QG-classification/qg7/gensys_brn004.smt2,aa3607cc8a57998edf083281c84580657a4b56b86dbcec7f51818a3d00913058,810804,sat,1,williams_first_order_carryover,6ad653227c3c19559c94ff26e7c6827f5db285b786b909d8b494bd463f6fcf84,3,3,0,3,4,4,braid-0,braid-0,"[""braid-100"",""braid-1000"",""braid-10"",""braid-10000"",""braid-0"",""baseline""]",parser_inclusive_subprocess_wall_clock,1,sat,0.355371954,0,0,0,,,"sat
",,"[""/net/scratch/hscra/plgrid/plgnasqret/codex-control/projects/euf-viper/runs/20260727T103600Z-phase-braid-qg7-8233420/target/release/euf-viper"",""fabric-solve"",""--engine"",""quotient-portfolio"",""/net/scratch/hscra/plgrid/plgnasqret/codex-control/projects/euf-viper/corpora/9b39c70a794d52277a4e5d83731f0ebc50a2f3b804eb1dfc8cf32766a5ebeadc/smtlib-2025/QF_UF/QF_UF/QG-classification/qg7/gensys_brn004.smt2""]"
23,0,6927,QF_UF/QG-classification/qg7/gensys_brn004.smt2,aa3607cc8a57998edf083281c84580657a4b56b86dbcec7f51818a3d00913058,810804,sat,1,williams_first_order_carryover,6ad653227c3c19559c94ff26e7c6827f5db285b786b909d8b494bd463f6fcf84,3,3,0,3,5,5,baseline,baseline,"[""braid-100"",""braid-1000"",""braid-10"",""braid-10000"",""braid-0"",""baseline""]",parser_inclusive_subprocess_wall_clock,1,sat,0.160699913,0,0,0,,,"sat
",,"[""/net/scratch/hscra/plgrid/plgnasqret/codex-control/projects/euf-viper/runs/20260727T103600Z-phase-braid-qg7-8233420/target/release/euf-viper"",""fabric-solve"",""--engine"",""quotient-portfolio"",""/net/scratch/hscra/plgrid/plgnasqret/codex-control/projects/euf-viper/corpora/9b39c70a794d52277a4e5d83731f0ebc50a2f3b804eb1dfc8cf32766a5ebeadc/smtlib-2025/QF_UF/QF_UF/QG-classification/qg7/gensys_brn004.smt2""]"
24,0,6927,QF_UF/QG-classification/qg7/gensys_brn004.smt2,aa3607cc8a57998edf083281c84580657a4b56b86dbcec7f51818a3d00913058,810804,sat,1,williams_first_order_carryover,6ad653227c3c19559c94ff26e7c6827f5db285b786b909d8b494bd463f6fcf84,4,4,0,4,0,0,braid-1000,braid-1000,"[""braid-1000"",""braid-10000"",""braid-100"",""baseline"",""braid-10"",""braid-0""]",parser_inclusive_subprocess_wall_clock,1,sat,0.275914862,0,0,0,,,"sat
",,"[""/net/scratch/hscra/plgrid/plgnasqret/codex-control/projects/euf-viper/runs/20260727T103600Z-phase-braid-qg7-8233420/target/release/euf-viper"",""fabric-solve"",""--engine"",""quotient-portfolio"",""/net/scratch/hscra/plgrid/plgnasqret/codex-control/projects/euf-viper/corpora/9b39c70a794d52277a4e5d83731f0ebc50a2f3b804eb1dfc8cf32766a5ebeadc/smtlib-2025/QF_UF/QF_UF/QG-classification/qg7/gensys_brn004.smt2""]"
25,0,6927,QF_UF/QG-classification/qg7/gensys_brn004.smt2,aa3607cc8a57998edf083281c84580657a4b56b86dbcec7f51818a3d00913058,810804,sat,1,williams_first_order_carryover,6ad653227c3c19559c94ff26e7c6827f5db285b786b909d8b494bd463f6fcf84,4,4,0,4,1,1,braid-10000,braid-10000,"[""braid-1000"",""braid-10000"",""braid-100"",""baseline"",""braid-10"",""braid-0""]",parser_inclusive_subprocess_wall_clock,1,sat,0.302722330,0,0,0,,,"sat
",,"[""/net/scratch/hscra/plgrid/plgnasqret/codex-control/projects/euf-viper/runs/20260727T103600Z-phase-braid-qg7-8233420/target/release/euf-viper"",""fabric-solve"",""--engine"",""quotient-portfolio"",""/net/scratch/hscra/plgrid/plgnasqret/codex-control/projects/euf-viper/corpora/9b39c70a794d52277a4e5d83731f0ebc50a2f3b804eb1dfc8cf32766a5ebeadc/smtlib-2025/QF_UF/QF_UF/QG-classification/qg7/gensys_brn004.smt2""]"
26,0,6927,QF_UF/QG-classification/qg7/gensys_brn004.smt2,aa3607cc8a57998edf083281c84580657a4b56b86dbcec7f51818a3d00913058,810804,sat,1,williams_first_order_carryover,6ad653227c3c19559c94ff26e7c6827f5db285b786b909d8b494bd463f6fcf84,4,4,0,4,2,2,braid-100,braid-100,"[""braid-1000"",""braid-10000"",""braid-100"",""baseline"",""braid-10"",""braid-0""]",parser_inclusive_subprocess_wall_clock,1,sat,0.727163499,0,0,0,,,"sat
",,"[""/net/scratch/hscra/plgrid/plgnasqret/codex-control/projects/euf-viper/runs/20260727T103600Z-phase-braid-qg7-8233420/target/release/euf-viper"",""fabric-solve"",""--engine"",""quotient-portfolio"",""/net/scratch/hscra/plgrid/plgnasqret/codex-control/projects/euf-viper/corpora/9b39c70a794d52277a4e5d83731f0ebc50a2f3b804eb1dfc8cf32766a5ebeadc/smtlib-2025/QF_UF/QF_UF/QG-classification/qg7/gensys_brn004.smt2""]"
27,0,6927,QF_UF/QG-classification/qg7/gensys_brn004.smt2,aa3607cc8a57998edf083281c84580657a4b56b86dbcec7f51818a3d00913058,810804,sat,1,williams_first_order_carryover,6ad653227c3c19559c94ff26e7c6827f5db285b786b909d8b494bd463f6fcf84,4,4,0,4,3,3,baseline,baseline,"[""braid-1000"",""braid-10000"",""braid-100"",""baseline"",""braid-10"",""braid-0""]",parser_inclusive_subprocess_wall_clock,1,sat,0.232673480,0,0,0,,,"sat
",,"[""/net/scratch/hscra/plgrid/plgnasqret/codex-control/projects/euf-viper/runs/20260727T103600Z-phase-braid-qg7-8233420/target/release/euf-viper"",""fabric-solve"",""--engine"",""quotient-portfolio"",""/net/scratch/hscra/plgrid/plgnasqret/codex-control/projects/euf-viper/corpora/9b39c70a794d52277a4e5d83731f0ebc50a2f3b804eb1dfc8cf32766a5ebeadc/smtlib-2025/QF_UF/QF_UF/QG-classification/qg7/gensys_brn004.smt2""]"
28,0,6927,QF_UF/QG-classification/qg7/gensys_brn004.smt2,aa3607cc8a57998edf083281c84580657a4b56b86dbcec7f51818a3d00913058,810804,sat,1,williams_first_order_carryover,6ad653227c3c19559c94ff26e7c6827f5db285b786b909d8b494bd463f6fcf84,4,4,0,4,4,4,braid-10,braid-10,"[""braid-1000"",""braid-10000"",""braid-100"",""baseline"",""braid-10"",""braid-0""]",parser_inclusive_subprocess_wall_clock,1,sat,0.667633816,0,0,0,,,"sat
",,"[""/net/scratch/hscra/plgrid/plgnasqret/codex-control/projects/euf-viper/runs/20260727T103600Z-phase-braid-qg7-8233420/target/release/euf-viper"",""fabric-solve"",""--engine"",""quotient-portfolio"",""/net/scratch/hscra/plgrid/plgnasqret/codex-control/projects/euf-viper/corpora/9b39c70a794d52277a4e5d83731f0ebc50a2f3b804eb1dfc8cf32766a5ebeadc/smtlib-2025/QF_UF/QF_UF/QG-classification/qg7/gensys_brn004.smt2""]"
29,0,6927,QF_UF/QG-classification/qg7/gensys_brn004.smt2,aa3607cc8a57998edf083281c84580657a4b56b86dbcec7f51818a3d00913058,810804,sat,1,williams_first_order_carryover,6ad653227c3c19559c94ff26e7c6827f5db285b786b909d8b494bd463f6fcf84,4,4,0,4,5,5,braid-0,braid-0,"[""braid-1000"",""braid-10000"",""braid-100"",""baseline"",""braid-10"",""braid-0""]",parser_inclusive_subprocess_wall_clock,1,sat,0.475696078,0,0,0,,,"sat
",,"[""/net/scratch/hscra/plgrid/plgnasqret/codex-control/projects/euf-viper/runs/20260727T103600Z-phase-braid-qg7-8233420/target/release/euf-viper"",""fabric-solve"",""--engine"",""quotient-portfolio"",""/net/scratch/hscra/plgrid/plgnasqret/codex-control/projects/euf-viper/corpora/9b39c70a794d52277a4e5d83731f0ebc50a2f3b804eb1dfc8cf32766a5ebeadc/smtlib-2025/QF_UF/QF_UF/QG-classification/qg7/gensys_brn004.smt2""]"
30,0,6927,QF_UF/QG-classification/qg7/gensys_brn004.smt2,aa3607cc8a57998edf083281c84580657a4b56b86dbcec7f51818a3d00913058,810804,sat,1,williams_first_order_carryover,6ad653227c3c19559c94ff26e7c6827f5db285b786b909d8b494bd463f6fcf84,5,5,0,5,0,0,braid-10000,braid-10000,"[""braid-10000"",""baseline"",""braid-1000"",""braid-0"",""braid-100"",""braid-10""]",parser_inclusive_subprocess_wall_clock,1,sat,0.146658351,0,0,0,,,"sat
",,"[""/net/scratch/hscra/plgrid/plgnasqret/codex-control/projects/euf-viper/runs/20260727T103600Z-phase-braid-qg7-8233420/target/release/euf-viper"",""fabric-solve"",""--engine"",""quotient-portfolio"",""/net/scratch/hscra/plgrid/plgnasqret/codex-control/projects/euf-viper/corpora/9b39c70a794d52277a4e5d83731f0ebc50a2f3b804eb1dfc8cf32766a5ebeadc/smtlib-2025/QF_UF/QF_UF/QG-classification/qg7/gensys_brn004.smt2""]"
31,0,6927,QF_UF/QG-classification/qg7/gensys_brn004.smt2,aa3607cc8a57998edf083281c84580657a4b56b86dbcec7f51818a3d00913058,810804,sat,1,williams_first_order_carryover,6ad653227c3c19559c94ff26e7c6827f5db285b786b909d8b494bd463f6fcf84,5,5,0,5,1,1,baseline,baseline,"[""braid-10000"",""baseline"",""braid-1000"",""braid-0"",""braid-100"",""braid-10""]",parser_inclusive_subprocess_wall_clock,1,sat,0.235844878,0,0,0,,,"sat
",,"[""/net/scratch/hscra/plgrid/plgnasqret/codex-control/projects/euf-viper/runs/20260727T103600Z-phase-braid-qg7-8233420/target/release/euf-viper"",""fabric-solve"",""--engine"",""quotient-portfolio"",""/net/scratch/hscra/plgrid/plgnasqret/codex-control/projects/euf-viper/corpora/9b39c70a794d52277a4e5d83731f0ebc50a2f3b804eb1dfc8cf32766a5ebeadc/smtlib-2025/QF_UF/QF_UF/QG-classification/qg7/gensys_brn004.smt2""]"
32,0,6927,QF_UF/QG-classification/qg7/gensys_brn004.smt2,aa3607cc8a57998edf083281c84580657a4b56b86dbcec7f51818a3d00913058,810804,sat,1,williams_first_order_carryover,6ad653227c3c19559c94ff26e7c6827f5db285b786b909d8b494bd463f6fcf84,5,5,0,5,2,2,braid-1000,braid-1000,"[""braid-10000"",""baseline"",""braid-1000"",""braid-0"",""braid-100"",""braid-10""]",parser_inclusive_subprocess_wall_clock,1,sat,0.221640807,0,0,0,,,"sat
",,"[""/net/scratch/hscra/plgrid/plgnasqret/codex-control/projects/euf-viper/runs/20260727T103600Z-phase-braid-qg7-8233420/target/release/euf-viper"",""fabric-solve"",""--engine"",""quotient-portfolio"",""/net/scratch/hscra/plgrid/plgnasqret/codex-control/projects/euf-viper/corpora/9b39c70a794d52277a4e5d83731f0ebc50a2f3b804eb1dfc8cf32766a5ebeadc/smtlib-2025/QF_UF/QF_UF/QG-classification/qg7/gensys_brn004.smt2""]"
33,0,6927,QF_UF/QG-classification/qg7/gensys_brn004.smt2,aa3607cc8a57998edf083281c84580657a4b56b86dbcec7f51818a3d00913058,810804,sat,1,williams_first_order_carryover,6ad653227c3c19559c94ff26e7c6827f5db285b786b909d8b494bd463f6fcf84,5,5,0,5,3,3,braid-0,braid-0,"[""braid-10000"",""baseline"",""braid-1000"",""braid-0"",""braid-100"",""braid-10""]",parser_inclusive_subprocess_wall_clock,1,sat,0.302669006,0,0,0,,,"sat
",,"[""/net/scratch/hscra/plgrid/plgnasqret/codex-control/projects/euf-viper/runs/20260727T103600Z-phase-braid-qg7-8233420/target/release/euf-viper"",""fabric-solve"",""--engine"",""quotient-portfolio"",""/net/scratch/hscra/plgrid/plgnasqret/codex-control/projects/euf-viper/corpora/9b39c70a794d52277a4e5d83731f0ebc50a2f3b804eb1dfc8cf32766a5ebeadc/smtlib-2025/QF_UF/QF_UF/QG-classification/qg7/gensys_brn004.smt2""]"
34,0,6927,QF_UF/QG-classification/qg7/gensys_brn004.smt2,aa3607cc8a57998edf083281c84580657a4b56b86dbcec7f51818a3d00913058,810804,sat,1,williams_first_order_carryover,6ad653227c3c19559c94ff26e7c6827f5db285b786b909d8b494bd463f6fcf84,5,5,0,5,4,4,braid-100,braid-100,"[""braid-10000"",""baseline"",""braid-1000"",""braid-0"",""braid-100"",""braid-10""]",parser_inclusive_subprocess_wall_clock,1,sat,0.321707936,0,0,0,,,"sat
",,"[""/net/scratch/hscra/plgrid/plgnasqret/codex-control/projects/euf-viper/runs/20260727T103600Z-phase-braid-qg7-8233420/target/release/euf-viper"",""fabric-solve"",""--engine"",""quotient-portfolio"",""/net/scratch/hscra/plgrid/plgnasqret/codex-control/projects/euf-viper/corpora/9b39c70a794d52277a4e5d83731f0ebc50a2f3b804eb1dfc8cf32766a5ebeadc/smtlib-2025/QF_UF/QF_UF/QG-classification/qg7/gensys_brn004.smt2""]"
35,0,6927,QF_UF/QG-classification/qg7/gensys_brn004.smt2,aa3607cc8a57998edf083281c84580657a4b56b86dbcec7f51818a3d00913058,810804,sat,1,williams_first_order_carryover,6ad653227c3c19559c94ff26e7c6827f5db285b786b909d8b494bd463f6fcf84,5,5,0,5,5,5,braid-10,braid-10,"[""braid-10000"",""baseline"",""braid-1000"",""braid-0"",""braid-100"",""braid-10""]",parser_inclusive_subprocess_wall_clock,1,sat,0.462445071,0,0,0,,,"sat
",,"[""/net/scratch/hscra/plgrid/plgnasqret/codex-control/projects/euf-viper/runs/20260727T103600Z-phase-braid-qg7-8233420/target/release/euf-viper"",""fabric-solve"",""--engine"",""quotient-portfolio"",""/net/scratch/hscra/plgrid/plgnasqret/codex-control/projects/euf-viper/corpora/9b39c70a794d52277a4e5d83731f0ebc50a2f3b804eb1dfc8cf32766a5ebeadc/smtlib-2025/QF_UF/QF_UF/QG-classification/qg7/gensys_brn004.smt2""]"
36,1,7036,QF_UF/QG-classification/qg7/gensys_icl003.smt2,a57fafad05d0b8b6e2d39cb37b8c1a190462d8daf4b9edefe08fcc0275a121f3,812658,unsat,1,williams_first_order_carryover,6ad653227c3c19559c94ff26e7c6827f5db285b786b909d8b494bd463f6fcf84,0,0,0,0,0,0,baseline,baseline,"[""baseline"",""braid-0"",""braid-10000"",""braid-10"",""braid-1000"",""braid-100""]",parser_inclusive_subprocess_wall_clock,1,timeout,2.009299853,124,-9,1,timeout,exceeded 2 seconds,,,"[""/net/scratch/hscra/plgrid/plgnasqret/codex-control/projects/euf-viper/runs/20260727T103600Z-phase-braid-qg7-8233420/target/release/euf-viper"",""fabric-solve"",""--engine"",""quotient-portfolio"",""/net/scratch/hscra/plgrid/plgnasqret/codex-control/projects/euf-viper/corpora/9b39c70a794d52277a4e5d83731f0ebc50a2f3b804eb1dfc8cf32766a5ebeadc/smtlib-2025/QF_UF/QF_UF/QG-classification/qg7/gensys_icl003.smt2""]"
37,1,7036,QF_UF/QG-classification/qg7/gensys_icl003.smt2,a57fafad05d0b8b6e2d39cb37b8c1a190462d8daf4b9edefe08fcc0275a121f3,812658,unsat,1,williams_first_order_carryover,6ad653227c3c19559c94ff26e7c6827f5db285b786b909d8b494bd463f6fcf84,0,0,0,0,1,1,braid-0,braid-0,"[""baseline"",""braid-0"",""braid-10000"",""braid-10"",""braid-1000"",""braid-100""]",parser_inclusive_subprocess_wall_clock,1,timeout,2.010407662,124,-9,1,timeout,exceeded 2 seconds,,,"[""/net/scratch/hscra/plgrid/plgnasqret/codex-control/projects/euf-viper/runs/20260727T103600Z-phase-braid-qg7-8233420/target/release/euf-viper"",""fabric-solve"",""--engine"",""quotient-portfolio"",""/net/scratch/hscra/plgrid/plgnasqret/codex-control/projects/euf-viper/corpora/9b39c70a794d52277a4e5d83731f0ebc50a2f3b804eb1dfc8cf32766a5ebeadc/smtlib-2025/QF_UF/QF_UF/QG-classification/qg7/gensys_icl003.smt2""]"
38,1,7036,QF_UF/QG-classification/qg7/gensys_icl003.smt2,a57fafad05d0b8b6e2d39cb37b8c1a190462d8daf4b9edefe08fcc0275a121f3,812658,unsat,1,williams_first_order_carryover,6ad653227c3c19559c94ff26e7c6827f5db285b786b909d8b494bd463f6fcf84,0,0,0,0,2,2,braid-10000,braid-10000,"[""baseline"",""braid-0"",""braid-10000"",""braid-10"",""braid-1000"",""braid-100""]",parser_inclusive_subprocess_wall_clock,1,timeout,2.008596115,124,-9,1,timeout,exceeded 2 seconds,,,"[""/net/scratch/hscra/plgrid/plgnasqret/codex-control/projects/euf-viper/runs/20260727T103600Z-phase-braid-qg7-8233420/target/release/euf-viper"",""fabric-solve"",""--engine"",""quotient-portfolio"",""/net/scratch/hscra/plgrid/plgnasqret/codex-control/projects/euf-viper/corpora/9b39c70a794d52277a4e5d83731f0ebc50a2f3b804eb1dfc8cf32766a5ebeadc/smtlib-2025/QF_UF/QF_UF/QG-classification/qg7/gensys_icl003.smt2""]"
39,1,7036,QF_UF/QG-classification/qg7/gensys_icl003.smt2,a57fafad05d0b8b6e2d39cb37b8c1a190462d8daf4b9edefe08fcc0275a121f3,812658,unsat,1,williams_first_order_carryover,6ad653227c3c19559c94ff26e7c6827f5db285b786b909d8b494bd463f6fcf84,0,0,0,0,3,3,braid-10,braid-10,"[""baseline"",""braid-0"",""braid-10000"",""braid-10"",""braid-1000"",""braid-100""]",parser_inclusive_subprocess_wall_clock,1,timeout,2.012063463,124,-9,1,timeout,exceeded 2 seconds,,,"[""/net/scratch/hscra/plgrid/plgnasqret/codex-control/projects/euf-viper/runs/20260727T103600Z-phase-braid-qg7-8233420/target/release/euf-viper"",""fabric-solve"",""--engine"",""quotient-portfolio"",""/net/scratch/hscra/plgrid/plgnasqret/codex-control/projects/euf-viper/corpora/9b39c70a794d52277a4e5d83731f0ebc50a2f3b804eb1dfc8cf32766a5ebeadc/smtlib-2025/QF_UF/QF_UF/QG-classification/qg7/gensys_icl003.smt2""]"
40,1,7036,QF_UF/QG-classification/qg7/gensys_icl003.smt2,a57fafad05d0b8b6e2d39cb37b8c1a190462d8daf4b9edefe08fcc0275a121f3,812658,unsat,1,williams_first_order_carryover,6ad653227c3c19559c94ff26e7c6827f5db285b786b909d8b494bd463f6fcf84,0,0,0,0,4,4,braid-1000,braid-1000,"[""baseline"",""braid-0"",""braid-10000"",""braid-10"",""braid-1000"",""braid-100""]",parser_inclusive_subprocess_wall_clock,1,timeout,2.011594648,124,-9,1,timeout,exceeded 2 seconds,,,"[""/net/scratch/hscra/plgrid/plgnasqret/codex-control/projects/euf-viper/runs/20260727T103600Z-phase-braid-qg7-8233420/target/release/euf-viper"",""fabric-solve"",""--engine"",""quotient-portfolio"",""/net/scratch/hscra/plgrid/plgnasqret/codex-control/projects/euf-viper/corpora/9b39c70a794d52277a4e5d83731f0ebc50a2f3b804eb1dfc8cf32766a5ebeadc/smtlib-2025/QF_UF/QF_UF/QG-classification/qg7/gensys_icl003.smt2""]"
41,1,7036,QF_UF/QG-classification/qg7/gensys_icl003.smt2,a57fafad05d0b8b6e2d39cb37b8c1a190462d8daf4b9edefe08fcc0275a121f3,812658,unsat,1,williams_first_order_carryover,6ad653227c3c19559c94ff26e7c6827f5db285b786b909d8b494bd463f6fcf84,0,0,0,0,5,5,braid-100,braid-100,"[""baseline"",""braid-0"",""braid-10000"",""braid-10"",""braid-1000"",""braid-100""]",parser_inclusive_subprocess_wall_clock,1,timeout,2.009045549,124,-9,1,timeout,exceeded 2 seconds,,,"[""/net/scratch/hscra/plgrid/plgnasqret/codex-control/projects/euf-viper/runs/20260727T103600Z-phase-braid-qg7-8233420/target/release/euf-viper"",""fabric-solve"",""--engine"",""quotient-portfolio"",""/net/scratch/hscra/plgrid/plgnasqret/codex-control/projects/euf-viper/corpora/9b39c70a794d52277a4e5d83731f0ebc50a2f3b804eb1dfc8cf32766a5ebeadc/smtlib-2025/QF_UF/QF_UF/QG-classification/qg7/gensys_icl003.smt2""]"
42,1,7036,QF_UF/QG-classification/qg7/gensys_icl003.smt2,a57fafad05d0b8b6e2d39cb37b8c1a190462d8daf4b9edefe08fcc0275a121f3,812658,unsat,1,williams_first_order_carryover,6ad653227c3c19559c94ff26e7c6827f5db285b786b909d8b494bd463f6fcf84,1,1,0,1,0,0,braid-0,braid-0,"[""braid-0"",""braid-10"",""baseline"",""braid-100"",""braid-10000"",""braid-1000""]",parser_inclusive_subprocess_wall_clock,1,timeout,2.008216596,124,-9,1,timeout,exceeded 2 seconds,,,"[""/net/scratch/hscra/plgrid/plgnasqret/codex-control/projects/euf-viper/runs/20260727T103600Z-phase-braid-qg7-8233420/target/release/euf-viper"",""fabric-solve"",""--engine"",""quotient-portfolio"",""/net/scratch/hscra/plgrid/plgnasqret/codex-control/projects/euf-viper/corpora/9b39c70a794d52277a4e5d83731f0ebc50a2f3b804eb1dfc8cf32766a5ebeadc/smtlib-2025/QF_UF/QF_UF/QG-classification/qg7/gensys_icl003.smt2""]"
43,1,7036,QF_UF/QG-classification/qg7/gensys_icl003.smt2,a57fafad05d0b8b6e2d39cb37b8c1a190462d8daf4b9edefe08fcc0275a121f3,812658,unsat,1,williams_first_order_carryover,6ad653227c3c19559c94ff26e7c6827f5db285b786b909d8b494bd463f6fcf84,1,1,0,1,1,1,braid-10,braid-10,"[""braid-0"",""braid-10"",""baseline"",""braid-100"",""braid-10000"",""braid-1000""]",parser_inclusive_subprocess_wall_clock,1,timeout,2.010146352,124,-9,1,timeout,exceeded 2 seconds,,,"[""/net/scratch/hscra/plgrid/plgnasqret/codex-control/projects/euf-viper/runs/20260727T103600Z-phase-braid-qg7-8233420/target/release/euf-viper"",""fabric-solve"",""--engine"",""quotient-portfolio"",""/net/scratch/hscra/plgrid/plgnasqret/codex-control/projects/euf-viper/corpora/9b39c70a794d52277a4e5d83731f0ebc50a2f3b804eb1dfc8cf32766a5ebeadc/smtlib-2025/QF_UF/QF_UF/QG-classification/qg7/gensys_icl003.smt2""]"
44,1,7036,QF_UF/QG-classification/qg7/gensys_icl003.smt2,a57fafad05d0b8b6e2d39cb37b8c1a190462d8daf4b9edefe08fcc0275a121f3,812658,unsat,1,williams_first_order_carryover,6ad653227c3c19559c94ff26e7c6827f5db285b786b909d8b494bd463f6fcf84,1,1,0,1,2,2,baseline,baseline,"[""braid-0"",""braid-10"",""baseline"",""braid-100"",""braid-10000"",""braid-1000""]",parser_inclusive_subprocess_wall_clock,1,timeout,2.007724826,124,-9,1,timeout,exceeded 2 seconds,,,"[""/net/scratch/hscra/plgrid/plgnasqret/codex-control/projects/euf-viper/runs/20260727T103600Z-phase-braid-qg7-8233420/target/release/euf-viper"",""fabric-solve"",""--engine"",""quotient-portfolio"",""/net/scratch/hscra/plgrid/plgnasqret/codex-control/projects/euf-viper/corpora/9b39c70a794d52277a4e5d83731f0ebc50a2f3b804eb1dfc8cf32766a5ebeadc/smtlib-2025/QF_UF/QF_UF/QG-classification/qg7/gensys_icl003.smt2""]"
45,1,7036,QF_UF/QG-classification/qg7/gensys_icl003.smt2,a57fafad05d0b8b6e2d39cb37b8c1a190462d8daf4b9edefe08fcc0275a121f3,812658,unsat,1,williams_first_order_carryover,6ad653227c3c19559c94ff26e7c6827f5db285b786b909d8b494bd463f6fcf84,1,1,0,1,3,3,braid-100,braid-100,"[""braid-0"",""braid-10"",""baseline"",""braid-100"",""braid-10000"",""braid-1000""]",parser_inclusive_subprocess_wall_clock,1,timeout,2.009110087,124,-9,1,timeout,exceeded 2 seconds,,,"[""/net/scratch/hscra/plgrid/plgnasqret/codex-control/projects/euf-viper/runs/20260727T103600Z-phase-braid-qg7-8233420/target/release/euf-viper"",""fabric-solve"",""--engine"",""quotient-portfolio"",""/net/scratch/hscra/plgrid/plgnasqret/codex-control/projects/euf-viper/corpora/9b39c70a794d52277a4e5d83731f0ebc50a2f3b804eb1dfc8cf32766a5ebeadc/smtlib-2025/QF_UF/QF_UF/QG-classification/qg7/gensys_icl003.smt2""]"
46,1,7036,QF_UF/QG-classification/qg7/gensys_icl003.smt2,a57fafad05d0b8b6e2d39cb37b8c1a190462d8daf4b9edefe08fcc0275a121f3,812658,unsat,1,williams_first_order_carryover,6ad653227c3c19559c94ff26e7c6827f5db285b786b909d8b494bd463f6fcf84,1,1,0,1,4,4,braid-10000,braid-10000,"[""braid-0"",""braid-10"",""baseline"",""braid-100"",""braid-10000"",""braid-1000""]",parser_inclusive_subprocess_wall_clock,1,timeout,2.009586894,124,-9,1,timeout,exceeded 2 seconds,,,"[""/net/scratch/hscra/plgrid/plgnasqret/codex-control/projects/euf-viper/runs/20260727T103600Z-phase-braid-qg7-8233420/target/release/euf-viper"",""fabric-solve"",""--engine"",""quotient-portfolio"",""/net/scratch/hscra/plgrid/plgnasqret/codex-control/projects/euf-viper/corpora/9b39c70a794d52277a4e5d83731f0ebc50a2f3b804eb1dfc8cf32766a5ebeadc/smtlib-2025/QF_UF/QF_UF/QG-classification/qg7/gensys_icl003.smt2""]"
47,1,7036,QF_UF/QG-classification/qg7/gensys_icl003.smt2,a57fafad05d0b8b6e2d39cb37b8c1a190462d8daf4b9edefe08fcc0275a121f3,812658,unsat,1,williams_first_order_carryover,6ad653227c3c19559c94ff26e7c6827f5db285b786b909d8b494bd463f6fcf84,1,1,0,1,5,5,braid-1000,braid-1000,"[""braid-0"",""braid-10"",""baseline"",""braid-100"",""braid-10000"",""braid-1000""]",parser_inclusive_subprocess_wall_clock,1,timeout,2.008653150,124,-9,1,timeout,exceeded 2 seconds,,,"[""/net/scratch/hscra/plgrid/plgnasqret/codex-control/projects/euf-viper/runs/20260727T103600Z-phase-braid-qg7-8233420/target/release/euf-viper"",""fabric-solve"",""--engine"",""quotient-portfolio"",""/net/scratch/hscra/plgrid/plgnasqret/codex-control/projects/euf-viper/corpora/9b39c70a794d52277a4e5d83731f0ebc50a2f3b804eb1dfc8cf32766a5ebeadc/smtlib-2025/QF_UF/QF_UF/QG-classification/qg7/gensys_icl003.smt2""]"
48,1,7036,QF_UF/QG-classification/qg7/gensys_icl003.smt2,a57fafad05d0b8b6e2d39cb37b8c1a190462d8daf4b9edefe08fcc0275a121f3,812658,unsat,1,williams_first_order_carryover,6ad653227c3c19559c94ff26e7c6827f5db285b786b909d8b494bd463f6fcf84,2,2,0,2,0,0,braid-10,braid-10,"[""braid-10"",""braid-100"",""braid-0"",""braid-1000"",""baseline"",""braid-10000""]",parser_inclusive_subprocess_wall_clock,1,timeout,2.010893844,124,-9,1,timeout,exceeded 2 seconds,,,"[""/net/scratch/hscra/plgrid/plgnasqret/codex-control/projects/euf-viper/runs/20260727T103600Z-phase-braid-qg7-8233420/target/release/euf-viper"",""fabric-solve"",""--engine"",""quotient-portfolio"",""/net/scratch/hscra/plgrid/plgnasqret/codex-control/projects/euf-viper/corpora/9b39c70a794d52277a4e5d83731f0ebc50a2f3b804eb1dfc8cf32766a5ebeadc/smtlib-2025/QF_UF/QF_UF/QG-classification/qg7/gensys_icl003.smt2""]"
49,1,7036,QF_UF/QG-classification/qg7/gensys_icl003.smt2,a57fafad05d0b8b6e2d39cb37b8c1a190462d8daf4b9edefe08fcc0275a121f3,812658,unsat,1,williams_first_order_carryover,6ad653227c3c19559c94ff26e7c6827f5db285b786b909d8b494bd463f6fcf84,2,2,0,2,1,1,braid-100,braid-100,"[""braid-10"",""braid-100"",""braid-0"",""braid-1000"",""baseline"",""braid-10000""]",parser_inclusive_subprocess_wall_clock,1,timeout,2.010453037,124,-9,1,timeout,exceeded 2 seconds,,,"[""/net/scratch/hscra/plgrid/plgnasqret/codex-control/projects/euf-viper/runs/20260727T103600Z-phase-braid-qg7-8233420/target/release/euf-viper"",""fabric-solve"",""--engine"",""quotient-portfolio"",""/net/scratch/hscra/plgrid/plgnasqret/codex-control/projects/euf-viper/corpora/9b39c70a794d52277a4e5d83731f0ebc50a2f3b804eb1dfc8cf32766a5ebeadc/smtlib-2025/QF_UF/QF_UF/QG-classification/qg7/gensys_icl003.smt2""]"
50,1,7036,QF_UF/QG-classification/qg7/gensys_icl003.smt2,a57fafad05d0b8b6e2d39cb37b8c1a190462d8daf4b9edefe08fcc0275a121f3,812658,unsat,1,williams_first_order_carryover,6ad653227c3c19559c94ff26e7c6827f5db285b786b909d8b494bd463f6fcf84,2,2,0,2,2,2,braid-0,braid-0,"[""braid-10"",""braid-100"",""braid-0"",""braid-1000"",""baseline"",""braid-10000""]",parser_inclusive_subprocess_wall_clock,1,timeout,2.012078620,124,-9,1,timeout,exceeded 2 seconds,,,"[""/net/scratch/hscra/plgrid/plgnasqret/codex-control/projects/euf-viper/runs/20260727T103600Z-phase-braid-qg7-8233420/target/release/euf-viper"",""fabric-solve"",""--engine"",""quotient-portfolio"",""/net/scratch/hscra/plgrid/plgnasqret/codex-control/projects/euf-viper/corpora/9b39c70a794d52277a4e5d83731f0ebc50a2f3b804eb1dfc8cf32766a5ebeadc/smtlib-2025/QF_UF/QF_UF/QG-classification/qg7/gensys_icl003.smt2""]"
51,1,7036,QF_UF/QG-classification/qg7/gensys_icl003.smt2,a57fafad05d0b8b6e2d39cb37b8c1a190462d8daf4b9edefe08fcc0275a121f3,812658,unsat,1,williams_first_order_carryover,6ad653227c3c19559c94ff26e7c6827f5db285b786b909d8b494bd463f6fcf84,2,2,0,2,3,3,braid-1000,braid-1000,"[""braid-10"",""braid-100"",""braid-0"",""braid-1000"",""baseline"",""braid-10000""]",parser_inclusive_subprocess_wall_clock,1,timeout,2.009805209,124,-9,1,timeout,exceeded 2 seconds,,,"[""/net/scratch/hscra/plgrid/plgnasqret/codex-control/projects/euf-viper/runs/20260727T103600Z-phase-braid-qg7-8233420/target/release/euf-viper"",""fabric-solve"",""--engine"",""quotient-portfolio"",""/net/scratch/hscra/plgrid/plgnasqret/codex-control/projects/euf-viper/corpora/9b39c70a794d52277a4e5d83731f0ebc50a2f3b804eb1dfc8cf32766a5ebeadc/smtlib-2025/QF_UF/QF_UF/QG-classification/qg7/gensys_icl003.smt2""]"
52,1,7036,QF_UF/QG-classification/qg7/gensys_icl003.smt2,a57fafad05d0b8b6e2d39cb37b8c1a190462d8daf4b9edefe08fcc0275a121f3,812658,unsat,1,williams_first_order_carryover,6ad653227c3c19559c94ff26e7c6827f5db285b786b909d8b494bd463f6fcf84,2,2,0,2,4,4,baseline,baseline,"[""braid-10"",""braid-100"",""braid-0"",""braid-1000"",""baseline"",""braid-10000""]",parser_inclusive_subprocess_wall_clock,1,timeout,2.007085119,124,-9,1,timeout,exceeded 2 seconds,,,"[""/net/scratch/hscra/plgrid/plgnasqret/codex-control/projects/euf-viper/runs/20260727T103600Z-phase-braid-qg7-8233420/target/release/euf-viper"",""fabric-solve"",""--engine"",""quotient-portfolio"",""/net/scratch/hscra/plgrid/plgnasqret/codex-control/projects/euf-viper/corpora/9b39c70a794d52277a4e5d83731f0ebc50a2f3b804eb1dfc8cf32766a5ebeadc/smtlib-2025/QF_UF/QF_UF/QG-classification/qg7/gensys_icl003.smt2""]"
53,1,7036,QF_UF/QG-classification/qg7/gensys_icl003.smt2,a57fafad05d0b8b6e2d39cb37b8c1a190462d8daf4b9edefe08fcc0275a121f3,812658,unsat,1,williams_first_order_carryover,6ad653227c3c19559c94ff26e7c6827f5db285b786b909d8b494bd463f6fcf84,2,2,0,2,5,5,braid-10000,braid-10000,"[""braid-10"",""braid-100"",""braid-0"",""braid-1000"",""baseline"",""braid-10000""]",parser_inclusive_subprocess_wall_clock,1,timeout,2.009556193,124,-9,1,timeout,exceeded 2 seconds,,,"[""/net/scratch/hscra/plgrid/plgnasqret/codex-control/projects/euf-viper/runs/20260727T103600Z-phase-braid-qg7-8233420/target/release/euf-viper"",""fabric-solve"",""--engine"",""quotient-portfolio"",""/net/scratch/hscra/plgrid/plgnasqret/codex-control/projects/euf-viper/corpora/9b39c70a794d52277a4e5d83731f0ebc50a2f3b804eb1dfc8cf32766a5ebeadc/smtlib-2025/QF_UF/QF_UF/QG-classification/qg7/gensys_icl003.smt2""]"
54,1,7036,QF_UF/QG-classification/qg7/gensys_icl003.smt2,a57fafad05d0b8b6e2d39cb37b8c1a190462d8daf4b9edefe08fcc0275a121f3,812658,unsat,1,williams_first_order_carryover,6ad653227c3c19559c94ff26e7c6827f5db285b786b909d8b494bd463f6fcf84,3,3,0,3,0,0,braid-100,braid-100,"[""braid-100"",""braid-1000"",""braid-10"",""braid-10000"",""braid-0"",""baseline""]",parser_inclusive_subprocess_wall_clock,1,timeout,2.012902818,124,-9,1,timeout,exceeded 2 seconds,,,"[""/net/scratch/hscra/plgrid/plgnasqret/codex-control/projects/euf-viper/runs/20260727T103600Z-phase-braid-qg7-8233420/target/release/euf-viper"",""fabric-solve"",""--engine"",""quotient-portfolio"",""/net/scratch/hscra/plgrid/plgnasqret/codex-control/projects/euf-viper/corpora/9b39c70a794d52277a4e5d83731f0ebc50a2f3b804eb1dfc8cf32766a5ebeadc/smtlib-2025/QF_UF/QF_UF/QG-classification/qg7/gensys_icl003.smt2""]"
55,1,7036,QF_UF/QG-classification/qg7/gensys_icl003.smt2,a57fafad05d0b8b6e2d39cb37b8c1a190462d8daf4b9edefe08fcc0275a121f3,812658,unsat,1,williams_first_order_carryover,6ad653227c3c19559c94ff26e7c6827f5db285b786b909d8b494bd463f6fcf84,3,3,0,3,1,1,braid-1000,braid-1000,"[""braid-100"",""braid-1000"",""braid-10"",""braid-10000"",""braid-0"",""baseline""]",parser_inclusive_subprocess_wall_clock,1,timeout,2.009775862,124,-9,1,timeout,exceeded 2 seconds,,,"[""/net/scratch/hscra/plgrid/plgnasqret/codex-control/projects/euf-viper/runs/20260727T103600Z-phase-braid-qg7-8233420/target/release/euf-viper"",""fabric-solve"",""--engine"",""quotient-portfolio"",""/net/scratch/hscra/plgrid/plgnasqret/codex-control/projects/euf-viper/corpora/9b39c70a794d52277a4e5d83731f0ebc50a2f3b804eb1dfc8cf32766a5ebeadc/smtlib-2025/QF_UF/QF_UF/QG-classification/qg7/gensys_icl003.smt2""]"
56,1,7036,QF_UF/QG-classification/qg7/gensys_icl003.smt2,a57fafad05d0b8b6e2d39cb37b8c1a190462d8daf4b9edefe08fcc0275a121f3,812658,unsat,1,williams_first_order_carryover,6ad653227c3c19559c94ff26e7c6827f5db285b786b909d8b494bd463f6fcf84,3,3,0,3,2,2,braid-10,braid-10,"[""braid-100"",""braid-1000"",""braid-10"",""braid-10000"",""braid-0"",""baseline""]",parser_inclusive_subprocess_wall_clock,1,timeout,2.008007042,124,-9,1,timeout,exceeded 2 seconds,,,"[""/net/scratch/hscra/plgrid/plgnasqret/codex-control/projects/euf-viper/runs/20260727T103600Z-phase-braid-qg7-8233420/target/release/euf-viper"",""fabric-solve"",""--engine"",""quotient-portfolio"",""/net/scratch/hscra/plgrid/plgnasqret/codex-control/projects/euf-viper/corpora/9b39c70a794d52277a4e5d83731f0ebc50a2f3b804eb1dfc8cf32766a5ebeadc/smtlib-2025/QF_UF/QF_UF/QG-classification/qg7/gensys_icl003.smt2""]"
57,1,7036,QF_UF/QG-classification/qg7/gensys_icl003.smt2,a57fafad05d0b8b6e2d39cb37b8c1a190462d8daf4b9edefe08fcc0275a121f3,812658,unsat,1,williams_first_order_carryover,6ad653227c3c19559c94ff26e7c6827f5db285b786b909d8b494bd463f6fcf84,3,3,0,3,3,3,braid-10000,braid-10000,"[""braid-100"",""braid-1000"",""braid-10"",""braid-10000"",""braid-0"",""baseline""]",parser_inclusive_subprocess_wall_clock,1,timeout,2.009581083,124,-9,1,timeout,exceeded 2 seconds,,,"[""/net/scratch/hscra/plgrid/plgnasqret/codex-control/projects/euf-viper/runs/20260727T103600Z-phase-braid-qg7-8233420/target/release/euf-viper"",""fabric-solve"",""--engine"",""quotient-portfolio"",""/net/scratch/hscra/plgrid/plgnasqret/codex-control/projects/euf-viper/corpora/9b39c70a794d52277a4e5d83731f0ebc50a2f3b804eb1dfc8cf32766a5ebeadc/smtlib-2025/QF_UF/QF_UF/QG-classification/qg7/gensys_icl003.smt2""]"
58,1,7036,QF_UF/QG-classification/qg7/gensys_icl003.smt2,a57fafad05d0b8b6e2d39cb37b8c1a190462d8daf4b9edefe08fcc0275a121f3,812658,unsat,1,williams_first_order_carryover,6ad653227c3c19559c94ff26e7c6827f5db285b786b909d8b494bd463f6fcf84,3,3,0,3,4,4,braid-0,braid-0,"[""braid-100"",""braid-1000"",""braid-10"",""braid-10000"",""braid-0"",""baseline""]",parser_inclusive_subprocess_wall_clock,1,timeout,2.009247393,124,-9,1,timeout,exceeded 2 seconds,,,"[""/net/scratch/hscra/plgrid/plgnasqret/codex-control/projects/euf-viper/runs/20260727T103600Z-phase-braid-qg7-8233420/target/release/euf-viper"",""fabric-solve"",""--engine"",""quotient-portfolio"",""/net/scratch/hscra/plgrid/plgnasqret/codex-control/projects/euf-viper/corpora/9b39c70a794d52277a4e5d83731f0ebc50a2f3b804eb1dfc8cf32766a5ebeadc/smtlib-2025/QF_UF/QF_UF/QG-classification/qg7/gensys_icl003.smt2""]"
59,1,7036,QF_UF/QG-classification/qg7/gensys_icl003.smt2,a57fafad05d0b8b6e2d39cb37b8c1a190462d8daf4b9edefe08fcc0275a121f3,812658,unsat,1,williams_first_order_carryover,6ad653227c3c19559c94ff26e7c6827f5db285b786b909d8b494bd463f6fcf84,3,3,0,3,5,5,baseline,baseline,"[""braid-100"",""braid-1000"",""braid-10"",""braid-10000"",""braid-0"",""baseline""]",parser_inclusive_subprocess_wall_clock,1,timeout,2.008290633,124,-9,1,timeout,exceeded 2 seconds,,,"[""/net/scratch/hscra/plgrid/plgnasqret/codex-control/projects/euf-viper/runs/20260727T103600Z-phase-braid-qg7-8233420/target/release/euf-viper"",""fabric-solve"",""--engine"",""quotient-portfolio"",""/net/scratch/hscra/plgrid/plgnasqret/codex-control/projects/euf-viper/corpora/9b39c70a794d52277a4e5d83731f0ebc50a2f3b804eb1dfc8cf32766a5ebeadc/smtlib-2025/QF_UF/QF_UF/QG-classification/qg7/gensys_icl003.smt2""]"
60,1,7036,QF_UF/QG-classification/qg7/gensys_icl003.smt2,a57fafad05d0b8b6e2d39cb37b8c1a190462d8daf4b9edefe08fcc0275a121f3,812658,unsat,1,williams_first_order_carryover,6ad653227c3c19559c94ff26e7c6827f5db285b786b909d8b494bd463f6fcf84,4,4,0,4,0,0,braid-1000,braid-1000,"[""braid-1000"",""braid-10000"",""braid-100"",""baseline"",""braid-10"",""braid-0""]",parser_inclusive_subprocess_wall_clock,1,timeout,2.009337887,124,-9,1,timeout,exceeded 2 seconds,,,"[""/net/scratch/hscra/plgrid/plgnasqret/codex-control/projects/euf-viper/runs/20260727T103600Z-phase-braid-qg7-8233420/target/release/euf-viper"",""fabric-solve"",""--engine"",""quotient-portfolio"",""/net/scratch/hscra/plgrid/plgnasqret/codex-control/projects/euf-viper/corpora/9b39c70a794d52277a4e5d83731f0ebc50a2f3b804eb1dfc8cf32766a5ebeadc/smtlib-2025/QF_UF/QF_UF/QG-classification/qg7/gensys_icl003.smt2""]"
61,1,7036,QF_UF/QG-classification/qg7/gensys_icl003.smt2,a57fafad05d0b8b6e2d39cb37b8c1a190462d8daf4b9edefe08fcc0275a121f3,812658,unsat,1,williams_first_order_carryover,6ad653227c3c19559c94ff26e7c6827f5db285b786b909d8b494bd463f6fcf84,4,4,0,4,1,1,braid-10000,braid-10000,"[""braid-1000"",""braid-10000"",""braid-100"",""baseline"",""braid-10"",""braid-0""]",parser_inclusive_subprocess_wall_clock,1,timeout,2.008314962,124,-9,1,timeout,exceeded 2 seconds,,,"[""/net/scratch/hscra/plgrid/plgnasqret/codex-control/projects/euf-viper/runs/20260727T103600Z-phase-braid-qg7-8233420/target/release/euf-viper"",""fabric-solve"",""--engine"",""quotient-portfolio"",""/net/scratch/hscra/plgrid/plgnasqret/codex-control/projects/euf-viper/corpora/9b39c70a794d52277a4e5d83731f0ebc50a2f3b804eb1dfc8cf32766a5ebeadc/smtlib-2025/QF_UF/QF_UF/QG-classification/qg7/gensys_icl003.smt2""]"
62,1,7036,QF_UF/QG-classification/qg7/gensys_icl003.smt2,a57fafad05d0b8b6e2d39cb37b8c1a190462d8daf4b9edefe08fcc0275a121f3,812658,unsat,1,williams_first_order_carryover,6ad653227c3c19559c94ff26e7c6827f5db285b786b909d8b494bd463f6fcf84,4,4,0,4,2,2,braid-100,braid-100,"[""braid-1000"",""braid-10000"",""braid-100"",""baseline"",""braid-10"",""braid-0""]",parser_inclusive_subprocess_wall_clock,1,timeout,2.010222882,124,-9,1,timeout,exceeded 2 seconds,,,"[""/net/scratch/hscra/plgrid/plgnasqret/codex-control/projects/euf-viper/runs/20260727T103600Z-phase-braid-qg7-8233420/target/release/euf-viper"",""fabric-solve"",""--engine"",""quotient-portfolio"",""/net/scratch/hscra/plgrid/plgnasqret/codex-control/projects/euf-viper/corpora/9b39c70a794d52277a4e5d83731f0ebc50a2f3b804eb1dfc8cf32766a5ebeadc/smtlib-2025/QF_UF/QF_UF/QG-classification/qg7/gensys_icl003.smt2""]"
63,1,7036,QF_UF/QG-classification/qg7/gensys_icl003.smt2,a57fafad05d0b8b6e2d39cb37b8c1a190462d8daf4b9edefe08fcc0275a121f3,812658,unsat,1,williams_first_order_carryover,6ad653227c3c19559c94ff26e7c6827f5db285b786b909d8b494bd463f6fcf84,4,4,0,4,3,3,baseline,baseline,"[""braid-1000"",""braid-10000"",""braid-100"",""baseline"",""braid-10"",""braid-0""]",parser_inclusive_subprocess_wall_clock,1,timeout,2.008949229,124,-9,1,timeout,exceeded 2 seconds,,,"[""/net/scratch/hscra/plgrid/plgnasqret/codex-control/projects/euf-viper/runs/20260727T103600Z-phase-braid-qg7-8233420/target/release/euf-viper"",""fabric-solve"",""--engine"",""quotient-portfolio"",""/net/scratch/hscra/plgrid/plgnasqret/codex-control/projects/euf-viper/corpora/9b39c70a794d52277a4e5d83731f0ebc50a2f3b804eb1dfc8cf32766a5ebeadc/smtlib-2025/QF_UF/QF_UF/QG-classification/qg7/gensys_icl003.smt2""]"
64,1,7036,QF_UF/QG-classification/qg7/gensys_icl003.smt2,a57fafad05d0b8b6e2d39cb37b8c1a190462d8daf4b9edefe08fcc0275a121f3,812658,unsat,1,williams_first_order_carryover,6ad653227c3c19559c94ff26e7c6827f5db285b786b909d8b494bd463f6fcf84,4,4,0,4,4,4,braid-10,braid-10,"[""braid-1000"",""braid-10000"",""braid-100"",""baseline"",""braid-10"",""braid-0""]",parser_inclusive_subprocess_wall_clock,1,timeout,2.011165319,124,-9,1,timeout,exceeded 2 seconds,,,"[""/net/scratch/hscra/plgrid/plgnasqret/codex-control/projects/euf-viper/runs/20260727T103600Z-phase-braid-qg7-8233420/target/release/euf-viper"",""fabric-solve"",""--engine"",""quotient-portfolio"",""/net/scratch/hscra/plgrid/plgnasqret/codex-control/projects/euf-viper/corpora/9b39c70a794d52277a4e5d83731f0ebc50a2f3b804eb1dfc8cf32766a5ebeadc/smtlib-2025/QF_UF/QF_UF/QG-classification/qg7/gensys_icl003.smt2""]"
65,1,7036,QF_UF/QG-classification/qg7/gensys_icl003.smt2,a57fafad05d0b8b6e2d39cb37b8c1a190462d8daf4b9edefe08fcc0275a121f3,812658,unsat,1,williams_first_order_carryover,6ad653227c3c19559c94ff26e7c6827f5db285b786b909d8b494bd463f6fcf84,4,4,0,4,5,5,braid-0,braid-0,"[""braid-1000"",""braid-10000"",""braid-100"",""baseline"",""braid-10"",""braid-0""]",parser_inclusive_subprocess_wall_clock,1,timeout,2.009852974,124,-9,1,timeout,exceeded 2 seconds,,,"[""/net/scratch/hscra/plgrid/plgnasqret/codex-control/projects/euf-viper/runs/20260727T103600Z-phase-braid-qg7-8233420/target/release/euf-viper"",""fabric-solve"",""--engine"",""quotient-portfolio"",""/net/scratch/hscra/plgrid/plgnasqret/codex-control/projects/euf-viper/corpora/9b39c70a794d52277a4e5d83731f0ebc50a2f3b804eb1dfc8cf32766a5ebeadc/smtlib-2025/QF_UF/QF_UF/QG-classification/qg7/gensys_icl003.smt2""]"
66,1,7036,QF_UF/QG-classification/qg7/gensys_icl003.smt2,a57fafad05d0b8b6e2d39cb37b8c1a190462d8daf4b9edefe08fcc0275a121f3,812658,unsat,1,williams_first_order_carryover,6ad653227c3c19559c94ff26e7c6827f5db285b786b909d8b494bd463f6fcf84,5,5,0,5,0,0,braid-10000,braid-10000,"[""braid-10000"",""baseline"",""braid-1000"",""braid-0"",""braid-100"",""braid-10""]",parser_inclusive_subprocess_wall_clock,1,timeout,2.008705352,124,-9,1,timeout,exceeded 2 seconds,,,"[""/net/scratch/hscra/plgrid/plgnasqret/codex-control/projects/euf-viper/runs/20260727T103600Z-phase-braid-qg7-8233420/target/release/euf-viper"",""fabric-solve"",""--engine"",""quotient-portfolio"",""/net/scratch/hscra/plgrid/plgnasqret/codex-control/projects/euf-viper/corpora/9b39c70a794d52277a4e5d83731f0ebc50a2f3b804eb1dfc8cf32766a5ebeadc/smtlib-2025/QF_UF/QF_UF/QG-classification/qg7/gensys_icl003.smt2""]"
67,1,7036,QF_UF/QG-classification/qg7/gensys_icl003.smt2,a57fafad05d0b8b6e2d39cb37b8c1a190462d8daf4b9edefe08fcc0275a121f3,812658,unsat,1,williams_first_order_carryover,6ad653227c3c19559c94ff26e7c6827f5db285b786b909d8b494bd463f6fcf84,5,5,0,5,1,1,baseline,baseline,"[""braid-10000"",""baseline"",""braid-1000"",""braid-0"",""braid-100"",""braid-10""]",parser_inclusive_subprocess_wall_clock,1,timeout,2.009916575,124,-9,1,timeout,exceeded 2 seconds,,,"[""/net/scratch/hscra/plgrid/plgnasqret/codex-control/projects/euf-viper/runs/20260727T103600Z-phase-braid-qg7-8233420/target/release/euf-viper"",""fabric-solve"",""--engine"",""quotient-portfolio"",""/net/scratch/hscra/plgrid/plgnasqret/codex-control/projects/euf-viper/corpora/9b39c70a794d52277a4e5d83731f0ebc50a2f3b804eb1dfc8cf32766a5ebeadc/smtlib-2025/QF_UF/QF_UF/QG-classification/qg7/gensys_icl003.smt2""]"
68,1,7036,QF_UF/QG-classification/qg7/gensys_icl003.smt2,a57fafad05d0b8b6e2d39cb37b8c1a190462d8daf4b9edefe08fcc0275a121f3,812658,unsat,1,williams_first_order_carryover,6ad653227c3c19559c94ff26e7c6827f5db285b786b909d8b494bd463f6fcf84,5,5,0,5,2,2,braid-1000,braid-1000,"[""braid-10000"",""baseline"",""braid-1000"",""braid-0"",""braid-100"",""braid-10""]",parser_inclusive_subprocess_wall_clock,1,timeout,2.011355902,124,-9,1,timeout,exceeded 2 seconds,,,"[""/net/scratch/hscra/plgrid/plgnasqret/codex-control/projects/euf-viper/runs/20260727T103600Z-phase-braid-qg7-8233420/target/release/euf-viper"",""fabric-solve"",""--engine"",""quotient-portfolio"",""/net/scratch/hscra/plgrid/plgnasqret/codex-control/projects/euf-viper/corpora/9b39c70a794d52277a4e5d83731f0ebc50a2f3b804eb1dfc8cf32766a5ebeadc/smtlib-2025/QF_UF/QF_UF/QG-classification/qg7/gensys_icl003.smt2""]"
69,1,7036,QF_UF/QG-classification/qg7/gensys_icl003.smt2,a57fafad05d0b8b6e2d39cb37b8c1a190462d8daf4b9edefe08fcc0275a121f3,812658,unsat,1,williams_first_order_carryover,6ad653227c3c19559c94ff26e7c6827f5db285b786b909d8b494bd463f6fcf84,5,5,0,5,3,3,braid-0,braid-0,"[""braid-10000"",""baseline"",""braid-1000"",""braid-0"",""braid-100"",""braid-10""]",parser_inclusive_subprocess_wall_clock,1,timeout,2.009398923,124,-9,1,timeout,exceeded 2 seconds,,,"[""/net/scratch/hscra/plgrid/plgnasqret/codex-control/projects/euf-viper/runs/20260727T103600Z-phase-braid-qg7-8233420/target/release/euf-viper"",""fabric-solve"",""--engine"",""quotient-portfolio"",""/net/scratch/hscra/plgrid/plgnasqret/codex-control/projects/euf-viper/corpora/9b39c70a794d52277a4e5d83731f0ebc50a2f3b804eb1dfc8cf32766a5ebeadc/smtlib-2025/QF_UF/QF_UF/QG-classification/qg7/gensys_icl003.smt2""]"
70,1,7036,QF_UF/QG-classification/qg7/gensys_icl003.smt2,a57fafad05d0b8b6e2d39cb37b8c1a190462d8daf4b9edefe08fcc0275a121f3,812658,unsat,1,williams_first_order_carryover,6ad653227c3c19559c94ff26e7c6827f5db285b786b909d8b494bd463f6fcf84,5,5,0,5,4,4,braid-100,braid-100,"[""braid-10000"",""baseline"",""braid-1000"",""braid-0"",""braid-100"",""braid-10""]",parser_inclusive_subprocess_wall_clock,1,timeout,2.007913545,124,-9,1,timeout,exceeded 2 seconds,,,"[""/net/scratch/hscra/plgrid/plgnasqret/codex-control/projects/euf-viper/runs/20260727T103600Z-phase-braid-qg7-8233420/target/release/euf-viper"",""fabric-solve"",""--engine"",""quotient-portfolio"",""/net/scratch/hscra/plgrid/plgnasqret/codex-control/projects/euf-viper/corpora/9b39c70a794d52277a4e5d83731f0ebc50a2f3b804eb1dfc8cf32766a5ebeadc/smtlib-2025/QF_UF/QF_UF/QG-classification/qg7/gensys_icl003.smt2""]"
71,1,7036,QF_UF/QG-classification/qg7/gensys_icl003.smt2,a57fafad05d0b8b6e2d39cb37b8c1a190462d8daf4b9edefe08fcc0275a121f3,812658,unsat,1,williams_first_order_carryover,6ad653227c3c19559c94ff26e7c6827f5db285b786b909d8b494bd463f6fcf84,5,5,0,5,5,5,braid-10,braid-10,"[""braid-10000"",""baseline"",""braid-1000"",""braid-0"",""braid-100"",""braid-10""]",parser_inclusive_subprocess_wall_clock,1,timeout,2.010440347,124,-9,1,timeout,exceeded 2 seconds,,,"[""/net/scratch/hscra/plgrid/plgnasqret/codex-control/projects/euf-viper/runs/20260727T103600Z-phase-braid-qg7-8233420/target/release/euf-viper"",""fabric-solve"",""--engine"",""quotient-portfolio"",""/net/scratch/hscra/plgrid/plgnasqret/codex-control/projects/euf-viper/corpora/9b39c70a794d52277a4e5d83731f0ebc50a2f3b804eb1dfc8cf32766a5ebeadc/smtlib-2025/QF_UF/QF_UF/QG-classification/qg7/gensys_icl003.smt2""]"
72,2,7102,QF_UF/QG-classification/qg7/iso_brn_nogen003.smt2,f8b7edd9a2a299c90a09146db1c699f5129e672debad40061a74e50bddd79ee1,6009433,sat,1,williams_first_order_carryover,6ad653227c3c19559c94ff26e7c6827f5db285b786b909d8b494bd463f6fcf84,0,0,0,0,0,0,baseline,baseline,"[""baseline"",""braid-0"",""braid-10000"",""braid-10"",""braid-1000"",""braid-100""]",parser_inclusive_subprocess_wall_clock,1,sat,0.393304470,0,0,0,,,"sat
",,"[""/net/scratch/hscra/plgrid/plgnasqret/codex-control/projects/euf-viper/runs/20260727T103600Z-phase-braid-qg7-8233420/target/release/euf-viper"",""fabric-solve"",""--engine"",""quotient-portfolio"",""/net/scratch/hscra/plgrid/plgnasqret/codex-control/projects/euf-viper/corpora/9b39c70a794d52277a4e5d83731f0ebc50a2f3b804eb1dfc8cf32766a5ebeadc/smtlib-2025/QF_UF/QF_UF/QG-classification/qg7/iso_brn_nogen003.smt2""]"
73,2,7102,QF_UF/QG-classification/qg7/iso_brn_nogen003.smt2,f8b7edd9a2a299c90a09146db1c699f5129e672debad40061a74e50bddd79ee1,6009433,sat,1,williams_first_order_carryover,6ad653227c3c19559c94ff26e7c6827f5db285b786b909d8b494bd463f6fcf84,0,0,0,0,1,1,braid-0,braid-0,"[""baseline"",""braid-0"",""braid-10000"",""braid-10"",""braid-1000"",""braid-100""]",parser_inclusive_subprocess_wall_clock,1,sat,0.391743591,0,0,0,,,"sat
",,"[""/net/scratch/hscra/plgrid/plgnasqret/codex-control/projects/euf-viper/runs/20260727T103600Z-phase-braid-qg7-8233420/target/release/euf-viper"",""fabric-solve"",""--engine"",""quotient-portfolio"",""/net/scratch/hscra/plgrid/plgnasqret/codex-control/projects/euf-viper/corpora/9b39c70a794d52277a4e5d83731f0ebc50a2f3b804eb1dfc8cf32766a5ebeadc/smtlib-2025/QF_UF/QF_UF/QG-classification/qg7/iso_brn_nogen003.smt2""]"
74,2,7102,QF_UF/QG-classification/qg7/iso_brn_nogen003.smt2,f8b7edd9a2a299c90a09146db1c699f5129e672debad40061a74e50bddd79ee1,6009433,sat,1,williams_first_order_carryover,6ad653227c3c19559c94ff26e7c6827f5db285b786b909d8b494bd463f6fcf84,0,0,0,0,2,2,braid-10000,braid-10000,"[""baseline"",""braid-0"",""braid-10000"",""braid-10"",""braid-1000"",""braid-100""]",parser_inclusive_subprocess_wall_clock,1,sat,0.393943314,0,0,0,,,"sat
",,"[""/net/scratch/hscra/plgrid/plgnasqret/codex-control/projects/euf-viper/runs/20260727T103600Z-phase-braid-qg7-8233420/target/release/euf-viper"",""fabric-solve"",""--engine"",""quotient-portfolio"",""/net/scratch/hscra/plgrid/plgnasqret/codex-control/projects/euf-viper/corpora/9b39c70a794d52277a4e5d83731f0ebc50a2f3b804eb1dfc8cf32766a5ebeadc/smtlib-2025/QF_UF/QF_UF/QG-classification/qg7/iso_brn_nogen003.smt2""]"
75,2,7102,QF_UF/QG-classification/qg7/iso_brn_nogen003.smt2,f8b7edd9a2a299c90a09146db1c699f5129e672debad40061a74e50bddd79ee1,6009433,sat,1,williams_first_order_carryover,6ad653227c3c19559c94ff26e7c6827f5db285b786b909d8b494bd463f6fcf84,0,0,0,0,3,3,braid-10,braid-10,"[""baseline"",""braid-0"",""braid-10000"",""braid-10"",""braid-1000"",""braid-100""]",parser_inclusive_subprocess_wall_clock,1,sat,0.344959131,0,0,0,,,"sat
",,"[""/net/scratch/hscra/plgrid/plgnasqret/codex-control/projects/euf-viper/runs/20260727T103600Z-phase-braid-qg7-8233420/target/release/euf-viper"",""fabric-solve"",""--engine"",""quotient-portfolio"",""/net/scratch/hscra/plgrid/plgnasqret/codex-control/projects/euf-viper/corpora/9b39c70a794d52277a4e5d83731f0ebc50a2f3b804eb1dfc8cf32766a5ebeadc/smtlib-2025/QF_UF/QF_UF/QG-classification/qg7/iso_brn_nogen003.smt2""]"
76,2,7102,QF_UF/QG-classification/qg7/iso_brn_nogen003.smt2,f8b7edd9a2a299c90a09146db1c699f5129e672debad40061a74e50bddd79ee1,6009433,sat,1,williams_first_order_carryover,6ad653227c3c19559c94ff26e7c6827f5db285b786b909d8b494bd463f6fcf84,0,0,0,0,4,4,braid-1000,braid-1000,"[""baseline"",""braid-0"",""braid-10000"",""braid-10"",""braid-1000"",""braid-100""]",parser_inclusive_subprocess_wall_clock,1,sat,0.323720962,0,0,0,,,"sat
",,"[""/net/scratch/hscra/plgrid/plgnasqret/codex-control/projects/euf-viper/runs/20260727T103600Z-phase-braid-qg7-8233420/target/release/euf-viper"",""fabric-solve"",""--engine"",""quotient-portfolio"",""/net/scratch/hscra/plgrid/plgnasqret/codex-control/projects/euf-viper/corpora/9b39c70a794d52277a4e5d83731f0ebc50a2f3b804eb1dfc8cf32766a5ebeadc/smtlib-2025/QF_UF/QF_UF/QG-classification/qg7/iso_brn_nogen003.smt2""]"
77,2,7102,QF_UF/QG-classification/qg7/iso_brn_nogen003.smt2,f8b7edd9a2a299c90a09146db1c699f5129e672debad40061a74e50bddd79ee1,6009433,sat,1,williams_first_order_carryover,6ad653227c3c19559c94ff26e7c6827f5db285b786b909d8b494bd463f6fcf84,0,0,0,0,5,5,braid-100,braid-100,"[""baseline"",""braid-0"",""braid-10000"",""braid-10"",""braid-1000"",""braid-100""]",parser_inclusive_subprocess_wall_clock,1,sat,0.336080661,0,0,0,,,"sat
",,"[""/net/scratch/hscra/plgrid/plgnasqret/codex-control/projects/euf-viper/runs/20260727T103600Z-phase-braid-qg7-8233420/target/release/euf-viper"",""fabric-solve"",""--engine"",""quotient-portfolio"",""/net/scratch/hscra/plgrid/plgnasqret/codex-control/projects/euf-viper/corpora/9b39c70a794d52277a4e5d83731f0ebc50a2f3b804eb1dfc8cf32766a5ebeadc/smtlib-2025/QF_UF/QF_UF/QG-classification/qg7/iso_brn_nogen003.smt2""]"
78,2,7102,QF_UF/QG-classification/qg7/iso_brn_nogen003.smt2,f8b7edd9a2a299c90a09146db1c699f5129e672debad40061a74e50bddd79ee1,6009433,sat,1,williams_first_order_carryover,6ad653227c3c19559c94ff26e7c6827f5db285b786b909d8b494bd463f6fcf84,1,1,0,1,0,0,braid-0,braid-0,"[""braid-0"",""braid-10"",""baseline"",""braid-100"",""braid-10000"",""braid-1000""]",parser_inclusive_subprocess_wall_clock,1,sat,0.352325700,0,0,0,,,"sat
",,"[""/net/scratch/hscra/plgrid/plgnasqret/codex-control/projects/euf-viper/runs/20260727T103600Z-phase-braid-qg7-8233420/target/release/euf-viper"",""fabric-solve"",""--engine"",""quotient-portfolio"",""/net/scratch/hscra/plgrid/plgnasqret/codex-control/projects/euf-viper/corpora/9b39c70a794d52277a4e5d83731f0ebc50a2f3b804eb1dfc8cf32766a5ebeadc/smtlib-2025/QF_UF/QF_UF/QG-classification/qg7/iso_brn_nogen003.smt2""]"
79,2,7102,QF_UF/QG-classification/qg7/iso_brn_nogen003.smt2,f8b7edd9a2a299c90a09146db1c699f5129e672debad40061a74e50bddd79ee1,6009433,sat,1,williams_first_order_carryover,6ad653227c3c19559c94ff26e7c6827f5db285b786b909d8b494bd463f6fcf84,1,1,0,1,1,1,braid-10,braid-10,"[""braid-0"",""braid-10"",""baseline"",""braid-100"",""braid-10000"",""braid-1000""]",parser_inclusive_subprocess_wall_clock,1,sat,0.367923332,0,0,0,,,"sat
",,"[""/net/scratch/hscra/plgrid/plgnasqret/codex-control/projects/euf-viper/runs/20260727T103600Z-phase-braid-qg7-8233420/target/release/euf-viper"",""fabric-solve"",""--engine"",""quotient-portfolio"",""/net/scratch/hscra/plgrid/plgnasqret/codex-control/projects/euf-viper/corpora/9b39c70a794d52277a4e5d83731f0ebc50a2f3b804eb1dfc8cf32766a5ebeadc/smtlib-2025/QF_UF/QF_UF/QG-classification/qg7/iso_brn_nogen003.smt2""]"
80,2,7102,QF_UF/QG-classification/qg7/iso_brn_nogen003.smt2,f8b7edd9a2a299c90a09146db1c699f5129e672debad40061a74e50bddd79ee1,6009433,sat,1,williams_first_order_carryover,6ad653227c3c19559c94ff26e7c6827f5db285b786b909d8b494bd463f6fcf84,1,1,0,1,2,2,baseline,baseline,"[""braid-0"",""braid-10"",""baseline"",""braid-100"",""braid-10000"",""braid-1000""]",parser_inclusive_subprocess_wall_clock,1,sat,0.363514790,0,0,0,,,"sat
",,"[""/net/scratch/hscra/plgrid/plgnasqret/codex-control/projects/euf-viper/runs/20260727T103600Z-phase-braid-qg7-8233420/target/release/euf-viper"",""fabric-solve"",""--engine"",""quotient-portfolio"",""/net/scratch/hscra/plgrid/plgnasqret/codex-control/projects/euf-viper/corpora/9b39c70a794d52277a4e5d83731f0ebc50a2f3b804eb1dfc8cf32766a5ebeadc/smtlib-2025/QF_UF/QF_UF/QG-classification/qg7/iso_brn_nogen003.smt2""]"
81,2,7102,QF_UF/QG-classification/qg7/iso_brn_nogen003.smt2,f8b7edd9a2a299c90a09146db1c699f5129e672debad40061a74e50bddd79ee1,6009433,sat,1,williams_first_order_carryover,6ad653227c3c19559c94ff26e7c6827f5db285b786b909d8b494bd463f6fcf84,1,1,0,1,3,3,braid-100,braid-100,"[""braid-0"",""braid-10"",""baseline"",""braid-100"",""braid-10000"",""braid-1000""]",parser_inclusive_subprocess_wall_clock,1,sat,0.360965010,0,0,0,,,"sat
",,"[""/net/scratch/hscra/plgrid/plgnasqret/codex-control/projects/euf-viper/runs/20260727T103600Z-phase-braid-qg7-8233420/target/release/euf-viper"",""fabric-solve"",""--engine"",""quotient-portfolio"",""/net/scratch/hscra/plgrid/plgnasqret/codex-control/projects/euf-viper/corpora/9b39c70a794d52277a4e5d83731f0ebc50a2f3b804eb1dfc8cf32766a5ebeadc/smtlib-2025/QF_UF/QF_UF/QG-classification/qg7/iso_brn_nogen003.smt2""]"
82,2,7102,QF_UF/QG-classification/qg7/iso_brn_nogen003.smt2,f8b7edd9a2a299c90a09146db1c699f5129e672debad40061a74e50bddd79ee1,6009433,sat,1,williams_first_order_carryover,6ad653227c3c19559c94ff26e7c6827f5db285b786b909d8b494bd463f6fcf84,1,1,0,1,4,4,braid-10000,braid-10000,"[""braid-0"",""braid-10"",""baseline"",""braid-100"",""braid-10000"",""braid-1000""]",parser_inclusive_subprocess_wall_clock,1,sat,0.384069033,0,0,0,,,"sat
",,"[""/net/scratch/hscra/plgrid/plgnasqret/codex-control/projects/euf-viper/runs/20260727T103600Z-phase-braid-qg7-8233420/target/release/euf-viper"",""fabric-solve"",""--engine"",""quotient-portfolio"",""/net/scratch/hscra/plgrid/plgnasqret/codex-control/projects/euf-viper/corpora/9b39c70a794d52277a4e5d83731f0ebc50a2f3b804eb1dfc8cf32766a5ebeadc/smtlib-2025/QF_UF/QF_UF/QG-classification/qg7/iso_brn_nogen003.smt2""]"
83,2,7102,QF_UF/QG-classification/qg7/iso_brn_nogen003.smt2,f8b7edd9a2a299c90a09146db1c699f5129e672debad40061a74e50bddd79ee1,6009433,sat,1,williams_first_order_carryover,6ad653227c3c19559c94ff26e7c6827f5db285b786b909d8b494bd463f6fcf84,1,1,0,1,5,5,braid-1000,braid-1000,"[""braid-0"",""braid-10"",""baseline"",""braid-100"",""braid-10000"",""braid-1000""]",parser_inclusive_subprocess_wall_clock,1,sat,0.411275130,0,0,0,,,"sat
",,"[""/net/scratch/hscra/plgrid/plgnasqret/codex-control/projects/euf-viper/runs/20260727T103600Z-phase-braid-qg7-8233420/target/release/euf-viper"",""fabric-solve"",""--engine"",""quotient-portfolio"",""/net/scratch/hscra/plgrid/plgnasqret/codex-control/projects/euf-viper/corpora/9b39c70a794d52277a4e5d83731f0ebc50a2f3b804eb1dfc8cf32766a5ebeadc/smtlib-2025/QF_UF/QF_UF/QG-classification/qg7/iso_brn_nogen003.smt2""]"
84,2,7102,QF_UF/QG-classification/qg7/iso_brn_nogen003.smt2,f8b7edd9a2a299c90a09146db1c699f5129e672debad40061a74e50bddd79ee1,6009433,sat,1,williams_first_order_carryover,6ad653227c3c19559c94ff26e7c6827f5db285b786b909d8b494bd463f6fcf84,2,2,0,2,0,0,braid-10,braid-10,"[""braid-10"",""braid-100"",""braid-0"",""braid-1000"",""baseline"",""braid-10000""]",parser_inclusive_subprocess_wall_clock,1,sat,0.322180706,0,0,0,,,"sat
",,"[""/net/scratch/hscra/plgrid/plgnasqret/codex-control/projects/euf-viper/runs/20260727T103600Z-phase-braid-qg7-8233420/target/release/euf-viper"",""fabric-solve"",""--engine"",""quotient-portfolio"",""/net/scratch/hscra/plgrid/plgnasqret/codex-control/projects/euf-viper/corpora/9b39c70a794d52277a4e5d83731f0ebc50a2f3b804eb1dfc8cf32766a5ebeadc/smtlib-2025/QF_UF/QF_UF/QG-classification/qg7/iso_brn_nogen003.smt2""]"
85,2,7102,QF_UF/QG-classification/qg7/iso_brn_nogen003.smt2,f8b7edd9a2a299c90a09146db1c699f5129e672debad40061a74e50bddd79ee1,6009433,sat,1,williams_first_order_carryover,6ad653227c3c19559c94ff26e7c6827f5db285b786b909d8b494bd463f6fcf84,2,2,0,2,1,1,braid-100,braid-100,"[""braid-10"",""braid-100"",""braid-0"",""braid-1000"",""baseline"",""braid-10000""]",parser_inclusive_subprocess_wall_clock,1,sat,0.319843545,0,0,0,,,"sat
",,"[""/net/scratch/hscra/plgrid/plgnasqret/codex-control/projects/euf-viper/runs/20260727T103600Z-phase-braid-qg7-8233420/target/release/euf-viper"",""fabric-solve"",""--engine"",""quotient-portfolio"",""/net/scratch/hscra/plgrid/plgnasqret/codex-control/projects/euf-viper/corpora/9b39c70a794d52277a4e5d83731f0ebc50a2f3b804eb1dfc8cf32766a5ebeadc/smtlib-2025/QF_UF/QF_UF/QG-classification/qg7/iso_brn_nogen003.smt2""]"
86,2,7102,QF_UF/QG-classification/qg7/iso_brn_nogen003.smt2,f8b7edd9a2a299c90a09146db1c699f5129e672debad40061a74e50bddd79ee1,6009433,sat,1,williams_first_order_carryover,6ad653227c3c19559c94ff26e7c6827f5db285b786b909d8b494bd463f6fcf84,2,2,0,2,2,2,braid-0,braid-0,"[""braid-10"",""braid-100"",""braid-0"",""braid-1000"",""baseline"",""braid-10000""]",parser_inclusive_subprocess_wall_clock,1,sat,0.320073159,0,0,0,,,"sat
",,"[""/net/scratch/hscra/plgrid/plgnasqret/codex-control/projects/euf-viper/runs/20260727T103600Z-phase-braid-qg7-8233420/target/release/euf-viper"",""fabric-solve"",""--engine"",""quotient-portfolio"",""/net/scratch/hscra/plgrid/plgnasqret/codex-control/projects/euf-viper/corpora/9b39c70a794d52277a4e5d83731f0ebc50a2f3b804eb1dfc8cf32766a5ebeadc/smtlib-2025/QF_UF/QF_UF/QG-classification/qg7/iso_brn_nogen003.smt2""]"
87,2,7102,QF_UF/QG-classification/qg7/iso_brn_nogen003.smt2,f8b7edd9a2a299c90a09146db1c699f5129e672debad40061a74e50bddd79ee1,6009433,sat,1,williams_first_order_carryover,6ad653227c3c19559c94ff26e7c6827f5db285b786b909d8b494bd463f6fcf84,2,2,0,2,3,3,braid-1000,braid-1000,"[""braid-10"",""braid-100"",""braid-0"",""braid-1000"",""baseline"",""braid-10000""]",parser_inclusive_subprocess_wall_clock,1,sat,0.319380599,0,0,0,,,"sat
",,"[""/net/scratch/hscra/plgrid/plgnasqret/codex-control/projects/euf-viper/runs/20260727T103600Z-phase-braid-qg7-8233420/target/release/euf-viper"",""fabric-solve"",""--engine"",""quotient-portfolio"",""/net/scratch/hscra/plgrid/plgnasqret/codex-control/projects/euf-viper/corpora/9b39c70a794d52277a4e5d83731f0ebc50a2f3b804eb1dfc8cf32766a5ebeadc/smtlib-2025/QF_UF/QF_UF/QG-classification/qg7/iso_brn_nogen003.smt2""]"
88,2,7102,QF_UF/QG-classification/qg7/iso_brn_nogen003.smt2,f8b7edd9a2a299c90a09146db1c699f5129e672debad40061a74e50bddd79ee1,6009433,sat,1,williams_first_order_carryover,6ad653227c3c19559c94ff26e7c6827f5db285b786b909d8b494bd463f6fcf84,2,2,0,2,4,4,baseline,baseline,"[""braid-10"",""braid-100"",""braid-0"",""braid-1000"",""baseline"",""braid-10000""]",parser_inclusive_subprocess_wall_clock,1,sat,0.318189688,0,0,0,,,"sat
",,"[""/net/scratch/hscra/plgrid/plgnasqret/codex-control/projects/euf-viper/runs/20260727T103600Z-phase-braid-qg7-8233420/target/release/euf-viper"",""fabric-solve"",""--engine"",""quotient-portfolio"",""/net/scratch/hscra/plgrid/plgnasqret/codex-control/projects/euf-viper/corpora/9b39c70a794d52277a4e5d83731f0ebc50a2f3b804eb1dfc8cf32766a5ebeadc/smtlib-2025/QF_UF/QF_UF/QG-classification/qg7/iso_brn_nogen003.smt2""]"
89,2,7102,QF_UF/QG-classification/qg7/iso_brn_nogen003.smt2,f8b7edd9a2a299c90a09146db1c699f5129e672debad40061a74e50bddd79ee1,6009433,sat,1,williams_first_order_carryover,6ad653227c3c19559c94ff26e7c6827f5db285b786b909d8b494bd463f6fcf84,2,2,0,2,5,5,braid-10000,braid-10000,"[""braid-10"",""braid-100"",""braid-0"",""braid-1000"",""baseline"",""braid-10000""]",parser_inclusive_subprocess_wall_clock,1,sat,0.317038009,0,0,0,,,"sat
",,"[""/net/scratch/hscra/plgrid/plgnasqret/codex-control/projects/euf-viper/runs/20260727T103600Z-phase-braid-qg7-8233420/target/release/euf-viper"",""fabric-solve"",""--engine"",""quotient-portfolio"",""/net/scratch/hscra/plgrid/plgnasqret/codex-control/projects/euf-viper/corpora/9b39c70a794d52277a4e5d83731f0ebc50a2f3b804eb1dfc8cf32766a5ebeadc/smtlib-2025/QF_UF/QF_UF/QG-classification/qg7/iso_brn_nogen003.smt2""]"
90,2,7102,QF_UF/QG-classification/qg7/iso_brn_nogen003.smt2,f8b7edd9a2a299c90a09146db1c699f5129e672debad40061a74e50bddd79ee1,6009433,sat,1,williams_first_order_carryover,6ad653227c3c19559c94ff26e7c6827f5db285b786b909d8b494bd463f6fcf84,3,3,0,3,0,0,braid-100,braid-100,"[""braid-100"",""braid-1000"",""braid-10"",""braid-10000"",""braid-0"",""baseline""]",parser_inclusive_subprocess_wall_clock,1,sat,0.317669742,0,0,0,,,"sat
",,"[""/net/scratch/hscra/plgrid/plgnasqret/codex-control/projects/euf-viper/runs/20260727T103600Z-phase-braid-qg7-8233420/target/release/euf-viper"",""fabric-solve"",""--engine"",""quotient-portfolio"",""/net/scratch/hscra/plgrid/plgnasqret/codex-control/projects/euf-viper/corpora/9b39c70a794d52277a4e5d83731f0ebc50a2f3b804eb1dfc8cf32766a5ebeadc/smtlib-2025/QF_UF/QF_UF/QG-classification/qg7/iso_brn_nogen003.smt2""]"
91,2,7102,QF_UF/QG-classification/qg7/iso_brn_nogen003.smt2,f8b7edd9a2a299c90a09146db1c699f5129e672debad40061a74e50bddd79ee1,6009433,sat,1,williams_first_order_carryover,6ad653227c3c19559c94ff26e7c6827f5db285b786b909d8b494bd463f6fcf84,3,3,0,3,1,1,braid-1000,braid-1000,"[""braid-100"",""braid-1000"",""braid-10"",""braid-10000"",""braid-0"",""baseline""]",parser_inclusive_subprocess_wall_clock,1,sat,0.317818979,0,0,0,,,"sat
",,"[""/net/scratch/hscra/plgrid/plgnasqret/codex-control/projects/euf-viper/runs/20260727T103600Z-phase-braid-qg7-8233420/target/release/euf-viper"",""fabric-solve"",""--engine"",""quotient-portfolio"",""/net/scratch/hscra/plgrid/plgnasqret/codex-control/projects/euf-viper/corpora/9b39c70a794d52277a4e5d83731f0ebc50a2f3b804eb1dfc8cf32766a5ebeadc/smtlib-2025/QF_UF/QF_UF/QG-classification/qg7/iso_brn_nogen003.smt2""]"
92,2,7102,QF_UF/QG-classification/qg7/iso_brn_nogen003.smt2,f8b7edd9a2a299c90a09146db1c699f5129e672debad40061a74e50bddd79ee1,6009433,sat,1,williams_first_order_carryover,6ad653227c3c19559c94ff26e7c6827f5db285b786b909d8b494bd463f6fcf84,3,3,0,3,2,2,braid-10,braid-10,"[""braid-100"",""braid-1000"",""braid-10"",""braid-10000"",""braid-0"",""baseline""]",parser_inclusive_subprocess_wall_clock,1,sat,0.323072772,0,0,0,,,"sat
",,"[""/net/scratch/hscra/plgrid/plgnasqret/codex-control/projects/euf-viper/runs/20260727T103600Z-phase-braid-qg7-8233420/target/release/euf-viper"",""fabric-solve"",""--engine"",""quotient-portfolio"",""/net/scratch/hscra/plgrid/plgnasqret/codex-control/projects/euf-viper/corpora/9b39c70a794d52277a4e5d83731f0ebc50a2f3b804eb1dfc8cf32766a5ebeadc/smtlib-2025/QF_UF/QF_UF/QG-classification/qg7/iso_brn_nogen003.smt2""]"
93,2,7102,QF_UF/QG-classification/qg7/iso_brn_nogen003.smt2,f8b7edd9a2a299c90a09146db1c699f5129e672debad40061a74e50bddd79ee1,6009433,sat,1,williams_first_order_carryover,6ad653227c3c19559c94ff26e7c6827f5db285b786b909d8b494bd463f6fcf84,3,3,0,3,3,3,braid-10000,braid-10000,"[""braid-100"",""braid-1000"",""braid-10"",""braid-10000"",""braid-0"",""baseline""]",parser_inclusive_subprocess_wall_clock,1,sat,0.328031638,0,0,0,,,"sat
",,"[""/net/scratch/hscra/plgrid/plgnasqret/codex-control/projects/euf-viper/runs/20260727T103600Z-phase-braid-qg7-8233420/target/release/euf-viper"",""fabric-solve"",""--engine"",""quotient-portfolio"",""/net/scratch/hscra/plgrid/plgnasqret/codex-control/projects/euf-viper/corpora/9b39c70a794d52277a4e5d83731f0ebc50a2f3b804eb1dfc8cf32766a5ebeadc/smtlib-2025/QF_UF/QF_UF/QG-classification/qg7/iso_brn_nogen003.smt2""]"
94,2,7102,QF_UF/QG-classification/qg7/iso_brn_nogen003.smt2,f8b7edd9a2a299c90a09146db1c699f5129e672debad40061a74e50bddd79ee1,6009433,sat,1,williams_first_order_carryover,6ad653227c3c19559c94ff26e7c6827f5db285b786b909d8b494bd463f6fcf84,3,3,0,3,4,4,braid-0,braid-0,"[""braid-100"",""braid-1000"",""braid-10"",""braid-10000"",""braid-0"",""baseline""]",parser_inclusive_subprocess_wall_clock,1,sat,0.332401518,0,0,0,,,"sat
",,"[""/net/scratch/hscra/plgrid/plgnasqret/codex-control/projects/euf-viper/runs/20260727T103600Z-phase-braid-qg7-8233420/target/release/euf-viper"",""fabric-solve"",""--engine"",""quotient-portfolio"",""/net/scratch/hscra/plgrid/plgnasqret/codex-control/projects/euf-viper/corpora/9b39c70a794d52277a4e5d83731f0ebc50a2f3b804eb1dfc8cf32766a5ebeadc/smtlib-2025/QF_UF/QF_UF/QG-classification/qg7/iso_brn_nogen003.smt2""]"
95,2,7102,QF_UF/QG-classification/qg7/iso_brn_nogen003.smt2,f8b7edd9a2a299c90a09146db1c699f5129e672debad40061a74e50bddd79ee1,6009433,sat,1,williams_first_order_carryover,6ad653227c3c19559c94ff26e7c6827f5db285b786b909d8b494bd463f6fcf84,3,3,0,3,5,5,baseline,baseline,"[""braid-100"",""braid-1000"",""braid-10"",""braid-10000"",""braid-0"",""baseline""]",parser_inclusive_subprocess_wall_clock,1,sat,0.357001216,0,0,0,,,"sat
",,"[""/net/scratch/hscra/plgrid/plgnasqret/codex-control/projects/euf-viper/runs/20260727T103600Z-phase-braid-qg7-8233420/target/release/euf-viper"",""fabric-solve"",""--engine"",""quotient-portfolio"",""/net/scratch/hscra/plgrid/plgnasqret/codex-control/projects/euf-viper/corpora/9b39c70a794d52277a4e5d83731f0ebc50a2f3b804eb1dfc8cf32766a5ebeadc/smtlib-2025/QF_UF/QF_UF/QG-classification/qg7/iso_brn_nogen003.smt2""]"
96,2,7102,QF_UF/QG-classification/qg7/iso_brn_nogen003.smt2,f8b7edd9a2a299c90a09146db1c699f5129e672debad40061a74e50bddd79ee1,6009433,sat,1,williams_first_order_carryover,6ad653227c3c19559c94ff26e7c6827f5db285b786b909d8b494bd463f6fcf84,4,4,0,4,0,0,braid-1000,braid-1000,"[""braid-1000"",""braid-10000"",""braid-100"",""baseline"",""braid-10"",""braid-0""]",parser_inclusive_subprocess_wall_clock,1,sat,0.377008069,0,0,0,,,"sat
",,"[""/net/scratch/hscra/plgrid/plgnasqret/codex-control/projects/euf-viper/runs/20260727T103600Z-phase-braid-qg7-8233420/target/release/euf-viper"",""fabric-solve"",""--engine"",""quotient-portfolio"",""/net/scratch/hscra/plgrid/plgnasqret/codex-control/projects/euf-viper/corpora/9b39c70a794d52277a4e5d83731f0ebc50a2f3b804eb1dfc8cf32766a5ebeadc/smtlib-2025/QF_UF/QF_UF/QG-classification/qg7/iso_brn_nogen003.smt2""]"
97,2,7102,QF_UF/QG-classification/qg7/iso_brn_nogen003.smt2,f8b7edd9a2a299c90a09146db1c699f5129e672debad40061a74e50bddd79ee1,6009433,sat,1,williams_first_order_carryover,6ad653227c3c19559c94ff26e7c6827f5db285b786b909d8b494bd463f6fcf84,4,4,0,4,1,1,braid-10000,braid-10000,"[""braid-1000"",""braid-10000"",""braid-100"",""baseline"",""braid-10"",""braid-0""]",parser_inclusive_subprocess_wall_clock,1,sat,0.391439047,0,0,0,,,"sat
",,"[""/net/scratch/hscra/plgrid/plgnasqret/codex-control/projects/euf-viper/runs/20260727T103600Z-phase-braid-qg7-8233420/target/release/euf-viper"",""fabric-solve"",""--engine"",""quotient-portfolio"",""/net/scratch/hscra/plgrid/plgnasqret/codex-control/projects/euf-viper/corpora/9b39c70a794d52277a4e5d83731f0ebc50a2f3b804eb1dfc8cf32766a5ebeadc/smtlib-2025/QF_UF/QF_UF/QG-classification/qg7/iso_brn_nogen003.smt2""]"
98,2,7102,QF_UF/QG-classification/qg7/iso_brn_nogen003.smt2,f8b7edd9a2a299c90a09146db1c699f5129e672debad40061a74e50bddd79ee1,6009433,sat,1,williams_first_order_carryover,6ad653227c3c19559c94ff26e7c6827f5db285b786b909d8b494bd463f6fcf84,4,4,0,4,2,2,braid-100,braid-100,"[""braid-1000"",""braid-10000"",""braid-100"",""baseline"",""braid-10"",""braid-0""]",parser_inclusive_subprocess_wall_clock,1,sat,0.377983027,0,0,0,,,"sat
",,"[""/net/scratch/hscra/plgrid/plgnasqret/codex-control/projects/euf-viper/runs/20260727T103600Z-phase-braid-qg7-8233420/target/release/euf-viper"",""fabric-solve"",""--engine"",""quotient-portfolio"",""/net/scratch/hscra/plgrid/plgnasqret/codex-control/projects/euf-viper/corpora/9b39c70a794d52277a4e5d83731f0ebc50a2f3b804eb1dfc8cf32766a5ebeadc/smtlib-2025/QF_UF/QF_UF/QG-classification/qg7/iso_brn_nogen003.smt2""]"
99,2,7102,QF_UF/QG-classification/qg7/iso_brn_nogen003.smt2,f8b7edd9a2a299c90a09146db1c699f5129e672debad40061a74e50bddd79ee1,6009433,sat,1,williams_first_order_carryover,6ad653227c3c19559c94ff26e7c6827f5db285b786b909d8b494bd463f6fcf84,4,4,0,4,3,3,baseline,baseline,"[""braid-1000"",""braid-10000"",""braid-100"",""baseline"",""braid-10"",""braid-0""]",parser_inclusive_subprocess_wall_clock,1,sat,0.396827374,0,0,0,,,"sat
",,"[""/net/scratch/hscra/plgrid/plgnasqret/codex-control/projects/euf-viper/runs/20260727T103600Z-phase-braid-qg7-8233420/target/release/euf-viper"",""fabric-solve"",""--engine"",""quotient-portfolio"",""/net/scratch/hscra/plgrid/plgnasqret/codex-control/projects/euf-viper/corpora/9b39c70a794d52277a4e5d83731f0ebc50a2f3b804eb1dfc8cf32766a5ebeadc/smtlib-2025/QF_UF/QF_UF/QG-classification/qg7/iso_brn_nogen003.smt2""]"
100,2,7102,QF_UF/QG-classification/qg7/iso_brn_nogen003.smt2,f8b7edd9a2a299c90a09146db1c699f5129e672debad40061a74e50bddd79ee1,6009433,sat,1,williams_first_order_carryover,6ad653227c3c19559c94ff26e7c6827f5db285b786b909d8b494bd463f6fcf84,4,4,0,4,4,4,braid-10,braid-10,"[""braid-1000"",""braid-10000"",""braid-100"",""baseline"",""braid-10"",""braid-0""]",parser_inclusive_subprocess_wall_clock,1,sat,0.383009931,0,0,0,,,"sat
",,"[""/net/scratch/hscra/plgrid/plgnasqret/codex-control/projects/euf-viper/runs/20260727T103600Z-phase-braid-qg7-8233420/target/release/euf-viper"",""fabric-solve"",""--engine"",""quotient-portfolio"",""/net/scratch/hscra/plgrid/plgnasqret/codex-control/projects/euf-viper/corpora/9b39c70a794d52277a4e5d83731f0ebc50a2f3b804eb1dfc8cf32766a5ebeadc/smtlib-2025/QF_UF/QF_UF/QG-classification/qg7/iso_brn_nogen003.smt2""]"
101,2,7102,QF_UF/QG-classification/qg7/iso_brn_nogen003.smt2,f8b7edd9a2a299c90a09146db1c699f5129e672debad40061a74e50bddd79ee1,6009433,sat,1,williams_first_order_carryover,6ad653227c3c19559c94ff26e7c6827f5db285b786b909d8b494bd463f6fcf84,4,4,0,4,5,5,braid-0,braid-0,"[""braid-1000"",""braid-10000"",""braid-100"",""baseline"",""braid-10"",""braid-0""]",parser_inclusive_subprocess_wall_clock,1,sat,0.352477461,0,0,0,,,"sat
",,"[""/net/scratch/hscra/plgrid/plgnasqret/codex-control/projects/euf-viper/runs/20260727T103600Z-phase-braid-qg7-8233420/target/release/euf-viper"",""fabric-solve"",""--engine"",""quotient-portfolio"",""/net/scratch/hscra/plgrid/plgnasqret/codex-control/projects/euf-viper/corpora/9b39c70a794d52277a4e5d83731f0ebc50a2f3b804eb1dfc8cf32766a5ebeadc/smtlib-2025/QF_UF/QF_UF/QG-classification/qg7/iso_brn_nogen003.smt2""]"
102,2,7102,QF_UF/QG-classification/qg7/iso_brn_nogen003.smt2,f8b7edd9a2a299c90a09146db1c699f5129e672debad40061a74e50bddd79ee1,6009433,sat,1,williams_first_order_carryover,6ad653227c3c19559c94ff26e7c6827f5db285b786b909d8b494bd463f6fcf84,5,5,0,5,0,0,braid-10000,braid-10000,"[""braid-10000"",""baseline"",""braid-1000"",""braid-0"",""braid-100"",""braid-10""]",parser_inclusive_subprocess_wall_clock,1,sat,0.338003855,0,0,0,,,"sat
",,"[""/net/scratch/hscra/plgrid/plgnasqret/codex-control/projects/euf-viper/runs/20260727T103600Z-phase-braid-qg7-8233420/target/release/euf-viper"",""fabric-solve"",""--engine"",""quotient-portfolio"",""/net/scratch/hscra/plgrid/plgnasqret/codex-control/projects/euf-viper/corpora/9b39c70a794d52277a4e5d83731f0ebc50a2f3b804eb1dfc8cf32766a5ebeadc/smtlib-2025/QF_UF/QF_UF/QG-classification/qg7/iso_brn_nogen003.smt2""]"
103,2,7102,QF_UF/QG-classification/qg7/iso_brn_nogen003.smt2,f8b7edd9a2a299c90a09146db1c699f5129e672debad40061a74e50bddd79ee1,6009433,sat,1,williams_first_order_carryover,6ad653227c3c19559c94ff26e7c6827f5db285b786b909d8b494bd463f6fcf84,5,5,0,5,1,1,baseline,baseline,"[""braid-10000"",""baseline"",""braid-1000"",""braid-0"",""braid-100"",""braid-10""]",parser_inclusive_subprocess_wall_clock,1,sat,0.353174267,0,0,0,,,"sat
",,"[""/net/scratch/hscra/plgrid/plgnasqret/codex-control/projects/euf-viper/runs/20260727T103600Z-phase-braid-qg7-8233420/target/release/euf-viper"",""fabric-solve"",""--engine"",""quotient-portfolio"",""/net/scratch/hscra/plgrid/plgnasqret/codex-control/projects/euf-viper/corpora/9b39c70a794d52277a4e5d83731f0ebc50a2f3b804eb1dfc8cf32766a5ebeadc/smtlib-2025/QF_UF/QF_UF/QG-classification/qg7/iso_brn_nogen003.smt2""]"
104,2,7102,QF_UF/QG-classification/qg7/iso_brn_nogen003.smt2,f8b7edd9a2a299c90a09146db1c699f5129e672debad40061a74e50bddd79ee1,6009433,sat,1,williams_first_order_carryover,6ad653227c3c19559c94ff26e7c6827f5db285b786b909d8b494bd463f6fcf84,5,5,0,5,2,2,braid-1000,braid-1000,"[""braid-10000"",""baseline"",""braid-1000"",""braid-0"",""braid-100"",""braid-10""]",parser_inclusive_subprocess_wall_clock,1,sat,0.364815065,0,0,0,,,"sat
",,"[""/net/scratch/hscra/plgrid/plgnasqret/codex-control/projects/euf-viper/runs/20260727T103600Z-phase-braid-qg7-8233420/target/release/euf-viper"",""fabric-solve"",""--engine"",""quotient-portfolio"",""/net/scratch/hscra/plgrid/plgnasqret/codex-control/projects/euf-viper/corpora/9b39c70a794d52277a4e5d83731f0ebc50a2f3b804eb1dfc8cf32766a5ebeadc/smtlib-2025/QF_UF/QF_UF/QG-classification/qg7/iso_brn_nogen003.smt2""]"
105,2,7102,QF_UF/QG-classification/qg7/iso_brn_nogen003.smt2,f8b7edd9a2a299c90a09146db1c699f5129e672debad40061a74e50bddd79ee1,6009433,sat,1,williams_first_order_carryover,6ad653227c3c19559c94ff26e7c6827f5db285b786b909d8b494bd463f6fcf84,5,5,0,5,3,3,braid-0,braid-0,"[""braid-10000"",""baseline"",""braid-1000"",""braid-0"",""braid-100"",""braid-10""]",parser_inclusive_subprocess_wall_clock,1,sat,0.329058749,0,0,0,,,"sat
",,"[""/net/scratch/hscra/plgrid/plgnasqret/codex-control/projects/euf-viper/runs/20260727T103600Z-phase-braid-qg7-8233420/target/release/euf-viper"",""fabric-solve"",""--engine"",""quotient-portfolio"",""/net/scratch/hscra/plgrid/plgnasqret/codex-control/projects/euf-viper/corpora/9b39c70a794d52277a4e5d83731f0ebc50a2f3b804eb1dfc8cf32766a5ebeadc/smtlib-2025/QF_UF/QF_UF/QG-classification/qg7/iso_brn_nogen003.smt2""]"
106,2,7102,QF_UF/QG-classification/qg7/iso_brn_nogen003.smt2,f8b7edd9a2a299c90a09146db1c699f5129e672debad40061a74e50bddd79ee1,6009433,sat,1,williams_first_order_carryover,6ad653227c3c19559c94ff26e7c6827f5db285b786b909d8b494bd463f6fcf84,5,5,0,5,4,4,braid-100,braid-100,"[""braid-10000"",""baseline"",""braid-1000"",""braid-0"",""braid-100"",""braid-10""]",parser_inclusive_subprocess_wall_clock,1,sat,0.371580069,0,0,0,,,"sat
",,"[""/net/scratch/hscra/plgrid/plgnasqret/codex-control/projects/euf-viper/runs/20260727T103600Z-phase-braid-qg7-8233420/target/release/euf-viper"",""fabric-solve"",""--engine"",""quotient-portfolio"",""/net/scratch/hscra/plgrid/plgnasqret/codex-control/projects/euf-viper/corpora/9b39c70a794d52277a4e5d83731f0ebc50a2f3b804eb1dfc8cf32766a5ebeadc/smtlib-2025/QF_UF/QF_UF/QG-classification/qg7/iso_brn_nogen003.smt2""]"
107,2,7102,QF_UF/QG-classification/qg7/iso_brn_nogen003.smt2,f8b7edd9a2a299c90a09146db1c699f5129e672debad40061a74e50bddd79ee1,6009433,sat,1,williams_first_order_carryover,6ad653227c3c19559c94ff26e7c6827f5db285b786b909d8b494bd463f6fcf84,5,5,0,5,5,5,braid-10,braid-10,"[""braid-10000"",""baseline"",""braid-1000"",""braid-0"",""braid-100"",""braid-10""]",parser_inclusive_subprocess_wall_clock,1,sat,0.381043127,0,0,0,,,"sat
",,"[""/net/scratch/hscra/plgrid/plgnasqret/codex-control/projects/euf-viper/runs/20260727T103600Z-phase-braid-qg7-8233420/target/release/euf-viper"",""fabric-solve"",""--engine"",""quotient-portfolio"",""/net/scratch/hscra/plgrid/plgnasqret/codex-control/projects/euf-viper/corpora/9b39c70a794d52277a4e5d83731f0ebc50a2f3b804eb1dfc8cf32766a5ebeadc/smtlib-2025/QF_UF/QF_UF/QG-classification/qg7/iso_brn_nogen003.smt2""]"
108,3,7310,QF_UF/QG-classification/qg7/iso_icl_nogen002.smt2,05295ac0b0b9d7757b3c2b68184ab0504fc90d56582fb97cc891b8a990bf23ac,6013089,unsat,1,williams_first_order_carryover,6ad653227c3c19559c94ff26e7c6827f5db285b786b909d8b494bd463f6fcf84,0,0,0,0,0,0,baseline,baseline,"[""baseline"",""braid-0"",""braid-10000"",""braid-10"",""braid-1000"",""braid-100""]",parser_inclusive_subprocess_wall_clock,1,unsat,0.375881480,0,0,0,,,"unsat
",,"[""/net/scratch/hscra/plgrid/plgnasqret/codex-control/projects/euf-viper/runs/20260727T103600Z-phase-braid-qg7-8233420/target/release/euf-viper"",""fabric-solve"",""--engine"",""quotient-portfolio"",""/net/scratch/hscra/plgrid/plgnasqret/codex-control/projects/euf-viper/corpora/9b39c70a794d52277a4e5d83731f0ebc50a2f3b804eb1dfc8cf32766a5ebeadc/smtlib-2025/QF_UF/QF_UF/QG-classification/qg7/iso_icl_nogen002.smt2""]"
109,3,7310,QF_UF/QG-classification/qg7/iso_icl_nogen002.smt2,05295ac0b0b9d7757b3c2b68184ab0504fc90d56582fb97cc891b8a990bf23ac,6013089,unsat,1,williams_first_order_carryover,6ad653227c3c19559c94ff26e7c6827f5db285b786b909d8b494bd463f6fcf84,0,0,0,0,1,1,braid-0,braid-0,"[""baseline"",""braid-0"",""braid-10000"",""braid-10"",""braid-1000"",""braid-100""]",parser_inclusive_subprocess_wall_clock,1,unsat,0.364228904,0,0,0,,,"unsat
",,"[""/net/scratch/hscra/plgrid/plgnasqret/codex-control/projects/euf-viper/runs/20260727T103600Z-phase-braid-qg7-8233420/target/release/euf-viper"",""fabric-solve"",""--engine"",""quotient-portfolio"",""/net/scratch/hscra/plgrid/plgnasqret/codex-control/projects/euf-viper/corpora/9b39c70a794d52277a4e5d83731f0ebc50a2f3b804eb1dfc8cf32766a5ebeadc/smtlib-2025/QF_UF/QF_UF/QG-classification/qg7/iso_icl_nogen002.smt2""]"
110,3,7310,QF_UF/QG-classification/qg7/iso_icl_nogen002.smt2,05295ac0b0b9d7757b3c2b68184ab0504fc90d56582fb97cc891b8a990bf23ac,6013089,unsat,1,williams_first_order_carryover,6ad653227c3c19559c94ff26e7c6827f5db285b786b909d8b494bd463f6fcf84,0,0,0,0,2,2,braid-10000,braid-10000,"[""baseline"",""braid-0"",""braid-10000"",""braid-10"",""braid-1000"",""braid-100""]",parser_inclusive_subprocess_wall_clock,1,unsat,0.359978664,0,0,0,,,"unsat
",,"[""/net/scratch/hscra/plgrid/plgnasqret/codex-control/projects/euf-viper/runs/20260727T103600Z-phase-braid-qg7-8233420/target/release/euf-viper"",""fabric-solve"",""--engine"",""quotient-portfolio"",""/net/scratch/hscra/plgrid/plgnasqret/codex-control/projects/euf-viper/corpora/9b39c70a794d52277a4e5d83731f0ebc50a2f3b804eb1dfc8cf32766a5ebeadc/smtlib-2025/QF_UF/QF_UF/QG-classification/qg7/iso_icl_nogen002.smt2""]"
111,3,7310,QF_UF/QG-classification/qg7/iso_icl_nogen002.smt2,05295ac0b0b9d7757b3c2b68184ab0504fc90d56582fb97cc891b8a990bf23ac,6013089,unsat,1,williams_first_order_carryover,6ad653227c3c19559c94ff26e7c6827f5db285b786b909d8b494bd463f6fcf84,0,0,0,0,3,3,braid-10,braid-10,"[""baseline"",""braid-0"",""braid-10000"",""braid-10"",""braid-1000"",""braid-100""]",parser_inclusive_subprocess_wall_clock,1,unsat,0.322187016,0,0,0,,,"unsat
",,"[""/net/scratch/hscra/plgrid/plgnasqret/codex-control/projects/euf-viper/runs/20260727T103600Z-phase-braid-qg7-8233420/target/release/euf-viper"",""fabric-solve"",""--engine"",""quotient-portfolio"",""/net/scratch/hscra/plgrid/plgnasqret/codex-control/projects/euf-viper/corpora/9b39c70a794d52277a4e5d83731f0ebc50a2f3b804eb1dfc8cf32766a5ebeadc/smtlib-2025/QF_UF/QF_UF/QG-classification/qg7/iso_icl_nogen002.smt2""]"
112,3,7310,QF_UF/QG-classification/qg7/iso_icl_nogen002.smt2,05295ac0b0b9d7757b3c2b68184ab0504fc90d56582fb97cc891b8a990bf23ac,6013089,unsat,1,williams_first_order_carryover,6ad653227c3c19559c94ff26e7c6827f5db285b786b909d8b494bd463f6fcf84,0,0,0,0,4,4,braid-1000,braid-1000,"[""baseline"",""braid-0"",""braid-10000"",""braid-10"",""braid-1000"",""braid-100""]",parser_inclusive_subprocess_wall_clock,1,unsat,0.317352828,0,0,0,,,"unsat
",,"[""/net/scratch/hscra/plgrid/plgnasqret/codex-control/projects/euf-viper/runs/20260727T103600Z-phase-braid-qg7-8233420/target/release/euf-viper"",""fabric-solve"",""--engine"",""quotient-portfolio"",""/net/scratch/hscra/plgrid/plgnasqret/codex-control/projects/euf-viper/corpora/9b39c70a794d52277a4e5d83731f0ebc50a2f3b804eb1dfc8cf32766a5ebeadc/smtlib-2025/QF_UF/QF_UF/QG-classification/qg7/iso_icl_nogen002.smt2""]"
113,3,7310,QF_UF/QG-classification/qg7/iso_icl_nogen002.smt2,05295ac0b0b9d7757b3c2b68184ab0504fc90d56582fb97cc891b8a990bf23ac,6013089,unsat,1,williams_first_order_carryover,6ad653227c3c19559c94ff26e7c6827f5db285b786b909d8b494bd463f6fcf84,0,0,0,0,5,5,braid-100,braid-100,"[""baseline"",""braid-0"",""braid-10000"",""braid-10"",""braid-1000"",""braid-100""]",parser_inclusive_subprocess_wall_clock,1,unsat,0.315107773,0,0,0,,,"unsat
",,"[""/net/scratch/hscra/plgrid/plgnasqret/codex-control/projects/euf-viper/runs/20260727T103600Z-phase-braid-qg7-8233420/target/release/euf-viper"",""fabric-solve"",""--engine"",""quotient-portfolio"",""/net/scratch/hscra/plgrid/plgnasqret/codex-control/projects/euf-viper/corpora/9b39c70a794d52277a4e5d83731f0ebc50a2f3b804eb1dfc8cf32766a5ebeadc/smtlib-2025/QF_UF/QF_UF/QG-classification/qg7/iso_icl_nogen002.smt2""]"
114,3,7310,QF_UF/QG-classification/qg7/iso_icl_nogen002.smt2,05295ac0b0b9d7757b3c2b68184ab0504fc90d56582fb97cc891b8a990bf23ac,6013089,unsat,1,williams_first_order_carryover,6ad653227c3c19559c94ff26e7c6827f5db285b786b909d8b494bd463f6fcf84,1,1,0,1,0,0,braid-0,braid-0,"[""braid-0"",""braid-10"",""baseline"",""braid-100"",""braid-10000"",""braid-1000""]",parser_inclusive_subprocess_wall_clock,1,unsat,0.314153347,0,0,0,,,"unsat
",,"[""/net/scratch/hscra/plgrid/plgnasqret/codex-control/projects/euf-viper/runs/20260727T103600Z-phase-braid-qg7-8233420/target/release/euf-viper"",""fabric-solve"",""--engine"",""quotient-portfolio"",""/net/scratch/hscra/plgrid/plgnasqret/codex-control/projects/euf-viper/corpora/9b39c70a794d52277a4e5d83731f0ebc50a2f3b804eb1dfc8cf32766a5ebeadc/smtlib-2025/QF_UF/QF_UF/QG-classification/qg7/iso_icl_nogen002.smt2""]"
115,3,7310,QF_UF/QG-classification/qg7/iso_icl_nogen002.smt2,05295ac0b0b9d7757b3c2b68184ab0504fc90d56582fb97cc891b8a990bf23ac,6013089,unsat,1,williams_first_order_carryover,6ad653227c3c19559c94ff26e7c6827f5db285b786b909d8b494bd463f6fcf84,1,1,0,1,1,1,braid-10,braid-10,"[""braid-0"",""braid-10"",""baseline"",""braid-100"",""braid-10000"",""braid-1000""]",parser_inclusive_subprocess_wall_clock,1,unsat,0.316463587,0,0,0,,,"unsat
",,"[""/net/scratch/hscra/plgrid/plgnasqret/codex-control/projects/euf-viper/runs/20260727T103600Z-phase-braid-qg7-8233420/target/release/euf-viper"",""fabric-solve"",""--engine"",""quotient-portfolio"",""/net/scratch/hscra/plgrid/plgnasqret/codex-control/projects/euf-viper/corpora/9b39c70a794d52277a4e5d83731f0ebc50a2f3b804eb1dfc8cf32766a5ebeadc/smtlib-2025/QF_UF/QF_UF/QG-classification/qg7/iso_icl_nogen002.smt2""]"
116,3,7310,QF_UF/QG-classification/qg7/iso_icl_nogen002.smt2,05295ac0b0b9d7757b3c2b68184ab0504fc90d56582fb97cc891b8a990bf23ac,6013089,unsat,1,williams_first_order_carryover,6ad653227c3c19559c94ff26e7c6827f5db285b786b909d8b494bd463f6fcf84,1,1,0,1,2,2,baseline,baseline,"[""braid-0"",""braid-10"",""baseline"",""braid-100"",""braid-10000"",""braid-1000""]",parser_inclusive_subprocess_wall_clock,1,unsat,0.316108843,0,0,0,,,"unsat
",,"[""/net/scratch/hscra/plgrid/plgnasqret/codex-control/projects/euf-viper/runs/20260727T103600Z-phase-braid-qg7-8233420/target/release/euf-viper"",""fabric-solve"",""--engine"",""quotient-portfolio"",""/net/scratch/hscra/plgrid/plgnasqret/codex-control/projects/euf-viper/corpora/9b39c70a794d52277a4e5d83731f0ebc50a2f3b804eb1dfc8cf32766a5ebeadc/smtlib-2025/QF_UF/QF_UF/QG-classification/qg7/iso_icl_nogen002.smt2""]"
117,3,7310,QF_UF/QG-classification/qg7/iso_icl_nogen002.smt2,05295ac0b0b9d7757b3c2b68184ab0504fc90d56582fb97cc891b8a990bf23ac,6013089,unsat,1,williams_first_order_carryover,6ad653227c3c19559c94ff26e7c6827f5db285b786b909d8b494bd463f6fcf84,1,1,0,1,3,3,braid-100,braid-100,"[""braid-0"",""braid-10"",""baseline"",""braid-100"",""braid-10000"",""braid-1000""]",parser_inclusive_subprocess_wall_clock,1,unsat,0.316829878,0,0,0,,,"unsat
",,"[""/net/scratch/hscra/plgrid/plgnasqret/codex-control/projects/euf-viper/runs/20260727T103600Z-phase-braid-qg7-8233420/target/release/euf-viper"",""fabric-solve"",""--engine"",""quotient-portfolio"",""/net/scratch/hscra/plgrid/plgnasqret/codex-control/projects/euf-viper/corpora/9b39c70a794d52277a4e5d83731f0ebc50a2f3b804eb1dfc8cf32766a5ebeadc/smtlib-2025/QF_UF/QF_UF/QG-classification/qg7/iso_icl_nogen002.smt2""]"
118,3,7310,QF_UF/QG-classification/qg7/iso_icl_nogen002.smt2,05295ac0b0b9d7757b3c2b68184ab0504fc90d56582fb97cc891b8a990bf23ac,6013089,unsat,1,williams_first_order_carryover,6ad653227c3c19559c94ff26e7c6827f5db285b786b909d8b494bd463f6fcf84,1,1,0,1,4,4,braid-10000,braid-10000,"[""braid-0"",""braid-10"",""baseline"",""braid-100"",""braid-10000"",""braid-1000""]",parser_inclusive_subprocess_wall_clock,1,unsat,0.316390220,0,0,0,,,"unsat
",,"[""/net/scratch/hscra/plgrid/plgnasqret/codex-control/projects/euf-viper/runs/20260727T103600Z-phase-braid-qg7-8233420/target/release/euf-viper"",""fabric-solve"",""--engine"",""quotient-portfolio"",""/net/scratch/hscra/plgrid/plgnasqret/codex-control/projects/euf-viper/corpora/9b39c70a794d52277a4e5d83731f0ebc50a2f3b804eb1dfc8cf32766a5ebeadc/smtlib-2025/QF_UF/QF_UF/QG-classification/qg7/iso_icl_nogen002.smt2""]"
119,3,7310,QF_UF/QG-classification/qg7/iso_icl_nogen002.smt2,05295ac0b0b9d7757b3c2b68184ab0504fc90d56582fb97cc891b8a990bf23ac,6013089,unsat,1,williams_first_order_carryover,6ad653227c3c19559c94ff26e7c6827f5db285b786b909d8b494bd463f6fcf84,1,1,0,1,5,5,braid-1000,braid-1000,"[""braid-0"",""braid-10"",""baseline"",""braid-100"",""braid-10000"",""braid-1000""]",parser_inclusive_subprocess_wall_clock,1,unsat,0.317761768,0,0,0,,,"unsat
",,"[""/net/scratch/hscra/plgrid/plgnasqret/codex-control/projects/euf-viper/runs/20260727T103600Z-phase-braid-qg7-8233420/target/release/euf-viper"",""fabric-solve"",""--engine"",""quotient-portfolio"",""/net/scratch/hscra/plgrid/plgnasqret/codex-control/projects/euf-viper/corpora/9b39c70a794d52277a4e5d83731f0ebc50a2f3b804eb1dfc8cf32766a5ebeadc/smtlib-2025/QF_UF/QF_UF/QG-classification/qg7/iso_icl_nogen002.smt2""]"
120,3,7310,QF_UF/QG-classification/qg7/iso_icl_nogen002.smt2,05295ac0b0b9d7757b3c2b68184ab0504fc90d56582fb97cc891b8a990bf23ac,6013089,unsat,1,williams_first_order_carryover,6ad653227c3c19559c94ff26e7c6827f5db285b786b909d8b494bd463f6fcf84,2,2,0,2,0,0,braid-10,braid-10,"[""braid-10"",""braid-100"",""braid-0"",""braid-1000"",""baseline"",""braid-10000""]",parser_inclusive_subprocess_wall_clock,1,unsat,0.319092501,0,0,0,,,"unsat
",,"[""/net/scratch/hscra/plgrid/plgnasqret/codex-control/projects/euf-viper/runs/20260727T103600Z-phase-braid-qg7-8233420/target/release/euf-viper"",""fabric-solve"",""--engine"",""quotient-portfolio"",""/net/scratch/hscra/plgrid/plgnasqret/codex-control/projects/euf-viper/corpora/9b39c70a794d52277a4e5d83731f0ebc50a2f3b804eb1dfc8cf32766a5ebeadc/smtlib-2025/QF_UF/QF_UF/QG-classification/qg7/iso_icl_nogen002.smt2""]"
121,3,7310,QF_UF/QG-classification/qg7/iso_icl_nogen002.smt2,05295ac0b0b9d7757b3c2b68184ab0504fc90d56582fb97cc891b8a990bf23ac,6013089,unsat,1,williams_first_order_carryover,6ad653227c3c19559c94ff26e7c6827f5db285b786b909d8b494bd463f6fcf84,2,2,0,2,1,1,braid-100,braid-100,"[""braid-10"",""braid-100"",""braid-0"",""braid-1000"",""baseline"",""braid-10000""]",parser_inclusive_subprocess_wall_clock,1,unsat,0.319870848,0,0,0,,,"unsat
",,"[""/net/scratch/hscra/plgrid/plgnasqret/codex-control/projects/euf-viper/runs/20260727T103600Z-phase-braid-qg7-8233420/target/release/euf-viper"",""fabric-solve"",""--engine"",""quotient-portfolio"",""/net/scratch/hscra/plgrid/plgnasqret/codex-control/projects/euf-viper/corpora/9b39c70a794d52277a4e5d83731f0ebc50a2f3b804eb1dfc8cf32766a5ebeadc/smtlib-2025/QF_UF/QF_UF/QG-classification/qg7/iso_icl_nogen002.smt2""]"
122,3,7310,QF_UF/QG-classification/qg7/iso_icl_nogen002.smt2,05295ac0b0b9d7757b3c2b68184ab0504fc90d56582fb97cc891b8a990bf23ac,6013089,unsat,1,williams_first_order_carryover,6ad653227c3c19559c94ff26e7c6827f5db285b786b909d8b494bd463f6fcf84,2,2,0,2,2,2,braid-0,braid-0,"[""braid-10"",""braid-100"",""braid-0"",""braid-1000"",""baseline"",""braid-10000""]",parser_inclusive_subprocess_wall_clock,1,unsat,0.343115763,0,0,0,,,"unsat
",,"[""/net/scratch/hscra/plgrid/plgnasqret/codex-control/projects/euf-viper/runs/20260727T103600Z-phase-braid-qg7-8233420/target/release/euf-viper"",""fabric-solve"",""--engine"",""quotient-portfolio"",""/net/scratch/hscra/plgrid/plgnasqret/codex-control/projects/euf-viper/corpora/9b39c70a794d52277a4e5d83731f0ebc50a2f3b804eb1dfc8cf32766a5ebeadc/smtlib-2025/QF_UF/QF_UF/QG-classification/qg7/iso_icl_nogen002.smt2""]"
123,3,7310,QF_UF/QG-classification/qg7/iso_icl_nogen002.smt2,05295ac0b0b9d7757b3c2b68184ab0504fc90d56582fb97cc891b8a990bf23ac,6013089,unsat,1,williams_first_order_carryover,6ad653227c3c19559c94ff26e7c6827f5db285b786b909d8b494bd463f6fcf84,2,2,0,2,3,3,braid-1000,braid-1000,"[""braid-10"",""braid-100"",""braid-0"",""braid-1000"",""baseline"",""braid-10000""]",parser_inclusive_subprocess_wall_clock,1,unsat,0.348854677,0,0,0,,,"unsat
",,"[""/net/scratch/hscra/plgrid/plgnasqret/codex-control/projects/euf-viper/runs/20260727T103600Z-phase-braid-qg7-8233420/target/release/euf-viper"",""fabric-solve"",""--engine"",""quotient-portfolio"",""/net/scratch/hscra/plgrid/plgnasqret/codex-control/projects/euf-viper/corpora/9b39c70a794d52277a4e5d83731f0ebc50a2f3b804eb1dfc8cf32766a5ebeadc/smtlib-2025/QF_UF/QF_UF/QG-classification/qg7/iso_icl_nogen002.smt2""]"
124,3,7310,QF_UF/QG-classification/qg7/iso_icl_nogen002.smt2,05295ac0b0b9d7757b3c2b68184ab0504fc90d56582fb97cc891b8a990bf23ac,6013089,unsat,1,williams_first_order_carryover,6ad653227c3c19559c94ff26e7c6827f5db285b786b909d8b494bd463f6fcf84,2,2,0,2,4,4,baseline,baseline,"[""braid-10"",""braid-100"",""braid-0"",""braid-1000"",""baseline"",""braid-10000""]",parser_inclusive_subprocess_wall_clock,1,unsat,0.365639143,0,0,0,,,"unsat
",,"[""/net/scratch/hscra/plgrid/plgnasqret/codex-control/projects/euf-viper/runs/20260727T103600Z-phase-braid-qg7-8233420/target/release/euf-viper"",""fabric-solve"",""--engine"",""quotient-portfolio"",""/net/scratch/hscra/plgrid/plgnasqret/codex-control/projects/euf-viper/corpora/9b39c70a794d52277a4e5d83731f0ebc50a2f3b804eb1dfc8cf32766a5ebeadc/smtlib-2025/QF_UF/QF_UF/QG-classification/qg7/iso_icl_nogen002.smt2""]"
125,3,7310,QF_UF/QG-classification/qg7/iso_icl_nogen002.smt2,05295ac0b0b9d7757b3c2b68184ab0504fc90d56582fb97cc891b8a990bf23ac,6013089,unsat,1,williams_first_order_carryover,6ad653227c3c19559c94ff26e7c6827f5db285b786b909d8b494bd463f6fcf84,2,2,0,2,5,5,braid-10000,braid-10000,"[""braid-10"",""braid-100"",""braid-0"",""braid-1000"",""baseline"",""braid-10000""]",parser_inclusive_subprocess_wall_clock,1,unsat,0.356098646,0,0,0,,,"unsat
",,"[""/net/scratch/hscra/plgrid/plgnasqret/codex-control/projects/euf-viper/runs/20260727T103600Z-phase-braid-qg7-8233420/target/release/euf-viper"",""fabric-solve"",""--engine"",""quotient-portfolio"",""/net/scratch/hscra/plgrid/plgnasqret/codex-control/projects/euf-viper/corpora/9b39c70a794d52277a4e5d83731f0ebc50a2f3b804eb1dfc8cf32766a5ebeadc/smtlib-2025/QF_UF/QF_UF/QG-classification/qg7/iso_icl_nogen002.smt2""]"
126,3,7310,QF_UF/QG-classification/qg7/iso_icl_nogen002.smt2,05295ac0b0b9d7757b3c2b68184ab0504fc90d56582fb97cc891b8a990bf23ac,6013089,unsat,1,williams_first_order_carryover,6ad653227c3c19559c94ff26e7c6827f5db285b786b909d8b494bd463f6fcf84,3,3,0,3,0,0,braid-100,braid-100,"[""braid-100"",""braid-1000"",""braid-10"",""braid-10000"",""braid-0"",""baseline""]",parser_inclusive_subprocess_wall_clock,1,unsat,0.370756556,0,0,0,,,"unsat
",,"[""/net/scratch/hscra/plgrid/plgnasqret/codex-control/projects/euf-viper/runs/20260727T103600Z-phase-braid-qg7-8233420/target/release/euf-viper"",""fabric-solve"",""--engine"",""quotient-portfolio"",""/net/scratch/hscra/plgrid/plgnasqret/codex-control/projects/euf-viper/corpora/9b39c70a794d52277a4e5d83731f0ebc50a2f3b804eb1dfc8cf32766a5ebeadc/smtlib-2025/QF_UF/QF_UF/QG-classification/qg7/iso_icl_nogen002.smt2""]"
127,3,7310,QF_UF/QG-classification/qg7/iso_icl_nogen002.smt2,05295ac0b0b9d7757b3c2b68184ab0504fc90d56582fb97cc891b8a990bf23ac,6013089,unsat,1,williams_first_order_carryover,6ad653227c3c19559c94ff26e7c6827f5db285b786b909d8b494bd463f6fcf84,3,3,0,3,1,1,braid-1000,braid-1000,"[""braid-100"",""braid-1000"",""braid-10"",""braid-10000"",""braid-0"",""baseline""]",parser_inclusive_subprocess_wall_clock,1,unsat,0.375184348,0,0,0,,,"unsat
",,"[""/net/scratch/hscra/plgrid/plgnasqret/codex-control/projects/euf-viper/runs/20260727T103600Z-phase-braid-qg7-8233420/target/release/euf-viper"",""fabric-solve"",""--engine"",""quotient-portfolio"",""/net/scratch/hscra/plgrid/plgnasqret/codex-control/projects/euf-viper/corpora/9b39c70a794d52277a4e5d83731f0ebc50a2f3b804eb1dfc8cf32766a5ebeadc/smtlib-2025/QF_UF/QF_UF/QG-classification/qg7/iso_icl_nogen002.smt2""]"
128,3,7310,QF_UF/QG-classification/qg7/iso_icl_nogen002.smt2,05295ac0b0b9d7757b3c2b68184ab0504fc90d56582fb97cc891b8a990bf23ac,6013089,unsat,1,williams_first_order_carryover,6ad653227c3c19559c94ff26e7c6827f5db285b786b909d8b494bd463f6fcf84,3,3,0,3,2,2,braid-10,braid-10,"[""braid-100"",""braid-1000"",""braid-10"",""braid-10000"",""braid-0"",""baseline""]",parser_inclusive_subprocess_wall_clock,1,unsat,0.390526302,0,0,0,,,"unsat
",,"[""/net/scratch/hscra/plgrid/plgnasqret/codex-control/projects/euf-viper/runs/20260727T103600Z-phase-braid-qg7-8233420/target/release/euf-viper"",""fabric-solve"",""--engine"",""quotient-portfolio"",""/net/scratch/hscra/plgrid/plgnasqret/codex-control/projects/euf-viper/corpora/9b39c70a794d52277a4e5d83731f0ebc50a2f3b804eb1dfc8cf32766a5ebeadc/smtlib-2025/QF_UF/QF_UF/QG-classification/qg7/iso_icl_nogen002.smt2""]"
129,3,7310,QF_UF/QG-classification/qg7/iso_icl_nogen002.smt2,05295ac0b0b9d7757b3c2b68184ab0504fc90d56582fb97cc891b8a990bf23ac,6013089,unsat,1,williams_first_order_carryover,6ad653227c3c19559c94ff26e7c6827f5db285b786b909d8b494bd463f6fcf84,3,3,0,3,3,3,braid-10000,braid-10000,"[""braid-100"",""braid-1000"",""braid-10"",""braid-10000"",""braid-0"",""baseline""]",parser_inclusive_subprocess_wall_clock,1,unsat,0.328455585,0,0,0,,,"unsat
",,"[""/net/scratch/hscra/plgrid/plgnasqret/codex-control/projects/euf-viper/runs/20260727T103600Z-phase-braid-qg7-8233420/target/release/euf-viper"",""fabric-solve"",""--engine"",""quotient-portfolio"",""/net/scratch/hscra/plgrid/plgnasqret/codex-control/projects/euf-viper/corpora/9b39c70a794d52277a4e5d83731f0ebc50a2f3b804eb1dfc8cf32766a5ebeadc/smtlib-2025/QF_UF/QF_UF/QG-classification/qg7/iso_icl_nogen002.smt2""]"
130,3,7310,QF_UF/QG-classification/qg7/iso_icl_nogen002.smt2,05295ac0b0b9d7757b3c2b68184ab0504fc90d56582fb97cc891b8a990bf23ac,6013089,unsat,1,williams_first_order_carryover,6ad653227c3c19559c94ff26e7c6827f5db285b786b909d8b494bd463f6fcf84,3,3,0,3,4,4,braid-0,braid-0,"[""braid-100"",""braid-1000"",""braid-10"",""braid-10000"",""braid-0"",""baseline""]",parser_inclusive_subprocess_wall_clock,1,unsat,0.320954292,0,0,0,,,"unsat
",,"[""/net/scratch/hscra/plgrid/plgnasqret/codex-control/projects/euf-viper/runs/20260727T103600Z-phase-braid-qg7-8233420/target/release/euf-viper"",""fabric-solve"",""--engine"",""quotient-portfolio"",""/net/scratch/hscra/plgrid/plgnasqret/codex-control/projects/euf-viper/corpora/9b39c70a794d52277a4e5d83731f0ebc50a2f3b804eb1dfc8cf32766a5ebeadc/smtlib-2025/QF_UF/QF_UF/QG-classification/qg7/iso_icl_nogen002.smt2""]"
131,3,7310,QF_UF/QG-classification/qg7/iso_icl_nogen002.smt2,05295ac0b0b9d7757b3c2b68184ab0504fc90d56582fb97cc891b8a990bf23ac,6013089,unsat,1,williams_first_order_carryover,6ad653227c3c19559c94ff26e7c6827f5db285b786b909d8b494bd463f6fcf84,3,3,0,3,5,5,baseline,baseline,"[""braid-100"",""braid-1000"",""braid-10"",""braid-10000"",""braid-0"",""baseline""]",parser_inclusive_subprocess_wall_clock,1,unsat,0.335459419,0,0,0,,,"unsat
",,"[""/net/scratch/hscra/plgrid/plgnasqret/codex-control/projects/euf-viper/runs/20260727T103600Z-phase-braid-qg7-8233420/target/release/euf-viper"",""fabric-solve"",""--engine"",""quotient-portfolio"",""/net/scratch/hscra/plgrid/plgnasqret/codex-control/projects/euf-viper/corpora/9b39c70a794d52277a4e5d83731f0ebc50a2f3b804eb1dfc8cf32766a5ebeadc/smtlib-2025/QF_UF/QF_UF/QG-classification/qg7/iso_icl_nogen002.smt2""]"
132,3,7310,QF_UF/QG-classification/qg7/iso_icl_nogen002.smt2,05295ac0b0b9d7757b3c2b68184ab0504fc90d56582fb97cc891b8a990bf23ac,6013089,unsat,1,williams_first_order_carryover,6ad653227c3c19559c94ff26e7c6827f5db285b786b909d8b494bd463f6fcf84,4,4,0,4,0,0,braid-1000,braid-1000,"[""braid-1000"",""braid-10000"",""braid-100"",""baseline"",""braid-10"",""braid-0""]",parser_inclusive_subprocess_wall_clock,1,unsat,0.348519590,0,0,0,,,"unsat
",,"[""/net/scratch/hscra/plgrid/plgnasqret/codex-control/projects/euf-viper/runs/20260727T103600Z-phase-braid-qg7-8233420/target/release/euf-viper"",""fabric-solve"",""--engine"",""quotient-portfolio"",""/net/scratch/hscra/plgrid/plgnasqret/codex-control/projects/euf-viper/corpora/9b39c70a794d52277a4e5d83731f0ebc50a2f3b804eb1dfc8cf32766a5ebeadc/smtlib-2025/QF_UF/QF_UF/QG-classification/qg7/iso_icl_nogen002.smt2""]"
133,3,7310,QF_UF/QG-classification/qg7/iso_icl_nogen002.smt2,05295ac0b0b9d7757b3c2b68184ab0504fc90d56582fb97cc891b8a990bf23ac,6013089,unsat,1,williams_first_order_carryover,6ad653227c3c19559c94ff26e7c6827f5db285b786b909d8b494bd463f6fcf84,4,4,0,4,1,1,braid-10000,braid-10000,"[""braid-1000"",""braid-10000"",""braid-100"",""baseline"",""braid-10"",""braid-0""]",parser_inclusive_subprocess_wall_clock,1,unsat,0.360446942,0,0,0,,,"unsat
",,"[""/net/scratch/hscra/plgrid/plgnasqret/codex-control/projects/euf-viper/runs/20260727T103600Z-phase-braid-qg7-8233420/target/release/euf-viper"",""fabric-solve"",""--engine"",""quotient-portfolio"",""/net/scratch/hscra/plgrid/plgnasqret/codex-control/projects/euf-viper/corpora/9b39c70a794d52277a4e5d83731f0ebc50a2f3b804eb1dfc8cf32766a5ebeadc/smtlib-2025/QF_UF/QF_UF/QG-classification/qg7/iso_icl_nogen002.smt2""]"
134,3,7310,QF_UF/QG-classification/qg7/iso_icl_nogen002.smt2,05295ac0b0b9d7757b3c2b68184ab0504fc90d56582fb97cc891b8a990bf23ac,6013089,unsat,1,williams_first_order_carryover,6ad653227c3c19559c94ff26e7c6827f5db285b786b909d8b494bd463f6fcf84,4,4,0,4,2,2,braid-100,braid-100,"[""braid-1000"",""braid-10000"",""braid-100"",""baseline"",""braid-10"",""braid-0""]",parser_inclusive_subprocess_wall_clock,1,unsat,0.371216306,0,0,0,,,"unsat
",,"[""/net/scratch/hscra/plgrid/plgnasqret/codex-control/projects/euf-viper/runs/20260727T103600Z-phase-braid-qg7-8233420/target/release/euf-viper"",""fabric-solve"",""--engine"",""quotient-portfolio"",""/net/scratch/hscra/plgrid/plgnasqret/codex-control/projects/euf-viper/corpora/9b39c70a794d52277a4e5d83731f0ebc50a2f3b804eb1dfc8cf32766a5ebeadc/smtlib-2025/QF_UF/QF_UF/QG-classification/qg7/iso_icl_nogen002.smt2""]"
135,3,7310,QF_UF/QG-classification/qg7/iso_icl_nogen002.smt2,05295ac0b0b9d7757b3c2b68184ab0504fc90d56582fb97cc891b8a990bf23ac,6013089,unsat,1,williams_first_order_carryover,6ad653227c3c19559c94ff26e7c6827f5db285b786b909d8b494bd463f6fcf84,4,4,0,4,3,3,baseline,baseline,"[""braid-1000"",""braid-10000"",""braid-100"",""baseline"",""braid-10"",""braid-0""]",parser_inclusive_subprocess_wall_clock,1,unsat,0.373222842,0,0,0,,,"unsat
",,"[""/net/scratch/hscra/plgrid/plgnasqret/codex-control/projects/euf-viper/runs/20260727T103600Z-phase-braid-qg7-8233420/target/release/euf-viper"",""fabric-solve"",""--engine"",""quotient-portfolio"",""/net/scratch/hscra/plgrid/plgnasqret/codex-control/projects/euf-viper/corpora/9b39c70a794d52277a4e5d83731f0ebc50a2f3b804eb1dfc8cf32766a5ebeadc/smtlib-2025/QF_UF/QF_UF/QG-classification/qg7/iso_icl_nogen002.smt2""]"
136,3,7310,QF_UF/QG-classification/qg7/iso_icl_nogen002.smt2,05295ac0b0b9d7757b3c2b68184ab0504fc90d56582fb97cc891b8a990bf23ac,6013089,unsat,1,williams_first_order_carryover,6ad653227c3c19559c94ff26e7c6827f5db285b786b909d8b494bd463f6fcf84,4,4,0,4,4,4,braid-10,braid-10,"[""braid-1000"",""braid-10000"",""braid-100"",""baseline"",""braid-10"",""braid-0""]",parser_inclusive_subprocess_wall_clock,1,unsat,0.381133706,0,0,0,,,"unsat
",,"[""/net/scratch/hscra/plgrid/plgnasqret/codex-control/projects/euf-viper/runs/20260727T103600Z-phase-braid-qg7-8233420/target/release/euf-viper"",""fabric-solve"",""--engine"",""quotient-portfolio"",""/net/scratch/hscra/plgrid/plgnasqret/codex-control/projects/euf-viper/corpora/9b39c70a794d52277a4e5d83731f0ebc50a2f3b804eb1dfc8cf32766a5ebeadc/smtlib-2025/QF_UF/QF_UF/QG-classification/qg7/iso_icl_nogen002.smt2""]"
137,3,7310,QF_UF/QG-classification/qg7/iso_icl_nogen002.smt2,05295ac0b0b9d7757b3c2b68184ab0504fc90d56582fb97cc891b8a990bf23ac,6013089,unsat,1,williams_first_order_carryover,6ad653227c3c19559c94ff26e7c6827f5db285b786b909d8b494bd463f6fcf84,4,4,0,4,5,5,braid-0,braid-0,"[""braid-1000"",""braid-10000"",""braid-100"",""baseline"",""braid-10"",""braid-0""]",parser_inclusive_subprocess_wall_clock,1,unsat,0.370706546,0,0,0,,,"unsat
",,"[""/net/scratch/hscra/plgrid/plgnasqret/codex-control/projects/euf-viper/runs/20260727T103600Z-phase-braid-qg7-8233420/target/release/euf-viper"",""fabric-solve"",""--engine"",""quotient-portfolio"",""/net/scratch/hscra/plgrid/plgnasqret/codex-control/projects/euf-viper/corpora/9b39c70a794d52277a4e5d83731f0ebc50a2f3b804eb1dfc8cf32766a5ebeadc/smtlib-2025/QF_UF/QF_UF/QG-classification/qg7/iso_icl_nogen002.smt2""]"
138,3,7310,QF_UF/QG-classification/qg7/iso_icl_nogen002.smt2,05295ac0b0b9d7757b3c2b68184ab0504fc90d56582fb97cc891b8a990bf23ac,6013089,unsat,1,williams_first_order_carryover,6ad653227c3c19559c94ff26e7c6827f5db285b786b909d8b494bd463f6fcf84,5,5,0,5,0,0,braid-10000,braid-10000,"[""braid-10000"",""baseline"",""braid-1000"",""braid-0"",""braid-100"",""braid-10""]",parser_inclusive_subprocess_wall_clock,1,unsat,0.332234567,0,0,0,,,"unsat
",,"[""/net/scratch/hscra/plgrid/plgnasqret/codex-control/projects/euf-viper/runs/20260727T103600Z-phase-braid-qg7-8233420/target/release/euf-viper"",""fabric-solve"",""--engine"",""quotient-portfolio"",""/net/scratch/hscra/plgrid/plgnasqret/codex-control/projects/euf-viper/corpora/9b39c70a794d52277a4e5d83731f0ebc50a2f3b804eb1dfc8cf32766a5ebeadc/smtlib-2025/QF_UF/QF_UF/QG-classification/qg7/iso_icl_nogen002.smt2""]"
139,3,7310,QF_UF/QG-classification/qg7/iso_icl_nogen002.smt2,05295ac0b0b9d7757b3c2b68184ab0504fc90d56582fb97cc891b8a990bf23ac,6013089,unsat,1,williams_first_order_carryover,6ad653227c3c19559c94ff26e7c6827f5db285b786b909d8b494bd463f6fcf84,5,5,0,5,1,1,baseline,baseline,"[""braid-10000"",""baseline"",""braid-1000"",""braid-0"",""braid-100"",""braid-10""]",parser_inclusive_subprocess_wall_clock,1,unsat,0.323991416,0,0,0,,,"unsat
",,"[""/net/scratch/hscra/plgrid/plgnasqret/codex-control/projects/euf-viper/runs/20260727T103600Z-phase-braid-qg7-8233420/target/release/euf-viper"",""fabric-solve"",""--engine"",""quotient-portfolio"",""/net/scratch/hscra/plgrid/plgnasqret/codex-control/projects/euf-viper/corpora/9b39c70a794d52277a4e5d83731f0ebc50a2f3b804eb1dfc8cf32766a5ebeadc/smtlib-2025/QF_UF/QF_UF/QG-classification/qg7/iso_icl_nogen002.smt2""]"
140,3,7310,QF_UF/QG-classification/qg7/iso_icl_nogen002.smt2,05295ac0b0b9d7757b3c2b68184ab0504fc90d56582fb97cc891b8a990bf23ac,6013089,unsat,1,williams_first_order_carryover,6ad653227c3c19559c94ff26e7c6827f5db285b786b909d8b494bd463f6fcf84,5,5,0,5,2,2,braid-1000,braid-1000,"[""braid-10000"",""baseline"",""braid-1000"",""braid-0"",""braid-100"",""braid-10""]",parser_inclusive_subprocess_wall_clock,1,unsat,0.315891502,0,0,0,,,"unsat
",,"[""/net/scratch/hscra/plgrid/plgnasqret/codex-control/projects/euf-viper/runs/20260727T103600Z-phase-braid-qg7-8233420/target/release/euf-viper"",""fabric-solve"",""--engine"",""quotient-portfolio"",""/net/scratch/hscra/plgrid/plgnasqret/codex-control/projects/euf-viper/corpora/9b39c70a794d52277a4e5d83731f0ebc50a2f3b804eb1dfc8cf32766a5ebeadc/smtlib-2025/QF_UF/QF_UF/QG-classification/qg7/iso_icl_nogen002.smt2""]"
141,3,7310,QF_UF/QG-classification/qg7/iso_icl_nogen002.smt2,05295ac0b0b9d7757b3c2b68184ab0504fc90d56582fb97cc891b8a990bf23ac,6013089,unsat,1,williams_first_order_carryover,6ad653227c3c19559c94ff26e7c6827f5db285b786b909d8b494bd463f6fcf84,5,5,0,5,3,3,braid-0,braid-0,"[""braid-10000"",""baseline"",""braid-1000"",""braid-0"",""braid-100"",""braid-10""]",parser_inclusive_subprocess_wall_clock,1,unsat,0.315326074,0,0,0,,,"unsat
",,"[""/net/scratch/hscra/plgrid/plgnasqret/codex-control/projects/euf-viper/runs/20260727T103600Z-phase-braid-qg7-8233420/target/release/euf-viper"",""fabric-solve"",""--engine"",""quotient-portfolio"",""/net/scratch/hscra/plgrid/plgnasqret/codex-control/projects/euf-viper/corpora/9b39c70a794d52277a4e5d83731f0ebc50a2f3b804eb1dfc8cf32766a5ebeadc/smtlib-2025/QF_UF/QF_UF/QG-classification/qg7/iso_icl_nogen002.smt2""]"
142,3,7310,QF_UF/QG-classification/qg7/iso_icl_nogen002.smt2,05295ac0b0b9d7757b3c2b68184ab0504fc90d56582fb97cc891b8a990bf23ac,6013089,unsat,1,williams_first_order_carryover,6ad653227c3c19559c94ff26e7c6827f5db285b786b909d8b494bd463f6fcf84,5,5,0,5,4,4,braid-100,braid-100,"[""braid-10000"",""baseline"",""braid-1000"",""braid-0"",""braid-100"",""braid-10""]",parser_inclusive_subprocess_wall_clock,1,unsat,0.313617471,0,0,0,,,"unsat
",,"[""/net/scratch/hscra/plgrid/plgnasqret/codex-control/projects/euf-viper/runs/20260727T103600Z-phase-braid-qg7-8233420/target/release/euf-viper"",""fabric-solve"",""--engine"",""quotient-portfolio"",""/net/scratch/hscra/plgrid/plgnasqret/codex-control/projects/euf-viper/corpora/9b39c70a794d52277a4e5d83731f0ebc50a2f3b804eb1dfc8cf32766a5ebeadc/smtlib-2025/QF_UF/QF_UF/QG-classification/qg7/iso_icl_nogen002.smt2""]"
143,3,7310,QF_UF/QG-classification/qg7/iso_icl_nogen002.smt2,05295ac0b0b9d7757b3c2b68184ab0504fc90d56582fb97cc891b8a990bf23ac,6013089,unsat,1,williams_first_order_carryover,6ad653227c3c19559c94ff26e7c6827f5db285b786b909d8b494bd463f6fcf84,5,5,0,5,5,5,braid-10,braid-10,"[""braid-10000"",""baseline"",""braid-1000"",""braid-0"",""braid-100"",""braid-10""]",parser_inclusive_subprocess_wall_clock,1,unsat,0.319031879,0,0,0,,,"unsat
",,"[""/net/scratch/hscra/plgrid/plgnasqret/codex-control/projects/euf-viper/runs/20260727T103600Z-phase-braid-qg7-8233420/target/release/euf-viper"",""fabric-solve"",""--engine"",""quotient-portfolio"",""/net/scratch/hscra/plgrid/plgnasqret/codex-control/projects/euf-viper/corpora/9b39c70a794d52277a4e5d83731f0ebc50a2f3b804eb1dfc8cf32766a5ebeadc/smtlib-2025/QF_UF/QF_UF/QG-classification/qg7/iso_icl_nogen002.smt2""]"
