sequence,row_index,id,relative_path,source_sha256,source_size_bytes,expected_status,schedule_schema_version,schedule_design,schedule_sha256,repeat,schedule_row,complete_block,row_in_block,order_in_repeat,arm_position,label,arm,schedule_order_json,timing_scope,parser_inclusive,result,time_s,exit_code,process_returncode,timed_out,error_kind,error_detail,stdout,stderr,argv_json
0,0,6926,QF_UF/QG-classification/qg7/gensys_brn003.smt2,345e2584045272eaf7e139b7acf865475bf3a45100a2890217efae0d1977946b,808127,sat,1,williams_first_order_carryover,f142088f68ffae0501ab8de7e323efb430c2912e83fc68ef048bfb8276401870,0,0,0,0,0,0,baseline,baseline,"[""baseline"",""proof-seed-0"",""proof-seed-32"",""proof-seed-4"",""proof-seed-16"",""proof-seed-8""]",parser_inclusive_subprocess_wall_clock,1,sat,0.088700195,0,0,0,,,"sat
",,"[""/net/scratch/hscra/plgrid/plgnasqret/codex-control/projects/euf-viper/runs/20260727T113307Z-proof-seed-qg7-2d4a372/target/release/euf-viper"",""fabric-solve"",""--engine"",""quotient-portfolio"",""/net/scratch/hscra/plgrid/plgnasqret/codex-control/projects/euf-viper/corpora/9b39c70a794d52277a4e5d83731f0ebc50a2f3b804eb1dfc8cf32766a5ebeadc/smtlib-2025/QF_UF/QF_UF/QG-classification/qg7/gensys_brn003.smt2""]"
1,0,6926,QF_UF/QG-classification/qg7/gensys_brn003.smt2,345e2584045272eaf7e139b7acf865475bf3a45100a2890217efae0d1977946b,808127,sat,1,williams_first_order_carryover,f142088f68ffae0501ab8de7e323efb430c2912e83fc68ef048bfb8276401870,0,0,0,0,1,1,proof-seed-0,proof-seed-0,"[""baseline"",""proof-seed-0"",""proof-seed-32"",""proof-seed-4"",""proof-seed-16"",""proof-seed-8""]",parser_inclusive_subprocess_wall_clock,1,sat,0.112524761,0,0,0,,,"sat
",,"[""/net/scratch/hscra/plgrid/plgnasqret/codex-control/projects/euf-viper/runs/20260727T113307Z-proof-seed-qg7-2d4a372/target/release/euf-viper"",""fabric-solve"",""--engine"",""quotient-portfolio"",""/net/scratch/hscra/plgrid/plgnasqret/codex-control/projects/euf-viper/corpora/9b39c70a794d52277a4e5d83731f0ebc50a2f3b804eb1dfc8cf32766a5ebeadc/smtlib-2025/QF_UF/QF_UF/QG-classification/qg7/gensys_brn003.smt2""]"
2,0,6926,QF_UF/QG-classification/qg7/gensys_brn003.smt2,345e2584045272eaf7e139b7acf865475bf3a45100a2890217efae0d1977946b,808127,sat,1,williams_first_order_carryover,f142088f68ffae0501ab8de7e323efb430c2912e83fc68ef048bfb8276401870,0,0,0,0,2,2,proof-seed-32,proof-seed-32,"[""baseline"",""proof-seed-0"",""proof-seed-32"",""proof-seed-4"",""proof-seed-16"",""proof-seed-8""]",parser_inclusive_subprocess_wall_clock,1,sat,0.113677698,0,0,0,,,"sat
",,"[""/net/scratch/hscra/plgrid/plgnasqret/codex-control/projects/euf-viper/runs/20260727T113307Z-proof-seed-qg7-2d4a372/target/release/euf-viper"",""fabric-solve"",""--engine"",""quotient-portfolio"",""/net/scratch/hscra/plgrid/plgnasqret/codex-control/projects/euf-viper/corpora/9b39c70a794d52277a4e5d83731f0ebc50a2f3b804eb1dfc8cf32766a5ebeadc/smtlib-2025/QF_UF/QF_UF/QG-classification/qg7/gensys_brn003.smt2""]"
3,0,6926,QF_UF/QG-classification/qg7/gensys_brn003.smt2,345e2584045272eaf7e139b7acf865475bf3a45100a2890217efae0d1977946b,808127,sat,1,williams_first_order_carryover,f142088f68ffae0501ab8de7e323efb430c2912e83fc68ef048bfb8276401870,0,0,0,0,3,3,proof-seed-4,proof-seed-4,"[""baseline"",""proof-seed-0"",""proof-seed-32"",""proof-seed-4"",""proof-seed-16"",""proof-seed-8""]",parser_inclusive_subprocess_wall_clock,1,sat,0.116621912,0,0,0,,,"sat
",,"[""/net/scratch/hscra/plgrid/plgnasqret/codex-control/projects/euf-viper/runs/20260727T113307Z-proof-seed-qg7-2d4a372/target/release/euf-viper"",""fabric-solve"",""--engine"",""quotient-portfolio"",""/net/scratch/hscra/plgrid/plgnasqret/codex-control/projects/euf-viper/corpora/9b39c70a794d52277a4e5d83731f0ebc50a2f3b804eb1dfc8cf32766a5ebeadc/smtlib-2025/QF_UF/QF_UF/QG-classification/qg7/gensys_brn003.smt2""]"
4,0,6926,QF_UF/QG-classification/qg7/gensys_brn003.smt2,345e2584045272eaf7e139b7acf865475bf3a45100a2890217efae0d1977946b,808127,sat,1,williams_first_order_carryover,f142088f68ffae0501ab8de7e323efb430c2912e83fc68ef048bfb8276401870,0,0,0,0,4,4,proof-seed-16,proof-seed-16,"[""baseline"",""proof-seed-0"",""proof-seed-32"",""proof-seed-4"",""proof-seed-16"",""proof-seed-8""]",parser_inclusive_subprocess_wall_clock,1,sat,0.111550448,0,0,0,,,"sat
",,"[""/net/scratch/hscra/plgrid/plgnasqret/codex-control/projects/euf-viper/runs/20260727T113307Z-proof-seed-qg7-2d4a372/target/release/euf-viper"",""fabric-solve"",""--engine"",""quotient-portfolio"",""/net/scratch/hscra/plgrid/plgnasqret/codex-control/projects/euf-viper/corpora/9b39c70a794d52277a4e5d83731f0ebc50a2f3b804eb1dfc8cf32766a5ebeadc/smtlib-2025/QF_UF/QF_UF/QG-classification/qg7/gensys_brn003.smt2""]"
5,0,6926,QF_UF/QG-classification/qg7/gensys_brn003.smt2,345e2584045272eaf7e139b7acf865475bf3a45100a2890217efae0d1977946b,808127,sat,1,williams_first_order_carryover,f142088f68ffae0501ab8de7e323efb430c2912e83fc68ef048bfb8276401870,0,0,0,0,5,5,proof-seed-8,proof-seed-8,"[""baseline"",""proof-seed-0"",""proof-seed-32"",""proof-seed-4"",""proof-seed-16"",""proof-seed-8""]",parser_inclusive_subprocess_wall_clock,1,sat,0.119193184,0,0,0,,,"sat
",,"[""/net/scratch/hscra/plgrid/plgnasqret/codex-control/projects/euf-viper/runs/20260727T113307Z-proof-seed-qg7-2d4a372/target/release/euf-viper"",""fabric-solve"",""--engine"",""quotient-portfolio"",""/net/scratch/hscra/plgrid/plgnasqret/codex-control/projects/euf-viper/corpora/9b39c70a794d52277a4e5d83731f0ebc50a2f3b804eb1dfc8cf32766a5ebeadc/smtlib-2025/QF_UF/QF_UF/QG-classification/qg7/gensys_brn003.smt2""]"
6,0,6926,QF_UF/QG-classification/qg7/gensys_brn003.smt2,345e2584045272eaf7e139b7acf865475bf3a45100a2890217efae0d1977946b,808127,sat,1,williams_first_order_carryover,f142088f68ffae0501ab8de7e323efb430c2912e83fc68ef048bfb8276401870,1,1,0,1,0,0,proof-seed-0,proof-seed-0,"[""proof-seed-0"",""proof-seed-4"",""baseline"",""proof-seed-8"",""proof-seed-32"",""proof-seed-16""]",parser_inclusive_subprocess_wall_clock,1,sat,0.118231310,0,0,0,,,"sat
",,"[""/net/scratch/hscra/plgrid/plgnasqret/codex-control/projects/euf-viper/runs/20260727T113307Z-proof-seed-qg7-2d4a372/target/release/euf-viper"",""fabric-solve"",""--engine"",""quotient-portfolio"",""/net/scratch/hscra/plgrid/plgnasqret/codex-control/projects/euf-viper/corpora/9b39c70a794d52277a4e5d83731f0ebc50a2f3b804eb1dfc8cf32766a5ebeadc/smtlib-2025/QF_UF/QF_UF/QG-classification/qg7/gensys_brn003.smt2""]"
7,0,6926,QF_UF/QG-classification/qg7/gensys_brn003.smt2,345e2584045272eaf7e139b7acf865475bf3a45100a2890217efae0d1977946b,808127,sat,1,williams_first_order_carryover,f142088f68ffae0501ab8de7e323efb430c2912e83fc68ef048bfb8276401870,1,1,0,1,1,1,proof-seed-4,proof-seed-4,"[""proof-seed-0"",""proof-seed-4"",""baseline"",""proof-seed-8"",""proof-seed-32"",""proof-seed-16""]",parser_inclusive_subprocess_wall_clock,1,sat,0.118632345,0,0,0,,,"sat
",,"[""/net/scratch/hscra/plgrid/plgnasqret/codex-control/projects/euf-viper/runs/20260727T113307Z-proof-seed-qg7-2d4a372/target/release/euf-viper"",""fabric-solve"",""--engine"",""quotient-portfolio"",""/net/scratch/hscra/plgrid/plgnasqret/codex-control/projects/euf-viper/corpora/9b39c70a794d52277a4e5d83731f0ebc50a2f3b804eb1dfc8cf32766a5ebeadc/smtlib-2025/QF_UF/QF_UF/QG-classification/qg7/gensys_brn003.smt2""]"
8,0,6926,QF_UF/QG-classification/qg7/gensys_brn003.smt2,345e2584045272eaf7e139b7acf865475bf3a45100a2890217efae0d1977946b,808127,sat,1,williams_first_order_carryover,f142088f68ffae0501ab8de7e323efb430c2912e83fc68ef048bfb8276401870,1,1,0,1,2,2,baseline,baseline,"[""proof-seed-0"",""proof-seed-4"",""baseline"",""proof-seed-8"",""proof-seed-32"",""proof-seed-16""]",parser_inclusive_subprocess_wall_clock,1,sat,0.094771892,0,0,0,,,"sat
",,"[""/net/scratch/hscra/plgrid/plgnasqret/codex-control/projects/euf-viper/runs/20260727T113307Z-proof-seed-qg7-2d4a372/target/release/euf-viper"",""fabric-solve"",""--engine"",""quotient-portfolio"",""/net/scratch/hscra/plgrid/plgnasqret/codex-control/projects/euf-viper/corpora/9b39c70a794d52277a4e5d83731f0ebc50a2f3b804eb1dfc8cf32766a5ebeadc/smtlib-2025/QF_UF/QF_UF/QG-classification/qg7/gensys_brn003.smt2""]"
9,0,6926,QF_UF/QG-classification/qg7/gensys_brn003.smt2,345e2584045272eaf7e139b7acf865475bf3a45100a2890217efae0d1977946b,808127,sat,1,williams_first_order_carryover,f142088f68ffae0501ab8de7e323efb430c2912e83fc68ef048bfb8276401870,1,1,0,1,3,3,proof-seed-8,proof-seed-8,"[""proof-seed-0"",""proof-seed-4"",""baseline"",""proof-seed-8"",""proof-seed-32"",""proof-seed-16""]",parser_inclusive_subprocess_wall_clock,1,sat,0.110382869,0,0,0,,,"sat
",,"[""/net/scratch/hscra/plgrid/plgnasqret/codex-control/projects/euf-viper/runs/20260727T113307Z-proof-seed-qg7-2d4a372/target/release/euf-viper"",""fabric-solve"",""--engine"",""quotient-portfolio"",""/net/scratch/hscra/plgrid/plgnasqret/codex-control/projects/euf-viper/corpora/9b39c70a794d52277a4e5d83731f0ebc50a2f3b804eb1dfc8cf32766a5ebeadc/smtlib-2025/QF_UF/QF_UF/QG-classification/qg7/gensys_brn003.smt2""]"
10,0,6926,QF_UF/QG-classification/qg7/gensys_brn003.smt2,345e2584045272eaf7e139b7acf865475bf3a45100a2890217efae0d1977946b,808127,sat,1,williams_first_order_carryover,f142088f68ffae0501ab8de7e323efb430c2912e83fc68ef048bfb8276401870,1,1,0,1,4,4,proof-seed-32,proof-seed-32,"[""proof-seed-0"",""proof-seed-4"",""baseline"",""proof-seed-8"",""proof-seed-32"",""proof-seed-16""]",parser_inclusive_subprocess_wall_clock,1,sat,0.111376062,0,0,0,,,"sat
",,"[""/net/scratch/hscra/plgrid/plgnasqret/codex-control/projects/euf-viper/runs/20260727T113307Z-proof-seed-qg7-2d4a372/target/release/euf-viper"",""fabric-solve"",""--engine"",""quotient-portfolio"",""/net/scratch/hscra/plgrid/plgnasqret/codex-control/projects/euf-viper/corpora/9b39c70a794d52277a4e5d83731f0ebc50a2f3b804eb1dfc8cf32766a5ebeadc/smtlib-2025/QF_UF/QF_UF/QG-classification/qg7/gensys_brn003.smt2""]"
11,0,6926,QF_UF/QG-classification/qg7/gensys_brn003.smt2,345e2584045272eaf7e139b7acf865475bf3a45100a2890217efae0d1977946b,808127,sat,1,williams_first_order_carryover,f142088f68ffae0501ab8de7e323efb430c2912e83fc68ef048bfb8276401870,1,1,0,1,5,5,proof-seed-16,proof-seed-16,"[""proof-seed-0"",""proof-seed-4"",""baseline"",""proof-seed-8"",""proof-seed-32"",""proof-seed-16""]",parser_inclusive_subprocess_wall_clock,1,sat,0.108866767,0,0,0,,,"sat
",,"[""/net/scratch/hscra/plgrid/plgnasqret/codex-control/projects/euf-viper/runs/20260727T113307Z-proof-seed-qg7-2d4a372/target/release/euf-viper"",""fabric-solve"",""--engine"",""quotient-portfolio"",""/net/scratch/hscra/plgrid/plgnasqret/codex-control/projects/euf-viper/corpora/9b39c70a794d52277a4e5d83731f0ebc50a2f3b804eb1dfc8cf32766a5ebeadc/smtlib-2025/QF_UF/QF_UF/QG-classification/qg7/gensys_brn003.smt2""]"
12,0,6926,QF_UF/QG-classification/qg7/gensys_brn003.smt2,345e2584045272eaf7e139b7acf865475bf3a45100a2890217efae0d1977946b,808127,sat,1,williams_first_order_carryover,f142088f68ffae0501ab8de7e323efb430c2912e83fc68ef048bfb8276401870,2,2,0,2,0,0,proof-seed-4,proof-seed-4,"[""proof-seed-4"",""proof-seed-8"",""proof-seed-0"",""proof-seed-16"",""baseline"",""proof-seed-32""]",parser_inclusive_subprocess_wall_clock,1,sat,0.109142384,0,0,0,,,"sat
",,"[""/net/scratch/hscra/plgrid/plgnasqret/codex-control/projects/euf-viper/runs/20260727T113307Z-proof-seed-qg7-2d4a372/target/release/euf-viper"",""fabric-solve"",""--engine"",""quotient-portfolio"",""/net/scratch/hscra/plgrid/plgnasqret/codex-control/projects/euf-viper/corpora/9b39c70a794d52277a4e5d83731f0ebc50a2f3b804eb1dfc8cf32766a5ebeadc/smtlib-2025/QF_UF/QF_UF/QG-classification/qg7/gensys_brn003.smt2""]"
13,0,6926,QF_UF/QG-classification/qg7/gensys_brn003.smt2,345e2584045272eaf7e139b7acf865475bf3a45100a2890217efae0d1977946b,808127,sat,1,williams_first_order_carryover,f142088f68ffae0501ab8de7e323efb430c2912e83fc68ef048bfb8276401870,2,2,0,2,1,1,proof-seed-8,proof-seed-8,"[""proof-seed-4"",""proof-seed-8"",""proof-seed-0"",""proof-seed-16"",""baseline"",""proof-seed-32""]",parser_inclusive_subprocess_wall_clock,1,sat,0.107938907,0,0,0,,,"sat
",,"[""/net/scratch/hscra/plgrid/plgnasqret/codex-control/projects/euf-viper/runs/20260727T113307Z-proof-seed-qg7-2d4a372/target/release/euf-viper"",""fabric-solve"",""--engine"",""quotient-portfolio"",""/net/scratch/hscra/plgrid/plgnasqret/codex-control/projects/euf-viper/corpora/9b39c70a794d52277a4e5d83731f0ebc50a2f3b804eb1dfc8cf32766a5ebeadc/smtlib-2025/QF_UF/QF_UF/QG-classification/qg7/gensys_brn003.smt2""]"
14,0,6926,QF_UF/QG-classification/qg7/gensys_brn003.smt2,345e2584045272eaf7e139b7acf865475bf3a45100a2890217efae0d1977946b,808127,sat,1,williams_first_order_carryover,f142088f68ffae0501ab8de7e323efb430c2912e83fc68ef048bfb8276401870,2,2,0,2,2,2,proof-seed-0,proof-seed-0,"[""proof-seed-4"",""proof-seed-8"",""proof-seed-0"",""proof-seed-16"",""baseline"",""proof-seed-32""]",parser_inclusive_subprocess_wall_clock,1,sat,0.114797621,0,0,0,,,"sat
",,"[""/net/scratch/hscra/plgrid/plgnasqret/codex-control/projects/euf-viper/runs/20260727T113307Z-proof-seed-qg7-2d4a372/target/release/euf-viper"",""fabric-solve"",""--engine"",""quotient-portfolio"",""/net/scratch/hscra/plgrid/plgnasqret/codex-control/projects/euf-viper/corpora/9b39c70a794d52277a4e5d83731f0ebc50a2f3b804eb1dfc8cf32766a5ebeadc/smtlib-2025/QF_UF/QF_UF/QG-classification/qg7/gensys_brn003.smt2""]"
15,0,6926,QF_UF/QG-classification/qg7/gensys_brn003.smt2,345e2584045272eaf7e139b7acf865475bf3a45100a2890217efae0d1977946b,808127,sat,1,williams_first_order_carryover,f142088f68ffae0501ab8de7e323efb430c2912e83fc68ef048bfb8276401870,2,2,0,2,3,3,proof-seed-16,proof-seed-16,"[""proof-seed-4"",""proof-seed-8"",""proof-seed-0"",""proof-seed-16"",""baseline"",""proof-seed-32""]",parser_inclusive_subprocess_wall_clock,1,sat,0.108858475,0,0,0,,,"sat
",,"[""/net/scratch/hscra/plgrid/plgnasqret/codex-control/projects/euf-viper/runs/20260727T113307Z-proof-seed-qg7-2d4a372/target/release/euf-viper"",""fabric-solve"",""--engine"",""quotient-portfolio"",""/net/scratch/hscra/plgrid/plgnasqret/codex-control/projects/euf-viper/corpora/9b39c70a794d52277a4e5d83731f0ebc50a2f3b804eb1dfc8cf32766a5ebeadc/smtlib-2025/QF_UF/QF_UF/QG-classification/qg7/gensys_brn003.smt2""]"
16,0,6926,QF_UF/QG-classification/qg7/gensys_brn003.smt2,345e2584045272eaf7e139b7acf865475bf3a45100a2890217efae0d1977946b,808127,sat,1,williams_first_order_carryover,f142088f68ffae0501ab8de7e323efb430c2912e83fc68ef048bfb8276401870,2,2,0,2,4,4,baseline,baseline,"[""proof-seed-4"",""proof-seed-8"",""proof-seed-0"",""proof-seed-16"",""baseline"",""proof-seed-32""]",parser_inclusive_subprocess_wall_clock,1,sat,0.088589920,0,0,0,,,"sat
",,"[""/net/scratch/hscra/plgrid/plgnasqret/codex-control/projects/euf-viper/runs/20260727T113307Z-proof-seed-qg7-2d4a372/target/release/euf-viper"",""fabric-solve"",""--engine"",""quotient-portfolio"",""/net/scratch/hscra/plgrid/plgnasqret/codex-control/projects/euf-viper/corpora/9b39c70a794d52277a4e5d83731f0ebc50a2f3b804eb1dfc8cf32766a5ebeadc/smtlib-2025/QF_UF/QF_UF/QG-classification/qg7/gensys_brn003.smt2""]"
17,0,6926,QF_UF/QG-classification/qg7/gensys_brn003.smt2,345e2584045272eaf7e139b7acf865475bf3a45100a2890217efae0d1977946b,808127,sat,1,williams_first_order_carryover,f142088f68ffae0501ab8de7e323efb430c2912e83fc68ef048bfb8276401870,2,2,0,2,5,5,proof-seed-32,proof-seed-32,"[""proof-seed-4"",""proof-seed-8"",""proof-seed-0"",""proof-seed-16"",""baseline"",""proof-seed-32""]",parser_inclusive_subprocess_wall_clock,1,sat,0.110858843,0,0,0,,,"sat
",,"[""/net/scratch/hscra/plgrid/plgnasqret/codex-control/projects/euf-viper/runs/20260727T113307Z-proof-seed-qg7-2d4a372/target/release/euf-viper"",""fabric-solve"",""--engine"",""quotient-portfolio"",""/net/scratch/hscra/plgrid/plgnasqret/codex-control/projects/euf-viper/corpora/9b39c70a794d52277a4e5d83731f0ebc50a2f3b804eb1dfc8cf32766a5ebeadc/smtlib-2025/QF_UF/QF_UF/QG-classification/qg7/gensys_brn003.smt2""]"
18,0,6926,QF_UF/QG-classification/qg7/gensys_brn003.smt2,345e2584045272eaf7e139b7acf865475bf3a45100a2890217efae0d1977946b,808127,sat,1,williams_first_order_carryover,f142088f68ffae0501ab8de7e323efb430c2912e83fc68ef048bfb8276401870,3,3,0,3,0,0,proof-seed-8,proof-seed-8,"[""proof-seed-8"",""proof-seed-16"",""proof-seed-4"",""proof-seed-32"",""proof-seed-0"",""baseline""]",parser_inclusive_subprocess_wall_clock,1,sat,0.112531552,0,0,0,,,"sat
",,"[""/net/scratch/hscra/plgrid/plgnasqret/codex-control/projects/euf-viper/runs/20260727T113307Z-proof-seed-qg7-2d4a372/target/release/euf-viper"",""fabric-solve"",""--engine"",""quotient-portfolio"",""/net/scratch/hscra/plgrid/plgnasqret/codex-control/projects/euf-viper/corpora/9b39c70a794d52277a4e5d83731f0ebc50a2f3b804eb1dfc8cf32766a5ebeadc/smtlib-2025/QF_UF/QF_UF/QG-classification/qg7/gensys_brn003.smt2""]"
19,0,6926,QF_UF/QG-classification/qg7/gensys_brn003.smt2,345e2584045272eaf7e139b7acf865475bf3a45100a2890217efae0d1977946b,808127,sat,1,williams_first_order_carryover,f142088f68ffae0501ab8de7e323efb430c2912e83fc68ef048bfb8276401870,3,3,0,3,1,1,proof-seed-16,proof-seed-16,"[""proof-seed-8"",""proof-seed-16"",""proof-seed-4"",""proof-seed-32"",""proof-seed-0"",""baseline""]",parser_inclusive_subprocess_wall_clock,1,sat,0.114535136,0,0,0,,,"sat
",,"[""/net/scratch/hscra/plgrid/plgnasqret/codex-control/projects/euf-viper/runs/20260727T113307Z-proof-seed-qg7-2d4a372/target/release/euf-viper"",""fabric-solve"",""--engine"",""quotient-portfolio"",""/net/scratch/hscra/plgrid/plgnasqret/codex-control/projects/euf-viper/corpora/9b39c70a794d52277a4e5d83731f0ebc50a2f3b804eb1dfc8cf32766a5ebeadc/smtlib-2025/QF_UF/QF_UF/QG-classification/qg7/gensys_brn003.smt2""]"
20,0,6926,QF_UF/QG-classification/qg7/gensys_brn003.smt2,345e2584045272eaf7e139b7acf865475bf3a45100a2890217efae0d1977946b,808127,sat,1,williams_first_order_carryover,f142088f68ffae0501ab8de7e323efb430c2912e83fc68ef048bfb8276401870,3,3,0,3,2,2,proof-seed-4,proof-seed-4,"[""proof-seed-8"",""proof-seed-16"",""proof-seed-4"",""proof-seed-32"",""proof-seed-0"",""baseline""]",parser_inclusive_subprocess_wall_clock,1,sat,0.109846990,0,0,0,,,"sat
",,"[""/net/scratch/hscra/plgrid/plgnasqret/codex-control/projects/euf-viper/runs/20260727T113307Z-proof-seed-qg7-2d4a372/target/release/euf-viper"",""fabric-solve"",""--engine"",""quotient-portfolio"",""/net/scratch/hscra/plgrid/plgnasqret/codex-control/projects/euf-viper/corpora/9b39c70a794d52277a4e5d83731f0ebc50a2f3b804eb1dfc8cf32766a5ebeadc/smtlib-2025/QF_UF/QF_UF/QG-classification/qg7/gensys_brn003.smt2""]"
21,0,6926,QF_UF/QG-classification/qg7/gensys_brn003.smt2,345e2584045272eaf7e139b7acf865475bf3a45100a2890217efae0d1977946b,808127,sat,1,williams_first_order_carryover,f142088f68ffae0501ab8de7e323efb430c2912e83fc68ef048bfb8276401870,3,3,0,3,3,3,proof-seed-32,proof-seed-32,"[""proof-seed-8"",""proof-seed-16"",""proof-seed-4"",""proof-seed-32"",""proof-seed-0"",""baseline""]",parser_inclusive_subprocess_wall_clock,1,sat,0.108154960,0,0,0,,,"sat
",,"[""/net/scratch/hscra/plgrid/plgnasqret/codex-control/projects/euf-viper/runs/20260727T113307Z-proof-seed-qg7-2d4a372/target/release/euf-viper"",""fabric-solve"",""--engine"",""quotient-portfolio"",""/net/scratch/hscra/plgrid/plgnasqret/codex-control/projects/euf-viper/corpora/9b39c70a794d52277a4e5d83731f0ebc50a2f3b804eb1dfc8cf32766a5ebeadc/smtlib-2025/QF_UF/QF_UF/QG-classification/qg7/gensys_brn003.smt2""]"
22,0,6926,QF_UF/QG-classification/qg7/gensys_brn003.smt2,345e2584045272eaf7e139b7acf865475bf3a45100a2890217efae0d1977946b,808127,sat,1,williams_first_order_carryover,f142088f68ffae0501ab8de7e323efb430c2912e83fc68ef048bfb8276401870,3,3,0,3,4,4,proof-seed-0,proof-seed-0,"[""proof-seed-8"",""proof-seed-16"",""proof-seed-4"",""proof-seed-32"",""proof-seed-0"",""baseline""]",parser_inclusive_subprocess_wall_clock,1,sat,0.111315265,0,0,0,,,"sat
",,"[""/net/scratch/hscra/plgrid/plgnasqret/codex-control/projects/euf-viper/runs/20260727T113307Z-proof-seed-qg7-2d4a372/target/release/euf-viper"",""fabric-solve"",""--engine"",""quotient-portfolio"",""/net/scratch/hscra/plgrid/plgnasqret/codex-control/projects/euf-viper/corpora/9b39c70a794d52277a4e5d83731f0ebc50a2f3b804eb1dfc8cf32766a5ebeadc/smtlib-2025/QF_UF/QF_UF/QG-classification/qg7/gensys_brn003.smt2""]"
23,0,6926,QF_UF/QG-classification/qg7/gensys_brn003.smt2,345e2584045272eaf7e139b7acf865475bf3a45100a2890217efae0d1977946b,808127,sat,1,williams_first_order_carryover,f142088f68ffae0501ab8de7e323efb430c2912e83fc68ef048bfb8276401870,3,3,0,3,5,5,baseline,baseline,"[""proof-seed-8"",""proof-seed-16"",""proof-seed-4"",""proof-seed-32"",""proof-seed-0"",""baseline""]",parser_inclusive_subprocess_wall_clock,1,sat,0.087007493,0,0,0,,,"sat
",,"[""/net/scratch/hscra/plgrid/plgnasqret/codex-control/projects/euf-viper/runs/20260727T113307Z-proof-seed-qg7-2d4a372/target/release/euf-viper"",""fabric-solve"",""--engine"",""quotient-portfolio"",""/net/scratch/hscra/plgrid/plgnasqret/codex-control/projects/euf-viper/corpora/9b39c70a794d52277a4e5d83731f0ebc50a2f3b804eb1dfc8cf32766a5ebeadc/smtlib-2025/QF_UF/QF_UF/QG-classification/qg7/gensys_brn003.smt2""]"
24,0,6926,QF_UF/QG-classification/qg7/gensys_brn003.smt2,345e2584045272eaf7e139b7acf865475bf3a45100a2890217efae0d1977946b,808127,sat,1,williams_first_order_carryover,f142088f68ffae0501ab8de7e323efb430c2912e83fc68ef048bfb8276401870,4,4,0,4,0,0,proof-seed-16,proof-seed-16,"[""proof-seed-16"",""proof-seed-32"",""proof-seed-8"",""baseline"",""proof-seed-4"",""proof-seed-0""]",parser_inclusive_subprocess_wall_clock,1,sat,0.111018476,0,0,0,,,"sat
",,"[""/net/scratch/hscra/plgrid/plgnasqret/codex-control/projects/euf-viper/runs/20260727T113307Z-proof-seed-qg7-2d4a372/target/release/euf-viper"",""fabric-solve"",""--engine"",""quotient-portfolio"",""/net/scratch/hscra/plgrid/plgnasqret/codex-control/projects/euf-viper/corpora/9b39c70a794d52277a4e5d83731f0ebc50a2f3b804eb1dfc8cf32766a5ebeadc/smtlib-2025/QF_UF/QF_UF/QG-classification/qg7/gensys_brn003.smt2""]"
25,0,6926,QF_UF/QG-classification/qg7/gensys_brn003.smt2,345e2584045272eaf7e139b7acf865475bf3a45100a2890217efae0d1977946b,808127,sat,1,williams_first_order_carryover,f142088f68ffae0501ab8de7e323efb430c2912e83fc68ef048bfb8276401870,4,4,0,4,1,1,proof-seed-32,proof-seed-32,"[""proof-seed-16"",""proof-seed-32"",""proof-seed-8"",""baseline"",""proof-seed-4"",""proof-seed-0""]",parser_inclusive_subprocess_wall_clock,1,sat,0.112513824,0,0,0,,,"sat
",,"[""/net/scratch/hscra/plgrid/plgnasqret/codex-control/projects/euf-viper/runs/20260727T113307Z-proof-seed-qg7-2d4a372/target/release/euf-viper"",""fabric-solve"",""--engine"",""quotient-portfolio"",""/net/scratch/hscra/plgrid/plgnasqret/codex-control/projects/euf-viper/corpora/9b39c70a794d52277a4e5d83731f0ebc50a2f3b804eb1dfc8cf32766a5ebeadc/smtlib-2025/QF_UF/QF_UF/QG-classification/qg7/gensys_brn003.smt2""]"
26,0,6926,QF_UF/QG-classification/qg7/gensys_brn003.smt2,345e2584045272eaf7e139b7acf865475bf3a45100a2890217efae0d1977946b,808127,sat,1,williams_first_order_carryover,f142088f68ffae0501ab8de7e323efb430c2912e83fc68ef048bfb8276401870,4,4,0,4,2,2,proof-seed-8,proof-seed-8,"[""proof-seed-16"",""proof-seed-32"",""proof-seed-8"",""baseline"",""proof-seed-4"",""proof-seed-0""]",parser_inclusive_subprocess_wall_clock,1,sat,0.112631821,0,0,0,,,"sat
",,"[""/net/scratch/hscra/plgrid/plgnasqret/codex-control/projects/euf-viper/runs/20260727T113307Z-proof-seed-qg7-2d4a372/target/release/euf-viper"",""fabric-solve"",""--engine"",""quotient-portfolio"",""/net/scratch/hscra/plgrid/plgnasqret/codex-control/projects/euf-viper/corpora/9b39c70a794d52277a4e5d83731f0ebc50a2f3b804eb1dfc8cf32766a5ebeadc/smtlib-2025/QF_UF/QF_UF/QG-classification/qg7/gensys_brn003.smt2""]"
27,0,6926,QF_UF/QG-classification/qg7/gensys_brn003.smt2,345e2584045272eaf7e139b7acf865475bf3a45100a2890217efae0d1977946b,808127,sat,1,williams_first_order_carryover,f142088f68ffae0501ab8de7e323efb430c2912e83fc68ef048bfb8276401870,4,4,0,4,3,3,baseline,baseline,"[""proof-seed-16"",""proof-seed-32"",""proof-seed-8"",""baseline"",""proof-seed-4"",""proof-seed-0""]",parser_inclusive_subprocess_wall_clock,1,sat,0.090225191,0,0,0,,,"sat
",,"[""/net/scratch/hscra/plgrid/plgnasqret/codex-control/projects/euf-viper/runs/20260727T113307Z-proof-seed-qg7-2d4a372/target/release/euf-viper"",""fabric-solve"",""--engine"",""quotient-portfolio"",""/net/scratch/hscra/plgrid/plgnasqret/codex-control/projects/euf-viper/corpora/9b39c70a794d52277a4e5d83731f0ebc50a2f3b804eb1dfc8cf32766a5ebeadc/smtlib-2025/QF_UF/QF_UF/QG-classification/qg7/gensys_brn003.smt2""]"
28,0,6926,QF_UF/QG-classification/qg7/gensys_brn003.smt2,345e2584045272eaf7e139b7acf865475bf3a45100a2890217efae0d1977946b,808127,sat,1,williams_first_order_carryover,f142088f68ffae0501ab8de7e323efb430c2912e83fc68ef048bfb8276401870,4,4,0,4,4,4,proof-seed-4,proof-seed-4,"[""proof-seed-16"",""proof-seed-32"",""proof-seed-8"",""baseline"",""proof-seed-4"",""proof-seed-0""]",parser_inclusive_subprocess_wall_clock,1,sat,0.111281543,0,0,0,,,"sat
",,"[""/net/scratch/hscra/plgrid/plgnasqret/codex-control/projects/euf-viper/runs/20260727T113307Z-proof-seed-qg7-2d4a372/target/release/euf-viper"",""fabric-solve"",""--engine"",""quotient-portfolio"",""/net/scratch/hscra/plgrid/plgnasqret/codex-control/projects/euf-viper/corpora/9b39c70a794d52277a4e5d83731f0ebc50a2f3b804eb1dfc8cf32766a5ebeadc/smtlib-2025/QF_UF/QF_UF/QG-classification/qg7/gensys_brn003.smt2""]"
29,0,6926,QF_UF/QG-classification/qg7/gensys_brn003.smt2,345e2584045272eaf7e139b7acf865475bf3a45100a2890217efae0d1977946b,808127,sat,1,williams_first_order_carryover,f142088f68ffae0501ab8de7e323efb430c2912e83fc68ef048bfb8276401870,4,4,0,4,5,5,proof-seed-0,proof-seed-0,"[""proof-seed-16"",""proof-seed-32"",""proof-seed-8"",""baseline"",""proof-seed-4"",""proof-seed-0""]",parser_inclusive_subprocess_wall_clock,1,sat,0.108727537,0,0,0,,,"sat
",,"[""/net/scratch/hscra/plgrid/plgnasqret/codex-control/projects/euf-viper/runs/20260727T113307Z-proof-seed-qg7-2d4a372/target/release/euf-viper"",""fabric-solve"",""--engine"",""quotient-portfolio"",""/net/scratch/hscra/plgrid/plgnasqret/codex-control/projects/euf-viper/corpora/9b39c70a794d52277a4e5d83731f0ebc50a2f3b804eb1dfc8cf32766a5ebeadc/smtlib-2025/QF_UF/QF_UF/QG-classification/qg7/gensys_brn003.smt2""]"
30,0,6926,QF_UF/QG-classification/qg7/gensys_brn003.smt2,345e2584045272eaf7e139b7acf865475bf3a45100a2890217efae0d1977946b,808127,sat,1,williams_first_order_carryover,f142088f68ffae0501ab8de7e323efb430c2912e83fc68ef048bfb8276401870,5,5,0,5,0,0,proof-seed-32,proof-seed-32,"[""proof-seed-32"",""baseline"",""proof-seed-16"",""proof-seed-0"",""proof-seed-8"",""proof-seed-4""]",parser_inclusive_subprocess_wall_clock,1,sat,0.111282433,0,0,0,,,"sat
",,"[""/net/scratch/hscra/plgrid/plgnasqret/codex-control/projects/euf-viper/runs/20260727T113307Z-proof-seed-qg7-2d4a372/target/release/euf-viper"",""fabric-solve"",""--engine"",""quotient-portfolio"",""/net/scratch/hscra/plgrid/plgnasqret/codex-control/projects/euf-viper/corpora/9b39c70a794d52277a4e5d83731f0ebc50a2f3b804eb1dfc8cf32766a5ebeadc/smtlib-2025/QF_UF/QF_UF/QG-classification/qg7/gensys_brn003.smt2""]"
31,0,6926,QF_UF/QG-classification/qg7/gensys_brn003.smt2,345e2584045272eaf7e139b7acf865475bf3a45100a2890217efae0d1977946b,808127,sat,1,williams_first_order_carryover,f142088f68ffae0501ab8de7e323efb430c2912e83fc68ef048bfb8276401870,5,5,0,5,1,1,baseline,baseline,"[""proof-seed-32"",""baseline"",""proof-seed-16"",""proof-seed-0"",""proof-seed-8"",""proof-seed-4""]",parser_inclusive_subprocess_wall_clock,1,sat,0.088264615,0,0,0,,,"sat
",,"[""/net/scratch/hscra/plgrid/plgnasqret/codex-control/projects/euf-viper/runs/20260727T113307Z-proof-seed-qg7-2d4a372/target/release/euf-viper"",""fabric-solve"",""--engine"",""quotient-portfolio"",""/net/scratch/hscra/plgrid/plgnasqret/codex-control/projects/euf-viper/corpora/9b39c70a794d52277a4e5d83731f0ebc50a2f3b804eb1dfc8cf32766a5ebeadc/smtlib-2025/QF_UF/QF_UF/QG-classification/qg7/gensys_brn003.smt2""]"
32,0,6926,QF_UF/QG-classification/qg7/gensys_brn003.smt2,345e2584045272eaf7e139b7acf865475bf3a45100a2890217efae0d1977946b,808127,sat,1,williams_first_order_carryover,f142088f68ffae0501ab8de7e323efb430c2912e83fc68ef048bfb8276401870,5,5,0,5,2,2,proof-seed-16,proof-seed-16,"[""proof-seed-32"",""baseline"",""proof-seed-16"",""proof-seed-0"",""proof-seed-8"",""proof-seed-4""]",parser_inclusive_subprocess_wall_clock,1,sat,0.111702179,0,0,0,,,"sat
",,"[""/net/scratch/hscra/plgrid/plgnasqret/codex-control/projects/euf-viper/runs/20260727T113307Z-proof-seed-qg7-2d4a372/target/release/euf-viper"",""fabric-solve"",""--engine"",""quotient-portfolio"",""/net/scratch/hscra/plgrid/plgnasqret/codex-control/projects/euf-viper/corpora/9b39c70a794d52277a4e5d83731f0ebc50a2f3b804eb1dfc8cf32766a5ebeadc/smtlib-2025/QF_UF/QF_UF/QG-classification/qg7/gensys_brn003.smt2""]"
33,0,6926,QF_UF/QG-classification/qg7/gensys_brn003.smt2,345e2584045272eaf7e139b7acf865475bf3a45100a2890217efae0d1977946b,808127,sat,1,williams_first_order_carryover,f142088f68ffae0501ab8de7e323efb430c2912e83fc68ef048bfb8276401870,5,5,0,5,3,3,proof-seed-0,proof-seed-0,"[""proof-seed-32"",""baseline"",""proof-seed-16"",""proof-seed-0"",""proof-seed-8"",""proof-seed-4""]",parser_inclusive_subprocess_wall_clock,1,sat,0.113503331,0,0,0,,,"sat
",,"[""/net/scratch/hscra/plgrid/plgnasqret/codex-control/projects/euf-viper/runs/20260727T113307Z-proof-seed-qg7-2d4a372/target/release/euf-viper"",""fabric-solve"",""--engine"",""quotient-portfolio"",""/net/scratch/hscra/plgrid/plgnasqret/codex-control/projects/euf-viper/corpora/9b39c70a794d52277a4e5d83731f0ebc50a2f3b804eb1dfc8cf32766a5ebeadc/smtlib-2025/QF_UF/QF_UF/QG-classification/qg7/gensys_brn003.smt2""]"
34,0,6926,QF_UF/QG-classification/qg7/gensys_brn003.smt2,345e2584045272eaf7e139b7acf865475bf3a45100a2890217efae0d1977946b,808127,sat,1,williams_first_order_carryover,f142088f68ffae0501ab8de7e323efb430c2912e83fc68ef048bfb8276401870,5,5,0,5,4,4,proof-seed-8,proof-seed-8,"[""proof-seed-32"",""baseline"",""proof-seed-16"",""proof-seed-0"",""proof-seed-8"",""proof-seed-4""]",parser_inclusive_subprocess_wall_clock,1,sat,0.109778351,0,0,0,,,"sat
",,"[""/net/scratch/hscra/plgrid/plgnasqret/codex-control/projects/euf-viper/runs/20260727T113307Z-proof-seed-qg7-2d4a372/target/release/euf-viper"",""fabric-solve"",""--engine"",""quotient-portfolio"",""/net/scratch/hscra/plgrid/plgnasqret/codex-control/projects/euf-viper/corpora/9b39c70a794d52277a4e5d83731f0ebc50a2f3b804eb1dfc8cf32766a5ebeadc/smtlib-2025/QF_UF/QF_UF/QG-classification/qg7/gensys_brn003.smt2""]"
35,0,6926,QF_UF/QG-classification/qg7/gensys_brn003.smt2,345e2584045272eaf7e139b7acf865475bf3a45100a2890217efae0d1977946b,808127,sat,1,williams_first_order_carryover,f142088f68ffae0501ab8de7e323efb430c2912e83fc68ef048bfb8276401870,5,5,0,5,5,5,proof-seed-4,proof-seed-4,"[""proof-seed-32"",""baseline"",""proof-seed-16"",""proof-seed-0"",""proof-seed-8"",""proof-seed-4""]",parser_inclusive_subprocess_wall_clock,1,sat,0.112889480,0,0,0,,,"sat
",,"[""/net/scratch/hscra/plgrid/plgnasqret/codex-control/projects/euf-viper/runs/20260727T113307Z-proof-seed-qg7-2d4a372/target/release/euf-viper"",""fabric-solve"",""--engine"",""quotient-portfolio"",""/net/scratch/hscra/plgrid/plgnasqret/codex-control/projects/euf-viper/corpora/9b39c70a794d52277a4e5d83731f0ebc50a2f3b804eb1dfc8cf32766a5ebeadc/smtlib-2025/QF_UF/QF_UF/QG-classification/qg7/gensys_brn003.smt2""]"
36,1,7035,QF_UF/QG-classification/qg7/gensys_icl002.smt2,ea97848482057ed53c6551446efc26b8cfbb41d7c804b478fbf361d2b8e76b89,811783,unsat,1,williams_first_order_carryover,f142088f68ffae0501ab8de7e323efb430c2912e83fc68ef048bfb8276401870,0,0,0,0,0,0,baseline,baseline,"[""baseline"",""proof-seed-0"",""proof-seed-32"",""proof-seed-4"",""proof-seed-16"",""proof-seed-8""]",parser_inclusive_subprocess_wall_clock,1,timeout,2.006816858,124,-9,1,timeout,exceeded 2 seconds,,,"[""/net/scratch/hscra/plgrid/plgnasqret/codex-control/projects/euf-viper/runs/20260727T113307Z-proof-seed-qg7-2d4a372/target/release/euf-viper"",""fabric-solve"",""--engine"",""quotient-portfolio"",""/net/scratch/hscra/plgrid/plgnasqret/codex-control/projects/euf-viper/corpora/9b39c70a794d52277a4e5d83731f0ebc50a2f3b804eb1dfc8cf32766a5ebeadc/smtlib-2025/QF_UF/QF_UF/QG-classification/qg7/gensys_icl002.smt2""]"
37,1,7035,QF_UF/QG-classification/qg7/gensys_icl002.smt2,ea97848482057ed53c6551446efc26b8cfbb41d7c804b478fbf361d2b8e76b89,811783,unsat,1,williams_first_order_carryover,f142088f68ffae0501ab8de7e323efb430c2912e83fc68ef048bfb8276401870,0,0,0,0,1,1,proof-seed-0,proof-seed-0,"[""baseline"",""proof-seed-0"",""proof-seed-32"",""proof-seed-4"",""proof-seed-16"",""proof-seed-8""]",parser_inclusive_subprocess_wall_clock,1,unsat,1.588608415,0,0,0,,,"unsat
",,"[""/net/scratch/hscra/plgrid/plgnasqret/codex-control/projects/euf-viper/runs/20260727T113307Z-proof-seed-qg7-2d4a372/target/release/euf-viper"",""fabric-solve"",""--engine"",""quotient-portfolio"",""/net/scratch/hscra/plgrid/plgnasqret/codex-control/projects/euf-viper/corpora/9b39c70a794d52277a4e5d83731f0ebc50a2f3b804eb1dfc8cf32766a5ebeadc/smtlib-2025/QF_UF/QF_UF/QG-classification/qg7/gensys_icl002.smt2""]"
38,1,7035,QF_UF/QG-classification/qg7/gensys_icl002.smt2,ea97848482057ed53c6551446efc26b8cfbb41d7c804b478fbf361d2b8e76b89,811783,unsat,1,williams_first_order_carryover,f142088f68ffae0501ab8de7e323efb430c2912e83fc68ef048bfb8276401870,0,0,0,0,2,2,proof-seed-32,proof-seed-32,"[""baseline"",""proof-seed-0"",""proof-seed-32"",""proof-seed-4"",""proof-seed-16"",""proof-seed-8""]",parser_inclusive_subprocess_wall_clock,1,unsat,1.726415862,0,0,0,,,"unsat
",,"[""/net/scratch/hscra/plgrid/plgnasqret/codex-control/projects/euf-viper/runs/20260727T113307Z-proof-seed-qg7-2d4a372/target/release/euf-viper"",""fabric-solve"",""--engine"",""quotient-portfolio"",""/net/scratch/hscra/plgrid/plgnasqret/codex-control/projects/euf-viper/corpora/9b39c70a794d52277a4e5d83731f0ebc50a2f3b804eb1dfc8cf32766a5ebeadc/smtlib-2025/QF_UF/QF_UF/QG-classification/qg7/gensys_icl002.smt2""]"
39,1,7035,QF_UF/QG-classification/qg7/gensys_icl002.smt2,ea97848482057ed53c6551446efc26b8cfbb41d7c804b478fbf361d2b8e76b89,811783,unsat,1,williams_first_order_carryover,f142088f68ffae0501ab8de7e323efb430c2912e83fc68ef048bfb8276401870,0,0,0,0,3,3,proof-seed-4,proof-seed-4,"[""baseline"",""proof-seed-0"",""proof-seed-32"",""proof-seed-4"",""proof-seed-16"",""proof-seed-8""]",parser_inclusive_subprocess_wall_clock,1,unsat,1.605633612,0,0,0,,,"unsat
",,"[""/net/scratch/hscra/plgrid/plgnasqret/codex-control/projects/euf-viper/runs/20260727T113307Z-proof-seed-qg7-2d4a372/target/release/euf-viper"",""fabric-solve"",""--engine"",""quotient-portfolio"",""/net/scratch/hscra/plgrid/plgnasqret/codex-control/projects/euf-viper/corpora/9b39c70a794d52277a4e5d83731f0ebc50a2f3b804eb1dfc8cf32766a5ebeadc/smtlib-2025/QF_UF/QF_UF/QG-classification/qg7/gensys_icl002.smt2""]"
40,1,7035,QF_UF/QG-classification/qg7/gensys_icl002.smt2,ea97848482057ed53c6551446efc26b8cfbb41d7c804b478fbf361d2b8e76b89,811783,unsat,1,williams_first_order_carryover,f142088f68ffae0501ab8de7e323efb430c2912e83fc68ef048bfb8276401870,0,0,0,0,4,4,proof-seed-16,proof-seed-16,"[""baseline"",""proof-seed-0"",""proof-seed-32"",""proof-seed-4"",""proof-seed-16"",""proof-seed-8""]",parser_inclusive_subprocess_wall_clock,1,unsat,1.669847002,0,0,0,,,"unsat
",,"[""/net/scratch/hscra/plgrid/plgnasqret/codex-control/projects/euf-viper/runs/20260727T113307Z-proof-seed-qg7-2d4a372/target/release/euf-viper"",""fabric-solve"",""--engine"",""quotient-portfolio"",""/net/scratch/hscra/plgrid/plgnasqret/codex-control/projects/euf-viper/corpora/9b39c70a794d52277a4e5d83731f0ebc50a2f3b804eb1dfc8cf32766a5ebeadc/smtlib-2025/QF_UF/QF_UF/QG-classification/qg7/gensys_icl002.smt2""]"
41,1,7035,QF_UF/QG-classification/qg7/gensys_icl002.smt2,ea97848482057ed53c6551446efc26b8cfbb41d7c804b478fbf361d2b8e76b89,811783,unsat,1,williams_first_order_carryover,f142088f68ffae0501ab8de7e323efb430c2912e83fc68ef048bfb8276401870,0,0,0,0,5,5,proof-seed-8,proof-seed-8,"[""baseline"",""proof-seed-0"",""proof-seed-32"",""proof-seed-4"",""proof-seed-16"",""proof-seed-8""]",parser_inclusive_subprocess_wall_clock,1,unsat,1.578240604,0,0,0,,,"unsat
",,"[""/net/scratch/hscra/plgrid/plgnasqret/codex-control/projects/euf-viper/runs/20260727T113307Z-proof-seed-qg7-2d4a372/target/release/euf-viper"",""fabric-solve"",""--engine"",""quotient-portfolio"",""/net/scratch/hscra/plgrid/plgnasqret/codex-control/projects/euf-viper/corpora/9b39c70a794d52277a4e5d83731f0ebc50a2f3b804eb1dfc8cf32766a5ebeadc/smtlib-2025/QF_UF/QF_UF/QG-classification/qg7/gensys_icl002.smt2""]"
42,1,7035,QF_UF/QG-classification/qg7/gensys_icl002.smt2,ea97848482057ed53c6551446efc26b8cfbb41d7c804b478fbf361d2b8e76b89,811783,unsat,1,williams_first_order_carryover,f142088f68ffae0501ab8de7e323efb430c2912e83fc68ef048bfb8276401870,1,1,0,1,0,0,proof-seed-0,proof-seed-0,"[""proof-seed-0"",""proof-seed-4"",""baseline"",""proof-seed-8"",""proof-seed-32"",""proof-seed-16""]",parser_inclusive_subprocess_wall_clock,1,unsat,1.607237603,0,0,0,,,"unsat
",,"[""/net/scratch/hscra/plgrid/plgnasqret/codex-control/projects/euf-viper/runs/20260727T113307Z-proof-seed-qg7-2d4a372/target/release/euf-viper"",""fabric-solve"",""--engine"",""quotient-portfolio"",""/net/scratch/hscra/plgrid/plgnasqret/codex-control/projects/euf-viper/corpora/9b39c70a794d52277a4e5d83731f0ebc50a2f3b804eb1dfc8cf32766a5ebeadc/smtlib-2025/QF_UF/QF_UF/QG-classification/qg7/gensys_icl002.smt2""]"
43,1,7035,QF_UF/QG-classification/qg7/gensys_icl002.smt2,ea97848482057ed53c6551446efc26b8cfbb41d7c804b478fbf361d2b8e76b89,811783,unsat,1,williams_first_order_carryover,f142088f68ffae0501ab8de7e323efb430c2912e83fc68ef048bfb8276401870,1,1,0,1,1,1,proof-seed-4,proof-seed-4,"[""proof-seed-0"",""proof-seed-4"",""baseline"",""proof-seed-8"",""proof-seed-32"",""proof-seed-16""]",parser_inclusive_subprocess_wall_clock,1,unsat,1.608446188,0,0,0,,,"unsat
",,"[""/net/scratch/hscra/plgrid/plgnasqret/codex-control/projects/euf-viper/runs/20260727T113307Z-proof-seed-qg7-2d4a372/target/release/euf-viper"",""fabric-solve"",""--engine"",""quotient-portfolio"",""/net/scratch/hscra/plgrid/plgnasqret/codex-control/projects/euf-viper/corpora/9b39c70a794d52277a4e5d83731f0ebc50a2f3b804eb1dfc8cf32766a5ebeadc/smtlib-2025/QF_UF/QF_UF/QG-classification/qg7/gensys_icl002.smt2""]"
44,1,7035,QF_UF/QG-classification/qg7/gensys_icl002.smt2,ea97848482057ed53c6551446efc26b8cfbb41d7c804b478fbf361d2b8e76b89,811783,unsat,1,williams_first_order_carryover,f142088f68ffae0501ab8de7e323efb430c2912e83fc68ef048bfb8276401870,1,1,0,1,2,2,baseline,baseline,"[""proof-seed-0"",""proof-seed-4"",""baseline"",""proof-seed-8"",""proof-seed-32"",""proof-seed-16""]",parser_inclusive_subprocess_wall_clock,1,timeout,2.005909441,124,-9,1,timeout,exceeded 2 seconds,,,"[""/net/scratch/hscra/plgrid/plgnasqret/codex-control/projects/euf-viper/runs/20260727T113307Z-proof-seed-qg7-2d4a372/target/release/euf-viper"",""fabric-solve"",""--engine"",""quotient-portfolio"",""/net/scratch/hscra/plgrid/plgnasqret/codex-control/projects/euf-viper/corpora/9b39c70a794d52277a4e5d83731f0ebc50a2f3b804eb1dfc8cf32766a5ebeadc/smtlib-2025/QF_UF/QF_UF/QG-classification/qg7/gensys_icl002.smt2""]"
45,1,7035,QF_UF/QG-classification/qg7/gensys_icl002.smt2,ea97848482057ed53c6551446efc26b8cfbb41d7c804b478fbf361d2b8e76b89,811783,unsat,1,williams_first_order_carryover,f142088f68ffae0501ab8de7e323efb430c2912e83fc68ef048bfb8276401870,1,1,0,1,3,3,proof-seed-8,proof-seed-8,"[""proof-seed-0"",""proof-seed-4"",""baseline"",""proof-seed-8"",""proof-seed-32"",""proof-seed-16""]",parser_inclusive_subprocess_wall_clock,1,unsat,1.597677180,0,0,0,,,"unsat
",,"[""/net/scratch/hscra/plgrid/plgnasqret/codex-control/projects/euf-viper/runs/20260727T113307Z-proof-seed-qg7-2d4a372/target/release/euf-viper"",""fabric-solve"",""--engine"",""quotient-portfolio"",""/net/scratch/hscra/plgrid/plgnasqret/codex-control/projects/euf-viper/corpora/9b39c70a794d52277a4e5d83731f0ebc50a2f3b804eb1dfc8cf32766a5ebeadc/smtlib-2025/QF_UF/QF_UF/QG-classification/qg7/gensys_icl002.smt2""]"
46,1,7035,QF_UF/QG-classification/qg7/gensys_icl002.smt2,ea97848482057ed53c6551446efc26b8cfbb41d7c804b478fbf361d2b8e76b89,811783,unsat,1,williams_first_order_carryover,f142088f68ffae0501ab8de7e323efb430c2912e83fc68ef048bfb8276401870,1,1,0,1,4,4,proof-seed-32,proof-seed-32,"[""proof-seed-0"",""proof-seed-4"",""baseline"",""proof-seed-8"",""proof-seed-32"",""proof-seed-16""]",parser_inclusive_subprocess_wall_clock,1,unsat,1.704045049,0,0,0,,,"unsat
",,"[""/net/scratch/hscra/plgrid/plgnasqret/codex-control/projects/euf-viper/runs/20260727T113307Z-proof-seed-qg7-2d4a372/target/release/euf-viper"",""fabric-solve"",""--engine"",""quotient-portfolio"",""/net/scratch/hscra/plgrid/plgnasqret/codex-control/projects/euf-viper/corpora/9b39c70a794d52277a4e5d83731f0ebc50a2f3b804eb1dfc8cf32766a5ebeadc/smtlib-2025/QF_UF/QF_UF/QG-classification/qg7/gensys_icl002.smt2""]"
47,1,7035,QF_UF/QG-classification/qg7/gensys_icl002.smt2,ea97848482057ed53c6551446efc26b8cfbb41d7c804b478fbf361d2b8e76b89,811783,unsat,1,williams_first_order_carryover,f142088f68ffae0501ab8de7e323efb430c2912e83fc68ef048bfb8276401870,1,1,0,1,5,5,proof-seed-16,proof-seed-16,"[""proof-seed-0"",""proof-seed-4"",""baseline"",""proof-seed-8"",""proof-seed-32"",""proof-seed-16""]",parser_inclusive_subprocess_wall_clock,1,unsat,1.671228290,0,0,0,,,"unsat
",,"[""/net/scratch/hscra/plgrid/plgnasqret/codex-control/projects/euf-viper/runs/20260727T113307Z-proof-seed-qg7-2d4a372/target/release/euf-viper"",""fabric-solve"",""--engine"",""quotient-portfolio"",""/net/scratch/hscra/plgrid/plgnasqret/codex-control/projects/euf-viper/corpora/9b39c70a794d52277a4e5d83731f0ebc50a2f3b804eb1dfc8cf32766a5ebeadc/smtlib-2025/QF_UF/QF_UF/QG-classification/qg7/gensys_icl002.smt2""]"
48,1,7035,QF_UF/QG-classification/qg7/gensys_icl002.smt2,ea97848482057ed53c6551446efc26b8cfbb41d7c804b478fbf361d2b8e76b89,811783,unsat,1,williams_first_order_carryover,f142088f68ffae0501ab8de7e323efb430c2912e83fc68ef048bfb8276401870,2,2,0,2,0,0,proof-seed-4,proof-seed-4,"[""proof-seed-4"",""proof-seed-8"",""proof-seed-0"",""proof-seed-16"",""baseline"",""proof-seed-32""]",parser_inclusive_subprocess_wall_clock,1,unsat,1.617050596,0,0,0,,,"unsat
",,"[""/net/scratch/hscra/plgrid/plgnasqret/codex-control/projects/euf-viper/runs/20260727T113307Z-proof-seed-qg7-2d4a372/target/release/euf-viper"",""fabric-solve"",""--engine"",""quotient-portfolio"",""/net/scratch/hscra/plgrid/plgnasqret/codex-control/projects/euf-viper/corpora/9b39c70a794d52277a4e5d83731f0ebc50a2f3b804eb1dfc8cf32766a5ebeadc/smtlib-2025/QF_UF/QF_UF/QG-classification/qg7/gensys_icl002.smt2""]"
49,1,7035,QF_UF/QG-classification/qg7/gensys_icl002.smt2,ea97848482057ed53c6551446efc26b8cfbb41d7c804b478fbf361d2b8e76b89,811783,unsat,1,williams_first_order_carryover,f142088f68ffae0501ab8de7e323efb430c2912e83fc68ef048bfb8276401870,2,2,0,2,1,1,proof-seed-8,proof-seed-8,"[""proof-seed-4"",""proof-seed-8"",""proof-seed-0"",""proof-seed-16"",""baseline"",""proof-seed-32""]",parser_inclusive_subprocess_wall_clock,1,unsat,1.602044818,0,0,0,,,"unsat
",,"[""/net/scratch/hscra/plgrid/plgnasqret/codex-control/projects/euf-viper/runs/20260727T113307Z-proof-seed-qg7-2d4a372/target/release/euf-viper"",""fabric-solve"",""--engine"",""quotient-portfolio"",""/net/scratch/hscra/plgrid/plgnasqret/codex-control/projects/euf-viper/corpora/9b39c70a794d52277a4e5d83731f0ebc50a2f3b804eb1dfc8cf32766a5ebeadc/smtlib-2025/QF_UF/QF_UF/QG-classification/qg7/gensys_icl002.smt2""]"
50,1,7035,QF_UF/QG-classification/qg7/gensys_icl002.smt2,ea97848482057ed53c6551446efc26b8cfbb41d7c804b478fbf361d2b8e76b89,811783,unsat,1,williams_first_order_carryover,f142088f68ffae0501ab8de7e323efb430c2912e83fc68ef048bfb8276401870,2,2,0,2,2,2,proof-seed-0,proof-seed-0,"[""proof-seed-4"",""proof-seed-8"",""proof-seed-0"",""proof-seed-16"",""baseline"",""proof-seed-32""]",parser_inclusive_subprocess_wall_clock,1,unsat,1.588471476,0,0,0,,,"unsat
",,"[""/net/scratch/hscra/plgrid/plgnasqret/codex-control/projects/euf-viper/runs/20260727T113307Z-proof-seed-qg7-2d4a372/target/release/euf-viper"",""fabric-solve"",""--engine"",""quotient-portfolio"",""/net/scratch/hscra/plgrid/plgnasqret/codex-control/projects/euf-viper/corpora/9b39c70a794d52277a4e5d83731f0ebc50a2f3b804eb1dfc8cf32766a5ebeadc/smtlib-2025/QF_UF/QF_UF/QG-classification/qg7/gensys_icl002.smt2""]"
51,1,7035,QF_UF/QG-classification/qg7/gensys_icl002.smt2,ea97848482057ed53c6551446efc26b8cfbb41d7c804b478fbf361d2b8e76b89,811783,unsat,1,williams_first_order_carryover,f142088f68ffae0501ab8de7e323efb430c2912e83fc68ef048bfb8276401870,2,2,0,2,3,3,proof-seed-16,proof-seed-16,"[""proof-seed-4"",""proof-seed-8"",""proof-seed-0"",""proof-seed-16"",""baseline"",""proof-seed-32""]",parser_inclusive_subprocess_wall_clock,1,unsat,1.653693158,0,0,0,,,"unsat
",,"[""/net/scratch/hscra/plgrid/plgnasqret/codex-control/projects/euf-viper/runs/20260727T113307Z-proof-seed-qg7-2d4a372/target/release/euf-viper"",""fabric-solve"",""--engine"",""quotient-portfolio"",""/net/scratch/hscra/plgrid/plgnasqret/codex-control/projects/euf-viper/corpora/9b39c70a794d52277a4e5d83731f0ebc50a2f3b804eb1dfc8cf32766a5ebeadc/smtlib-2025/QF_UF/QF_UF/QG-classification/qg7/gensys_icl002.smt2""]"
52,1,7035,QF_UF/QG-classification/qg7/gensys_icl002.smt2,ea97848482057ed53c6551446efc26b8cfbb41d7c804b478fbf361d2b8e76b89,811783,unsat,1,williams_first_order_carryover,f142088f68ffae0501ab8de7e323efb430c2912e83fc68ef048bfb8276401870,2,2,0,2,4,4,baseline,baseline,"[""proof-seed-4"",""proof-seed-8"",""proof-seed-0"",""proof-seed-16"",""baseline"",""proof-seed-32""]",parser_inclusive_subprocess_wall_clock,1,timeout,2.005774255,124,-9,1,timeout,exceeded 2 seconds,,,"[""/net/scratch/hscra/plgrid/plgnasqret/codex-control/projects/euf-viper/runs/20260727T113307Z-proof-seed-qg7-2d4a372/target/release/euf-viper"",""fabric-solve"",""--engine"",""quotient-portfolio"",""/net/scratch/hscra/plgrid/plgnasqret/codex-control/projects/euf-viper/corpora/9b39c70a794d52277a4e5d83731f0ebc50a2f3b804eb1dfc8cf32766a5ebeadc/smtlib-2025/QF_UF/QF_UF/QG-classification/qg7/gensys_icl002.smt2""]"
53,1,7035,QF_UF/QG-classification/qg7/gensys_icl002.smt2,ea97848482057ed53c6551446efc26b8cfbb41d7c804b478fbf361d2b8e76b89,811783,unsat,1,williams_first_order_carryover,f142088f68ffae0501ab8de7e323efb430c2912e83fc68ef048bfb8276401870,2,2,0,2,5,5,proof-seed-32,proof-seed-32,"[""proof-seed-4"",""proof-seed-8"",""proof-seed-0"",""proof-seed-16"",""baseline"",""proof-seed-32""]",parser_inclusive_subprocess_wall_clock,1,unsat,1.679329062,0,0,0,,,"unsat
",,"[""/net/scratch/hscra/plgrid/plgnasqret/codex-control/projects/euf-viper/runs/20260727T113307Z-proof-seed-qg7-2d4a372/target/release/euf-viper"",""fabric-solve"",""--engine"",""quotient-portfolio"",""/net/scratch/hscra/plgrid/plgnasqret/codex-control/projects/euf-viper/corpora/9b39c70a794d52277a4e5d83731f0ebc50a2f3b804eb1dfc8cf32766a5ebeadc/smtlib-2025/QF_UF/QF_UF/QG-classification/qg7/gensys_icl002.smt2""]"
54,1,7035,QF_UF/QG-classification/qg7/gensys_icl002.smt2,ea97848482057ed53c6551446efc26b8cfbb41d7c804b478fbf361d2b8e76b89,811783,unsat,1,williams_first_order_carryover,f142088f68ffae0501ab8de7e323efb430c2912e83fc68ef048bfb8276401870,3,3,0,3,0,0,proof-seed-8,proof-seed-8,"[""proof-seed-8"",""proof-seed-16"",""proof-seed-4"",""proof-seed-32"",""proof-seed-0"",""baseline""]",parser_inclusive_subprocess_wall_clock,1,unsat,1.554224273,0,0,0,,,"unsat
",,"[""/net/scratch/hscra/plgrid/plgnasqret/codex-control/projects/euf-viper/runs/20260727T113307Z-proof-seed-qg7-2d4a372/target/release/euf-viper"",""fabric-solve"",""--engine"",""quotient-portfolio"",""/net/scratch/hscra/plgrid/plgnasqret/codex-control/projects/euf-viper/corpora/9b39c70a794d52277a4e5d83731f0ebc50a2f3b804eb1dfc8cf32766a5ebeadc/smtlib-2025/QF_UF/QF_UF/QG-classification/qg7/gensys_icl002.smt2""]"
55,1,7035,QF_UF/QG-classification/qg7/gensys_icl002.smt2,ea97848482057ed53c6551446efc26b8cfbb41d7c804b478fbf361d2b8e76b89,811783,unsat,1,williams_first_order_carryover,f142088f68ffae0501ab8de7e323efb430c2912e83fc68ef048bfb8276401870,3,3,0,3,1,1,proof-seed-16,proof-seed-16,"[""proof-seed-8"",""proof-seed-16"",""proof-seed-4"",""proof-seed-32"",""proof-seed-0"",""baseline""]",parser_inclusive_subprocess_wall_clock,1,unsat,1.636592921,0,0,0,,,"unsat
",,"[""/net/scratch/hscra/plgrid/plgnasqret/codex-control/projects/euf-viper/runs/20260727T113307Z-proof-seed-qg7-2d4a372/target/release/euf-viper"",""fabric-solve"",""--engine"",""quotient-portfolio"",""/net/scratch/hscra/plgrid/plgnasqret/codex-control/projects/euf-viper/corpora/9b39c70a794d52277a4e5d83731f0ebc50a2f3b804eb1dfc8cf32766a5ebeadc/smtlib-2025/QF_UF/QF_UF/QG-classification/qg7/gensys_icl002.smt2""]"
56,1,7035,QF_UF/QG-classification/qg7/gensys_icl002.smt2,ea97848482057ed53c6551446efc26b8cfbb41d7c804b478fbf361d2b8e76b89,811783,unsat,1,williams_first_order_carryover,f142088f68ffae0501ab8de7e323efb430c2912e83fc68ef048bfb8276401870,3,3,0,3,2,2,proof-seed-4,proof-seed-4,"[""proof-seed-8"",""proof-seed-16"",""proof-seed-4"",""proof-seed-32"",""proof-seed-0"",""baseline""]",parser_inclusive_subprocess_wall_clock,1,unsat,1.565335794,0,0,0,,,"unsat
",,"[""/net/scratch/hscra/plgrid/plgnasqret/codex-control/projects/euf-viper/runs/20260727T113307Z-proof-seed-qg7-2d4a372/target/release/euf-viper"",""fabric-solve"",""--engine"",""quotient-portfolio"",""/net/scratch/hscra/plgrid/plgnasqret/codex-control/projects/euf-viper/corpora/9b39c70a794d52277a4e5d83731f0ebc50a2f3b804eb1dfc8cf32766a5ebeadc/smtlib-2025/QF_UF/QF_UF/QG-classification/qg7/gensys_icl002.smt2""]"
57,1,7035,QF_UF/QG-classification/qg7/gensys_icl002.smt2,ea97848482057ed53c6551446efc26b8cfbb41d7c804b478fbf361d2b8e76b89,811783,unsat,1,williams_first_order_carryover,f142088f68ffae0501ab8de7e323efb430c2912e83fc68ef048bfb8276401870,3,3,0,3,3,3,proof-seed-32,proof-seed-32,"[""proof-seed-8"",""proof-seed-16"",""proof-seed-4"",""proof-seed-32"",""proof-seed-0"",""baseline""]",parser_inclusive_subprocess_wall_clock,1,unsat,1.661051513,0,0,0,,,"unsat
",,"[""/net/scratch/hscra/plgrid/plgnasqret/codex-control/projects/euf-viper/runs/20260727T113307Z-proof-seed-qg7-2d4a372/target/release/euf-viper"",""fabric-solve"",""--engine"",""quotient-portfolio"",""/net/scratch/hscra/plgrid/plgnasqret/codex-control/projects/euf-viper/corpora/9b39c70a794d52277a4e5d83731f0ebc50a2f3b804eb1dfc8cf32766a5ebeadc/smtlib-2025/QF_UF/QF_UF/QG-classification/qg7/gensys_icl002.smt2""]"
58,1,7035,QF_UF/QG-classification/qg7/gensys_icl002.smt2,ea97848482057ed53c6551446efc26b8cfbb41d7c804b478fbf361d2b8e76b89,811783,unsat,1,williams_first_order_carryover,f142088f68ffae0501ab8de7e323efb430c2912e83fc68ef048bfb8276401870,3,3,0,3,4,4,proof-seed-0,proof-seed-0,"[""proof-seed-8"",""proof-seed-16"",""proof-seed-4"",""proof-seed-32"",""proof-seed-0"",""baseline""]",parser_inclusive_subprocess_wall_clock,1,unsat,1.579908786,0,0,0,,,"unsat
",,"[""/net/scratch/hscra/plgrid/plgnasqret/codex-control/projects/euf-viper/runs/20260727T113307Z-proof-seed-qg7-2d4a372/target/release/euf-viper"",""fabric-solve"",""--engine"",""quotient-portfolio"",""/net/scratch/hscra/plgrid/plgnasqret/codex-control/projects/euf-viper/corpora/9b39c70a794d52277a4e5d83731f0ebc50a2f3b804eb1dfc8cf32766a5ebeadc/smtlib-2025/QF_UF/QF_UF/QG-classification/qg7/gensys_icl002.smt2""]"
59,1,7035,QF_UF/QG-classification/qg7/gensys_icl002.smt2,ea97848482057ed53c6551446efc26b8cfbb41d7c804b478fbf361d2b8e76b89,811783,unsat,1,williams_first_order_carryover,f142088f68ffae0501ab8de7e323efb430c2912e83fc68ef048bfb8276401870,3,3,0,3,5,5,baseline,baseline,"[""proof-seed-8"",""proof-seed-16"",""proof-seed-4"",""proof-seed-32"",""proof-seed-0"",""baseline""]",parser_inclusive_subprocess_wall_clock,1,timeout,2.006381752,124,-9,1,timeout,exceeded 2 seconds,,,"[""/net/scratch/hscra/plgrid/plgnasqret/codex-control/projects/euf-viper/runs/20260727T113307Z-proof-seed-qg7-2d4a372/target/release/euf-viper"",""fabric-solve"",""--engine"",""quotient-portfolio"",""/net/scratch/hscra/plgrid/plgnasqret/codex-control/projects/euf-viper/corpora/9b39c70a794d52277a4e5d83731f0ebc50a2f3b804eb1dfc8cf32766a5ebeadc/smtlib-2025/QF_UF/QF_UF/QG-classification/qg7/gensys_icl002.smt2""]"
60,1,7035,QF_UF/QG-classification/qg7/gensys_icl002.smt2,ea97848482057ed53c6551446efc26b8cfbb41d7c804b478fbf361d2b8e76b89,811783,unsat,1,williams_first_order_carryover,f142088f68ffae0501ab8de7e323efb430c2912e83fc68ef048bfb8276401870,4,4,0,4,0,0,proof-seed-16,proof-seed-16,"[""proof-seed-16"",""proof-seed-32"",""proof-seed-8"",""baseline"",""proof-seed-4"",""proof-seed-0""]",parser_inclusive_subprocess_wall_clock,1,unsat,1.630741607,0,0,0,,,"unsat
",,"[""/net/scratch/hscra/plgrid/plgnasqret/codex-control/projects/euf-viper/runs/20260727T113307Z-proof-seed-qg7-2d4a372/target/release/euf-viper"",""fabric-solve"",""--engine"",""quotient-portfolio"",""/net/scratch/hscra/plgrid/plgnasqret/codex-control/projects/euf-viper/corpora/9b39c70a794d52277a4e5d83731f0ebc50a2f3b804eb1dfc8cf32766a5ebeadc/smtlib-2025/QF_UF/QF_UF/QG-classification/qg7/gensys_icl002.smt2""]"
61,1,7035,QF_UF/QG-classification/qg7/gensys_icl002.smt2,ea97848482057ed53c6551446efc26b8cfbb41d7c804b478fbf361d2b8e76b89,811783,unsat,1,williams_first_order_carryover,f142088f68ffae0501ab8de7e323efb430c2912e83fc68ef048bfb8276401870,4,4,0,4,1,1,proof-seed-32,proof-seed-32,"[""proof-seed-16"",""proof-seed-32"",""proof-seed-8"",""baseline"",""proof-seed-4"",""proof-seed-0""]",parser_inclusive_subprocess_wall_clock,1,unsat,1.666902410,0,0,0,,,"unsat
",,"[""/net/scratch/hscra/plgrid/plgnasqret/codex-control/projects/euf-viper/runs/20260727T113307Z-proof-seed-qg7-2d4a372/target/release/euf-viper"",""fabric-solve"",""--engine"",""quotient-portfolio"",""/net/scratch/hscra/plgrid/plgnasqret/codex-control/projects/euf-viper/corpora/9b39c70a794d52277a4e5d83731f0ebc50a2f3b804eb1dfc8cf32766a5ebeadc/smtlib-2025/QF_UF/QF_UF/QG-classification/qg7/gensys_icl002.smt2""]"
62,1,7035,QF_UF/QG-classification/qg7/gensys_icl002.smt2,ea97848482057ed53c6551446efc26b8cfbb41d7c804b478fbf361d2b8e76b89,811783,unsat,1,williams_first_order_carryover,f142088f68ffae0501ab8de7e323efb430c2912e83fc68ef048bfb8276401870,4,4,0,4,2,2,proof-seed-8,proof-seed-8,"[""proof-seed-16"",""proof-seed-32"",""proof-seed-8"",""baseline"",""proof-seed-4"",""proof-seed-0""]",parser_inclusive_subprocess_wall_clock,1,unsat,1.563734338,0,0,0,,,"unsat
",,"[""/net/scratch/hscra/plgrid/plgnasqret/codex-control/projects/euf-viper/runs/20260727T113307Z-proof-seed-qg7-2d4a372/target/release/euf-viper"",""fabric-solve"",""--engine"",""quotient-portfolio"",""/net/scratch/hscra/plgrid/plgnasqret/codex-control/projects/euf-viper/corpora/9b39c70a794d52277a4e5d83731f0ebc50a2f3b804eb1dfc8cf32766a5ebeadc/smtlib-2025/QF_UF/QF_UF/QG-classification/qg7/gensys_icl002.smt2""]"
63,1,7035,QF_UF/QG-classification/qg7/gensys_icl002.smt2,ea97848482057ed53c6551446efc26b8cfbb41d7c804b478fbf361d2b8e76b89,811783,unsat,1,williams_first_order_carryover,f142088f68ffae0501ab8de7e323efb430c2912e83fc68ef048bfb8276401870,4,4,0,4,3,3,baseline,baseline,"[""proof-seed-16"",""proof-seed-32"",""proof-seed-8"",""baseline"",""proof-seed-4"",""proof-seed-0""]",parser_inclusive_subprocess_wall_clock,1,timeout,2.006319813,124,-9,1,timeout,exceeded 2 seconds,,,"[""/net/scratch/hscra/plgrid/plgnasqret/codex-control/projects/euf-viper/runs/20260727T113307Z-proof-seed-qg7-2d4a372/target/release/euf-viper"",""fabric-solve"",""--engine"",""quotient-portfolio"",""/net/scratch/hscra/plgrid/plgnasqret/codex-control/projects/euf-viper/corpora/9b39c70a794d52277a4e5d83731f0ebc50a2f3b804eb1dfc8cf32766a5ebeadc/smtlib-2025/QF_UF/QF_UF/QG-classification/qg7/gensys_icl002.smt2""]"
64,1,7035,QF_UF/QG-classification/qg7/gensys_icl002.smt2,ea97848482057ed53c6551446efc26b8cfbb41d7c804b478fbf361d2b8e76b89,811783,unsat,1,williams_first_order_carryover,f142088f68ffae0501ab8de7e323efb430c2912e83fc68ef048bfb8276401870,4,4,0,4,4,4,proof-seed-4,proof-seed-4,"[""proof-seed-16"",""proof-seed-32"",""proof-seed-8"",""baseline"",""proof-seed-4"",""proof-seed-0""]",parser_inclusive_subprocess_wall_clock,1,unsat,1.571288542,0,0,0,,,"unsat
",,"[""/net/scratch/hscra/plgrid/plgnasqret/codex-control/projects/euf-viper/runs/20260727T113307Z-proof-seed-qg7-2d4a372/target/release/euf-viper"",""fabric-solve"",""--engine"",""quotient-portfolio"",""/net/scratch/hscra/plgrid/plgnasqret/codex-control/projects/euf-viper/corpora/9b39c70a794d52277a4e5d83731f0ebc50a2f3b804eb1dfc8cf32766a5ebeadc/smtlib-2025/QF_UF/QF_UF/QG-classification/qg7/gensys_icl002.smt2""]"
65,1,7035,QF_UF/QG-classification/qg7/gensys_icl002.smt2,ea97848482057ed53c6551446efc26b8cfbb41d7c804b478fbf361d2b8e76b89,811783,unsat,1,williams_first_order_carryover,f142088f68ffae0501ab8de7e323efb430c2912e83fc68ef048bfb8276401870,4,4,0,4,5,5,proof-seed-0,proof-seed-0,"[""proof-seed-16"",""proof-seed-32"",""proof-seed-8"",""baseline"",""proof-seed-4"",""proof-seed-0""]",parser_inclusive_subprocess_wall_clock,1,unsat,1.603328319,0,0,0,,,"unsat
",,"[""/net/scratch/hscra/plgrid/plgnasqret/codex-control/projects/euf-viper/runs/20260727T113307Z-proof-seed-qg7-2d4a372/target/release/euf-viper"",""fabric-solve"",""--engine"",""quotient-portfolio"",""/net/scratch/hscra/plgrid/plgnasqret/codex-control/projects/euf-viper/corpora/9b39c70a794d52277a4e5d83731f0ebc50a2f3b804eb1dfc8cf32766a5ebeadc/smtlib-2025/QF_UF/QF_UF/QG-classification/qg7/gensys_icl002.smt2""]"
66,1,7035,QF_UF/QG-classification/qg7/gensys_icl002.smt2,ea97848482057ed53c6551446efc26b8cfbb41d7c804b478fbf361d2b8e76b89,811783,unsat,1,williams_first_order_carryover,f142088f68ffae0501ab8de7e323efb430c2912e83fc68ef048bfb8276401870,5,5,0,5,0,0,proof-seed-32,proof-seed-32,"[""proof-seed-32"",""baseline"",""proof-seed-16"",""proof-seed-0"",""proof-seed-8"",""proof-seed-4""]",parser_inclusive_subprocess_wall_clock,1,unsat,1.709194854,0,0,0,,,"unsat
",,"[""/net/scratch/hscra/plgrid/plgnasqret/codex-control/projects/euf-viper/runs/20260727T113307Z-proof-seed-qg7-2d4a372/target/release/euf-viper"",""fabric-solve"",""--engine"",""quotient-portfolio"",""/net/scratch/hscra/plgrid/plgnasqret/codex-control/projects/euf-viper/corpora/9b39c70a794d52277a4e5d83731f0ebc50a2f3b804eb1dfc8cf32766a5ebeadc/smtlib-2025/QF_UF/QF_UF/QG-classification/qg7/gensys_icl002.smt2""]"
67,1,7035,QF_UF/QG-classification/qg7/gensys_icl002.smt2,ea97848482057ed53c6551446efc26b8cfbb41d7c804b478fbf361d2b8e76b89,811783,unsat,1,williams_first_order_carryover,f142088f68ffae0501ab8de7e323efb430c2912e83fc68ef048bfb8276401870,5,5,0,5,1,1,baseline,baseline,"[""proof-seed-32"",""baseline"",""proof-seed-16"",""proof-seed-0"",""proof-seed-8"",""proof-seed-4""]",parser_inclusive_subprocess_wall_clock,1,timeout,2.006031496,124,-9,1,timeout,exceeded 2 seconds,,,"[""/net/scratch/hscra/plgrid/plgnasqret/codex-control/projects/euf-viper/runs/20260727T113307Z-proof-seed-qg7-2d4a372/target/release/euf-viper"",""fabric-solve"",""--engine"",""quotient-portfolio"",""/net/scratch/hscra/plgrid/plgnasqret/codex-control/projects/euf-viper/corpora/9b39c70a794d52277a4e5d83731f0ebc50a2f3b804eb1dfc8cf32766a5ebeadc/smtlib-2025/QF_UF/QF_UF/QG-classification/qg7/gensys_icl002.smt2""]"
68,1,7035,QF_UF/QG-classification/qg7/gensys_icl002.smt2,ea97848482057ed53c6551446efc26b8cfbb41d7c804b478fbf361d2b8e76b89,811783,unsat,1,williams_first_order_carryover,f142088f68ffae0501ab8de7e323efb430c2912e83fc68ef048bfb8276401870,5,5,0,5,2,2,proof-seed-16,proof-seed-16,"[""proof-seed-32"",""baseline"",""proof-seed-16"",""proof-seed-0"",""proof-seed-8"",""proof-seed-4""]",parser_inclusive_subprocess_wall_clock,1,unsat,1.660512119,0,0,0,,,"unsat
",,"[""/net/scratch/hscra/plgrid/plgnasqret/codex-control/projects/euf-viper/runs/20260727T113307Z-proof-seed-qg7-2d4a372/target/release/euf-viper"",""fabric-solve"",""--engine"",""quotient-portfolio"",""/net/scratch/hscra/plgrid/plgnasqret/codex-control/projects/euf-viper/corpora/9b39c70a794d52277a4e5d83731f0ebc50a2f3b804eb1dfc8cf32766a5ebeadc/smtlib-2025/QF_UF/QF_UF/QG-classification/qg7/gensys_icl002.smt2""]"
69,1,7035,QF_UF/QG-classification/qg7/gensys_icl002.smt2,ea97848482057ed53c6551446efc26b8cfbb41d7c804b478fbf361d2b8e76b89,811783,unsat,1,williams_first_order_carryover,f142088f68ffae0501ab8de7e323efb430c2912e83fc68ef048bfb8276401870,5,5,0,5,3,3,proof-seed-0,proof-seed-0,"[""proof-seed-32"",""baseline"",""proof-seed-16"",""proof-seed-0"",""proof-seed-8"",""proof-seed-4""]",parser_inclusive_subprocess_wall_clock,1,unsat,1.594540309,0,0,0,,,"unsat
",,"[""/net/scratch/hscra/plgrid/plgnasqret/codex-control/projects/euf-viper/runs/20260727T113307Z-proof-seed-qg7-2d4a372/target/release/euf-viper"",""fabric-solve"",""--engine"",""quotient-portfolio"",""/net/scratch/hscra/plgrid/plgnasqret/codex-control/projects/euf-viper/corpora/9b39c70a794d52277a4e5d83731f0ebc50a2f3b804eb1dfc8cf32766a5ebeadc/smtlib-2025/QF_UF/QF_UF/QG-classification/qg7/gensys_icl002.smt2""]"
70,1,7035,QF_UF/QG-classification/qg7/gensys_icl002.smt2,ea97848482057ed53c6551446efc26b8cfbb41d7c804b478fbf361d2b8e76b89,811783,unsat,1,williams_first_order_carryover,f142088f68ffae0501ab8de7e323efb430c2912e83fc68ef048bfb8276401870,5,5,0,5,4,4,proof-seed-8,proof-seed-8,"[""proof-seed-32"",""baseline"",""proof-seed-16"",""proof-seed-0"",""proof-seed-8"",""proof-seed-4""]",parser_inclusive_subprocess_wall_clock,1,unsat,1.585940079,0,0,0,,,"unsat
",,"[""/net/scratch/hscra/plgrid/plgnasqret/codex-control/projects/euf-viper/runs/20260727T113307Z-proof-seed-qg7-2d4a372/target/release/euf-viper"",""fabric-solve"",""--engine"",""quotient-portfolio"",""/net/scratch/hscra/plgrid/plgnasqret/codex-control/projects/euf-viper/corpora/9b39c70a794d52277a4e5d83731f0ebc50a2f3b804eb1dfc8cf32766a5ebeadc/smtlib-2025/QF_UF/QF_UF/QG-classification/qg7/gensys_icl002.smt2""]"
71,1,7035,QF_UF/QG-classification/qg7/gensys_icl002.smt2,ea97848482057ed53c6551446efc26b8cfbb41d7c804b478fbf361d2b8e76b89,811783,unsat,1,williams_first_order_carryover,f142088f68ffae0501ab8de7e323efb430c2912e83fc68ef048bfb8276401870,5,5,0,5,5,5,proof-seed-4,proof-seed-4,"[""proof-seed-32"",""baseline"",""proof-seed-16"",""proof-seed-0"",""proof-seed-8"",""proof-seed-4""]",parser_inclusive_subprocess_wall_clock,1,unsat,1.610858716,0,0,0,,,"unsat
",,"[""/net/scratch/hscra/plgrid/plgnasqret/codex-control/projects/euf-viper/runs/20260727T113307Z-proof-seed-qg7-2d4a372/target/release/euf-viper"",""fabric-solve"",""--engine"",""quotient-portfolio"",""/net/scratch/hscra/plgrid/plgnasqret/codex-control/projects/euf-viper/corpora/9b39c70a794d52277a4e5d83731f0ebc50a2f3b804eb1dfc8cf32766a5ebeadc/smtlib-2025/QF_UF/QF_UF/QG-classification/qg7/gensys_icl002.smt2""]"
72,2,7101,QF_UF/QG-classification/qg7/iso_brn_nogen001.smt2,993c3df356e4ce615de3135075e8e991e5b056b589feae5fa403ebaeeff4f226,6008083,sat,1,williams_first_order_carryover,f142088f68ffae0501ab8de7e323efb430c2912e83fc68ef048bfb8276401870,0,0,0,0,0,0,baseline,baseline,"[""baseline"",""proof-seed-0"",""proof-seed-32"",""proof-seed-4"",""proof-seed-16"",""proof-seed-8""]",parser_inclusive_subprocess_wall_clock,1,sat,0.321653208,0,0,0,,,"sat
",,"[""/net/scratch/hscra/plgrid/plgnasqret/codex-control/projects/euf-viper/runs/20260727T113307Z-proof-seed-qg7-2d4a372/target/release/euf-viper"",""fabric-solve"",""--engine"",""quotient-portfolio"",""/net/scratch/hscra/plgrid/plgnasqret/codex-control/projects/euf-viper/corpora/9b39c70a794d52277a4e5d83731f0ebc50a2f3b804eb1dfc8cf32766a5ebeadc/smtlib-2025/QF_UF/QF_UF/QG-classification/qg7/iso_brn_nogen001.smt2""]"
73,2,7101,QF_UF/QG-classification/qg7/iso_brn_nogen001.smt2,993c3df356e4ce615de3135075e8e991e5b056b589feae5fa403ebaeeff4f226,6008083,sat,1,williams_first_order_carryover,f142088f68ffae0501ab8de7e323efb430c2912e83fc68ef048bfb8276401870,0,0,0,0,1,1,proof-seed-0,proof-seed-0,"[""baseline"",""proof-seed-0"",""proof-seed-32"",""proof-seed-4"",""proof-seed-16"",""proof-seed-8""]",parser_inclusive_subprocess_wall_clock,1,sat,0.311471792,0,0,0,,,"sat
",,"[""/net/scratch/hscra/plgrid/plgnasqret/codex-control/projects/euf-viper/runs/20260727T113307Z-proof-seed-qg7-2d4a372/target/release/euf-viper"",""fabric-solve"",""--engine"",""quotient-portfolio"",""/net/scratch/hscra/plgrid/plgnasqret/codex-control/projects/euf-viper/corpora/9b39c70a794d52277a4e5d83731f0ebc50a2f3b804eb1dfc8cf32766a5ebeadc/smtlib-2025/QF_UF/QF_UF/QG-classification/qg7/iso_brn_nogen001.smt2""]"
74,2,7101,QF_UF/QG-classification/qg7/iso_brn_nogen001.smt2,993c3df356e4ce615de3135075e8e991e5b056b589feae5fa403ebaeeff4f226,6008083,sat,1,williams_first_order_carryover,f142088f68ffae0501ab8de7e323efb430c2912e83fc68ef048bfb8276401870,0,0,0,0,2,2,proof-seed-32,proof-seed-32,"[""baseline"",""proof-seed-0"",""proof-seed-32"",""proof-seed-4"",""proof-seed-16"",""proof-seed-8""]",parser_inclusive_subprocess_wall_clock,1,sat,0.313903965,0,0,0,,,"sat
",,"[""/net/scratch/hscra/plgrid/plgnasqret/codex-control/projects/euf-viper/runs/20260727T113307Z-proof-seed-qg7-2d4a372/target/release/euf-viper"",""fabric-solve"",""--engine"",""quotient-portfolio"",""/net/scratch/hscra/plgrid/plgnasqret/codex-control/projects/euf-viper/corpora/9b39c70a794d52277a4e5d83731f0ebc50a2f3b804eb1dfc8cf32766a5ebeadc/smtlib-2025/QF_UF/QF_UF/QG-classification/qg7/iso_brn_nogen001.smt2""]"
75,2,7101,QF_UF/QG-classification/qg7/iso_brn_nogen001.smt2,993c3df356e4ce615de3135075e8e991e5b056b589feae5fa403ebaeeff4f226,6008083,sat,1,williams_first_order_carryover,f142088f68ffae0501ab8de7e323efb430c2912e83fc68ef048bfb8276401870,0,0,0,0,3,3,proof-seed-4,proof-seed-4,"[""baseline"",""proof-seed-0"",""proof-seed-32"",""proof-seed-4"",""proof-seed-16"",""proof-seed-8""]",parser_inclusive_subprocess_wall_clock,1,sat,0.318673829,0,0,0,,,"sat
",,"[""/net/scratch/hscra/plgrid/plgnasqret/codex-control/projects/euf-viper/runs/20260727T113307Z-proof-seed-qg7-2d4a372/target/release/euf-viper"",""fabric-solve"",""--engine"",""quotient-portfolio"",""/net/scratch/hscra/plgrid/plgnasqret/codex-control/projects/euf-viper/corpora/9b39c70a794d52277a4e5d83731f0ebc50a2f3b804eb1dfc8cf32766a5ebeadc/smtlib-2025/QF_UF/QF_UF/QG-classification/qg7/iso_brn_nogen001.smt2""]"
76,2,7101,QF_UF/QG-classification/qg7/iso_brn_nogen001.smt2,993c3df356e4ce615de3135075e8e991e5b056b589feae5fa403ebaeeff4f226,6008083,sat,1,williams_first_order_carryover,f142088f68ffae0501ab8de7e323efb430c2912e83fc68ef048bfb8276401870,0,0,0,0,4,4,proof-seed-16,proof-seed-16,"[""baseline"",""proof-seed-0"",""proof-seed-32"",""proof-seed-4"",""proof-seed-16"",""proof-seed-8""]",parser_inclusive_subprocess_wall_clock,1,sat,0.312028274,0,0,0,,,"sat
",,"[""/net/scratch/hscra/plgrid/plgnasqret/codex-control/projects/euf-viper/runs/20260727T113307Z-proof-seed-qg7-2d4a372/target/release/euf-viper"",""fabric-solve"",""--engine"",""quotient-portfolio"",""/net/scratch/hscra/plgrid/plgnasqret/codex-control/projects/euf-viper/corpora/9b39c70a794d52277a4e5d83731f0ebc50a2f3b804eb1dfc8cf32766a5ebeadc/smtlib-2025/QF_UF/QF_UF/QG-classification/qg7/iso_brn_nogen001.smt2""]"
77,2,7101,QF_UF/QG-classification/qg7/iso_brn_nogen001.smt2,993c3df356e4ce615de3135075e8e991e5b056b589feae5fa403ebaeeff4f226,6008083,sat,1,williams_first_order_carryover,f142088f68ffae0501ab8de7e323efb430c2912e83fc68ef048bfb8276401870,0,0,0,0,5,5,proof-seed-8,proof-seed-8,"[""baseline"",""proof-seed-0"",""proof-seed-32"",""proof-seed-4"",""proof-seed-16"",""proof-seed-8""]",parser_inclusive_subprocess_wall_clock,1,sat,0.313567481,0,0,0,,,"sat
",,"[""/net/scratch/hscra/plgrid/plgnasqret/codex-control/projects/euf-viper/runs/20260727T113307Z-proof-seed-qg7-2d4a372/target/release/euf-viper"",""fabric-solve"",""--engine"",""quotient-portfolio"",""/net/scratch/hscra/plgrid/plgnasqret/codex-control/projects/euf-viper/corpora/9b39c70a794d52277a4e5d83731f0ebc50a2f3b804eb1dfc8cf32766a5ebeadc/smtlib-2025/QF_UF/QF_UF/QG-classification/qg7/iso_brn_nogen001.smt2""]"
78,2,7101,QF_UF/QG-classification/qg7/iso_brn_nogen001.smt2,993c3df356e4ce615de3135075e8e991e5b056b589feae5fa403ebaeeff4f226,6008083,sat,1,williams_first_order_carryover,f142088f68ffae0501ab8de7e323efb430c2912e83fc68ef048bfb8276401870,1,1,0,1,0,0,proof-seed-0,proof-seed-0,"[""proof-seed-0"",""proof-seed-4"",""baseline"",""proof-seed-8"",""proof-seed-32"",""proof-seed-16""]",parser_inclusive_subprocess_wall_clock,1,sat,0.312321629,0,0,0,,,"sat
",,"[""/net/scratch/hscra/plgrid/plgnasqret/codex-control/projects/euf-viper/runs/20260727T113307Z-proof-seed-qg7-2d4a372/target/release/euf-viper"",""fabric-solve"",""--engine"",""quotient-portfolio"",""/net/scratch/hscra/plgrid/plgnasqret/codex-control/projects/euf-viper/corpora/9b39c70a794d52277a4e5d83731f0ebc50a2f3b804eb1dfc8cf32766a5ebeadc/smtlib-2025/QF_UF/QF_UF/QG-classification/qg7/iso_brn_nogen001.smt2""]"
79,2,7101,QF_UF/QG-classification/qg7/iso_brn_nogen001.smt2,993c3df356e4ce615de3135075e8e991e5b056b589feae5fa403ebaeeff4f226,6008083,sat,1,williams_first_order_carryover,f142088f68ffae0501ab8de7e323efb430c2912e83fc68ef048bfb8276401870,1,1,0,1,1,1,proof-seed-4,proof-seed-4,"[""proof-seed-0"",""proof-seed-4"",""baseline"",""proof-seed-8"",""proof-seed-32"",""proof-seed-16""]",parser_inclusive_subprocess_wall_clock,1,sat,0.310442612,0,0,0,,,"sat
",,"[""/net/scratch/hscra/plgrid/plgnasqret/codex-control/projects/euf-viper/runs/20260727T113307Z-proof-seed-qg7-2d4a372/target/release/euf-viper"",""fabric-solve"",""--engine"",""quotient-portfolio"",""/net/scratch/hscra/plgrid/plgnasqret/codex-control/projects/euf-viper/corpora/9b39c70a794d52277a4e5d83731f0ebc50a2f3b804eb1dfc8cf32766a5ebeadc/smtlib-2025/QF_UF/QF_UF/QG-classification/qg7/iso_brn_nogen001.smt2""]"
80,2,7101,QF_UF/QG-classification/qg7/iso_brn_nogen001.smt2,993c3df356e4ce615de3135075e8e991e5b056b589feae5fa403ebaeeff4f226,6008083,sat,1,williams_first_order_carryover,f142088f68ffae0501ab8de7e323efb430c2912e83fc68ef048bfb8276401870,1,1,0,1,2,2,baseline,baseline,"[""proof-seed-0"",""proof-seed-4"",""baseline"",""proof-seed-8"",""proof-seed-32"",""proof-seed-16""]",parser_inclusive_subprocess_wall_clock,1,sat,0.317095439,0,0,0,,,"sat
",,"[""/net/scratch/hscra/plgrid/plgnasqret/codex-control/projects/euf-viper/runs/20260727T113307Z-proof-seed-qg7-2d4a372/target/release/euf-viper"",""fabric-solve"",""--engine"",""quotient-portfolio"",""/net/scratch/hscra/plgrid/plgnasqret/codex-control/projects/euf-viper/corpora/9b39c70a794d52277a4e5d83731f0ebc50a2f3b804eb1dfc8cf32766a5ebeadc/smtlib-2025/QF_UF/QF_UF/QG-classification/qg7/iso_brn_nogen001.smt2""]"
81,2,7101,QF_UF/QG-classification/qg7/iso_brn_nogen001.smt2,993c3df356e4ce615de3135075e8e991e5b056b589feae5fa403ebaeeff4f226,6008083,sat,1,williams_first_order_carryover,f142088f68ffae0501ab8de7e323efb430c2912e83fc68ef048bfb8276401870,1,1,0,1,3,3,proof-seed-8,proof-seed-8,"[""proof-seed-0"",""proof-seed-4"",""baseline"",""proof-seed-8"",""proof-seed-32"",""proof-seed-16""]",parser_inclusive_subprocess_wall_clock,1,sat,0.309838996,0,0,0,,,"sat
",,"[""/net/scratch/hscra/plgrid/plgnasqret/codex-control/projects/euf-viper/runs/20260727T113307Z-proof-seed-qg7-2d4a372/target/release/euf-viper"",""fabric-solve"",""--engine"",""quotient-portfolio"",""/net/scratch/hscra/plgrid/plgnasqret/codex-control/projects/euf-viper/corpora/9b39c70a794d52277a4e5d83731f0ebc50a2f3b804eb1dfc8cf32766a5ebeadc/smtlib-2025/QF_UF/QF_UF/QG-classification/qg7/iso_brn_nogen001.smt2""]"
82,2,7101,QF_UF/QG-classification/qg7/iso_brn_nogen001.smt2,993c3df356e4ce615de3135075e8e991e5b056b589feae5fa403ebaeeff4f226,6008083,sat,1,williams_first_order_carryover,f142088f68ffae0501ab8de7e323efb430c2912e83fc68ef048bfb8276401870,1,1,0,1,4,4,proof-seed-32,proof-seed-32,"[""proof-seed-0"",""proof-seed-4"",""baseline"",""proof-seed-8"",""proof-seed-32"",""proof-seed-16""]",parser_inclusive_subprocess_wall_clock,1,sat,0.310043671,0,0,0,,,"sat
",,"[""/net/scratch/hscra/plgrid/plgnasqret/codex-control/projects/euf-viper/runs/20260727T113307Z-proof-seed-qg7-2d4a372/target/release/euf-viper"",""fabric-solve"",""--engine"",""quotient-portfolio"",""/net/scratch/hscra/plgrid/plgnasqret/codex-control/projects/euf-viper/corpora/9b39c70a794d52277a4e5d83731f0ebc50a2f3b804eb1dfc8cf32766a5ebeadc/smtlib-2025/QF_UF/QF_UF/QG-classification/qg7/iso_brn_nogen001.smt2""]"
83,2,7101,QF_UF/QG-classification/qg7/iso_brn_nogen001.smt2,993c3df356e4ce615de3135075e8e991e5b056b589feae5fa403ebaeeff4f226,6008083,sat,1,williams_first_order_carryover,f142088f68ffae0501ab8de7e323efb430c2912e83fc68ef048bfb8276401870,1,1,0,1,5,5,proof-seed-16,proof-seed-16,"[""proof-seed-0"",""proof-seed-4"",""baseline"",""proof-seed-8"",""proof-seed-32"",""proof-seed-16""]",parser_inclusive_subprocess_wall_clock,1,sat,0.310918085,0,0,0,,,"sat
",,"[""/net/scratch/hscra/plgrid/plgnasqret/codex-control/projects/euf-viper/runs/20260727T113307Z-proof-seed-qg7-2d4a372/target/release/euf-viper"",""fabric-solve"",""--engine"",""quotient-portfolio"",""/net/scratch/hscra/plgrid/plgnasqret/codex-control/projects/euf-viper/corpora/9b39c70a794d52277a4e5d83731f0ebc50a2f3b804eb1dfc8cf32766a5ebeadc/smtlib-2025/QF_UF/QF_UF/QG-classification/qg7/iso_brn_nogen001.smt2""]"
84,2,7101,QF_UF/QG-classification/qg7/iso_brn_nogen001.smt2,993c3df356e4ce615de3135075e8e991e5b056b589feae5fa403ebaeeff4f226,6008083,sat,1,williams_first_order_carryover,f142088f68ffae0501ab8de7e323efb430c2912e83fc68ef048bfb8276401870,2,2,0,2,0,0,proof-seed-4,proof-seed-4,"[""proof-seed-4"",""proof-seed-8"",""proof-seed-0"",""proof-seed-16"",""baseline"",""proof-seed-32""]",parser_inclusive_subprocess_wall_clock,1,sat,0.308397542,0,0,0,,,"sat
",,"[""/net/scratch/hscra/plgrid/plgnasqret/codex-control/projects/euf-viper/runs/20260727T113307Z-proof-seed-qg7-2d4a372/target/release/euf-viper"",""fabric-solve"",""--engine"",""quotient-portfolio"",""/net/scratch/hscra/plgrid/plgnasqret/codex-control/projects/euf-viper/corpora/9b39c70a794d52277a4e5d83731f0ebc50a2f3b804eb1dfc8cf32766a5ebeadc/smtlib-2025/QF_UF/QF_UF/QG-classification/qg7/iso_brn_nogen001.smt2""]"
85,2,7101,QF_UF/QG-classification/qg7/iso_brn_nogen001.smt2,993c3df356e4ce615de3135075e8e991e5b056b589feae5fa403ebaeeff4f226,6008083,sat,1,williams_first_order_carryover,f142088f68ffae0501ab8de7e323efb430c2912e83fc68ef048bfb8276401870,2,2,0,2,1,1,proof-seed-8,proof-seed-8,"[""proof-seed-4"",""proof-seed-8"",""proof-seed-0"",""proof-seed-16"",""baseline"",""proof-seed-32""]",parser_inclusive_subprocess_wall_clock,1,sat,0.314942719,0,0,0,,,"sat
",,"[""/net/scratch/hscra/plgrid/plgnasqret/codex-control/projects/euf-viper/runs/20260727T113307Z-proof-seed-qg7-2d4a372/target/release/euf-viper"",""fabric-solve"",""--engine"",""quotient-portfolio"",""/net/scratch/hscra/plgrid/plgnasqret/codex-control/projects/euf-viper/corpora/9b39c70a794d52277a4e5d83731f0ebc50a2f3b804eb1dfc8cf32766a5ebeadc/smtlib-2025/QF_UF/QF_UF/QG-classification/qg7/iso_brn_nogen001.smt2""]"
86,2,7101,QF_UF/QG-classification/qg7/iso_brn_nogen001.smt2,993c3df356e4ce615de3135075e8e991e5b056b589feae5fa403ebaeeff4f226,6008083,sat,1,williams_first_order_carryover,f142088f68ffae0501ab8de7e323efb430c2912e83fc68ef048bfb8276401870,2,2,0,2,2,2,proof-seed-0,proof-seed-0,"[""proof-seed-4"",""proof-seed-8"",""proof-seed-0"",""proof-seed-16"",""baseline"",""proof-seed-32""]",parser_inclusive_subprocess_wall_clock,1,sat,0.312252799,0,0,0,,,"sat
",,"[""/net/scratch/hscra/plgrid/plgnasqret/codex-control/projects/euf-viper/runs/20260727T113307Z-proof-seed-qg7-2d4a372/target/release/euf-viper"",""fabric-solve"",""--engine"",""quotient-portfolio"",""/net/scratch/hscra/plgrid/plgnasqret/codex-control/projects/euf-viper/corpora/9b39c70a794d52277a4e5d83731f0ebc50a2f3b804eb1dfc8cf32766a5ebeadc/smtlib-2025/QF_UF/QF_UF/QG-classification/qg7/iso_brn_nogen001.smt2""]"
87,2,7101,QF_UF/QG-classification/qg7/iso_brn_nogen001.smt2,993c3df356e4ce615de3135075e8e991e5b056b589feae5fa403ebaeeff4f226,6008083,sat,1,williams_first_order_carryover,f142088f68ffae0501ab8de7e323efb430c2912e83fc68ef048bfb8276401870,2,2,0,2,3,3,proof-seed-16,proof-seed-16,"[""proof-seed-4"",""proof-seed-8"",""proof-seed-0"",""proof-seed-16"",""baseline"",""proof-seed-32""]",parser_inclusive_subprocess_wall_clock,1,sat,0.307883849,0,0,0,,,"sat
",,"[""/net/scratch/hscra/plgrid/plgnasqret/codex-control/projects/euf-viper/runs/20260727T113307Z-proof-seed-qg7-2d4a372/target/release/euf-viper"",""fabric-solve"",""--engine"",""quotient-portfolio"",""/net/scratch/hscra/plgrid/plgnasqret/codex-control/projects/euf-viper/corpora/9b39c70a794d52277a4e5d83731f0ebc50a2f3b804eb1dfc8cf32766a5ebeadc/smtlib-2025/QF_UF/QF_UF/QG-classification/qg7/iso_brn_nogen001.smt2""]"
88,2,7101,QF_UF/QG-classification/qg7/iso_brn_nogen001.smt2,993c3df356e4ce615de3135075e8e991e5b056b589feae5fa403ebaeeff4f226,6008083,sat,1,williams_first_order_carryover,f142088f68ffae0501ab8de7e323efb430c2912e83fc68ef048bfb8276401870,2,2,0,2,4,4,baseline,baseline,"[""proof-seed-4"",""proof-seed-8"",""proof-seed-0"",""proof-seed-16"",""baseline"",""proof-seed-32""]",parser_inclusive_subprocess_wall_clock,1,sat,0.309669348,0,0,0,,,"sat
",,"[""/net/scratch/hscra/plgrid/plgnasqret/codex-control/projects/euf-viper/runs/20260727T113307Z-proof-seed-qg7-2d4a372/target/release/euf-viper"",""fabric-solve"",""--engine"",""quotient-portfolio"",""/net/scratch/hscra/plgrid/plgnasqret/codex-control/projects/euf-viper/corpora/9b39c70a794d52277a4e5d83731f0ebc50a2f3b804eb1dfc8cf32766a5ebeadc/smtlib-2025/QF_UF/QF_UF/QG-classification/qg7/iso_brn_nogen001.smt2""]"
89,2,7101,QF_UF/QG-classification/qg7/iso_brn_nogen001.smt2,993c3df356e4ce615de3135075e8e991e5b056b589feae5fa403ebaeeff4f226,6008083,sat,1,williams_first_order_carryover,f142088f68ffae0501ab8de7e323efb430c2912e83fc68ef048bfb8276401870,2,2,0,2,5,5,proof-seed-32,proof-seed-32,"[""proof-seed-4"",""proof-seed-8"",""proof-seed-0"",""proof-seed-16"",""baseline"",""proof-seed-32""]",parser_inclusive_subprocess_wall_clock,1,sat,0.310683564,0,0,0,,,"sat
",,"[""/net/scratch/hscra/plgrid/plgnasqret/codex-control/projects/euf-viper/runs/20260727T113307Z-proof-seed-qg7-2d4a372/target/release/euf-viper"",""fabric-solve"",""--engine"",""quotient-portfolio"",""/net/scratch/hscra/plgrid/plgnasqret/codex-control/projects/euf-viper/corpora/9b39c70a794d52277a4e5d83731f0ebc50a2f3b804eb1dfc8cf32766a5ebeadc/smtlib-2025/QF_UF/QF_UF/QG-classification/qg7/iso_brn_nogen001.smt2""]"
90,2,7101,QF_UF/QG-classification/qg7/iso_brn_nogen001.smt2,993c3df356e4ce615de3135075e8e991e5b056b589feae5fa403ebaeeff4f226,6008083,sat,1,williams_first_order_carryover,f142088f68ffae0501ab8de7e323efb430c2912e83fc68ef048bfb8276401870,3,3,0,3,0,0,proof-seed-8,proof-seed-8,"[""proof-seed-8"",""proof-seed-16"",""proof-seed-4"",""proof-seed-32"",""proof-seed-0"",""baseline""]",parser_inclusive_subprocess_wall_clock,1,sat,0.309814507,0,0,0,,,"sat
",,"[""/net/scratch/hscra/plgrid/plgnasqret/codex-control/projects/euf-viper/runs/20260727T113307Z-proof-seed-qg7-2d4a372/target/release/euf-viper"",""fabric-solve"",""--engine"",""quotient-portfolio"",""/net/scratch/hscra/plgrid/plgnasqret/codex-control/projects/euf-viper/corpora/9b39c70a794d52277a4e5d83731f0ebc50a2f3b804eb1dfc8cf32766a5ebeadc/smtlib-2025/QF_UF/QF_UF/QG-classification/qg7/iso_brn_nogen001.smt2""]"
91,2,7101,QF_UF/QG-classification/qg7/iso_brn_nogen001.smt2,993c3df356e4ce615de3135075e8e991e5b056b589feae5fa403ebaeeff4f226,6008083,sat,1,williams_first_order_carryover,f142088f68ffae0501ab8de7e323efb430c2912e83fc68ef048bfb8276401870,3,3,0,3,1,1,proof-seed-16,proof-seed-16,"[""proof-seed-8"",""proof-seed-16"",""proof-seed-4"",""proof-seed-32"",""proof-seed-0"",""baseline""]",parser_inclusive_subprocess_wall_clock,1,sat,0.306848409,0,0,0,,,"sat
",,"[""/net/scratch/hscra/plgrid/plgnasqret/codex-control/projects/euf-viper/runs/20260727T113307Z-proof-seed-qg7-2d4a372/target/release/euf-viper"",""fabric-solve"",""--engine"",""quotient-portfolio"",""/net/scratch/hscra/plgrid/plgnasqret/codex-control/projects/euf-viper/corpora/9b39c70a794d52277a4e5d83731f0ebc50a2f3b804eb1dfc8cf32766a5ebeadc/smtlib-2025/QF_UF/QF_UF/QG-classification/qg7/iso_brn_nogen001.smt2""]"
92,2,7101,QF_UF/QG-classification/qg7/iso_brn_nogen001.smt2,993c3df356e4ce615de3135075e8e991e5b056b589feae5fa403ebaeeff4f226,6008083,sat,1,williams_first_order_carryover,f142088f68ffae0501ab8de7e323efb430c2912e83fc68ef048bfb8276401870,3,3,0,3,2,2,proof-seed-4,proof-seed-4,"[""proof-seed-8"",""proof-seed-16"",""proof-seed-4"",""proof-seed-32"",""proof-seed-0"",""baseline""]",parser_inclusive_subprocess_wall_clock,1,sat,0.309564051,0,0,0,,,"sat
",,"[""/net/scratch/hscra/plgrid/plgnasqret/codex-control/projects/euf-viper/runs/20260727T113307Z-proof-seed-qg7-2d4a372/target/release/euf-viper"",""fabric-solve"",""--engine"",""quotient-portfolio"",""/net/scratch/hscra/plgrid/plgnasqret/codex-control/projects/euf-viper/corpora/9b39c70a794d52277a4e5d83731f0ebc50a2f3b804eb1dfc8cf32766a5ebeadc/smtlib-2025/QF_UF/QF_UF/QG-classification/qg7/iso_brn_nogen001.smt2""]"
93,2,7101,QF_UF/QG-classification/qg7/iso_brn_nogen001.smt2,993c3df356e4ce615de3135075e8e991e5b056b589feae5fa403ebaeeff4f226,6008083,sat,1,williams_first_order_carryover,f142088f68ffae0501ab8de7e323efb430c2912e83fc68ef048bfb8276401870,3,3,0,3,3,3,proof-seed-32,proof-seed-32,"[""proof-seed-8"",""proof-seed-16"",""proof-seed-4"",""proof-seed-32"",""proof-seed-0"",""baseline""]",parser_inclusive_subprocess_wall_clock,1,sat,0.307267683,0,0,0,,,"sat
",,"[""/net/scratch/hscra/plgrid/plgnasqret/codex-control/projects/euf-viper/runs/20260727T113307Z-proof-seed-qg7-2d4a372/target/release/euf-viper"",""fabric-solve"",""--engine"",""quotient-portfolio"",""/net/scratch/hscra/plgrid/plgnasqret/codex-control/projects/euf-viper/corpora/9b39c70a794d52277a4e5d83731f0ebc50a2f3b804eb1dfc8cf32766a5ebeadc/smtlib-2025/QF_UF/QF_UF/QG-classification/qg7/iso_brn_nogen001.smt2""]"
94,2,7101,QF_UF/QG-classification/qg7/iso_brn_nogen001.smt2,993c3df356e4ce615de3135075e8e991e5b056b589feae5fa403ebaeeff4f226,6008083,sat,1,williams_first_order_carryover,f142088f68ffae0501ab8de7e323efb430c2912e83fc68ef048bfb8276401870,3,3,0,3,4,4,proof-seed-0,proof-seed-0,"[""proof-seed-8"",""proof-seed-16"",""proof-seed-4"",""proof-seed-32"",""proof-seed-0"",""baseline""]",parser_inclusive_subprocess_wall_clock,1,sat,0.308798718,0,0,0,,,"sat
",,"[""/net/scratch/hscra/plgrid/plgnasqret/codex-control/projects/euf-viper/runs/20260727T113307Z-proof-seed-qg7-2d4a372/target/release/euf-viper"",""fabric-solve"",""--engine"",""quotient-portfolio"",""/net/scratch/hscra/plgrid/plgnasqret/codex-control/projects/euf-viper/corpora/9b39c70a794d52277a4e5d83731f0ebc50a2f3b804eb1dfc8cf32766a5ebeadc/smtlib-2025/QF_UF/QF_UF/QG-classification/qg7/iso_brn_nogen001.smt2""]"
95,2,7101,QF_UF/QG-classification/qg7/iso_brn_nogen001.smt2,993c3df356e4ce615de3135075e8e991e5b056b589feae5fa403ebaeeff4f226,6008083,sat,1,williams_first_order_carryover,f142088f68ffae0501ab8de7e323efb430c2912e83fc68ef048bfb8276401870,3,3,0,3,5,5,baseline,baseline,"[""proof-seed-8"",""proof-seed-16"",""proof-seed-4"",""proof-seed-32"",""proof-seed-0"",""baseline""]",parser_inclusive_subprocess_wall_clock,1,sat,0.313960264,0,0,0,,,"sat
",,"[""/net/scratch/hscra/plgrid/plgnasqret/codex-control/projects/euf-viper/runs/20260727T113307Z-proof-seed-qg7-2d4a372/target/release/euf-viper"",""fabric-solve"",""--engine"",""quotient-portfolio"",""/net/scratch/hscra/plgrid/plgnasqret/codex-control/projects/euf-viper/corpora/9b39c70a794d52277a4e5d83731f0ebc50a2f3b804eb1dfc8cf32766a5ebeadc/smtlib-2025/QF_UF/QF_UF/QG-classification/qg7/iso_brn_nogen001.smt2""]"
96,2,7101,QF_UF/QG-classification/qg7/iso_brn_nogen001.smt2,993c3df356e4ce615de3135075e8e991e5b056b589feae5fa403ebaeeff4f226,6008083,sat,1,williams_first_order_carryover,f142088f68ffae0501ab8de7e323efb430c2912e83fc68ef048bfb8276401870,4,4,0,4,0,0,proof-seed-16,proof-seed-16,"[""proof-seed-16"",""proof-seed-32"",""proof-seed-8"",""baseline"",""proof-seed-4"",""proof-seed-0""]",parser_inclusive_subprocess_wall_clock,1,sat,0.306743784,0,0,0,,,"sat
",,"[""/net/scratch/hscra/plgrid/plgnasqret/codex-control/projects/euf-viper/runs/20260727T113307Z-proof-seed-qg7-2d4a372/target/release/euf-viper"",""fabric-solve"",""--engine"",""quotient-portfolio"",""/net/scratch/hscra/plgrid/plgnasqret/codex-control/projects/euf-viper/corpora/9b39c70a794d52277a4e5d83731f0ebc50a2f3b804eb1dfc8cf32766a5ebeadc/smtlib-2025/QF_UF/QF_UF/QG-classification/qg7/iso_brn_nogen001.smt2""]"
97,2,7101,QF_UF/QG-classification/qg7/iso_brn_nogen001.smt2,993c3df356e4ce615de3135075e8e991e5b056b589feae5fa403ebaeeff4f226,6008083,sat,1,williams_first_order_carryover,f142088f68ffae0501ab8de7e323efb430c2912e83fc68ef048bfb8276401870,4,4,0,4,1,1,proof-seed-32,proof-seed-32,"[""proof-seed-16"",""proof-seed-32"",""proof-seed-8"",""baseline"",""proof-seed-4"",""proof-seed-0""]",parser_inclusive_subprocess_wall_clock,1,sat,0.306733518,0,0,0,,,"sat
",,"[""/net/scratch/hscra/plgrid/plgnasqret/codex-control/projects/euf-viper/runs/20260727T113307Z-proof-seed-qg7-2d4a372/target/release/euf-viper"",""fabric-solve"",""--engine"",""quotient-portfolio"",""/net/scratch/hscra/plgrid/plgnasqret/codex-control/projects/euf-viper/corpora/9b39c70a794d52277a4e5d83731f0ebc50a2f3b804eb1dfc8cf32766a5ebeadc/smtlib-2025/QF_UF/QF_UF/QG-classification/qg7/iso_brn_nogen001.smt2""]"
98,2,7101,QF_UF/QG-classification/qg7/iso_brn_nogen001.smt2,993c3df356e4ce615de3135075e8e991e5b056b589feae5fa403ebaeeff4f226,6008083,sat,1,williams_first_order_carryover,f142088f68ffae0501ab8de7e323efb430c2912e83fc68ef048bfb8276401870,4,4,0,4,2,2,proof-seed-8,proof-seed-8,"[""proof-seed-16"",""proof-seed-32"",""proof-seed-8"",""baseline"",""proof-seed-4"",""proof-seed-0""]",parser_inclusive_subprocess_wall_clock,1,sat,0.309743685,0,0,0,,,"sat
",,"[""/net/scratch/hscra/plgrid/plgnasqret/codex-control/projects/euf-viper/runs/20260727T113307Z-proof-seed-qg7-2d4a372/target/release/euf-viper"",""fabric-solve"",""--engine"",""quotient-portfolio"",""/net/scratch/hscra/plgrid/plgnasqret/codex-control/projects/euf-viper/corpora/9b39c70a794d52277a4e5d83731f0ebc50a2f3b804eb1dfc8cf32766a5ebeadc/smtlib-2025/QF_UF/QF_UF/QG-classification/qg7/iso_brn_nogen001.smt2""]"
99,2,7101,QF_UF/QG-classification/qg7/iso_brn_nogen001.smt2,993c3df356e4ce615de3135075e8e991e5b056b589feae5fa403ebaeeff4f226,6008083,sat,1,williams_first_order_carryover,f142088f68ffae0501ab8de7e323efb430c2912e83fc68ef048bfb8276401870,4,4,0,4,3,3,baseline,baseline,"[""proof-seed-16"",""proof-seed-32"",""proof-seed-8"",""baseline"",""proof-seed-4"",""proof-seed-0""]",parser_inclusive_subprocess_wall_clock,1,sat,0.311209927,0,0,0,,,"sat
",,"[""/net/scratch/hscra/plgrid/plgnasqret/codex-control/projects/euf-viper/runs/20260727T113307Z-proof-seed-qg7-2d4a372/target/release/euf-viper"",""fabric-solve"",""--engine"",""quotient-portfolio"",""/net/scratch/hscra/plgrid/plgnasqret/codex-control/projects/euf-viper/corpora/9b39c70a794d52277a4e5d83731f0ebc50a2f3b804eb1dfc8cf32766a5ebeadc/smtlib-2025/QF_UF/QF_UF/QG-classification/qg7/iso_brn_nogen001.smt2""]"
100,2,7101,QF_UF/QG-classification/qg7/iso_brn_nogen001.smt2,993c3df356e4ce615de3135075e8e991e5b056b589feae5fa403ebaeeff4f226,6008083,sat,1,williams_first_order_carryover,f142088f68ffae0501ab8de7e323efb430c2912e83fc68ef048bfb8276401870,4,4,0,4,4,4,proof-seed-4,proof-seed-4,"[""proof-seed-16"",""proof-seed-32"",""proof-seed-8"",""baseline"",""proof-seed-4"",""proof-seed-0""]",parser_inclusive_subprocess_wall_clock,1,sat,0.313560130,0,0,0,,,"sat
",,"[""/net/scratch/hscra/plgrid/plgnasqret/codex-control/projects/euf-viper/runs/20260727T113307Z-proof-seed-qg7-2d4a372/target/release/euf-viper"",""fabric-solve"",""--engine"",""quotient-portfolio"",""/net/scratch/hscra/plgrid/plgnasqret/codex-control/projects/euf-viper/corpora/9b39c70a794d52277a4e5d83731f0ebc50a2f3b804eb1dfc8cf32766a5ebeadc/smtlib-2025/QF_UF/QF_UF/QG-classification/qg7/iso_brn_nogen001.smt2""]"
101,2,7101,QF_UF/QG-classification/qg7/iso_brn_nogen001.smt2,993c3df356e4ce615de3135075e8e991e5b056b589feae5fa403ebaeeff4f226,6008083,sat,1,williams_first_order_carryover,f142088f68ffae0501ab8de7e323efb430c2912e83fc68ef048bfb8276401870,4,4,0,4,5,5,proof-seed-0,proof-seed-0,"[""proof-seed-16"",""proof-seed-32"",""proof-seed-8"",""baseline"",""proof-seed-4"",""proof-seed-0""]",parser_inclusive_subprocess_wall_clock,1,sat,0.311140938,0,0,0,,,"sat
",,"[""/net/scratch/hscra/plgrid/plgnasqret/codex-control/projects/euf-viper/runs/20260727T113307Z-proof-seed-qg7-2d4a372/target/release/euf-viper"",""fabric-solve"",""--engine"",""quotient-portfolio"",""/net/scratch/hscra/plgrid/plgnasqret/codex-control/projects/euf-viper/corpora/9b39c70a794d52277a4e5d83731f0ebc50a2f3b804eb1dfc8cf32766a5ebeadc/smtlib-2025/QF_UF/QF_UF/QG-classification/qg7/iso_brn_nogen001.smt2""]"
102,2,7101,QF_UF/QG-classification/qg7/iso_brn_nogen001.smt2,993c3df356e4ce615de3135075e8e991e5b056b589feae5fa403ebaeeff4f226,6008083,sat,1,williams_first_order_carryover,f142088f68ffae0501ab8de7e323efb430c2912e83fc68ef048bfb8276401870,5,5,0,5,0,0,proof-seed-32,proof-seed-32,"[""proof-seed-32"",""baseline"",""proof-seed-16"",""proof-seed-0"",""proof-seed-8"",""proof-seed-4""]",parser_inclusive_subprocess_wall_clock,1,sat,0.311331160,0,0,0,,,"sat
",,"[""/net/scratch/hscra/plgrid/plgnasqret/codex-control/projects/euf-viper/runs/20260727T113307Z-proof-seed-qg7-2d4a372/target/release/euf-viper"",""fabric-solve"",""--engine"",""quotient-portfolio"",""/net/scratch/hscra/plgrid/plgnasqret/codex-control/projects/euf-viper/corpora/9b39c70a794d52277a4e5d83731f0ebc50a2f3b804eb1dfc8cf32766a5ebeadc/smtlib-2025/QF_UF/QF_UF/QG-classification/qg7/iso_brn_nogen001.smt2""]"
103,2,7101,QF_UF/QG-classification/qg7/iso_brn_nogen001.smt2,993c3df356e4ce615de3135075e8e991e5b056b589feae5fa403ebaeeff4f226,6008083,sat,1,williams_first_order_carryover,f142088f68ffae0501ab8de7e323efb430c2912e83fc68ef048bfb8276401870,5,5,0,5,1,1,baseline,baseline,"[""proof-seed-32"",""baseline"",""proof-seed-16"",""proof-seed-0"",""proof-seed-8"",""proof-seed-4""]",parser_inclusive_subprocess_wall_clock,1,sat,0.311576137,0,0,0,,,"sat
",,"[""/net/scratch/hscra/plgrid/plgnasqret/codex-control/projects/euf-viper/runs/20260727T113307Z-proof-seed-qg7-2d4a372/target/release/euf-viper"",""fabric-solve"",""--engine"",""quotient-portfolio"",""/net/scratch/hscra/plgrid/plgnasqret/codex-control/projects/euf-viper/corpora/9b39c70a794d52277a4e5d83731f0ebc50a2f3b804eb1dfc8cf32766a5ebeadc/smtlib-2025/QF_UF/QF_UF/QG-classification/qg7/iso_brn_nogen001.smt2""]"
104,2,7101,QF_UF/QG-classification/qg7/iso_brn_nogen001.smt2,993c3df356e4ce615de3135075e8e991e5b056b589feae5fa403ebaeeff4f226,6008083,sat,1,williams_first_order_carryover,f142088f68ffae0501ab8de7e323efb430c2912e83fc68ef048bfb8276401870,5,5,0,5,2,2,proof-seed-16,proof-seed-16,"[""proof-seed-32"",""baseline"",""proof-seed-16"",""proof-seed-0"",""proof-seed-8"",""proof-seed-4""]",parser_inclusive_subprocess_wall_clock,1,sat,0.309876045,0,0,0,,,"sat
",,"[""/net/scratch/hscra/plgrid/plgnasqret/codex-control/projects/euf-viper/runs/20260727T113307Z-proof-seed-qg7-2d4a372/target/release/euf-viper"",""fabric-solve"",""--engine"",""quotient-portfolio"",""/net/scratch/hscra/plgrid/plgnasqret/codex-control/projects/euf-viper/corpora/9b39c70a794d52277a4e5d83731f0ebc50a2f3b804eb1dfc8cf32766a5ebeadc/smtlib-2025/QF_UF/QF_UF/QG-classification/qg7/iso_brn_nogen001.smt2""]"
105,2,7101,QF_UF/QG-classification/qg7/iso_brn_nogen001.smt2,993c3df356e4ce615de3135075e8e991e5b056b589feae5fa403ebaeeff4f226,6008083,sat,1,williams_first_order_carryover,f142088f68ffae0501ab8de7e323efb430c2912e83fc68ef048bfb8276401870,5,5,0,5,3,3,proof-seed-0,proof-seed-0,"[""proof-seed-32"",""baseline"",""proof-seed-16"",""proof-seed-0"",""proof-seed-8"",""proof-seed-4""]",parser_inclusive_subprocess_wall_clock,1,sat,0.308246594,0,0,0,,,"sat
",,"[""/net/scratch/hscra/plgrid/plgnasqret/codex-control/projects/euf-viper/runs/20260727T113307Z-proof-seed-qg7-2d4a372/target/release/euf-viper"",""fabric-solve"",""--engine"",""quotient-portfolio"",""/net/scratch/hscra/plgrid/plgnasqret/codex-control/projects/euf-viper/corpora/9b39c70a794d52277a4e5d83731f0ebc50a2f3b804eb1dfc8cf32766a5ebeadc/smtlib-2025/QF_UF/QF_UF/QG-classification/qg7/iso_brn_nogen001.smt2""]"
106,2,7101,QF_UF/QG-classification/qg7/iso_brn_nogen001.smt2,993c3df356e4ce615de3135075e8e991e5b056b589feae5fa403ebaeeff4f226,6008083,sat,1,williams_first_order_carryover,f142088f68ffae0501ab8de7e323efb430c2912e83fc68ef048bfb8276401870,5,5,0,5,4,4,proof-seed-8,proof-seed-8,"[""proof-seed-32"",""baseline"",""proof-seed-16"",""proof-seed-0"",""proof-seed-8"",""proof-seed-4""]",parser_inclusive_subprocess_wall_clock,1,sat,0.310595223,0,0,0,,,"sat
",,"[""/net/scratch/hscra/plgrid/plgnasqret/codex-control/projects/euf-viper/runs/20260727T113307Z-proof-seed-qg7-2d4a372/target/release/euf-viper"",""fabric-solve"",""--engine"",""quotient-portfolio"",""/net/scratch/hscra/plgrid/plgnasqret/codex-control/projects/euf-viper/corpora/9b39c70a794d52277a4e5d83731f0ebc50a2f3b804eb1dfc8cf32766a5ebeadc/smtlib-2025/QF_UF/QF_UF/QG-classification/qg7/iso_brn_nogen001.smt2""]"
107,2,7101,QF_UF/QG-classification/qg7/iso_brn_nogen001.smt2,993c3df356e4ce615de3135075e8e991e5b056b589feae5fa403ebaeeff4f226,6008083,sat,1,williams_first_order_carryover,f142088f68ffae0501ab8de7e323efb430c2912e83fc68ef048bfb8276401870,5,5,0,5,5,5,proof-seed-4,proof-seed-4,"[""proof-seed-32"",""baseline"",""proof-seed-16"",""proof-seed-0"",""proof-seed-8"",""proof-seed-4""]",parser_inclusive_subprocess_wall_clock,1,sat,0.312995776,0,0,0,,,"sat
",,"[""/net/scratch/hscra/plgrid/plgnasqret/codex-control/projects/euf-viper/runs/20260727T113307Z-proof-seed-qg7-2d4a372/target/release/euf-viper"",""fabric-solve"",""--engine"",""quotient-portfolio"",""/net/scratch/hscra/plgrid/plgnasqret/codex-control/projects/euf-viper/corpora/9b39c70a794d52277a4e5d83731f0ebc50a2f3b804eb1dfc8cf32766a5ebeadc/smtlib-2025/QF_UF/QF_UF/QG-classification/qg7/iso_brn_nogen001.smt2""]"
108,3,7309,QF_UF/QG-classification/qg7/iso_icl_nogen001.smt2,6e9ea0786a672c467f853bf8964283bbdc53c2b51c41e0b0e6fc1fbd8ba34be0,6013419,unsat,1,williams_first_order_carryover,f142088f68ffae0501ab8de7e323efb430c2912e83fc68ef048bfb8276401870,0,0,0,0,0,0,baseline,baseline,"[""baseline"",""proof-seed-0"",""proof-seed-32"",""proof-seed-4"",""proof-seed-16"",""proof-seed-8""]",parser_inclusive_subprocess_wall_clock,1,unsat,0.343132387,0,0,0,,,"unsat
",,"[""/net/scratch/hscra/plgrid/plgnasqret/codex-control/projects/euf-viper/runs/20260727T113307Z-proof-seed-qg7-2d4a372/target/release/euf-viper"",""fabric-solve"",""--engine"",""quotient-portfolio"",""/net/scratch/hscra/plgrid/plgnasqret/codex-control/projects/euf-viper/corpora/9b39c70a794d52277a4e5d83731f0ebc50a2f3b804eb1dfc8cf32766a5ebeadc/smtlib-2025/QF_UF/QF_UF/QG-classification/qg7/iso_icl_nogen001.smt2""]"
109,3,7309,QF_UF/QG-classification/qg7/iso_icl_nogen001.smt2,6e9ea0786a672c467f853bf8964283bbdc53c2b51c41e0b0e6fc1fbd8ba34be0,6013419,unsat,1,williams_first_order_carryover,f142088f68ffae0501ab8de7e323efb430c2912e83fc68ef048bfb8276401870,0,0,0,0,1,1,proof-seed-0,proof-seed-0,"[""baseline"",""proof-seed-0"",""proof-seed-32"",""proof-seed-4"",""proof-seed-16"",""proof-seed-8""]",parser_inclusive_subprocess_wall_clock,1,unsat,0.343334988,0,0,0,,,"unsat
",,"[""/net/scratch/hscra/plgrid/plgnasqret/codex-control/projects/euf-viper/runs/20260727T113307Z-proof-seed-qg7-2d4a372/target/release/euf-viper"",""fabric-solve"",""--engine"",""quotient-portfolio"",""/net/scratch/hscra/plgrid/plgnasqret/codex-control/projects/euf-viper/corpora/9b39c70a794d52277a4e5d83731f0ebc50a2f3b804eb1dfc8cf32766a5ebeadc/smtlib-2025/QF_UF/QF_UF/QG-classification/qg7/iso_icl_nogen001.smt2""]"
110,3,7309,QF_UF/QG-classification/qg7/iso_icl_nogen001.smt2,6e9ea0786a672c467f853bf8964283bbdc53c2b51c41e0b0e6fc1fbd8ba34be0,6013419,unsat,1,williams_first_order_carryover,f142088f68ffae0501ab8de7e323efb430c2912e83fc68ef048bfb8276401870,0,0,0,0,2,2,proof-seed-32,proof-seed-32,"[""baseline"",""proof-seed-0"",""proof-seed-32"",""proof-seed-4"",""proof-seed-16"",""proof-seed-8""]",parser_inclusive_subprocess_wall_clock,1,unsat,0.332674083,0,0,0,,,"unsat
",,"[""/net/scratch/hscra/plgrid/plgnasqret/codex-control/projects/euf-viper/runs/20260727T113307Z-proof-seed-qg7-2d4a372/target/release/euf-viper"",""fabric-solve"",""--engine"",""quotient-portfolio"",""/net/scratch/hscra/plgrid/plgnasqret/codex-control/projects/euf-viper/corpora/9b39c70a794d52277a4e5d83731f0ebc50a2f3b804eb1dfc8cf32766a5ebeadc/smtlib-2025/QF_UF/QF_UF/QG-classification/qg7/iso_icl_nogen001.smt2""]"
111,3,7309,QF_UF/QG-classification/qg7/iso_icl_nogen001.smt2,6e9ea0786a672c467f853bf8964283bbdc53c2b51c41e0b0e6fc1fbd8ba34be0,6013419,unsat,1,williams_first_order_carryover,f142088f68ffae0501ab8de7e323efb430c2912e83fc68ef048bfb8276401870,0,0,0,0,3,3,proof-seed-4,proof-seed-4,"[""baseline"",""proof-seed-0"",""proof-seed-32"",""proof-seed-4"",""proof-seed-16"",""proof-seed-8""]",parser_inclusive_subprocess_wall_clock,1,unsat,0.331976047,0,0,0,,,"unsat
",,"[""/net/scratch/hscra/plgrid/plgnasqret/codex-control/projects/euf-viper/runs/20260727T113307Z-proof-seed-qg7-2d4a372/target/release/euf-viper"",""fabric-solve"",""--engine"",""quotient-portfolio"",""/net/scratch/hscra/plgrid/plgnasqret/codex-control/projects/euf-viper/corpora/9b39c70a794d52277a4e5d83731f0ebc50a2f3b804eb1dfc8cf32766a5ebeadc/smtlib-2025/QF_UF/QF_UF/QG-classification/qg7/iso_icl_nogen001.smt2""]"
112,3,7309,QF_UF/QG-classification/qg7/iso_icl_nogen001.smt2,6e9ea0786a672c467f853bf8964283bbdc53c2b51c41e0b0e6fc1fbd8ba34be0,6013419,unsat,1,williams_first_order_carryover,f142088f68ffae0501ab8de7e323efb430c2912e83fc68ef048bfb8276401870,0,0,0,0,4,4,proof-seed-16,proof-seed-16,"[""baseline"",""proof-seed-0"",""proof-seed-32"",""proof-seed-4"",""proof-seed-16"",""proof-seed-8""]",parser_inclusive_subprocess_wall_clock,1,unsat,0.336998732,0,0,0,,,"unsat
",,"[""/net/scratch/hscra/plgrid/plgnasqret/codex-control/projects/euf-viper/runs/20260727T113307Z-proof-seed-qg7-2d4a372/target/release/euf-viper"",""fabric-solve"",""--engine"",""quotient-portfolio"",""/net/scratch/hscra/plgrid/plgnasqret/codex-control/projects/euf-viper/corpora/9b39c70a794d52277a4e5d83731f0ebc50a2f3b804eb1dfc8cf32766a5ebeadc/smtlib-2025/QF_UF/QF_UF/QG-classification/qg7/iso_icl_nogen001.smt2""]"
113,3,7309,QF_UF/QG-classification/qg7/iso_icl_nogen001.smt2,6e9ea0786a672c467f853bf8964283bbdc53c2b51c41e0b0e6fc1fbd8ba34be0,6013419,unsat,1,williams_first_order_carryover,f142088f68ffae0501ab8de7e323efb430c2912e83fc68ef048bfb8276401870,0,0,0,0,5,5,proof-seed-8,proof-seed-8,"[""baseline"",""proof-seed-0"",""proof-seed-32"",""proof-seed-4"",""proof-seed-16"",""proof-seed-8""]",parser_inclusive_subprocess_wall_clock,1,unsat,0.334296062,0,0,0,,,"unsat
",,"[""/net/scratch/hscra/plgrid/plgnasqret/codex-control/projects/euf-viper/runs/20260727T113307Z-proof-seed-qg7-2d4a372/target/release/euf-viper"",""fabric-solve"",""--engine"",""quotient-portfolio"",""/net/scratch/hscra/plgrid/plgnasqret/codex-control/projects/euf-viper/corpora/9b39c70a794d52277a4e5d83731f0ebc50a2f3b804eb1dfc8cf32766a5ebeadc/smtlib-2025/QF_UF/QF_UF/QG-classification/qg7/iso_icl_nogen001.smt2""]"
114,3,7309,QF_UF/QG-classification/qg7/iso_icl_nogen001.smt2,6e9ea0786a672c467f853bf8964283bbdc53c2b51c41e0b0e6fc1fbd8ba34be0,6013419,unsat,1,williams_first_order_carryover,f142088f68ffae0501ab8de7e323efb430c2912e83fc68ef048bfb8276401870,1,1,0,1,0,0,proof-seed-0,proof-seed-0,"[""proof-seed-0"",""proof-seed-4"",""baseline"",""proof-seed-8"",""proof-seed-32"",""proof-seed-16""]",parser_inclusive_subprocess_wall_clock,1,unsat,0.333457244,0,0,0,,,"unsat
",,"[""/net/scratch/hscra/plgrid/plgnasqret/codex-control/projects/euf-viper/runs/20260727T113307Z-proof-seed-qg7-2d4a372/target/release/euf-viper"",""fabric-solve"",""--engine"",""quotient-portfolio"",""/net/scratch/hscra/plgrid/plgnasqret/codex-control/projects/euf-viper/corpora/9b39c70a794d52277a4e5d83731f0ebc50a2f3b804eb1dfc8cf32766a5ebeadc/smtlib-2025/QF_UF/QF_UF/QG-classification/qg7/iso_icl_nogen001.smt2""]"
115,3,7309,QF_UF/QG-classification/qg7/iso_icl_nogen001.smt2,6e9ea0786a672c467f853bf8964283bbdc53c2b51c41e0b0e6fc1fbd8ba34be0,6013419,unsat,1,williams_first_order_carryover,f142088f68ffae0501ab8de7e323efb430c2912e83fc68ef048bfb8276401870,1,1,0,1,1,1,proof-seed-4,proof-seed-4,"[""proof-seed-0"",""proof-seed-4"",""baseline"",""proof-seed-8"",""proof-seed-32"",""proof-seed-16""]",parser_inclusive_subprocess_wall_clock,1,unsat,0.331049050,0,0,0,,,"unsat
",,"[""/net/scratch/hscra/plgrid/plgnasqret/codex-control/projects/euf-viper/runs/20260727T113307Z-proof-seed-qg7-2d4a372/target/release/euf-viper"",""fabric-solve"",""--engine"",""quotient-portfolio"",""/net/scratch/hscra/plgrid/plgnasqret/codex-control/projects/euf-viper/corpora/9b39c70a794d52277a4e5d83731f0ebc50a2f3b804eb1dfc8cf32766a5ebeadc/smtlib-2025/QF_UF/QF_UF/QG-classification/qg7/iso_icl_nogen001.smt2""]"
116,3,7309,QF_UF/QG-classification/qg7/iso_icl_nogen001.smt2,6e9ea0786a672c467f853bf8964283bbdc53c2b51c41e0b0e6fc1fbd8ba34be0,6013419,unsat,1,williams_first_order_carryover,f142088f68ffae0501ab8de7e323efb430c2912e83fc68ef048bfb8276401870,1,1,0,1,2,2,baseline,baseline,"[""proof-seed-0"",""proof-seed-4"",""baseline"",""proof-seed-8"",""proof-seed-32"",""proof-seed-16""]",parser_inclusive_subprocess_wall_clock,1,unsat,0.330395104,0,0,0,,,"unsat
",,"[""/net/scratch/hscra/plgrid/plgnasqret/codex-control/projects/euf-viper/runs/20260727T113307Z-proof-seed-qg7-2d4a372/target/release/euf-viper"",""fabric-solve"",""--engine"",""quotient-portfolio"",""/net/scratch/hscra/plgrid/plgnasqret/codex-control/projects/euf-viper/corpora/9b39c70a794d52277a4e5d83731f0ebc50a2f3b804eb1dfc8cf32766a5ebeadc/smtlib-2025/QF_UF/QF_UF/QG-classification/qg7/iso_icl_nogen001.smt2""]"
117,3,7309,QF_UF/QG-classification/qg7/iso_icl_nogen001.smt2,6e9ea0786a672c467f853bf8964283bbdc53c2b51c41e0b0e6fc1fbd8ba34be0,6013419,unsat,1,williams_first_order_carryover,f142088f68ffae0501ab8de7e323efb430c2912e83fc68ef048bfb8276401870,1,1,0,1,3,3,proof-seed-8,proof-seed-8,"[""proof-seed-0"",""proof-seed-4"",""baseline"",""proof-seed-8"",""proof-seed-32"",""proof-seed-16""]",parser_inclusive_subprocess_wall_clock,1,unsat,0.493448555,0,0,0,,,"unsat
",,"[""/net/scratch/hscra/plgrid/plgnasqret/codex-control/projects/euf-viper/runs/20260727T113307Z-proof-seed-qg7-2d4a372/target/release/euf-viper"",""fabric-solve"",""--engine"",""quotient-portfolio"",""/net/scratch/hscra/plgrid/plgnasqret/codex-control/projects/euf-viper/corpora/9b39c70a794d52277a4e5d83731f0ebc50a2f3b804eb1dfc8cf32766a5ebeadc/smtlib-2025/QF_UF/QF_UF/QG-classification/qg7/iso_icl_nogen001.smt2""]"
118,3,7309,QF_UF/QG-classification/qg7/iso_icl_nogen001.smt2,6e9ea0786a672c467f853bf8964283bbdc53c2b51c41e0b0e6fc1fbd8ba34be0,6013419,unsat,1,williams_first_order_carryover,f142088f68ffae0501ab8de7e323efb430c2912e83fc68ef048bfb8276401870,1,1,0,1,4,4,proof-seed-32,proof-seed-32,"[""proof-seed-0"",""proof-seed-4"",""baseline"",""proof-seed-8"",""proof-seed-32"",""proof-seed-16""]",parser_inclusive_subprocess_wall_clock,1,unsat,0.329657475,0,0,0,,,"unsat
",,"[""/net/scratch/hscra/plgrid/plgnasqret/codex-control/projects/euf-viper/runs/20260727T113307Z-proof-seed-qg7-2d4a372/target/release/euf-viper"",""fabric-solve"",""--engine"",""quotient-portfolio"",""/net/scratch/hscra/plgrid/plgnasqret/codex-control/projects/euf-viper/corpora/9b39c70a794d52277a4e5d83731f0ebc50a2f3b804eb1dfc8cf32766a5ebeadc/smtlib-2025/QF_UF/QF_UF/QG-classification/qg7/iso_icl_nogen001.smt2""]"
119,3,7309,QF_UF/QG-classification/qg7/iso_icl_nogen001.smt2,6e9ea0786a672c467f853bf8964283bbdc53c2b51c41e0b0e6fc1fbd8ba34be0,6013419,unsat,1,williams_first_order_carryover,f142088f68ffae0501ab8de7e323efb430c2912e83fc68ef048bfb8276401870,1,1,0,1,5,5,proof-seed-16,proof-seed-16,"[""proof-seed-0"",""proof-seed-4"",""baseline"",""proof-seed-8"",""proof-seed-32"",""proof-seed-16""]",parser_inclusive_subprocess_wall_clock,1,unsat,0.331507556,0,0,0,,,"unsat
",,"[""/net/scratch/hscra/plgrid/plgnasqret/codex-control/projects/euf-viper/runs/20260727T113307Z-proof-seed-qg7-2d4a372/target/release/euf-viper"",""fabric-solve"",""--engine"",""quotient-portfolio"",""/net/scratch/hscra/plgrid/plgnasqret/codex-control/projects/euf-viper/corpora/9b39c70a794d52277a4e5d83731f0ebc50a2f3b804eb1dfc8cf32766a5ebeadc/smtlib-2025/QF_UF/QF_UF/QG-classification/qg7/iso_icl_nogen001.smt2""]"
120,3,7309,QF_UF/QG-classification/qg7/iso_icl_nogen001.smt2,6e9ea0786a672c467f853bf8964283bbdc53c2b51c41e0b0e6fc1fbd8ba34be0,6013419,unsat,1,williams_first_order_carryover,f142088f68ffae0501ab8de7e323efb430c2912e83fc68ef048bfb8276401870,2,2,0,2,0,0,proof-seed-4,proof-seed-4,"[""proof-seed-4"",""proof-seed-8"",""proof-seed-0"",""proof-seed-16"",""baseline"",""proof-seed-32""]",parser_inclusive_subprocess_wall_clock,1,unsat,0.329582337,0,0,0,,,"unsat
",,"[""/net/scratch/hscra/plgrid/plgnasqret/codex-control/projects/euf-viper/runs/20260727T113307Z-proof-seed-qg7-2d4a372/target/release/euf-viper"",""fabric-solve"",""--engine"",""quotient-portfolio"",""/net/scratch/hscra/plgrid/plgnasqret/codex-control/projects/euf-viper/corpora/9b39c70a794d52277a4e5d83731f0ebc50a2f3b804eb1dfc8cf32766a5ebeadc/smtlib-2025/QF_UF/QF_UF/QG-classification/qg7/iso_icl_nogen001.smt2""]"
121,3,7309,QF_UF/QG-classification/qg7/iso_icl_nogen001.smt2,6e9ea0786a672c467f853bf8964283bbdc53c2b51c41e0b0e6fc1fbd8ba34be0,6013419,unsat,1,williams_first_order_carryover,f142088f68ffae0501ab8de7e323efb430c2912e83fc68ef048bfb8276401870,2,2,0,2,1,1,proof-seed-8,proof-seed-8,"[""proof-seed-4"",""proof-seed-8"",""proof-seed-0"",""proof-seed-16"",""baseline"",""proof-seed-32""]",parser_inclusive_subprocess_wall_clock,1,unsat,0.327464321,0,0,0,,,"unsat
",,"[""/net/scratch/hscra/plgrid/plgnasqret/codex-control/projects/euf-viper/runs/20260727T113307Z-proof-seed-qg7-2d4a372/target/release/euf-viper"",""fabric-solve"",""--engine"",""quotient-portfolio"",""/net/scratch/hscra/plgrid/plgnasqret/codex-control/projects/euf-viper/corpora/9b39c70a794d52277a4e5d83731f0ebc50a2f3b804eb1dfc8cf32766a5ebeadc/smtlib-2025/QF_UF/QF_UF/QG-classification/qg7/iso_icl_nogen001.smt2""]"
122,3,7309,QF_UF/QG-classification/qg7/iso_icl_nogen001.smt2,6e9ea0786a672c467f853bf8964283bbdc53c2b51c41e0b0e6fc1fbd8ba34be0,6013419,unsat,1,williams_first_order_carryover,f142088f68ffae0501ab8de7e323efb430c2912e83fc68ef048bfb8276401870,2,2,0,2,2,2,proof-seed-0,proof-seed-0,"[""proof-seed-4"",""proof-seed-8"",""proof-seed-0"",""proof-seed-16"",""baseline"",""proof-seed-32""]",parser_inclusive_subprocess_wall_clock,1,unsat,0.331436343,0,0,0,,,"unsat
",,"[""/net/scratch/hscra/plgrid/plgnasqret/codex-control/projects/euf-viper/runs/20260727T113307Z-proof-seed-qg7-2d4a372/target/release/euf-viper"",""fabric-solve"",""--engine"",""quotient-portfolio"",""/net/scratch/hscra/plgrid/plgnasqret/codex-control/projects/euf-viper/corpora/9b39c70a794d52277a4e5d83731f0ebc50a2f3b804eb1dfc8cf32766a5ebeadc/smtlib-2025/QF_UF/QF_UF/QG-classification/qg7/iso_icl_nogen001.smt2""]"
123,3,7309,QF_UF/QG-classification/qg7/iso_icl_nogen001.smt2,6e9ea0786a672c467f853bf8964283bbdc53c2b51c41e0b0e6fc1fbd8ba34be0,6013419,unsat,1,williams_first_order_carryover,f142088f68ffae0501ab8de7e323efb430c2912e83fc68ef048bfb8276401870,2,2,0,2,3,3,proof-seed-16,proof-seed-16,"[""proof-seed-4"",""proof-seed-8"",""proof-seed-0"",""proof-seed-16"",""baseline"",""proof-seed-32""]",parser_inclusive_subprocess_wall_clock,1,unsat,0.328275647,0,0,0,,,"unsat
",,"[""/net/scratch/hscra/plgrid/plgnasqret/codex-control/projects/euf-viper/runs/20260727T113307Z-proof-seed-qg7-2d4a372/target/release/euf-viper"",""fabric-solve"",""--engine"",""quotient-portfolio"",""/net/scratch/hscra/plgrid/plgnasqret/codex-control/projects/euf-viper/corpora/9b39c70a794d52277a4e5d83731f0ebc50a2f3b804eb1dfc8cf32766a5ebeadc/smtlib-2025/QF_UF/QF_UF/QG-classification/qg7/iso_icl_nogen001.smt2""]"
124,3,7309,QF_UF/QG-classification/qg7/iso_icl_nogen001.smt2,6e9ea0786a672c467f853bf8964283bbdc53c2b51c41e0b0e6fc1fbd8ba34be0,6013419,unsat,1,williams_first_order_carryover,f142088f68ffae0501ab8de7e323efb430c2912e83fc68ef048bfb8276401870,2,2,0,2,4,4,baseline,baseline,"[""proof-seed-4"",""proof-seed-8"",""proof-seed-0"",""proof-seed-16"",""baseline"",""proof-seed-32""]",parser_inclusive_subprocess_wall_clock,1,unsat,0.328566527,0,0,0,,,"unsat
",,"[""/net/scratch/hscra/plgrid/plgnasqret/codex-control/projects/euf-viper/runs/20260727T113307Z-proof-seed-qg7-2d4a372/target/release/euf-viper"",""fabric-solve"",""--engine"",""quotient-portfolio"",""/net/scratch/hscra/plgrid/plgnasqret/codex-control/projects/euf-viper/corpora/9b39c70a794d52277a4e5d83731f0ebc50a2f3b804eb1dfc8cf32766a5ebeadc/smtlib-2025/QF_UF/QF_UF/QG-classification/qg7/iso_icl_nogen001.smt2""]"
125,3,7309,QF_UF/QG-classification/qg7/iso_icl_nogen001.smt2,6e9ea0786a672c467f853bf8964283bbdc53c2b51c41e0b0e6fc1fbd8ba34be0,6013419,unsat,1,williams_first_order_carryover,f142088f68ffae0501ab8de7e323efb430c2912e83fc68ef048bfb8276401870,2,2,0,2,5,5,proof-seed-32,proof-seed-32,"[""proof-seed-4"",""proof-seed-8"",""proof-seed-0"",""proof-seed-16"",""baseline"",""proof-seed-32""]",parser_inclusive_subprocess_wall_clock,1,unsat,0.329063695,0,0,0,,,"unsat
",,"[""/net/scratch/hscra/plgrid/plgnasqret/codex-control/projects/euf-viper/runs/20260727T113307Z-proof-seed-qg7-2d4a372/target/release/euf-viper"",""fabric-solve"",""--engine"",""quotient-portfolio"",""/net/scratch/hscra/plgrid/plgnasqret/codex-control/projects/euf-viper/corpora/9b39c70a794d52277a4e5d83731f0ebc50a2f3b804eb1dfc8cf32766a5ebeadc/smtlib-2025/QF_UF/QF_UF/QG-classification/qg7/iso_icl_nogen001.smt2""]"
126,3,7309,QF_UF/QG-classification/qg7/iso_icl_nogen001.smt2,6e9ea0786a672c467f853bf8964283bbdc53c2b51c41e0b0e6fc1fbd8ba34be0,6013419,unsat,1,williams_first_order_carryover,f142088f68ffae0501ab8de7e323efb430c2912e83fc68ef048bfb8276401870,3,3,0,3,0,0,proof-seed-8,proof-seed-8,"[""proof-seed-8"",""proof-seed-16"",""proof-seed-4"",""proof-seed-32"",""proof-seed-0"",""baseline""]",parser_inclusive_subprocess_wall_clock,1,unsat,0.335382162,0,0,0,,,"unsat
",,"[""/net/scratch/hscra/plgrid/plgnasqret/codex-control/projects/euf-viper/runs/20260727T113307Z-proof-seed-qg7-2d4a372/target/release/euf-viper"",""fabric-solve"",""--engine"",""quotient-portfolio"",""/net/scratch/hscra/plgrid/plgnasqret/codex-control/projects/euf-viper/corpora/9b39c70a794d52277a4e5d83731f0ebc50a2f3b804eb1dfc8cf32766a5ebeadc/smtlib-2025/QF_UF/QF_UF/QG-classification/qg7/iso_icl_nogen001.smt2""]"
127,3,7309,QF_UF/QG-classification/qg7/iso_icl_nogen001.smt2,6e9ea0786a672c467f853bf8964283bbdc53c2b51c41e0b0e6fc1fbd8ba34be0,6013419,unsat,1,williams_first_order_carryover,f142088f68ffae0501ab8de7e323efb430c2912e83fc68ef048bfb8276401870,3,3,0,3,1,1,proof-seed-16,proof-seed-16,"[""proof-seed-8"",""proof-seed-16"",""proof-seed-4"",""proof-seed-32"",""proof-seed-0"",""baseline""]",parser_inclusive_subprocess_wall_clock,1,unsat,0.329102937,0,0,0,,,"unsat
",,"[""/net/scratch/hscra/plgrid/plgnasqret/codex-control/projects/euf-viper/runs/20260727T113307Z-proof-seed-qg7-2d4a372/target/release/euf-viper"",""fabric-solve"",""--engine"",""quotient-portfolio"",""/net/scratch/hscra/plgrid/plgnasqret/codex-control/projects/euf-viper/corpora/9b39c70a794d52277a4e5d83731f0ebc50a2f3b804eb1dfc8cf32766a5ebeadc/smtlib-2025/QF_UF/QF_UF/QG-classification/qg7/iso_icl_nogen001.smt2""]"
128,3,7309,QF_UF/QG-classification/qg7/iso_icl_nogen001.smt2,6e9ea0786a672c467f853bf8964283bbdc53c2b51c41e0b0e6fc1fbd8ba34be0,6013419,unsat,1,williams_first_order_carryover,f142088f68ffae0501ab8de7e323efb430c2912e83fc68ef048bfb8276401870,3,3,0,3,2,2,proof-seed-4,proof-seed-4,"[""proof-seed-8"",""proof-seed-16"",""proof-seed-4"",""proof-seed-32"",""proof-seed-0"",""baseline""]",parser_inclusive_subprocess_wall_clock,1,unsat,0.339288119,0,0,0,,,"unsat
",,"[""/net/scratch/hscra/plgrid/plgnasqret/codex-control/projects/euf-viper/runs/20260727T113307Z-proof-seed-qg7-2d4a372/target/release/euf-viper"",""fabric-solve"",""--engine"",""quotient-portfolio"",""/net/scratch/hscra/plgrid/plgnasqret/codex-control/projects/euf-viper/corpora/9b39c70a794d52277a4e5d83731f0ebc50a2f3b804eb1dfc8cf32766a5ebeadc/smtlib-2025/QF_UF/QF_UF/QG-classification/qg7/iso_icl_nogen001.smt2""]"
129,3,7309,QF_UF/QG-classification/qg7/iso_icl_nogen001.smt2,6e9ea0786a672c467f853bf8964283bbdc53c2b51c41e0b0e6fc1fbd8ba34be0,6013419,unsat,1,williams_first_order_carryover,f142088f68ffae0501ab8de7e323efb430c2912e83fc68ef048bfb8276401870,3,3,0,3,3,3,proof-seed-32,proof-seed-32,"[""proof-seed-8"",""proof-seed-16"",""proof-seed-4"",""proof-seed-32"",""proof-seed-0"",""baseline""]",parser_inclusive_subprocess_wall_clock,1,unsat,0.329627357,0,0,0,,,"unsat
",,"[""/net/scratch/hscra/plgrid/plgnasqret/codex-control/projects/euf-viper/runs/20260727T113307Z-proof-seed-qg7-2d4a372/target/release/euf-viper"",""fabric-solve"",""--engine"",""quotient-portfolio"",""/net/scratch/hscra/plgrid/plgnasqret/codex-control/projects/euf-viper/corpora/9b39c70a794d52277a4e5d83731f0ebc50a2f3b804eb1dfc8cf32766a5ebeadc/smtlib-2025/QF_UF/QF_UF/QG-classification/qg7/iso_icl_nogen001.smt2""]"
130,3,7309,QF_UF/QG-classification/qg7/iso_icl_nogen001.smt2,6e9ea0786a672c467f853bf8964283bbdc53c2b51c41e0b0e6fc1fbd8ba34be0,6013419,unsat,1,williams_first_order_carryover,f142088f68ffae0501ab8de7e323efb430c2912e83fc68ef048bfb8276401870,3,3,0,3,4,4,proof-seed-0,proof-seed-0,"[""proof-seed-8"",""proof-seed-16"",""proof-seed-4"",""proof-seed-32"",""proof-seed-0"",""baseline""]",parser_inclusive_subprocess_wall_clock,1,unsat,0.329673320,0,0,0,,,"unsat
",,"[""/net/scratch/hscra/plgrid/plgnasqret/codex-control/projects/euf-viper/runs/20260727T113307Z-proof-seed-qg7-2d4a372/target/release/euf-viper"",""fabric-solve"",""--engine"",""quotient-portfolio"",""/net/scratch/hscra/plgrid/plgnasqret/codex-control/projects/euf-viper/corpora/9b39c70a794d52277a4e5d83731f0ebc50a2f3b804eb1dfc8cf32766a5ebeadc/smtlib-2025/QF_UF/QF_UF/QG-classification/qg7/iso_icl_nogen001.smt2""]"
131,3,7309,QF_UF/QG-classification/qg7/iso_icl_nogen001.smt2,6e9ea0786a672c467f853bf8964283bbdc53c2b51c41e0b0e6fc1fbd8ba34be0,6013419,unsat,1,williams_first_order_carryover,f142088f68ffae0501ab8de7e323efb430c2912e83fc68ef048bfb8276401870,3,3,0,3,5,5,baseline,baseline,"[""proof-seed-8"",""proof-seed-16"",""proof-seed-4"",""proof-seed-32"",""proof-seed-0"",""baseline""]",parser_inclusive_subprocess_wall_clock,1,unsat,0.327794375,0,0,0,,,"unsat
",,"[""/net/scratch/hscra/plgrid/plgnasqret/codex-control/projects/euf-viper/runs/20260727T113307Z-proof-seed-qg7-2d4a372/target/release/euf-viper"",""fabric-solve"",""--engine"",""quotient-portfolio"",""/net/scratch/hscra/plgrid/plgnasqret/codex-control/projects/euf-viper/corpora/9b39c70a794d52277a4e5d83731f0ebc50a2f3b804eb1dfc8cf32766a5ebeadc/smtlib-2025/QF_UF/QF_UF/QG-classification/qg7/iso_icl_nogen001.smt2""]"
132,3,7309,QF_UF/QG-classification/qg7/iso_icl_nogen001.smt2,6e9ea0786a672c467f853bf8964283bbdc53c2b51c41e0b0e6fc1fbd8ba34be0,6013419,unsat,1,williams_first_order_carryover,f142088f68ffae0501ab8de7e323efb430c2912e83fc68ef048bfb8276401870,4,4,0,4,0,0,proof-seed-16,proof-seed-16,"[""proof-seed-16"",""proof-seed-32"",""proof-seed-8"",""baseline"",""proof-seed-4"",""proof-seed-0""]",parser_inclusive_subprocess_wall_clock,1,unsat,0.339585400,0,0,0,,,"unsat
",,"[""/net/scratch/hscra/plgrid/plgnasqret/codex-control/projects/euf-viper/runs/20260727T113307Z-proof-seed-qg7-2d4a372/target/release/euf-viper"",""fabric-solve"",""--engine"",""quotient-portfolio"",""/net/scratch/hscra/plgrid/plgnasqret/codex-control/projects/euf-viper/corpora/9b39c70a794d52277a4e5d83731f0ebc50a2f3b804eb1dfc8cf32766a5ebeadc/smtlib-2025/QF_UF/QF_UF/QG-classification/qg7/iso_icl_nogen001.smt2""]"
133,3,7309,QF_UF/QG-classification/qg7/iso_icl_nogen001.smt2,6e9ea0786a672c467f853bf8964283bbdc53c2b51c41e0b0e6fc1fbd8ba34be0,6013419,unsat,1,williams_first_order_carryover,f142088f68ffae0501ab8de7e323efb430c2912e83fc68ef048bfb8276401870,4,4,0,4,1,1,proof-seed-32,proof-seed-32,"[""proof-seed-16"",""proof-seed-32"",""proof-seed-8"",""baseline"",""proof-seed-4"",""proof-seed-0""]",parser_inclusive_subprocess_wall_clock,1,unsat,0.344513305,0,0,0,,,"unsat
",,"[""/net/scratch/hscra/plgrid/plgnasqret/codex-control/projects/euf-viper/runs/20260727T113307Z-proof-seed-qg7-2d4a372/target/release/euf-viper"",""fabric-solve"",""--engine"",""quotient-portfolio"",""/net/scratch/hscra/plgrid/plgnasqret/codex-control/projects/euf-viper/corpora/9b39c70a794d52277a4e5d83731f0ebc50a2f3b804eb1dfc8cf32766a5ebeadc/smtlib-2025/QF_UF/QF_UF/QG-classification/qg7/iso_icl_nogen001.smt2""]"
134,3,7309,QF_UF/QG-classification/qg7/iso_icl_nogen001.smt2,6e9ea0786a672c467f853bf8964283bbdc53c2b51c41e0b0e6fc1fbd8ba34be0,6013419,unsat,1,williams_first_order_carryover,f142088f68ffae0501ab8de7e323efb430c2912e83fc68ef048bfb8276401870,4,4,0,4,2,2,proof-seed-8,proof-seed-8,"[""proof-seed-16"",""proof-seed-32"",""proof-seed-8"",""baseline"",""proof-seed-4"",""proof-seed-0""]",parser_inclusive_subprocess_wall_clock,1,unsat,0.330372228,0,0,0,,,"unsat
",,"[""/net/scratch/hscra/plgrid/plgnasqret/codex-control/projects/euf-viper/runs/20260727T113307Z-proof-seed-qg7-2d4a372/target/release/euf-viper"",""fabric-solve"",""--engine"",""quotient-portfolio"",""/net/scratch/hscra/plgrid/plgnasqret/codex-control/projects/euf-viper/corpora/9b39c70a794d52277a4e5d83731f0ebc50a2f3b804eb1dfc8cf32766a5ebeadc/smtlib-2025/QF_UF/QF_UF/QG-classification/qg7/iso_icl_nogen001.smt2""]"
135,3,7309,QF_UF/QG-classification/qg7/iso_icl_nogen001.smt2,6e9ea0786a672c467f853bf8964283bbdc53c2b51c41e0b0e6fc1fbd8ba34be0,6013419,unsat,1,williams_first_order_carryover,f142088f68ffae0501ab8de7e323efb430c2912e83fc68ef048bfb8276401870,4,4,0,4,3,3,baseline,baseline,"[""proof-seed-16"",""proof-seed-32"",""proof-seed-8"",""baseline"",""proof-seed-4"",""proof-seed-0""]",parser_inclusive_subprocess_wall_clock,1,unsat,0.334616750,0,0,0,,,"unsat
",,"[""/net/scratch/hscra/plgrid/plgnasqret/codex-control/projects/euf-viper/runs/20260727T113307Z-proof-seed-qg7-2d4a372/target/release/euf-viper"",""fabric-solve"",""--engine"",""quotient-portfolio"",""/net/scratch/hscra/plgrid/plgnasqret/codex-control/projects/euf-viper/corpora/9b39c70a794d52277a4e5d83731f0ebc50a2f3b804eb1dfc8cf32766a5ebeadc/smtlib-2025/QF_UF/QF_UF/QG-classification/qg7/iso_icl_nogen001.smt2""]"
136,3,7309,QF_UF/QG-classification/qg7/iso_icl_nogen001.smt2,6e9ea0786a672c467f853bf8964283bbdc53c2b51c41e0b0e6fc1fbd8ba34be0,6013419,unsat,1,williams_first_order_carryover,f142088f68ffae0501ab8de7e323efb430c2912e83fc68ef048bfb8276401870,4,4,0,4,4,4,proof-seed-4,proof-seed-4,"[""proof-seed-16"",""proof-seed-32"",""proof-seed-8"",""baseline"",""proof-seed-4"",""proof-seed-0""]",parser_inclusive_subprocess_wall_clock,1,unsat,0.330637327,0,0,0,,,"unsat
",,"[""/net/scratch/hscra/plgrid/plgnasqret/codex-control/projects/euf-viper/runs/20260727T113307Z-proof-seed-qg7-2d4a372/target/release/euf-viper"",""fabric-solve"",""--engine"",""quotient-portfolio"",""/net/scratch/hscra/plgrid/plgnasqret/codex-control/projects/euf-viper/corpora/9b39c70a794d52277a4e5d83731f0ebc50a2f3b804eb1dfc8cf32766a5ebeadc/smtlib-2025/QF_UF/QF_UF/QG-classification/qg7/iso_icl_nogen001.smt2""]"
137,3,7309,QF_UF/QG-classification/qg7/iso_icl_nogen001.smt2,6e9ea0786a672c467f853bf8964283bbdc53c2b51c41e0b0e6fc1fbd8ba34be0,6013419,unsat,1,williams_first_order_carryover,f142088f68ffae0501ab8de7e323efb430c2912e83fc68ef048bfb8276401870,4,4,0,4,5,5,proof-seed-0,proof-seed-0,"[""proof-seed-16"",""proof-seed-32"",""proof-seed-8"",""baseline"",""proof-seed-4"",""proof-seed-0""]",parser_inclusive_subprocess_wall_clock,1,unsat,0.329685670,0,0,0,,,"unsat
",,"[""/net/scratch/hscra/plgrid/plgnasqret/codex-control/projects/euf-viper/runs/20260727T113307Z-proof-seed-qg7-2d4a372/target/release/euf-viper"",""fabric-solve"",""--engine"",""quotient-portfolio"",""/net/scratch/hscra/plgrid/plgnasqret/codex-control/projects/euf-viper/corpora/9b39c70a794d52277a4e5d83731f0ebc50a2f3b804eb1dfc8cf32766a5ebeadc/smtlib-2025/QF_UF/QF_UF/QG-classification/qg7/iso_icl_nogen001.smt2""]"
138,3,7309,QF_UF/QG-classification/qg7/iso_icl_nogen001.smt2,6e9ea0786a672c467f853bf8964283bbdc53c2b51c41e0b0e6fc1fbd8ba34be0,6013419,unsat,1,williams_first_order_carryover,f142088f68ffae0501ab8de7e323efb430c2912e83fc68ef048bfb8276401870,5,5,0,5,0,0,proof-seed-32,proof-seed-32,"[""proof-seed-32"",""baseline"",""proof-seed-16"",""proof-seed-0"",""proof-seed-8"",""proof-seed-4""]",parser_inclusive_subprocess_wall_clock,1,unsat,0.332069125,0,0,0,,,"unsat
",,"[""/net/scratch/hscra/plgrid/plgnasqret/codex-control/projects/euf-viper/runs/20260727T113307Z-proof-seed-qg7-2d4a372/target/release/euf-viper"",""fabric-solve"",""--engine"",""quotient-portfolio"",""/net/scratch/hscra/plgrid/plgnasqret/codex-control/projects/euf-viper/corpora/9b39c70a794d52277a4e5d83731f0ebc50a2f3b804eb1dfc8cf32766a5ebeadc/smtlib-2025/QF_UF/QF_UF/QG-classification/qg7/iso_icl_nogen001.smt2""]"
139,3,7309,QF_UF/QG-classification/qg7/iso_icl_nogen001.smt2,6e9ea0786a672c467f853bf8964283bbdc53c2b51c41e0b0e6fc1fbd8ba34be0,6013419,unsat,1,williams_first_order_carryover,f142088f68ffae0501ab8de7e323efb430c2912e83fc68ef048bfb8276401870,5,5,0,5,1,1,baseline,baseline,"[""proof-seed-32"",""baseline"",""proof-seed-16"",""proof-seed-0"",""proof-seed-8"",""proof-seed-4""]",parser_inclusive_subprocess_wall_clock,1,unsat,0.330247991,0,0,0,,,"unsat
",,"[""/net/scratch/hscra/plgrid/plgnasqret/codex-control/projects/euf-viper/runs/20260727T113307Z-proof-seed-qg7-2d4a372/target/release/euf-viper"",""fabric-solve"",""--engine"",""quotient-portfolio"",""/net/scratch/hscra/plgrid/plgnasqret/codex-control/projects/euf-viper/corpora/9b39c70a794d52277a4e5d83731f0ebc50a2f3b804eb1dfc8cf32766a5ebeadc/smtlib-2025/QF_UF/QF_UF/QG-classification/qg7/iso_icl_nogen001.smt2""]"
140,3,7309,QF_UF/QG-classification/qg7/iso_icl_nogen001.smt2,6e9ea0786a672c467f853bf8964283bbdc53c2b51c41e0b0e6fc1fbd8ba34be0,6013419,unsat,1,williams_first_order_carryover,f142088f68ffae0501ab8de7e323efb430c2912e83fc68ef048bfb8276401870,5,5,0,5,2,2,proof-seed-16,proof-seed-16,"[""proof-seed-32"",""baseline"",""proof-seed-16"",""proof-seed-0"",""proof-seed-8"",""proof-seed-4""]",parser_inclusive_subprocess_wall_clock,1,unsat,0.333972319,0,0,0,,,"unsat
",,"[""/net/scratch/hscra/plgrid/plgnasqret/codex-control/projects/euf-viper/runs/20260727T113307Z-proof-seed-qg7-2d4a372/target/release/euf-viper"",""fabric-solve"",""--engine"",""quotient-portfolio"",""/net/scratch/hscra/plgrid/plgnasqret/codex-control/projects/euf-viper/corpora/9b39c70a794d52277a4e5d83731f0ebc50a2f3b804eb1dfc8cf32766a5ebeadc/smtlib-2025/QF_UF/QF_UF/QG-classification/qg7/iso_icl_nogen001.smt2""]"
141,3,7309,QF_UF/QG-classification/qg7/iso_icl_nogen001.smt2,6e9ea0786a672c467f853bf8964283bbdc53c2b51c41e0b0e6fc1fbd8ba34be0,6013419,unsat,1,williams_first_order_carryover,f142088f68ffae0501ab8de7e323efb430c2912e83fc68ef048bfb8276401870,5,5,0,5,3,3,proof-seed-0,proof-seed-0,"[""proof-seed-32"",""baseline"",""proof-seed-16"",""proof-seed-0"",""proof-seed-8"",""proof-seed-4""]",parser_inclusive_subprocess_wall_clock,1,unsat,0.331452748,0,0,0,,,"unsat
",,"[""/net/scratch/hscra/plgrid/plgnasqret/codex-control/projects/euf-viper/runs/20260727T113307Z-proof-seed-qg7-2d4a372/target/release/euf-viper"",""fabric-solve"",""--engine"",""quotient-portfolio"",""/net/scratch/hscra/plgrid/plgnasqret/codex-control/projects/euf-viper/corpora/9b39c70a794d52277a4e5d83731f0ebc50a2f3b804eb1dfc8cf32766a5ebeadc/smtlib-2025/QF_UF/QF_UF/QG-classification/qg7/iso_icl_nogen001.smt2""]"
142,3,7309,QF_UF/QG-classification/qg7/iso_icl_nogen001.smt2,6e9ea0786a672c467f853bf8964283bbdc53c2b51c41e0b0e6fc1fbd8ba34be0,6013419,unsat,1,williams_first_order_carryover,f142088f68ffae0501ab8de7e323efb430c2912e83fc68ef048bfb8276401870,5,5,0,5,4,4,proof-seed-8,proof-seed-8,"[""proof-seed-32"",""baseline"",""proof-seed-16"",""proof-seed-0"",""proof-seed-8"",""proof-seed-4""]",parser_inclusive_subprocess_wall_clock,1,unsat,0.329126214,0,0,0,,,"unsat
",,"[""/net/scratch/hscra/plgrid/plgnasqret/codex-control/projects/euf-viper/runs/20260727T113307Z-proof-seed-qg7-2d4a372/target/release/euf-viper"",""fabric-solve"",""--engine"",""quotient-portfolio"",""/net/scratch/hscra/plgrid/plgnasqret/codex-control/projects/euf-viper/corpora/9b39c70a794d52277a4e5d83731f0ebc50a2f3b804eb1dfc8cf32766a5ebeadc/smtlib-2025/QF_UF/QF_UF/QG-classification/qg7/iso_icl_nogen001.smt2""]"
143,3,7309,QF_UF/QG-classification/qg7/iso_icl_nogen001.smt2,6e9ea0786a672c467f853bf8964283bbdc53c2b51c41e0b0e6fc1fbd8ba34be0,6013419,unsat,1,williams_first_order_carryover,f142088f68ffae0501ab8de7e323efb430c2912e83fc68ef048bfb8276401870,5,5,0,5,5,5,proof-seed-4,proof-seed-4,"[""proof-seed-32"",""baseline"",""proof-seed-16"",""proof-seed-0"",""proof-seed-8"",""proof-seed-4""]",parser_inclusive_subprocess_wall_clock,1,unsat,0.332163375,0,0,0,,,"unsat
",,"[""/net/scratch/hscra/plgrid/plgnasqret/codex-control/projects/euf-viper/runs/20260727T113307Z-proof-seed-qg7-2d4a372/target/release/euf-viper"",""fabric-solve"",""--engine"",""quotient-portfolio"",""/net/scratch/hscra/plgrid/plgnasqret/codex-control/projects/euf-viper/corpora/9b39c70a794d52277a4e5d83731f0ebc50a2f3b804eb1dfc8cf32766a5ebeadc/smtlib-2025/QF_UF/QF_UF/QG-classification/qg7/iso_icl_nogen001.smt2""]"
