sequence,row_index,id,relative_path,source_sha256,source_size_bytes,expected_status,schedule_schema_version,schedule_design,schedule_sha256,repeat,schedule_row,complete_block,row_in_block,order_in_repeat,arm_position,label,arm,schedule_order_json,timing_scope,parser_inclusive,result,time_s,exit_code,process_returncode,timed_out,error_kind,error_detail,stdout,stderr,argv_json
0,0,7034,QF_UF/QG-classification/qg7/gensys_icl001.smt2,6fbd8090d743a61312b44fdf58208760771fcb57b6a3b0f74f723307bb108a69,812113,unsat,1,williams_first_order_carryover,a5b163da70f7a4b586276cec20529dcaf9a596daf59a01894d95ec3f4fd69c3e,0,0,0,0,0,0,baseline,baseline,"[""baseline"",""staged-0"",""staged-10000"",""staged-10"",""staged-1000"",""staged-100""]",parser_inclusive_subprocess_wall_clock,1,timeout,2.007874863,124,-9,1,timeout,exceeded 2 seconds,,,"[""/net/scratch/hscra/plgrid/plgnasqret/codex-control/projects/euf-viper/runs/20260727T073625Z-staged-qg7-e9fef17/target/release/euf-viper"",""fabric-solve"",""--engine"",""quotient-portfolio"",""/net/scratch/hscra/plgrid/plgnasqret/codex-control/projects/euf-viper/corpora/9b39c70a794d52277a4e5d83731f0ebc50a2f3b804eb1dfc8cf32766a5ebeadc/smtlib-2025/QF_UF/QF_UF/QG-classification/qg7/gensys_icl001.smt2""]"
1,0,7034,QF_UF/QG-classification/qg7/gensys_icl001.smt2,6fbd8090d743a61312b44fdf58208760771fcb57b6a3b0f74f723307bb108a69,812113,unsat,1,williams_first_order_carryover,a5b163da70f7a4b586276cec20529dcaf9a596daf59a01894d95ec3f4fd69c3e,0,0,0,0,1,1,staged-0,staged-0,"[""baseline"",""staged-0"",""staged-10000"",""staged-10"",""staged-1000"",""staged-100""]",parser_inclusive_subprocess_wall_clock,1,timeout,2.007669357,124,-9,1,timeout,exceeded 2 seconds,,,"[""/net/scratch/hscra/plgrid/plgnasqret/codex-control/projects/euf-viper/runs/20260727T073625Z-staged-qg7-e9fef17/target/release/euf-viper"",""fabric-solve"",""--engine"",""quotient-portfolio"",""/net/scratch/hscra/plgrid/plgnasqret/codex-control/projects/euf-viper/corpora/9b39c70a794d52277a4e5d83731f0ebc50a2f3b804eb1dfc8cf32766a5ebeadc/smtlib-2025/QF_UF/QF_UF/QG-classification/qg7/gensys_icl001.smt2""]"
2,0,7034,QF_UF/QG-classification/qg7/gensys_icl001.smt2,6fbd8090d743a61312b44fdf58208760771fcb57b6a3b0f74f723307bb108a69,812113,unsat,1,williams_first_order_carryover,a5b163da70f7a4b586276cec20529dcaf9a596daf59a01894d95ec3f4fd69c3e,0,0,0,0,2,2,staged-10000,staged-10000,"[""baseline"",""staged-0"",""staged-10000"",""staged-10"",""staged-1000"",""staged-100""]",parser_inclusive_subprocess_wall_clock,1,timeout,2.007856021,124,-9,1,timeout,exceeded 2 seconds,,,"[""/net/scratch/hscra/plgrid/plgnasqret/codex-control/projects/euf-viper/runs/20260727T073625Z-staged-qg7-e9fef17/target/release/euf-viper"",""fabric-solve"",""--engine"",""quotient-portfolio"",""/net/scratch/hscra/plgrid/plgnasqret/codex-control/projects/euf-viper/corpora/9b39c70a794d52277a4e5d83731f0ebc50a2f3b804eb1dfc8cf32766a5ebeadc/smtlib-2025/QF_UF/QF_UF/QG-classification/qg7/gensys_icl001.smt2""]"
3,0,7034,QF_UF/QG-classification/qg7/gensys_icl001.smt2,6fbd8090d743a61312b44fdf58208760771fcb57b6a3b0f74f723307bb108a69,812113,unsat,1,williams_first_order_carryover,a5b163da70f7a4b586276cec20529dcaf9a596daf59a01894d95ec3f4fd69c3e,0,0,0,0,3,3,staged-10,staged-10,"[""baseline"",""staged-0"",""staged-10000"",""staged-10"",""staged-1000"",""staged-100""]",parser_inclusive_subprocess_wall_clock,1,timeout,2.008765457,124,-9,1,timeout,exceeded 2 seconds,,,"[""/net/scratch/hscra/plgrid/plgnasqret/codex-control/projects/euf-viper/runs/20260727T073625Z-staged-qg7-e9fef17/target/release/euf-viper"",""fabric-solve"",""--engine"",""quotient-portfolio"",""/net/scratch/hscra/plgrid/plgnasqret/codex-control/projects/euf-viper/corpora/9b39c70a794d52277a4e5d83731f0ebc50a2f3b804eb1dfc8cf32766a5ebeadc/smtlib-2025/QF_UF/QF_UF/QG-classification/qg7/gensys_icl001.smt2""]"
4,0,7034,QF_UF/QG-classification/qg7/gensys_icl001.smt2,6fbd8090d743a61312b44fdf58208760771fcb57b6a3b0f74f723307bb108a69,812113,unsat,1,williams_first_order_carryover,a5b163da70f7a4b586276cec20529dcaf9a596daf59a01894d95ec3f4fd69c3e,0,0,0,0,4,4,staged-1000,staged-1000,"[""baseline"",""staged-0"",""staged-10000"",""staged-10"",""staged-1000"",""staged-100""]",parser_inclusive_subprocess_wall_clock,1,timeout,2.012978219,124,-9,1,timeout,exceeded 2 seconds,,,"[""/net/scratch/hscra/plgrid/plgnasqret/codex-control/projects/euf-viper/runs/20260727T073625Z-staged-qg7-e9fef17/target/release/euf-viper"",""fabric-solve"",""--engine"",""quotient-portfolio"",""/net/scratch/hscra/plgrid/plgnasqret/codex-control/projects/euf-viper/corpora/9b39c70a794d52277a4e5d83731f0ebc50a2f3b804eb1dfc8cf32766a5ebeadc/smtlib-2025/QF_UF/QF_UF/QG-classification/qg7/gensys_icl001.smt2""]"
5,0,7034,QF_UF/QG-classification/qg7/gensys_icl001.smt2,6fbd8090d743a61312b44fdf58208760771fcb57b6a3b0f74f723307bb108a69,812113,unsat,1,williams_first_order_carryover,a5b163da70f7a4b586276cec20529dcaf9a596daf59a01894d95ec3f4fd69c3e,0,0,0,0,5,5,staged-100,staged-100,"[""baseline"",""staged-0"",""staged-10000"",""staged-10"",""staged-1000"",""staged-100""]",parser_inclusive_subprocess_wall_clock,1,timeout,2.007588072,124,-9,1,timeout,exceeded 2 seconds,,,"[""/net/scratch/hscra/plgrid/plgnasqret/codex-control/projects/euf-viper/runs/20260727T073625Z-staged-qg7-e9fef17/target/release/euf-viper"",""fabric-solve"",""--engine"",""quotient-portfolio"",""/net/scratch/hscra/plgrid/plgnasqret/codex-control/projects/euf-viper/corpora/9b39c70a794d52277a4e5d83731f0ebc50a2f3b804eb1dfc8cf32766a5ebeadc/smtlib-2025/QF_UF/QF_UF/QG-classification/qg7/gensys_icl001.smt2""]"
6,0,7034,QF_UF/QG-classification/qg7/gensys_icl001.smt2,6fbd8090d743a61312b44fdf58208760771fcb57b6a3b0f74f723307bb108a69,812113,unsat,1,williams_first_order_carryover,a5b163da70f7a4b586276cec20529dcaf9a596daf59a01894d95ec3f4fd69c3e,1,1,0,1,0,0,staged-0,staged-0,"[""staged-0"",""staged-10"",""baseline"",""staged-100"",""staged-10000"",""staged-1000""]",parser_inclusive_subprocess_wall_clock,1,timeout,2.008308312,124,-9,1,timeout,exceeded 2 seconds,,,"[""/net/scratch/hscra/plgrid/plgnasqret/codex-control/projects/euf-viper/runs/20260727T073625Z-staged-qg7-e9fef17/target/release/euf-viper"",""fabric-solve"",""--engine"",""quotient-portfolio"",""/net/scratch/hscra/plgrid/plgnasqret/codex-control/projects/euf-viper/corpora/9b39c70a794d52277a4e5d83731f0ebc50a2f3b804eb1dfc8cf32766a5ebeadc/smtlib-2025/QF_UF/QF_UF/QG-classification/qg7/gensys_icl001.smt2""]"
7,0,7034,QF_UF/QG-classification/qg7/gensys_icl001.smt2,6fbd8090d743a61312b44fdf58208760771fcb57b6a3b0f74f723307bb108a69,812113,unsat,1,williams_first_order_carryover,a5b163da70f7a4b586276cec20529dcaf9a596daf59a01894d95ec3f4fd69c3e,1,1,0,1,1,1,staged-10,staged-10,"[""staged-0"",""staged-10"",""baseline"",""staged-100"",""staged-10000"",""staged-1000""]",parser_inclusive_subprocess_wall_clock,1,timeout,2.007958649,124,-9,1,timeout,exceeded 2 seconds,,,"[""/net/scratch/hscra/plgrid/plgnasqret/codex-control/projects/euf-viper/runs/20260727T073625Z-staged-qg7-e9fef17/target/release/euf-viper"",""fabric-solve"",""--engine"",""quotient-portfolio"",""/net/scratch/hscra/plgrid/plgnasqret/codex-control/projects/euf-viper/corpora/9b39c70a794d52277a4e5d83731f0ebc50a2f3b804eb1dfc8cf32766a5ebeadc/smtlib-2025/QF_UF/QF_UF/QG-classification/qg7/gensys_icl001.smt2""]"
8,0,7034,QF_UF/QG-classification/qg7/gensys_icl001.smt2,6fbd8090d743a61312b44fdf58208760771fcb57b6a3b0f74f723307bb108a69,812113,unsat,1,williams_first_order_carryover,a5b163da70f7a4b586276cec20529dcaf9a596daf59a01894d95ec3f4fd69c3e,1,1,0,1,2,2,baseline,baseline,"[""staged-0"",""staged-10"",""baseline"",""staged-100"",""staged-10000"",""staged-1000""]",parser_inclusive_subprocess_wall_clock,1,timeout,2.007495275,124,-9,1,timeout,exceeded 2 seconds,,,"[""/net/scratch/hscra/plgrid/plgnasqret/codex-control/projects/euf-viper/runs/20260727T073625Z-staged-qg7-e9fef17/target/release/euf-viper"",""fabric-solve"",""--engine"",""quotient-portfolio"",""/net/scratch/hscra/plgrid/plgnasqret/codex-control/projects/euf-viper/corpora/9b39c70a794d52277a4e5d83731f0ebc50a2f3b804eb1dfc8cf32766a5ebeadc/smtlib-2025/QF_UF/QF_UF/QG-classification/qg7/gensys_icl001.smt2""]"
9,0,7034,QF_UF/QG-classification/qg7/gensys_icl001.smt2,6fbd8090d743a61312b44fdf58208760771fcb57b6a3b0f74f723307bb108a69,812113,unsat,1,williams_first_order_carryover,a5b163da70f7a4b586276cec20529dcaf9a596daf59a01894d95ec3f4fd69c3e,1,1,0,1,3,3,staged-100,staged-100,"[""staged-0"",""staged-10"",""baseline"",""staged-100"",""staged-10000"",""staged-1000""]",parser_inclusive_subprocess_wall_clock,1,timeout,2.008487967,124,-9,1,timeout,exceeded 2 seconds,,,"[""/net/scratch/hscra/plgrid/plgnasqret/codex-control/projects/euf-viper/runs/20260727T073625Z-staged-qg7-e9fef17/target/release/euf-viper"",""fabric-solve"",""--engine"",""quotient-portfolio"",""/net/scratch/hscra/plgrid/plgnasqret/codex-control/projects/euf-viper/corpora/9b39c70a794d52277a4e5d83731f0ebc50a2f3b804eb1dfc8cf32766a5ebeadc/smtlib-2025/QF_UF/QF_UF/QG-classification/qg7/gensys_icl001.smt2""]"
10,0,7034,QF_UF/QG-classification/qg7/gensys_icl001.smt2,6fbd8090d743a61312b44fdf58208760771fcb57b6a3b0f74f723307bb108a69,812113,unsat,1,williams_first_order_carryover,a5b163da70f7a4b586276cec20529dcaf9a596daf59a01894d95ec3f4fd69c3e,1,1,0,1,4,4,staged-10000,staged-10000,"[""staged-0"",""staged-10"",""baseline"",""staged-100"",""staged-10000"",""staged-1000""]",parser_inclusive_subprocess_wall_clock,1,timeout,2.007163720,124,-9,1,timeout,exceeded 2 seconds,,,"[""/net/scratch/hscra/plgrid/plgnasqret/codex-control/projects/euf-viper/runs/20260727T073625Z-staged-qg7-e9fef17/target/release/euf-viper"",""fabric-solve"",""--engine"",""quotient-portfolio"",""/net/scratch/hscra/plgrid/plgnasqret/codex-control/projects/euf-viper/corpora/9b39c70a794d52277a4e5d83731f0ebc50a2f3b804eb1dfc8cf32766a5ebeadc/smtlib-2025/QF_UF/QF_UF/QG-classification/qg7/gensys_icl001.smt2""]"
11,0,7034,QF_UF/QG-classification/qg7/gensys_icl001.smt2,6fbd8090d743a61312b44fdf58208760771fcb57b6a3b0f74f723307bb108a69,812113,unsat,1,williams_first_order_carryover,a5b163da70f7a4b586276cec20529dcaf9a596daf59a01894d95ec3f4fd69c3e,1,1,0,1,5,5,staged-1000,staged-1000,"[""staged-0"",""staged-10"",""baseline"",""staged-100"",""staged-10000"",""staged-1000""]",parser_inclusive_subprocess_wall_clock,1,timeout,2.008767260,124,-9,1,timeout,exceeded 2 seconds,,,"[""/net/scratch/hscra/plgrid/plgnasqret/codex-control/projects/euf-viper/runs/20260727T073625Z-staged-qg7-e9fef17/target/release/euf-viper"",""fabric-solve"",""--engine"",""quotient-portfolio"",""/net/scratch/hscra/plgrid/plgnasqret/codex-control/projects/euf-viper/corpora/9b39c70a794d52277a4e5d83731f0ebc50a2f3b804eb1dfc8cf32766a5ebeadc/smtlib-2025/QF_UF/QF_UF/QG-classification/qg7/gensys_icl001.smt2""]"
12,0,7034,QF_UF/QG-classification/qg7/gensys_icl001.smt2,6fbd8090d743a61312b44fdf58208760771fcb57b6a3b0f74f723307bb108a69,812113,unsat,1,williams_first_order_carryover,a5b163da70f7a4b586276cec20529dcaf9a596daf59a01894d95ec3f4fd69c3e,2,2,0,2,0,0,staged-10,staged-10,"[""staged-10"",""staged-100"",""staged-0"",""staged-1000"",""baseline"",""staged-10000""]",parser_inclusive_subprocess_wall_clock,1,timeout,2.011132867,124,-9,1,timeout,exceeded 2 seconds,,,"[""/net/scratch/hscra/plgrid/plgnasqret/codex-control/projects/euf-viper/runs/20260727T073625Z-staged-qg7-e9fef17/target/release/euf-viper"",""fabric-solve"",""--engine"",""quotient-portfolio"",""/net/scratch/hscra/plgrid/plgnasqret/codex-control/projects/euf-viper/corpora/9b39c70a794d52277a4e5d83731f0ebc50a2f3b804eb1dfc8cf32766a5ebeadc/smtlib-2025/QF_UF/QF_UF/QG-classification/qg7/gensys_icl001.smt2""]"
13,0,7034,QF_UF/QG-classification/qg7/gensys_icl001.smt2,6fbd8090d743a61312b44fdf58208760771fcb57b6a3b0f74f723307bb108a69,812113,unsat,1,williams_first_order_carryover,a5b163da70f7a4b586276cec20529dcaf9a596daf59a01894d95ec3f4fd69c3e,2,2,0,2,1,1,staged-100,staged-100,"[""staged-10"",""staged-100"",""staged-0"",""staged-1000"",""baseline"",""staged-10000""]",parser_inclusive_subprocess_wall_clock,1,timeout,2.008194813,124,-9,1,timeout,exceeded 2 seconds,,,"[""/net/scratch/hscra/plgrid/plgnasqret/codex-control/projects/euf-viper/runs/20260727T073625Z-staged-qg7-e9fef17/target/release/euf-viper"",""fabric-solve"",""--engine"",""quotient-portfolio"",""/net/scratch/hscra/plgrid/plgnasqret/codex-control/projects/euf-viper/corpora/9b39c70a794d52277a4e5d83731f0ebc50a2f3b804eb1dfc8cf32766a5ebeadc/smtlib-2025/QF_UF/QF_UF/QG-classification/qg7/gensys_icl001.smt2""]"
14,0,7034,QF_UF/QG-classification/qg7/gensys_icl001.smt2,6fbd8090d743a61312b44fdf58208760771fcb57b6a3b0f74f723307bb108a69,812113,unsat,1,williams_first_order_carryover,a5b163da70f7a4b586276cec20529dcaf9a596daf59a01894d95ec3f4fd69c3e,2,2,0,2,2,2,staged-0,staged-0,"[""staged-10"",""staged-100"",""staged-0"",""staged-1000"",""baseline"",""staged-10000""]",parser_inclusive_subprocess_wall_clock,1,timeout,2.012879743,124,-9,1,timeout,exceeded 2 seconds,,,"[""/net/scratch/hscra/plgrid/plgnasqret/codex-control/projects/euf-viper/runs/20260727T073625Z-staged-qg7-e9fef17/target/release/euf-viper"",""fabric-solve"",""--engine"",""quotient-portfolio"",""/net/scratch/hscra/plgrid/plgnasqret/codex-control/projects/euf-viper/corpora/9b39c70a794d52277a4e5d83731f0ebc50a2f3b804eb1dfc8cf32766a5ebeadc/smtlib-2025/QF_UF/QF_UF/QG-classification/qg7/gensys_icl001.smt2""]"
15,0,7034,QF_UF/QG-classification/qg7/gensys_icl001.smt2,6fbd8090d743a61312b44fdf58208760771fcb57b6a3b0f74f723307bb108a69,812113,unsat,1,williams_first_order_carryover,a5b163da70f7a4b586276cec20529dcaf9a596daf59a01894d95ec3f4fd69c3e,2,2,0,2,3,3,staged-1000,staged-1000,"[""staged-10"",""staged-100"",""staged-0"",""staged-1000"",""baseline"",""staged-10000""]",parser_inclusive_subprocess_wall_clock,1,timeout,2.010240963,124,-9,1,timeout,exceeded 2 seconds,,,"[""/net/scratch/hscra/plgrid/plgnasqret/codex-control/projects/euf-viper/runs/20260727T073625Z-staged-qg7-e9fef17/target/release/euf-viper"",""fabric-solve"",""--engine"",""quotient-portfolio"",""/net/scratch/hscra/plgrid/plgnasqret/codex-control/projects/euf-viper/corpora/9b39c70a794d52277a4e5d83731f0ebc50a2f3b804eb1dfc8cf32766a5ebeadc/smtlib-2025/QF_UF/QF_UF/QG-classification/qg7/gensys_icl001.smt2""]"
16,0,7034,QF_UF/QG-classification/qg7/gensys_icl001.smt2,6fbd8090d743a61312b44fdf58208760771fcb57b6a3b0f74f723307bb108a69,812113,unsat,1,williams_first_order_carryover,a5b163da70f7a4b586276cec20529dcaf9a596daf59a01894d95ec3f4fd69c3e,2,2,0,2,4,4,baseline,baseline,"[""staged-10"",""staged-100"",""staged-0"",""staged-1000"",""baseline"",""staged-10000""]",parser_inclusive_subprocess_wall_clock,1,timeout,2.015637370,124,-9,1,timeout,exceeded 2 seconds,,,"[""/net/scratch/hscra/plgrid/plgnasqret/codex-control/projects/euf-viper/runs/20260727T073625Z-staged-qg7-e9fef17/target/release/euf-viper"",""fabric-solve"",""--engine"",""quotient-portfolio"",""/net/scratch/hscra/plgrid/plgnasqret/codex-control/projects/euf-viper/corpora/9b39c70a794d52277a4e5d83731f0ebc50a2f3b804eb1dfc8cf32766a5ebeadc/smtlib-2025/QF_UF/QF_UF/QG-classification/qg7/gensys_icl001.smt2""]"
17,0,7034,QF_UF/QG-classification/qg7/gensys_icl001.smt2,6fbd8090d743a61312b44fdf58208760771fcb57b6a3b0f74f723307bb108a69,812113,unsat,1,williams_first_order_carryover,a5b163da70f7a4b586276cec20529dcaf9a596daf59a01894d95ec3f4fd69c3e,2,2,0,2,5,5,staged-10000,staged-10000,"[""staged-10"",""staged-100"",""staged-0"",""staged-1000"",""baseline"",""staged-10000""]",parser_inclusive_subprocess_wall_clock,1,timeout,2.007852240,124,-9,1,timeout,exceeded 2 seconds,,,"[""/net/scratch/hscra/plgrid/plgnasqret/codex-control/projects/euf-viper/runs/20260727T073625Z-staged-qg7-e9fef17/target/release/euf-viper"",""fabric-solve"",""--engine"",""quotient-portfolio"",""/net/scratch/hscra/plgrid/plgnasqret/codex-control/projects/euf-viper/corpora/9b39c70a794d52277a4e5d83731f0ebc50a2f3b804eb1dfc8cf32766a5ebeadc/smtlib-2025/QF_UF/QF_UF/QG-classification/qg7/gensys_icl001.smt2""]"
18,0,7034,QF_UF/QG-classification/qg7/gensys_icl001.smt2,6fbd8090d743a61312b44fdf58208760771fcb57b6a3b0f74f723307bb108a69,812113,unsat,1,williams_first_order_carryover,a5b163da70f7a4b586276cec20529dcaf9a596daf59a01894d95ec3f4fd69c3e,3,3,0,3,0,0,staged-100,staged-100,"[""staged-100"",""staged-1000"",""staged-10"",""staged-10000"",""staged-0"",""baseline""]",parser_inclusive_subprocess_wall_clock,1,timeout,2.008111371,124,-9,1,timeout,exceeded 2 seconds,,,"[""/net/scratch/hscra/plgrid/plgnasqret/codex-control/projects/euf-viper/runs/20260727T073625Z-staged-qg7-e9fef17/target/release/euf-viper"",""fabric-solve"",""--engine"",""quotient-portfolio"",""/net/scratch/hscra/plgrid/plgnasqret/codex-control/projects/euf-viper/corpora/9b39c70a794d52277a4e5d83731f0ebc50a2f3b804eb1dfc8cf32766a5ebeadc/smtlib-2025/QF_UF/QF_UF/QG-classification/qg7/gensys_icl001.smt2""]"
19,0,7034,QF_UF/QG-classification/qg7/gensys_icl001.smt2,6fbd8090d743a61312b44fdf58208760771fcb57b6a3b0f74f723307bb108a69,812113,unsat,1,williams_first_order_carryover,a5b163da70f7a4b586276cec20529dcaf9a596daf59a01894d95ec3f4fd69c3e,3,3,0,3,1,1,staged-1000,staged-1000,"[""staged-100"",""staged-1000"",""staged-10"",""staged-10000"",""staged-0"",""baseline""]",parser_inclusive_subprocess_wall_clock,1,timeout,2.009157518,124,-9,1,timeout,exceeded 2 seconds,,,"[""/net/scratch/hscra/plgrid/plgnasqret/codex-control/projects/euf-viper/runs/20260727T073625Z-staged-qg7-e9fef17/target/release/euf-viper"",""fabric-solve"",""--engine"",""quotient-portfolio"",""/net/scratch/hscra/plgrid/plgnasqret/codex-control/projects/euf-viper/corpora/9b39c70a794d52277a4e5d83731f0ebc50a2f3b804eb1dfc8cf32766a5ebeadc/smtlib-2025/QF_UF/QF_UF/QG-classification/qg7/gensys_icl001.smt2""]"
20,0,7034,QF_UF/QG-classification/qg7/gensys_icl001.smt2,6fbd8090d743a61312b44fdf58208760771fcb57b6a3b0f74f723307bb108a69,812113,unsat,1,williams_first_order_carryover,a5b163da70f7a4b586276cec20529dcaf9a596daf59a01894d95ec3f4fd69c3e,3,3,0,3,2,2,staged-10,staged-10,"[""staged-100"",""staged-1000"",""staged-10"",""staged-10000"",""staged-0"",""baseline""]",parser_inclusive_subprocess_wall_clock,1,timeout,2.010798327,124,-9,1,timeout,exceeded 2 seconds,,,"[""/net/scratch/hscra/plgrid/plgnasqret/codex-control/projects/euf-viper/runs/20260727T073625Z-staged-qg7-e9fef17/target/release/euf-viper"",""fabric-solve"",""--engine"",""quotient-portfolio"",""/net/scratch/hscra/plgrid/plgnasqret/codex-control/projects/euf-viper/corpora/9b39c70a794d52277a4e5d83731f0ebc50a2f3b804eb1dfc8cf32766a5ebeadc/smtlib-2025/QF_UF/QF_UF/QG-classification/qg7/gensys_icl001.smt2""]"
21,0,7034,QF_UF/QG-classification/qg7/gensys_icl001.smt2,6fbd8090d743a61312b44fdf58208760771fcb57b6a3b0f74f723307bb108a69,812113,unsat,1,williams_first_order_carryover,a5b163da70f7a4b586276cec20529dcaf9a596daf59a01894d95ec3f4fd69c3e,3,3,0,3,3,3,staged-10000,staged-10000,"[""staged-100"",""staged-1000"",""staged-10"",""staged-10000"",""staged-0"",""baseline""]",parser_inclusive_subprocess_wall_clock,1,timeout,2.015978281,124,-9,1,timeout,exceeded 2 seconds,,,"[""/net/scratch/hscra/plgrid/plgnasqret/codex-control/projects/euf-viper/runs/20260727T073625Z-staged-qg7-e9fef17/target/release/euf-viper"",""fabric-solve"",""--engine"",""quotient-portfolio"",""/net/scratch/hscra/plgrid/plgnasqret/codex-control/projects/euf-viper/corpora/9b39c70a794d52277a4e5d83731f0ebc50a2f3b804eb1dfc8cf32766a5ebeadc/smtlib-2025/QF_UF/QF_UF/QG-classification/qg7/gensys_icl001.smt2""]"
22,0,7034,QF_UF/QG-classification/qg7/gensys_icl001.smt2,6fbd8090d743a61312b44fdf58208760771fcb57b6a3b0f74f723307bb108a69,812113,unsat,1,williams_first_order_carryover,a5b163da70f7a4b586276cec20529dcaf9a596daf59a01894d95ec3f4fd69c3e,3,3,0,3,4,4,staged-0,staged-0,"[""staged-100"",""staged-1000"",""staged-10"",""staged-10000"",""staged-0"",""baseline""]",parser_inclusive_subprocess_wall_clock,1,timeout,2.010943557,124,-9,1,timeout,exceeded 2 seconds,,,"[""/net/scratch/hscra/plgrid/plgnasqret/codex-control/projects/euf-viper/runs/20260727T073625Z-staged-qg7-e9fef17/target/release/euf-viper"",""fabric-solve"",""--engine"",""quotient-portfolio"",""/net/scratch/hscra/plgrid/plgnasqret/codex-control/projects/euf-viper/corpora/9b39c70a794d52277a4e5d83731f0ebc50a2f3b804eb1dfc8cf32766a5ebeadc/smtlib-2025/QF_UF/QF_UF/QG-classification/qg7/gensys_icl001.smt2""]"
23,0,7034,QF_UF/QG-classification/qg7/gensys_icl001.smt2,6fbd8090d743a61312b44fdf58208760771fcb57b6a3b0f74f723307bb108a69,812113,unsat,1,williams_first_order_carryover,a5b163da70f7a4b586276cec20529dcaf9a596daf59a01894d95ec3f4fd69c3e,3,3,0,3,5,5,baseline,baseline,"[""staged-100"",""staged-1000"",""staged-10"",""staged-10000"",""staged-0"",""baseline""]",parser_inclusive_subprocess_wall_clock,1,timeout,2.114780239,124,-9,1,timeout,exceeded 2 seconds,,,"[""/net/scratch/hscra/plgrid/plgnasqret/codex-control/projects/euf-viper/runs/20260727T073625Z-staged-qg7-e9fef17/target/release/euf-viper"",""fabric-solve"",""--engine"",""quotient-portfolio"",""/net/scratch/hscra/plgrid/plgnasqret/codex-control/projects/euf-viper/corpora/9b39c70a794d52277a4e5d83731f0ebc50a2f3b804eb1dfc8cf32766a5ebeadc/smtlib-2025/QF_UF/QF_UF/QG-classification/qg7/gensys_icl001.smt2""]"
24,0,7034,QF_UF/QG-classification/qg7/gensys_icl001.smt2,6fbd8090d743a61312b44fdf58208760771fcb57b6a3b0f74f723307bb108a69,812113,unsat,1,williams_first_order_carryover,a5b163da70f7a4b586276cec20529dcaf9a596daf59a01894d95ec3f4fd69c3e,4,4,0,4,0,0,staged-1000,staged-1000,"[""staged-1000"",""staged-10000"",""staged-100"",""baseline"",""staged-10"",""staged-0""]",parser_inclusive_subprocess_wall_clock,1,timeout,2.011023543,124,-9,1,timeout,exceeded 2 seconds,,,"[""/net/scratch/hscra/plgrid/plgnasqret/codex-control/projects/euf-viper/runs/20260727T073625Z-staged-qg7-e9fef17/target/release/euf-viper"",""fabric-solve"",""--engine"",""quotient-portfolio"",""/net/scratch/hscra/plgrid/plgnasqret/codex-control/projects/euf-viper/corpora/9b39c70a794d52277a4e5d83731f0ebc50a2f3b804eb1dfc8cf32766a5ebeadc/smtlib-2025/QF_UF/QF_UF/QG-classification/qg7/gensys_icl001.smt2""]"
25,0,7034,QF_UF/QG-classification/qg7/gensys_icl001.smt2,6fbd8090d743a61312b44fdf58208760771fcb57b6a3b0f74f723307bb108a69,812113,unsat,1,williams_first_order_carryover,a5b163da70f7a4b586276cec20529dcaf9a596daf59a01894d95ec3f4fd69c3e,4,4,0,4,1,1,staged-10000,staged-10000,"[""staged-1000"",""staged-10000"",""staged-100"",""baseline"",""staged-10"",""staged-0""]",parser_inclusive_subprocess_wall_clock,1,timeout,2.008270533,124,-9,1,timeout,exceeded 2 seconds,,,"[""/net/scratch/hscra/plgrid/plgnasqret/codex-control/projects/euf-viper/runs/20260727T073625Z-staged-qg7-e9fef17/target/release/euf-viper"",""fabric-solve"",""--engine"",""quotient-portfolio"",""/net/scratch/hscra/plgrid/plgnasqret/codex-control/projects/euf-viper/corpora/9b39c70a794d52277a4e5d83731f0ebc50a2f3b804eb1dfc8cf32766a5ebeadc/smtlib-2025/QF_UF/QF_UF/QG-classification/qg7/gensys_icl001.smt2""]"
26,0,7034,QF_UF/QG-classification/qg7/gensys_icl001.smt2,6fbd8090d743a61312b44fdf58208760771fcb57b6a3b0f74f723307bb108a69,812113,unsat,1,williams_first_order_carryover,a5b163da70f7a4b586276cec20529dcaf9a596daf59a01894d95ec3f4fd69c3e,4,4,0,4,2,2,staged-100,staged-100,"[""staged-1000"",""staged-10000"",""staged-100"",""baseline"",""staged-10"",""staged-0""]",parser_inclusive_subprocess_wall_clock,1,timeout,2.008209937,124,-9,1,timeout,exceeded 2 seconds,,,"[""/net/scratch/hscra/plgrid/plgnasqret/codex-control/projects/euf-viper/runs/20260727T073625Z-staged-qg7-e9fef17/target/release/euf-viper"",""fabric-solve"",""--engine"",""quotient-portfolio"",""/net/scratch/hscra/plgrid/plgnasqret/codex-control/projects/euf-viper/corpora/9b39c70a794d52277a4e5d83731f0ebc50a2f3b804eb1dfc8cf32766a5ebeadc/smtlib-2025/QF_UF/QF_UF/QG-classification/qg7/gensys_icl001.smt2""]"
27,0,7034,QF_UF/QG-classification/qg7/gensys_icl001.smt2,6fbd8090d743a61312b44fdf58208760771fcb57b6a3b0f74f723307bb108a69,812113,unsat,1,williams_first_order_carryover,a5b163da70f7a4b586276cec20529dcaf9a596daf59a01894d95ec3f4fd69c3e,4,4,0,4,3,3,baseline,baseline,"[""staged-1000"",""staged-10000"",""staged-100"",""baseline"",""staged-10"",""staged-0""]",parser_inclusive_subprocess_wall_clock,1,timeout,2.013168660,124,-9,1,timeout,exceeded 2 seconds,,,"[""/net/scratch/hscra/plgrid/plgnasqret/codex-control/projects/euf-viper/runs/20260727T073625Z-staged-qg7-e9fef17/target/release/euf-viper"",""fabric-solve"",""--engine"",""quotient-portfolio"",""/net/scratch/hscra/plgrid/plgnasqret/codex-control/projects/euf-viper/corpora/9b39c70a794d52277a4e5d83731f0ebc50a2f3b804eb1dfc8cf32766a5ebeadc/smtlib-2025/QF_UF/QF_UF/QG-classification/qg7/gensys_icl001.smt2""]"
28,0,7034,QF_UF/QG-classification/qg7/gensys_icl001.smt2,6fbd8090d743a61312b44fdf58208760771fcb57b6a3b0f74f723307bb108a69,812113,unsat,1,williams_first_order_carryover,a5b163da70f7a4b586276cec20529dcaf9a596daf59a01894d95ec3f4fd69c3e,4,4,0,4,4,4,staged-10,staged-10,"[""staged-1000"",""staged-10000"",""staged-100"",""baseline"",""staged-10"",""staged-0""]",parser_inclusive_subprocess_wall_clock,1,timeout,2.007420677,124,-9,1,timeout,exceeded 2 seconds,,,"[""/net/scratch/hscra/plgrid/plgnasqret/codex-control/projects/euf-viper/runs/20260727T073625Z-staged-qg7-e9fef17/target/release/euf-viper"",""fabric-solve"",""--engine"",""quotient-portfolio"",""/net/scratch/hscra/plgrid/plgnasqret/codex-control/projects/euf-viper/corpora/9b39c70a794d52277a4e5d83731f0ebc50a2f3b804eb1dfc8cf32766a5ebeadc/smtlib-2025/QF_UF/QF_UF/QG-classification/qg7/gensys_icl001.smt2""]"
29,0,7034,QF_UF/QG-classification/qg7/gensys_icl001.smt2,6fbd8090d743a61312b44fdf58208760771fcb57b6a3b0f74f723307bb108a69,812113,unsat,1,williams_first_order_carryover,a5b163da70f7a4b586276cec20529dcaf9a596daf59a01894d95ec3f4fd69c3e,4,4,0,4,5,5,staged-0,staged-0,"[""staged-1000"",""staged-10000"",""staged-100"",""baseline"",""staged-10"",""staged-0""]",parser_inclusive_subprocess_wall_clock,1,timeout,2.006805273,124,-9,1,timeout,exceeded 2 seconds,,,"[""/net/scratch/hscra/plgrid/plgnasqret/codex-control/projects/euf-viper/runs/20260727T073625Z-staged-qg7-e9fef17/target/release/euf-viper"",""fabric-solve"",""--engine"",""quotient-portfolio"",""/net/scratch/hscra/plgrid/plgnasqret/codex-control/projects/euf-viper/corpora/9b39c70a794d52277a4e5d83731f0ebc50a2f3b804eb1dfc8cf32766a5ebeadc/smtlib-2025/QF_UF/QF_UF/QG-classification/qg7/gensys_icl001.smt2""]"
30,0,7034,QF_UF/QG-classification/qg7/gensys_icl001.smt2,6fbd8090d743a61312b44fdf58208760771fcb57b6a3b0f74f723307bb108a69,812113,unsat,1,williams_first_order_carryover,a5b163da70f7a4b586276cec20529dcaf9a596daf59a01894d95ec3f4fd69c3e,5,5,0,5,0,0,staged-10000,staged-10000,"[""staged-10000"",""baseline"",""staged-1000"",""staged-0"",""staged-100"",""staged-10""]",parser_inclusive_subprocess_wall_clock,1,timeout,2.008155991,124,-9,1,timeout,exceeded 2 seconds,,,"[""/net/scratch/hscra/plgrid/plgnasqret/codex-control/projects/euf-viper/runs/20260727T073625Z-staged-qg7-e9fef17/target/release/euf-viper"",""fabric-solve"",""--engine"",""quotient-portfolio"",""/net/scratch/hscra/plgrid/plgnasqret/codex-control/projects/euf-viper/corpora/9b39c70a794d52277a4e5d83731f0ebc50a2f3b804eb1dfc8cf32766a5ebeadc/smtlib-2025/QF_UF/QF_UF/QG-classification/qg7/gensys_icl001.smt2""]"
31,0,7034,QF_UF/QG-classification/qg7/gensys_icl001.smt2,6fbd8090d743a61312b44fdf58208760771fcb57b6a3b0f74f723307bb108a69,812113,unsat,1,williams_first_order_carryover,a5b163da70f7a4b586276cec20529dcaf9a596daf59a01894d95ec3f4fd69c3e,5,5,0,5,1,1,baseline,baseline,"[""staged-10000"",""baseline"",""staged-1000"",""staged-0"",""staged-100"",""staged-10""]",parser_inclusive_subprocess_wall_clock,1,timeout,2.008345903,124,-9,1,timeout,exceeded 2 seconds,,,"[""/net/scratch/hscra/plgrid/plgnasqret/codex-control/projects/euf-viper/runs/20260727T073625Z-staged-qg7-e9fef17/target/release/euf-viper"",""fabric-solve"",""--engine"",""quotient-portfolio"",""/net/scratch/hscra/plgrid/plgnasqret/codex-control/projects/euf-viper/corpora/9b39c70a794d52277a4e5d83731f0ebc50a2f3b804eb1dfc8cf32766a5ebeadc/smtlib-2025/QF_UF/QF_UF/QG-classification/qg7/gensys_icl001.smt2""]"
32,0,7034,QF_UF/QG-classification/qg7/gensys_icl001.smt2,6fbd8090d743a61312b44fdf58208760771fcb57b6a3b0f74f723307bb108a69,812113,unsat,1,williams_first_order_carryover,a5b163da70f7a4b586276cec20529dcaf9a596daf59a01894d95ec3f4fd69c3e,5,5,0,5,2,2,staged-1000,staged-1000,"[""staged-10000"",""baseline"",""staged-1000"",""staged-0"",""staged-100"",""staged-10""]",parser_inclusive_subprocess_wall_clock,1,timeout,2.012078303,124,-9,1,timeout,exceeded 2 seconds,,,"[""/net/scratch/hscra/plgrid/plgnasqret/codex-control/projects/euf-viper/runs/20260727T073625Z-staged-qg7-e9fef17/target/release/euf-viper"",""fabric-solve"",""--engine"",""quotient-portfolio"",""/net/scratch/hscra/plgrid/plgnasqret/codex-control/projects/euf-viper/corpora/9b39c70a794d52277a4e5d83731f0ebc50a2f3b804eb1dfc8cf32766a5ebeadc/smtlib-2025/QF_UF/QF_UF/QG-classification/qg7/gensys_icl001.smt2""]"
33,0,7034,QF_UF/QG-classification/qg7/gensys_icl001.smt2,6fbd8090d743a61312b44fdf58208760771fcb57b6a3b0f74f723307bb108a69,812113,unsat,1,williams_first_order_carryover,a5b163da70f7a4b586276cec20529dcaf9a596daf59a01894d95ec3f4fd69c3e,5,5,0,5,3,3,staged-0,staged-0,"[""staged-10000"",""baseline"",""staged-1000"",""staged-0"",""staged-100"",""staged-10""]",parser_inclusive_subprocess_wall_clock,1,timeout,2.007155807,124,-9,1,timeout,exceeded 2 seconds,,,"[""/net/scratch/hscra/plgrid/plgnasqret/codex-control/projects/euf-viper/runs/20260727T073625Z-staged-qg7-e9fef17/target/release/euf-viper"",""fabric-solve"",""--engine"",""quotient-portfolio"",""/net/scratch/hscra/plgrid/plgnasqret/codex-control/projects/euf-viper/corpora/9b39c70a794d52277a4e5d83731f0ebc50a2f3b804eb1dfc8cf32766a5ebeadc/smtlib-2025/QF_UF/QF_UF/QG-classification/qg7/gensys_icl001.smt2""]"
34,0,7034,QF_UF/QG-classification/qg7/gensys_icl001.smt2,6fbd8090d743a61312b44fdf58208760771fcb57b6a3b0f74f723307bb108a69,812113,unsat,1,williams_first_order_carryover,a5b163da70f7a4b586276cec20529dcaf9a596daf59a01894d95ec3f4fd69c3e,5,5,0,5,4,4,staged-100,staged-100,"[""staged-10000"",""baseline"",""staged-1000"",""staged-0"",""staged-100"",""staged-10""]",parser_inclusive_subprocess_wall_clock,1,timeout,2.013882039,124,-9,1,timeout,exceeded 2 seconds,,,"[""/net/scratch/hscra/plgrid/plgnasqret/codex-control/projects/euf-viper/runs/20260727T073625Z-staged-qg7-e9fef17/target/release/euf-viper"",""fabric-solve"",""--engine"",""quotient-portfolio"",""/net/scratch/hscra/plgrid/plgnasqret/codex-control/projects/euf-viper/corpora/9b39c70a794d52277a4e5d83731f0ebc50a2f3b804eb1dfc8cf32766a5ebeadc/smtlib-2025/QF_UF/QF_UF/QG-classification/qg7/gensys_icl001.smt2""]"
35,0,7034,QF_UF/QG-classification/qg7/gensys_icl001.smt2,6fbd8090d743a61312b44fdf58208760771fcb57b6a3b0f74f723307bb108a69,812113,unsat,1,williams_first_order_carryover,a5b163da70f7a4b586276cec20529dcaf9a596daf59a01894d95ec3f4fd69c3e,5,5,0,5,5,5,staged-10,staged-10,"[""staged-10000"",""baseline"",""staged-1000"",""staged-0"",""staged-100"",""staged-10""]",parser_inclusive_subprocess_wall_clock,1,timeout,2.009403163,124,-9,1,timeout,exceeded 2 seconds,,,"[""/net/scratch/hscra/plgrid/plgnasqret/codex-control/projects/euf-viper/runs/20260727T073625Z-staged-qg7-e9fef17/target/release/euf-viper"",""fabric-solve"",""--engine"",""quotient-portfolio"",""/net/scratch/hscra/plgrid/plgnasqret/codex-control/projects/euf-viper/corpora/9b39c70a794d52277a4e5d83731f0ebc50a2f3b804eb1dfc8cf32766a5ebeadc/smtlib-2025/QF_UF/QF_UF/QG-classification/qg7/gensys_icl001.smt2""]"
36,1,7042,QF_UF/QG-classification/qg7/gensys_icl_sk002.smt2,22dd7e1b640e06081ce80790de0f5214cf1976e4b1fb83ebc5c8f978d2635f12,809725,unsat,1,williams_first_order_carryover,a5b163da70f7a4b586276cec20529dcaf9a596daf59a01894d95ec3f4fd69c3e,0,0,0,0,0,0,baseline,baseline,"[""baseline"",""staged-0"",""staged-10000"",""staged-10"",""staged-1000"",""staged-100""]",parser_inclusive_subprocess_wall_clock,1,timeout,2.007359537,124,-9,1,timeout,exceeded 2 seconds,,,"[""/net/scratch/hscra/plgrid/plgnasqret/codex-control/projects/euf-viper/runs/20260727T073625Z-staged-qg7-e9fef17/target/release/euf-viper"",""fabric-solve"",""--engine"",""quotient-portfolio"",""/net/scratch/hscra/plgrid/plgnasqret/codex-control/projects/euf-viper/corpora/9b39c70a794d52277a4e5d83731f0ebc50a2f3b804eb1dfc8cf32766a5ebeadc/smtlib-2025/QF_UF/QF_UF/QG-classification/qg7/gensys_icl_sk002.smt2""]"
37,1,7042,QF_UF/QG-classification/qg7/gensys_icl_sk002.smt2,22dd7e1b640e06081ce80790de0f5214cf1976e4b1fb83ebc5c8f978d2635f12,809725,unsat,1,williams_first_order_carryover,a5b163da70f7a4b586276cec20529dcaf9a596daf59a01894d95ec3f4fd69c3e,0,0,0,0,1,1,staged-0,staged-0,"[""baseline"",""staged-0"",""staged-10000"",""staged-10"",""staged-1000"",""staged-100""]",parser_inclusive_subprocess_wall_clock,1,timeout,2.006802324,124,-9,1,timeout,exceeded 2 seconds,,,"[""/net/scratch/hscra/plgrid/plgnasqret/codex-control/projects/euf-viper/runs/20260727T073625Z-staged-qg7-e9fef17/target/release/euf-viper"",""fabric-solve"",""--engine"",""quotient-portfolio"",""/net/scratch/hscra/plgrid/plgnasqret/codex-control/projects/euf-viper/corpora/9b39c70a794d52277a4e5d83731f0ebc50a2f3b804eb1dfc8cf32766a5ebeadc/smtlib-2025/QF_UF/QF_UF/QG-classification/qg7/gensys_icl_sk002.smt2""]"
38,1,7042,QF_UF/QG-classification/qg7/gensys_icl_sk002.smt2,22dd7e1b640e06081ce80790de0f5214cf1976e4b1fb83ebc5c8f978d2635f12,809725,unsat,1,williams_first_order_carryover,a5b163da70f7a4b586276cec20529dcaf9a596daf59a01894d95ec3f4fd69c3e,0,0,0,0,2,2,staged-10000,staged-10000,"[""baseline"",""staged-0"",""staged-10000"",""staged-10"",""staged-1000"",""staged-100""]",parser_inclusive_subprocess_wall_clock,1,timeout,2.008689943,124,-9,1,timeout,exceeded 2 seconds,,,"[""/net/scratch/hscra/plgrid/plgnasqret/codex-control/projects/euf-viper/runs/20260727T073625Z-staged-qg7-e9fef17/target/release/euf-viper"",""fabric-solve"",""--engine"",""quotient-portfolio"",""/net/scratch/hscra/plgrid/plgnasqret/codex-control/projects/euf-viper/corpora/9b39c70a794d52277a4e5d83731f0ebc50a2f3b804eb1dfc8cf32766a5ebeadc/smtlib-2025/QF_UF/QF_UF/QG-classification/qg7/gensys_icl_sk002.smt2""]"
39,1,7042,QF_UF/QG-classification/qg7/gensys_icl_sk002.smt2,22dd7e1b640e06081ce80790de0f5214cf1976e4b1fb83ebc5c8f978d2635f12,809725,unsat,1,williams_first_order_carryover,a5b163da70f7a4b586276cec20529dcaf9a596daf59a01894d95ec3f4fd69c3e,0,0,0,0,3,3,staged-10,staged-10,"[""baseline"",""staged-0"",""staged-10000"",""staged-10"",""staged-1000"",""staged-100""]",parser_inclusive_subprocess_wall_clock,1,timeout,2.010218625,124,-9,1,timeout,exceeded 2 seconds,,,"[""/net/scratch/hscra/plgrid/plgnasqret/codex-control/projects/euf-viper/runs/20260727T073625Z-staged-qg7-e9fef17/target/release/euf-viper"",""fabric-solve"",""--engine"",""quotient-portfolio"",""/net/scratch/hscra/plgrid/plgnasqret/codex-control/projects/euf-viper/corpora/9b39c70a794d52277a4e5d83731f0ebc50a2f3b804eb1dfc8cf32766a5ebeadc/smtlib-2025/QF_UF/QF_UF/QG-classification/qg7/gensys_icl_sk002.smt2""]"
40,1,7042,QF_UF/QG-classification/qg7/gensys_icl_sk002.smt2,22dd7e1b640e06081ce80790de0f5214cf1976e4b1fb83ebc5c8f978d2635f12,809725,unsat,1,williams_first_order_carryover,a5b163da70f7a4b586276cec20529dcaf9a596daf59a01894d95ec3f4fd69c3e,0,0,0,0,4,4,staged-1000,staged-1000,"[""baseline"",""staged-0"",""staged-10000"",""staged-10"",""staged-1000"",""staged-100""]",parser_inclusive_subprocess_wall_clock,1,timeout,2.008083453,124,-9,1,timeout,exceeded 2 seconds,,,"[""/net/scratch/hscra/plgrid/plgnasqret/codex-control/projects/euf-viper/runs/20260727T073625Z-staged-qg7-e9fef17/target/release/euf-viper"",""fabric-solve"",""--engine"",""quotient-portfolio"",""/net/scratch/hscra/plgrid/plgnasqret/codex-control/projects/euf-viper/corpora/9b39c70a794d52277a4e5d83731f0ebc50a2f3b804eb1dfc8cf32766a5ebeadc/smtlib-2025/QF_UF/QF_UF/QG-classification/qg7/gensys_icl_sk002.smt2""]"
41,1,7042,QF_UF/QG-classification/qg7/gensys_icl_sk002.smt2,22dd7e1b640e06081ce80790de0f5214cf1976e4b1fb83ebc5c8f978d2635f12,809725,unsat,1,williams_first_order_carryover,a5b163da70f7a4b586276cec20529dcaf9a596daf59a01894d95ec3f4fd69c3e,0,0,0,0,5,5,staged-100,staged-100,"[""baseline"",""staged-0"",""staged-10000"",""staged-10"",""staged-1000"",""staged-100""]",parser_inclusive_subprocess_wall_clock,1,timeout,2.012875563,124,-9,1,timeout,exceeded 2 seconds,,,"[""/net/scratch/hscra/plgrid/plgnasqret/codex-control/projects/euf-viper/runs/20260727T073625Z-staged-qg7-e9fef17/target/release/euf-viper"",""fabric-solve"",""--engine"",""quotient-portfolio"",""/net/scratch/hscra/plgrid/plgnasqret/codex-control/projects/euf-viper/corpora/9b39c70a794d52277a4e5d83731f0ebc50a2f3b804eb1dfc8cf32766a5ebeadc/smtlib-2025/QF_UF/QF_UF/QG-classification/qg7/gensys_icl_sk002.smt2""]"
42,1,7042,QF_UF/QG-classification/qg7/gensys_icl_sk002.smt2,22dd7e1b640e06081ce80790de0f5214cf1976e4b1fb83ebc5c8f978d2635f12,809725,unsat,1,williams_first_order_carryover,a5b163da70f7a4b586276cec20529dcaf9a596daf59a01894d95ec3f4fd69c3e,1,1,0,1,0,0,staged-0,staged-0,"[""staged-0"",""staged-10"",""baseline"",""staged-100"",""staged-10000"",""staged-1000""]",parser_inclusive_subprocess_wall_clock,1,timeout,2.007691271,124,-9,1,timeout,exceeded 2 seconds,,,"[""/net/scratch/hscra/plgrid/plgnasqret/codex-control/projects/euf-viper/runs/20260727T073625Z-staged-qg7-e9fef17/target/release/euf-viper"",""fabric-solve"",""--engine"",""quotient-portfolio"",""/net/scratch/hscra/plgrid/plgnasqret/codex-control/projects/euf-viper/corpora/9b39c70a794d52277a4e5d83731f0ebc50a2f3b804eb1dfc8cf32766a5ebeadc/smtlib-2025/QF_UF/QF_UF/QG-classification/qg7/gensys_icl_sk002.smt2""]"
43,1,7042,QF_UF/QG-classification/qg7/gensys_icl_sk002.smt2,22dd7e1b640e06081ce80790de0f5214cf1976e4b1fb83ebc5c8f978d2635f12,809725,unsat,1,williams_first_order_carryover,a5b163da70f7a4b586276cec20529dcaf9a596daf59a01894d95ec3f4fd69c3e,1,1,0,1,1,1,staged-10,staged-10,"[""staged-0"",""staged-10"",""baseline"",""staged-100"",""staged-10000"",""staged-1000""]",parser_inclusive_subprocess_wall_clock,1,timeout,2.018768745,124,-9,1,timeout,exceeded 2 seconds,,,"[""/net/scratch/hscra/plgrid/plgnasqret/codex-control/projects/euf-viper/runs/20260727T073625Z-staged-qg7-e9fef17/target/release/euf-viper"",""fabric-solve"",""--engine"",""quotient-portfolio"",""/net/scratch/hscra/plgrid/plgnasqret/codex-control/projects/euf-viper/corpora/9b39c70a794d52277a4e5d83731f0ebc50a2f3b804eb1dfc8cf32766a5ebeadc/smtlib-2025/QF_UF/QF_UF/QG-classification/qg7/gensys_icl_sk002.smt2""]"
44,1,7042,QF_UF/QG-classification/qg7/gensys_icl_sk002.smt2,22dd7e1b640e06081ce80790de0f5214cf1976e4b1fb83ebc5c8f978d2635f12,809725,unsat,1,williams_first_order_carryover,a5b163da70f7a4b586276cec20529dcaf9a596daf59a01894d95ec3f4fd69c3e,1,1,0,1,2,2,baseline,baseline,"[""staged-0"",""staged-10"",""baseline"",""staged-100"",""staged-10000"",""staged-1000""]",parser_inclusive_subprocess_wall_clock,1,timeout,2.008359079,124,-9,1,timeout,exceeded 2 seconds,,,"[""/net/scratch/hscra/plgrid/plgnasqret/codex-control/projects/euf-viper/runs/20260727T073625Z-staged-qg7-e9fef17/target/release/euf-viper"",""fabric-solve"",""--engine"",""quotient-portfolio"",""/net/scratch/hscra/plgrid/plgnasqret/codex-control/projects/euf-viper/corpora/9b39c70a794d52277a4e5d83731f0ebc50a2f3b804eb1dfc8cf32766a5ebeadc/smtlib-2025/QF_UF/QF_UF/QG-classification/qg7/gensys_icl_sk002.smt2""]"
45,1,7042,QF_UF/QG-classification/qg7/gensys_icl_sk002.smt2,22dd7e1b640e06081ce80790de0f5214cf1976e4b1fb83ebc5c8f978d2635f12,809725,unsat,1,williams_first_order_carryover,a5b163da70f7a4b586276cec20529dcaf9a596daf59a01894d95ec3f4fd69c3e,1,1,0,1,3,3,staged-100,staged-100,"[""staged-0"",""staged-10"",""baseline"",""staged-100"",""staged-10000"",""staged-1000""]",parser_inclusive_subprocess_wall_clock,1,timeout,2.007833576,124,-9,1,timeout,exceeded 2 seconds,,,"[""/net/scratch/hscra/plgrid/plgnasqret/codex-control/projects/euf-viper/runs/20260727T073625Z-staged-qg7-e9fef17/target/release/euf-viper"",""fabric-solve"",""--engine"",""quotient-portfolio"",""/net/scratch/hscra/plgrid/plgnasqret/codex-control/projects/euf-viper/corpora/9b39c70a794d52277a4e5d83731f0ebc50a2f3b804eb1dfc8cf32766a5ebeadc/smtlib-2025/QF_UF/QF_UF/QG-classification/qg7/gensys_icl_sk002.smt2""]"
46,1,7042,QF_UF/QG-classification/qg7/gensys_icl_sk002.smt2,22dd7e1b640e06081ce80790de0f5214cf1976e4b1fb83ebc5c8f978d2635f12,809725,unsat,1,williams_first_order_carryover,a5b163da70f7a4b586276cec20529dcaf9a596daf59a01894d95ec3f4fd69c3e,1,1,0,1,4,4,staged-10000,staged-10000,"[""staged-0"",""staged-10"",""baseline"",""staged-100"",""staged-10000"",""staged-1000""]",parser_inclusive_subprocess_wall_clock,1,timeout,2.007300803,124,-9,1,timeout,exceeded 2 seconds,,,"[""/net/scratch/hscra/plgrid/plgnasqret/codex-control/projects/euf-viper/runs/20260727T073625Z-staged-qg7-e9fef17/target/release/euf-viper"",""fabric-solve"",""--engine"",""quotient-portfolio"",""/net/scratch/hscra/plgrid/plgnasqret/codex-control/projects/euf-viper/corpora/9b39c70a794d52277a4e5d83731f0ebc50a2f3b804eb1dfc8cf32766a5ebeadc/smtlib-2025/QF_UF/QF_UF/QG-classification/qg7/gensys_icl_sk002.smt2""]"
47,1,7042,QF_UF/QG-classification/qg7/gensys_icl_sk002.smt2,22dd7e1b640e06081ce80790de0f5214cf1976e4b1fb83ebc5c8f978d2635f12,809725,unsat,1,williams_first_order_carryover,a5b163da70f7a4b586276cec20529dcaf9a596daf59a01894d95ec3f4fd69c3e,1,1,0,1,5,5,staged-1000,staged-1000,"[""staged-0"",""staged-10"",""baseline"",""staged-100"",""staged-10000"",""staged-1000""]",parser_inclusive_subprocess_wall_clock,1,timeout,2.008378890,124,-9,1,timeout,exceeded 2 seconds,,,"[""/net/scratch/hscra/plgrid/plgnasqret/codex-control/projects/euf-viper/runs/20260727T073625Z-staged-qg7-e9fef17/target/release/euf-viper"",""fabric-solve"",""--engine"",""quotient-portfolio"",""/net/scratch/hscra/plgrid/plgnasqret/codex-control/projects/euf-viper/corpora/9b39c70a794d52277a4e5d83731f0ebc50a2f3b804eb1dfc8cf32766a5ebeadc/smtlib-2025/QF_UF/QF_UF/QG-classification/qg7/gensys_icl_sk002.smt2""]"
48,1,7042,QF_UF/QG-classification/qg7/gensys_icl_sk002.smt2,22dd7e1b640e06081ce80790de0f5214cf1976e4b1fb83ebc5c8f978d2635f12,809725,unsat,1,williams_first_order_carryover,a5b163da70f7a4b586276cec20529dcaf9a596daf59a01894d95ec3f4fd69c3e,2,2,0,2,0,0,staged-10,staged-10,"[""staged-10"",""staged-100"",""staged-0"",""staged-1000"",""baseline"",""staged-10000""]",parser_inclusive_subprocess_wall_clock,1,timeout,2.007585604,124,-9,1,timeout,exceeded 2 seconds,,,"[""/net/scratch/hscra/plgrid/plgnasqret/codex-control/projects/euf-viper/runs/20260727T073625Z-staged-qg7-e9fef17/target/release/euf-viper"",""fabric-solve"",""--engine"",""quotient-portfolio"",""/net/scratch/hscra/plgrid/plgnasqret/codex-control/projects/euf-viper/corpora/9b39c70a794d52277a4e5d83731f0ebc50a2f3b804eb1dfc8cf32766a5ebeadc/smtlib-2025/QF_UF/QF_UF/QG-classification/qg7/gensys_icl_sk002.smt2""]"
49,1,7042,QF_UF/QG-classification/qg7/gensys_icl_sk002.smt2,22dd7e1b640e06081ce80790de0f5214cf1976e4b1fb83ebc5c8f978d2635f12,809725,unsat,1,williams_first_order_carryover,a5b163da70f7a4b586276cec20529dcaf9a596daf59a01894d95ec3f4fd69c3e,2,2,0,2,1,1,staged-100,staged-100,"[""staged-10"",""staged-100"",""staged-0"",""staged-1000"",""baseline"",""staged-10000""]",parser_inclusive_subprocess_wall_clock,1,timeout,2.007815699,124,-9,1,timeout,exceeded 2 seconds,,,"[""/net/scratch/hscra/plgrid/plgnasqret/codex-control/projects/euf-viper/runs/20260727T073625Z-staged-qg7-e9fef17/target/release/euf-viper"",""fabric-solve"",""--engine"",""quotient-portfolio"",""/net/scratch/hscra/plgrid/plgnasqret/codex-control/projects/euf-viper/corpora/9b39c70a794d52277a4e5d83731f0ebc50a2f3b804eb1dfc8cf32766a5ebeadc/smtlib-2025/QF_UF/QF_UF/QG-classification/qg7/gensys_icl_sk002.smt2""]"
50,1,7042,QF_UF/QG-classification/qg7/gensys_icl_sk002.smt2,22dd7e1b640e06081ce80790de0f5214cf1976e4b1fb83ebc5c8f978d2635f12,809725,unsat,1,williams_first_order_carryover,a5b163da70f7a4b586276cec20529dcaf9a596daf59a01894d95ec3f4fd69c3e,2,2,0,2,2,2,staged-0,staged-0,"[""staged-10"",""staged-100"",""staged-0"",""staged-1000"",""baseline"",""staged-10000""]",parser_inclusive_subprocess_wall_clock,1,timeout,2.009015128,124,-9,1,timeout,exceeded 2 seconds,,,"[""/net/scratch/hscra/plgrid/plgnasqret/codex-control/projects/euf-viper/runs/20260727T073625Z-staged-qg7-e9fef17/target/release/euf-viper"",""fabric-solve"",""--engine"",""quotient-portfolio"",""/net/scratch/hscra/plgrid/plgnasqret/codex-control/projects/euf-viper/corpora/9b39c70a794d52277a4e5d83731f0ebc50a2f3b804eb1dfc8cf32766a5ebeadc/smtlib-2025/QF_UF/QF_UF/QG-classification/qg7/gensys_icl_sk002.smt2""]"
51,1,7042,QF_UF/QG-classification/qg7/gensys_icl_sk002.smt2,22dd7e1b640e06081ce80790de0f5214cf1976e4b1fb83ebc5c8f978d2635f12,809725,unsat,1,williams_first_order_carryover,a5b163da70f7a4b586276cec20529dcaf9a596daf59a01894d95ec3f4fd69c3e,2,2,0,2,3,3,staged-1000,staged-1000,"[""staged-10"",""staged-100"",""staged-0"",""staged-1000"",""baseline"",""staged-10000""]",parser_inclusive_subprocess_wall_clock,1,timeout,2.008742767,124,-9,1,timeout,exceeded 2 seconds,,,"[""/net/scratch/hscra/plgrid/plgnasqret/codex-control/projects/euf-viper/runs/20260727T073625Z-staged-qg7-e9fef17/target/release/euf-viper"",""fabric-solve"",""--engine"",""quotient-portfolio"",""/net/scratch/hscra/plgrid/plgnasqret/codex-control/projects/euf-viper/corpora/9b39c70a794d52277a4e5d83731f0ebc50a2f3b804eb1dfc8cf32766a5ebeadc/smtlib-2025/QF_UF/QF_UF/QG-classification/qg7/gensys_icl_sk002.smt2""]"
52,1,7042,QF_UF/QG-classification/qg7/gensys_icl_sk002.smt2,22dd7e1b640e06081ce80790de0f5214cf1976e4b1fb83ebc5c8f978d2635f12,809725,unsat,1,williams_first_order_carryover,a5b163da70f7a4b586276cec20529dcaf9a596daf59a01894d95ec3f4fd69c3e,2,2,0,2,4,4,baseline,baseline,"[""staged-10"",""staged-100"",""staged-0"",""staged-1000"",""baseline"",""staged-10000""]",parser_inclusive_subprocess_wall_clock,1,timeout,2.012698993,124,-9,1,timeout,exceeded 2 seconds,,,"[""/net/scratch/hscra/plgrid/plgnasqret/codex-control/projects/euf-viper/runs/20260727T073625Z-staged-qg7-e9fef17/target/release/euf-viper"",""fabric-solve"",""--engine"",""quotient-portfolio"",""/net/scratch/hscra/plgrid/plgnasqret/codex-control/projects/euf-viper/corpora/9b39c70a794d52277a4e5d83731f0ebc50a2f3b804eb1dfc8cf32766a5ebeadc/smtlib-2025/QF_UF/QF_UF/QG-classification/qg7/gensys_icl_sk002.smt2""]"
53,1,7042,QF_UF/QG-classification/qg7/gensys_icl_sk002.smt2,22dd7e1b640e06081ce80790de0f5214cf1976e4b1fb83ebc5c8f978d2635f12,809725,unsat,1,williams_first_order_carryover,a5b163da70f7a4b586276cec20529dcaf9a596daf59a01894d95ec3f4fd69c3e,2,2,0,2,5,5,staged-10000,staged-10000,"[""staged-10"",""staged-100"",""staged-0"",""staged-1000"",""baseline"",""staged-10000""]",parser_inclusive_subprocess_wall_clock,1,timeout,2.008842234,124,-9,1,timeout,exceeded 2 seconds,,,"[""/net/scratch/hscra/plgrid/plgnasqret/codex-control/projects/euf-viper/runs/20260727T073625Z-staged-qg7-e9fef17/target/release/euf-viper"",""fabric-solve"",""--engine"",""quotient-portfolio"",""/net/scratch/hscra/plgrid/plgnasqret/codex-control/projects/euf-viper/corpora/9b39c70a794d52277a4e5d83731f0ebc50a2f3b804eb1dfc8cf32766a5ebeadc/smtlib-2025/QF_UF/QF_UF/QG-classification/qg7/gensys_icl_sk002.smt2""]"
54,1,7042,QF_UF/QG-classification/qg7/gensys_icl_sk002.smt2,22dd7e1b640e06081ce80790de0f5214cf1976e4b1fb83ebc5c8f978d2635f12,809725,unsat,1,williams_first_order_carryover,a5b163da70f7a4b586276cec20529dcaf9a596daf59a01894d95ec3f4fd69c3e,3,3,0,3,0,0,staged-100,staged-100,"[""staged-100"",""staged-1000"",""staged-10"",""staged-10000"",""staged-0"",""baseline""]",parser_inclusive_subprocess_wall_clock,1,timeout,2.009215065,124,-9,1,timeout,exceeded 2 seconds,,,"[""/net/scratch/hscra/plgrid/plgnasqret/codex-control/projects/euf-viper/runs/20260727T073625Z-staged-qg7-e9fef17/target/release/euf-viper"",""fabric-solve"",""--engine"",""quotient-portfolio"",""/net/scratch/hscra/plgrid/plgnasqret/codex-control/projects/euf-viper/corpora/9b39c70a794d52277a4e5d83731f0ebc50a2f3b804eb1dfc8cf32766a5ebeadc/smtlib-2025/QF_UF/QF_UF/QG-classification/qg7/gensys_icl_sk002.smt2""]"
55,1,7042,QF_UF/QG-classification/qg7/gensys_icl_sk002.smt2,22dd7e1b640e06081ce80790de0f5214cf1976e4b1fb83ebc5c8f978d2635f12,809725,unsat,1,williams_first_order_carryover,a5b163da70f7a4b586276cec20529dcaf9a596daf59a01894d95ec3f4fd69c3e,3,3,0,3,1,1,staged-1000,staged-1000,"[""staged-100"",""staged-1000"",""staged-10"",""staged-10000"",""staged-0"",""baseline""]",parser_inclusive_subprocess_wall_clock,1,timeout,2.038144623,124,-9,1,timeout,exceeded 2 seconds,,,"[""/net/scratch/hscra/plgrid/plgnasqret/codex-control/projects/euf-viper/runs/20260727T073625Z-staged-qg7-e9fef17/target/release/euf-viper"",""fabric-solve"",""--engine"",""quotient-portfolio"",""/net/scratch/hscra/plgrid/plgnasqret/codex-control/projects/euf-viper/corpora/9b39c70a794d52277a4e5d83731f0ebc50a2f3b804eb1dfc8cf32766a5ebeadc/smtlib-2025/QF_UF/QF_UF/QG-classification/qg7/gensys_icl_sk002.smt2""]"
56,1,7042,QF_UF/QG-classification/qg7/gensys_icl_sk002.smt2,22dd7e1b640e06081ce80790de0f5214cf1976e4b1fb83ebc5c8f978d2635f12,809725,unsat,1,williams_first_order_carryover,a5b163da70f7a4b586276cec20529dcaf9a596daf59a01894d95ec3f4fd69c3e,3,3,0,3,2,2,staged-10,staged-10,"[""staged-100"",""staged-1000"",""staged-10"",""staged-10000"",""staged-0"",""baseline""]",parser_inclusive_subprocess_wall_clock,1,timeout,2.007126087,124,-9,1,timeout,exceeded 2 seconds,,,"[""/net/scratch/hscra/plgrid/plgnasqret/codex-control/projects/euf-viper/runs/20260727T073625Z-staged-qg7-e9fef17/target/release/euf-viper"",""fabric-solve"",""--engine"",""quotient-portfolio"",""/net/scratch/hscra/plgrid/plgnasqret/codex-control/projects/euf-viper/corpora/9b39c70a794d52277a4e5d83731f0ebc50a2f3b804eb1dfc8cf32766a5ebeadc/smtlib-2025/QF_UF/QF_UF/QG-classification/qg7/gensys_icl_sk002.smt2""]"
57,1,7042,QF_UF/QG-classification/qg7/gensys_icl_sk002.smt2,22dd7e1b640e06081ce80790de0f5214cf1976e4b1fb83ebc5c8f978d2635f12,809725,unsat,1,williams_first_order_carryover,a5b163da70f7a4b586276cec20529dcaf9a596daf59a01894d95ec3f4fd69c3e,3,3,0,3,3,3,staged-10000,staged-10000,"[""staged-100"",""staged-1000"",""staged-10"",""staged-10000"",""staged-0"",""baseline""]",parser_inclusive_subprocess_wall_clock,1,timeout,2.008990820,124,-9,1,timeout,exceeded 2 seconds,,,"[""/net/scratch/hscra/plgrid/plgnasqret/codex-control/projects/euf-viper/runs/20260727T073625Z-staged-qg7-e9fef17/target/release/euf-viper"",""fabric-solve"",""--engine"",""quotient-portfolio"",""/net/scratch/hscra/plgrid/plgnasqret/codex-control/projects/euf-viper/corpora/9b39c70a794d52277a4e5d83731f0ebc50a2f3b804eb1dfc8cf32766a5ebeadc/smtlib-2025/QF_UF/QF_UF/QG-classification/qg7/gensys_icl_sk002.smt2""]"
58,1,7042,QF_UF/QG-classification/qg7/gensys_icl_sk002.smt2,22dd7e1b640e06081ce80790de0f5214cf1976e4b1fb83ebc5c8f978d2635f12,809725,unsat,1,williams_first_order_carryover,a5b163da70f7a4b586276cec20529dcaf9a596daf59a01894d95ec3f4fd69c3e,3,3,0,3,4,4,staged-0,staged-0,"[""staged-100"",""staged-1000"",""staged-10"",""staged-10000"",""staged-0"",""baseline""]",parser_inclusive_subprocess_wall_clock,1,timeout,2.008877441,124,-9,1,timeout,exceeded 2 seconds,,,"[""/net/scratch/hscra/plgrid/plgnasqret/codex-control/projects/euf-viper/runs/20260727T073625Z-staged-qg7-e9fef17/target/release/euf-viper"",""fabric-solve"",""--engine"",""quotient-portfolio"",""/net/scratch/hscra/plgrid/plgnasqret/codex-control/projects/euf-viper/corpora/9b39c70a794d52277a4e5d83731f0ebc50a2f3b804eb1dfc8cf32766a5ebeadc/smtlib-2025/QF_UF/QF_UF/QG-classification/qg7/gensys_icl_sk002.smt2""]"
59,1,7042,QF_UF/QG-classification/qg7/gensys_icl_sk002.smt2,22dd7e1b640e06081ce80790de0f5214cf1976e4b1fb83ebc5c8f978d2635f12,809725,unsat,1,williams_first_order_carryover,a5b163da70f7a4b586276cec20529dcaf9a596daf59a01894d95ec3f4fd69c3e,3,3,0,3,5,5,baseline,baseline,"[""staged-100"",""staged-1000"",""staged-10"",""staged-10000"",""staged-0"",""baseline""]",parser_inclusive_subprocess_wall_clock,1,timeout,2.007029574,124,-9,1,timeout,exceeded 2 seconds,,,"[""/net/scratch/hscra/plgrid/plgnasqret/codex-control/projects/euf-viper/runs/20260727T073625Z-staged-qg7-e9fef17/target/release/euf-viper"",""fabric-solve"",""--engine"",""quotient-portfolio"",""/net/scratch/hscra/plgrid/plgnasqret/codex-control/projects/euf-viper/corpora/9b39c70a794d52277a4e5d83731f0ebc50a2f3b804eb1dfc8cf32766a5ebeadc/smtlib-2025/QF_UF/QF_UF/QG-classification/qg7/gensys_icl_sk002.smt2""]"
60,1,7042,QF_UF/QG-classification/qg7/gensys_icl_sk002.smt2,22dd7e1b640e06081ce80790de0f5214cf1976e4b1fb83ebc5c8f978d2635f12,809725,unsat,1,williams_first_order_carryover,a5b163da70f7a4b586276cec20529dcaf9a596daf59a01894d95ec3f4fd69c3e,4,4,0,4,0,0,staged-1000,staged-1000,"[""staged-1000"",""staged-10000"",""staged-100"",""baseline"",""staged-10"",""staged-0""]",parser_inclusive_subprocess_wall_clock,1,timeout,2.010454378,124,-9,1,timeout,exceeded 2 seconds,,,"[""/net/scratch/hscra/plgrid/plgnasqret/codex-control/projects/euf-viper/runs/20260727T073625Z-staged-qg7-e9fef17/target/release/euf-viper"",""fabric-solve"",""--engine"",""quotient-portfolio"",""/net/scratch/hscra/plgrid/plgnasqret/codex-control/projects/euf-viper/corpora/9b39c70a794d52277a4e5d83731f0ebc50a2f3b804eb1dfc8cf32766a5ebeadc/smtlib-2025/QF_UF/QF_UF/QG-classification/qg7/gensys_icl_sk002.smt2""]"
61,1,7042,QF_UF/QG-classification/qg7/gensys_icl_sk002.smt2,22dd7e1b640e06081ce80790de0f5214cf1976e4b1fb83ebc5c8f978d2635f12,809725,unsat,1,williams_first_order_carryover,a5b163da70f7a4b586276cec20529dcaf9a596daf59a01894d95ec3f4fd69c3e,4,4,0,4,1,1,staged-10000,staged-10000,"[""staged-1000"",""staged-10000"",""staged-100"",""baseline"",""staged-10"",""staged-0""]",parser_inclusive_subprocess_wall_clock,1,timeout,2.008405814,124,-9,1,timeout,exceeded 2 seconds,,,"[""/net/scratch/hscra/plgrid/plgnasqret/codex-control/projects/euf-viper/runs/20260727T073625Z-staged-qg7-e9fef17/target/release/euf-viper"",""fabric-solve"",""--engine"",""quotient-portfolio"",""/net/scratch/hscra/plgrid/plgnasqret/codex-control/projects/euf-viper/corpora/9b39c70a794d52277a4e5d83731f0ebc50a2f3b804eb1dfc8cf32766a5ebeadc/smtlib-2025/QF_UF/QF_UF/QG-classification/qg7/gensys_icl_sk002.smt2""]"
62,1,7042,QF_UF/QG-classification/qg7/gensys_icl_sk002.smt2,22dd7e1b640e06081ce80790de0f5214cf1976e4b1fb83ebc5c8f978d2635f12,809725,unsat,1,williams_first_order_carryover,a5b163da70f7a4b586276cec20529dcaf9a596daf59a01894d95ec3f4fd69c3e,4,4,0,4,2,2,staged-100,staged-100,"[""staged-1000"",""staged-10000"",""staged-100"",""baseline"",""staged-10"",""staged-0""]",parser_inclusive_subprocess_wall_clock,1,timeout,2.009637154,124,-9,1,timeout,exceeded 2 seconds,,,"[""/net/scratch/hscra/plgrid/plgnasqret/codex-control/projects/euf-viper/runs/20260727T073625Z-staged-qg7-e9fef17/target/release/euf-viper"",""fabric-solve"",""--engine"",""quotient-portfolio"",""/net/scratch/hscra/plgrid/plgnasqret/codex-control/projects/euf-viper/corpora/9b39c70a794d52277a4e5d83731f0ebc50a2f3b804eb1dfc8cf32766a5ebeadc/smtlib-2025/QF_UF/QF_UF/QG-classification/qg7/gensys_icl_sk002.smt2""]"
63,1,7042,QF_UF/QG-classification/qg7/gensys_icl_sk002.smt2,22dd7e1b640e06081ce80790de0f5214cf1976e4b1fb83ebc5c8f978d2635f12,809725,unsat,1,williams_first_order_carryover,a5b163da70f7a4b586276cec20529dcaf9a596daf59a01894d95ec3f4fd69c3e,4,4,0,4,3,3,baseline,baseline,"[""staged-1000"",""staged-10000"",""staged-100"",""baseline"",""staged-10"",""staged-0""]",parser_inclusive_subprocess_wall_clock,1,timeout,2.007868453,124,-9,1,timeout,exceeded 2 seconds,,,"[""/net/scratch/hscra/plgrid/plgnasqret/codex-control/projects/euf-viper/runs/20260727T073625Z-staged-qg7-e9fef17/target/release/euf-viper"",""fabric-solve"",""--engine"",""quotient-portfolio"",""/net/scratch/hscra/plgrid/plgnasqret/codex-control/projects/euf-viper/corpora/9b39c70a794d52277a4e5d83731f0ebc50a2f3b804eb1dfc8cf32766a5ebeadc/smtlib-2025/QF_UF/QF_UF/QG-classification/qg7/gensys_icl_sk002.smt2""]"
64,1,7042,QF_UF/QG-classification/qg7/gensys_icl_sk002.smt2,22dd7e1b640e06081ce80790de0f5214cf1976e4b1fb83ebc5c8f978d2635f12,809725,unsat,1,williams_first_order_carryover,a5b163da70f7a4b586276cec20529dcaf9a596daf59a01894d95ec3f4fd69c3e,4,4,0,4,4,4,staged-10,staged-10,"[""staged-1000"",""staged-10000"",""staged-100"",""baseline"",""staged-10"",""staged-0""]",parser_inclusive_subprocess_wall_clock,1,timeout,2.008043259,124,-9,1,timeout,exceeded 2 seconds,,,"[""/net/scratch/hscra/plgrid/plgnasqret/codex-control/projects/euf-viper/runs/20260727T073625Z-staged-qg7-e9fef17/target/release/euf-viper"",""fabric-solve"",""--engine"",""quotient-portfolio"",""/net/scratch/hscra/plgrid/plgnasqret/codex-control/projects/euf-viper/corpora/9b39c70a794d52277a4e5d83731f0ebc50a2f3b804eb1dfc8cf32766a5ebeadc/smtlib-2025/QF_UF/QF_UF/QG-classification/qg7/gensys_icl_sk002.smt2""]"
65,1,7042,QF_UF/QG-classification/qg7/gensys_icl_sk002.smt2,22dd7e1b640e06081ce80790de0f5214cf1976e4b1fb83ebc5c8f978d2635f12,809725,unsat,1,williams_first_order_carryover,a5b163da70f7a4b586276cec20529dcaf9a596daf59a01894d95ec3f4fd69c3e,4,4,0,4,5,5,staged-0,staged-0,"[""staged-1000"",""staged-10000"",""staged-100"",""baseline"",""staged-10"",""staged-0""]",parser_inclusive_subprocess_wall_clock,1,timeout,2.009607827,124,-9,1,timeout,exceeded 2 seconds,,,"[""/net/scratch/hscra/plgrid/plgnasqret/codex-control/projects/euf-viper/runs/20260727T073625Z-staged-qg7-e9fef17/target/release/euf-viper"",""fabric-solve"",""--engine"",""quotient-portfolio"",""/net/scratch/hscra/plgrid/plgnasqret/codex-control/projects/euf-viper/corpora/9b39c70a794d52277a4e5d83731f0ebc50a2f3b804eb1dfc8cf32766a5ebeadc/smtlib-2025/QF_UF/QF_UF/QG-classification/qg7/gensys_icl_sk002.smt2""]"
66,1,7042,QF_UF/QG-classification/qg7/gensys_icl_sk002.smt2,22dd7e1b640e06081ce80790de0f5214cf1976e4b1fb83ebc5c8f978d2635f12,809725,unsat,1,williams_first_order_carryover,a5b163da70f7a4b586276cec20529dcaf9a596daf59a01894d95ec3f4fd69c3e,5,5,0,5,0,0,staged-10000,staged-10000,"[""staged-10000"",""baseline"",""staged-1000"",""staged-0"",""staged-100"",""staged-10""]",parser_inclusive_subprocess_wall_clock,1,timeout,2.009765361,124,-9,1,timeout,exceeded 2 seconds,,,"[""/net/scratch/hscra/plgrid/plgnasqret/codex-control/projects/euf-viper/runs/20260727T073625Z-staged-qg7-e9fef17/target/release/euf-viper"",""fabric-solve"",""--engine"",""quotient-portfolio"",""/net/scratch/hscra/plgrid/plgnasqret/codex-control/projects/euf-viper/corpora/9b39c70a794d52277a4e5d83731f0ebc50a2f3b804eb1dfc8cf32766a5ebeadc/smtlib-2025/QF_UF/QF_UF/QG-classification/qg7/gensys_icl_sk002.smt2""]"
67,1,7042,QF_UF/QG-classification/qg7/gensys_icl_sk002.smt2,22dd7e1b640e06081ce80790de0f5214cf1976e4b1fb83ebc5c8f978d2635f12,809725,unsat,1,williams_first_order_carryover,a5b163da70f7a4b586276cec20529dcaf9a596daf59a01894d95ec3f4fd69c3e,5,5,0,5,1,1,baseline,baseline,"[""staged-10000"",""baseline"",""staged-1000"",""staged-0"",""staged-100"",""staged-10""]",parser_inclusive_subprocess_wall_clock,1,timeout,2.008009517,124,-9,1,timeout,exceeded 2 seconds,,,"[""/net/scratch/hscra/plgrid/plgnasqret/codex-control/projects/euf-viper/runs/20260727T073625Z-staged-qg7-e9fef17/target/release/euf-viper"",""fabric-solve"",""--engine"",""quotient-portfolio"",""/net/scratch/hscra/plgrid/plgnasqret/codex-control/projects/euf-viper/corpora/9b39c70a794d52277a4e5d83731f0ebc50a2f3b804eb1dfc8cf32766a5ebeadc/smtlib-2025/QF_UF/QF_UF/QG-classification/qg7/gensys_icl_sk002.smt2""]"
68,1,7042,QF_UF/QG-classification/qg7/gensys_icl_sk002.smt2,22dd7e1b640e06081ce80790de0f5214cf1976e4b1fb83ebc5c8f978d2635f12,809725,unsat,1,williams_first_order_carryover,a5b163da70f7a4b586276cec20529dcaf9a596daf59a01894d95ec3f4fd69c3e,5,5,0,5,2,2,staged-1000,staged-1000,"[""staged-10000"",""baseline"",""staged-1000"",""staged-0"",""staged-100"",""staged-10""]",parser_inclusive_subprocess_wall_clock,1,timeout,2.007681167,124,-9,1,timeout,exceeded 2 seconds,,,"[""/net/scratch/hscra/plgrid/plgnasqret/codex-control/projects/euf-viper/runs/20260727T073625Z-staged-qg7-e9fef17/target/release/euf-viper"",""fabric-solve"",""--engine"",""quotient-portfolio"",""/net/scratch/hscra/plgrid/plgnasqret/codex-control/projects/euf-viper/corpora/9b39c70a794d52277a4e5d83731f0ebc50a2f3b804eb1dfc8cf32766a5ebeadc/smtlib-2025/QF_UF/QF_UF/QG-classification/qg7/gensys_icl_sk002.smt2""]"
69,1,7042,QF_UF/QG-classification/qg7/gensys_icl_sk002.smt2,22dd7e1b640e06081ce80790de0f5214cf1976e4b1fb83ebc5c8f978d2635f12,809725,unsat,1,williams_first_order_carryover,a5b163da70f7a4b586276cec20529dcaf9a596daf59a01894d95ec3f4fd69c3e,5,5,0,5,3,3,staged-0,staged-0,"[""staged-10000"",""baseline"",""staged-1000"",""staged-0"",""staged-100"",""staged-10""]",parser_inclusive_subprocess_wall_clock,1,timeout,2.007431682,124,-9,1,timeout,exceeded 2 seconds,,,"[""/net/scratch/hscra/plgrid/plgnasqret/codex-control/projects/euf-viper/runs/20260727T073625Z-staged-qg7-e9fef17/target/release/euf-viper"",""fabric-solve"",""--engine"",""quotient-portfolio"",""/net/scratch/hscra/plgrid/plgnasqret/codex-control/projects/euf-viper/corpora/9b39c70a794d52277a4e5d83731f0ebc50a2f3b804eb1dfc8cf32766a5ebeadc/smtlib-2025/QF_UF/QF_UF/QG-classification/qg7/gensys_icl_sk002.smt2""]"
70,1,7042,QF_UF/QG-classification/qg7/gensys_icl_sk002.smt2,22dd7e1b640e06081ce80790de0f5214cf1976e4b1fb83ebc5c8f978d2635f12,809725,unsat,1,williams_first_order_carryover,a5b163da70f7a4b586276cec20529dcaf9a596daf59a01894d95ec3f4fd69c3e,5,5,0,5,4,4,staged-100,staged-100,"[""staged-10000"",""baseline"",""staged-1000"",""staged-0"",""staged-100"",""staged-10""]",parser_inclusive_subprocess_wall_clock,1,timeout,2.008911927,124,-9,1,timeout,exceeded 2 seconds,,,"[""/net/scratch/hscra/plgrid/plgnasqret/codex-control/projects/euf-viper/runs/20260727T073625Z-staged-qg7-e9fef17/target/release/euf-viper"",""fabric-solve"",""--engine"",""quotient-portfolio"",""/net/scratch/hscra/plgrid/plgnasqret/codex-control/projects/euf-viper/corpora/9b39c70a794d52277a4e5d83731f0ebc50a2f3b804eb1dfc8cf32766a5ebeadc/smtlib-2025/QF_UF/QF_UF/QG-classification/qg7/gensys_icl_sk002.smt2""]"
71,1,7042,QF_UF/QG-classification/qg7/gensys_icl_sk002.smt2,22dd7e1b640e06081ce80790de0f5214cf1976e4b1fb83ebc5c8f978d2635f12,809725,unsat,1,williams_first_order_carryover,a5b163da70f7a4b586276cec20529dcaf9a596daf59a01894d95ec3f4fd69c3e,5,5,0,5,5,5,staged-10,staged-10,"[""staged-10000"",""baseline"",""staged-1000"",""staged-0"",""staged-100"",""staged-10""]",parser_inclusive_subprocess_wall_clock,1,timeout,2.008179567,124,-9,1,timeout,exceeded 2 seconds,,,"[""/net/scratch/hscra/plgrid/plgnasqret/codex-control/projects/euf-viper/runs/20260727T073625Z-staged-qg7-e9fef17/target/release/euf-viper"",""fabric-solve"",""--engine"",""quotient-portfolio"",""/net/scratch/hscra/plgrid/plgnasqret/codex-control/projects/euf-viper/corpora/9b39c70a794d52277a4e5d83731f0ebc50a2f3b804eb1dfc8cf32766a5ebeadc/smtlib-2025/QF_UF/QF_UF/QG-classification/qg7/gensys_icl_sk002.smt2""]"
72,2,7123,QF_UF/QG-classification/qg7/iso_brn_nogen_sk005.smt2,d7ac6e70c774711e33f23dda9c35718f8ba2af4567dc9ef81a0299f76eaeb0e8,6012709,sat,1,williams_first_order_carryover,a5b163da70f7a4b586276cec20529dcaf9a596daf59a01894d95ec3f4fd69c3e,0,0,0,0,0,0,baseline,baseline,"[""baseline"",""staged-0"",""staged-10000"",""staged-10"",""staged-1000"",""staged-100""]",parser_inclusive_subprocess_wall_clock,1,timeout,2.011134808,124,-9,1,timeout,exceeded 2 seconds,,,"[""/net/scratch/hscra/plgrid/plgnasqret/codex-control/projects/euf-viper/runs/20260727T073625Z-staged-qg7-e9fef17/target/release/euf-viper"",""fabric-solve"",""--engine"",""quotient-portfolio"",""/net/scratch/hscra/plgrid/plgnasqret/codex-control/projects/euf-viper/corpora/9b39c70a794d52277a4e5d83731f0ebc50a2f3b804eb1dfc8cf32766a5ebeadc/smtlib-2025/QF_UF/QF_UF/QG-classification/qg7/iso_brn_nogen_sk005.smt2""]"
73,2,7123,QF_UF/QG-classification/qg7/iso_brn_nogen_sk005.smt2,d7ac6e70c774711e33f23dda9c35718f8ba2af4567dc9ef81a0299f76eaeb0e8,6012709,sat,1,williams_first_order_carryover,a5b163da70f7a4b586276cec20529dcaf9a596daf59a01894d95ec3f4fd69c3e,0,0,0,0,1,1,staged-0,staged-0,"[""baseline"",""staged-0"",""staged-10000"",""staged-10"",""staged-1000"",""staged-100""]",parser_inclusive_subprocess_wall_clock,1,timeout,2.024980786,124,-9,1,timeout,exceeded 2 seconds,,,"[""/net/scratch/hscra/plgrid/plgnasqret/codex-control/projects/euf-viper/runs/20260727T073625Z-staged-qg7-e9fef17/target/release/euf-viper"",""fabric-solve"",""--engine"",""quotient-portfolio"",""/net/scratch/hscra/plgrid/plgnasqret/codex-control/projects/euf-viper/corpora/9b39c70a794d52277a4e5d83731f0ebc50a2f3b804eb1dfc8cf32766a5ebeadc/smtlib-2025/QF_UF/QF_UF/QG-classification/qg7/iso_brn_nogen_sk005.smt2""]"
74,2,7123,QF_UF/QG-classification/qg7/iso_brn_nogen_sk005.smt2,d7ac6e70c774711e33f23dda9c35718f8ba2af4567dc9ef81a0299f76eaeb0e8,6012709,sat,1,williams_first_order_carryover,a5b163da70f7a4b586276cec20529dcaf9a596daf59a01894d95ec3f4fd69c3e,0,0,0,0,2,2,staged-10000,staged-10000,"[""baseline"",""staged-0"",""staged-10000"",""staged-10"",""staged-1000"",""staged-100""]",parser_inclusive_subprocess_wall_clock,1,timeout,2.017057182,124,-9,1,timeout,exceeded 2 seconds,,,"[""/net/scratch/hscra/plgrid/plgnasqret/codex-control/projects/euf-viper/runs/20260727T073625Z-staged-qg7-e9fef17/target/release/euf-viper"",""fabric-solve"",""--engine"",""quotient-portfolio"",""/net/scratch/hscra/plgrid/plgnasqret/codex-control/projects/euf-viper/corpora/9b39c70a794d52277a4e5d83731f0ebc50a2f3b804eb1dfc8cf32766a5ebeadc/smtlib-2025/QF_UF/QF_UF/QG-classification/qg7/iso_brn_nogen_sk005.smt2""]"
75,2,7123,QF_UF/QG-classification/qg7/iso_brn_nogen_sk005.smt2,d7ac6e70c774711e33f23dda9c35718f8ba2af4567dc9ef81a0299f76eaeb0e8,6012709,sat,1,williams_first_order_carryover,a5b163da70f7a4b586276cec20529dcaf9a596daf59a01894d95ec3f4fd69c3e,0,0,0,0,3,3,staged-10,staged-10,"[""baseline"",""staged-0"",""staged-10000"",""staged-10"",""staged-1000"",""staged-100""]",parser_inclusive_subprocess_wall_clock,1,timeout,2.118453020,124,-9,1,timeout,exceeded 2 seconds,,,"[""/net/scratch/hscra/plgrid/plgnasqret/codex-control/projects/euf-viper/runs/20260727T073625Z-staged-qg7-e9fef17/target/release/euf-viper"",""fabric-solve"",""--engine"",""quotient-portfolio"",""/net/scratch/hscra/plgrid/plgnasqret/codex-control/projects/euf-viper/corpora/9b39c70a794d52277a4e5d83731f0ebc50a2f3b804eb1dfc8cf32766a5ebeadc/smtlib-2025/QF_UF/QF_UF/QG-classification/qg7/iso_brn_nogen_sk005.smt2""]"
76,2,7123,QF_UF/QG-classification/qg7/iso_brn_nogen_sk005.smt2,d7ac6e70c774711e33f23dda9c35718f8ba2af4567dc9ef81a0299f76eaeb0e8,6012709,sat,1,williams_first_order_carryover,a5b163da70f7a4b586276cec20529dcaf9a596daf59a01894d95ec3f4fd69c3e,0,0,0,0,4,4,staged-1000,staged-1000,"[""baseline"",""staged-0"",""staged-10000"",""staged-10"",""staged-1000"",""staged-100""]",parser_inclusive_subprocess_wall_clock,1,timeout,2.031727455,124,-9,1,timeout,exceeded 2 seconds,,,"[""/net/scratch/hscra/plgrid/plgnasqret/codex-control/projects/euf-viper/runs/20260727T073625Z-staged-qg7-e9fef17/target/release/euf-viper"",""fabric-solve"",""--engine"",""quotient-portfolio"",""/net/scratch/hscra/plgrid/plgnasqret/codex-control/projects/euf-viper/corpora/9b39c70a794d52277a4e5d83731f0ebc50a2f3b804eb1dfc8cf32766a5ebeadc/smtlib-2025/QF_UF/QF_UF/QG-classification/qg7/iso_brn_nogen_sk005.smt2""]"
77,2,7123,QF_UF/QG-classification/qg7/iso_brn_nogen_sk005.smt2,d7ac6e70c774711e33f23dda9c35718f8ba2af4567dc9ef81a0299f76eaeb0e8,6012709,sat,1,williams_first_order_carryover,a5b163da70f7a4b586276cec20529dcaf9a596daf59a01894d95ec3f4fd69c3e,0,0,0,0,5,5,staged-100,staged-100,"[""baseline"",""staged-0"",""staged-10000"",""staged-10"",""staged-1000"",""staged-100""]",parser_inclusive_subprocess_wall_clock,1,timeout,2.029459050,124,-9,1,timeout,exceeded 2 seconds,,,"[""/net/scratch/hscra/plgrid/plgnasqret/codex-control/projects/euf-viper/runs/20260727T073625Z-staged-qg7-e9fef17/target/release/euf-viper"",""fabric-solve"",""--engine"",""quotient-portfolio"",""/net/scratch/hscra/plgrid/plgnasqret/codex-control/projects/euf-viper/corpora/9b39c70a794d52277a4e5d83731f0ebc50a2f3b804eb1dfc8cf32766a5ebeadc/smtlib-2025/QF_UF/QF_UF/QG-classification/qg7/iso_brn_nogen_sk005.smt2""]"
78,2,7123,QF_UF/QG-classification/qg7/iso_brn_nogen_sk005.smt2,d7ac6e70c774711e33f23dda9c35718f8ba2af4567dc9ef81a0299f76eaeb0e8,6012709,sat,1,williams_first_order_carryover,a5b163da70f7a4b586276cec20529dcaf9a596daf59a01894d95ec3f4fd69c3e,1,1,0,1,0,0,staged-0,staged-0,"[""staged-0"",""staged-10"",""baseline"",""staged-100"",""staged-10000"",""staged-1000""]",parser_inclusive_subprocess_wall_clock,1,timeout,2.031484179,124,-9,1,timeout,exceeded 2 seconds,,,"[""/net/scratch/hscra/plgrid/plgnasqret/codex-control/projects/euf-viper/runs/20260727T073625Z-staged-qg7-e9fef17/target/release/euf-viper"",""fabric-solve"",""--engine"",""quotient-portfolio"",""/net/scratch/hscra/plgrid/plgnasqret/codex-control/projects/euf-viper/corpora/9b39c70a794d52277a4e5d83731f0ebc50a2f3b804eb1dfc8cf32766a5ebeadc/smtlib-2025/QF_UF/QF_UF/QG-classification/qg7/iso_brn_nogen_sk005.smt2""]"
79,2,7123,QF_UF/QG-classification/qg7/iso_brn_nogen_sk005.smt2,d7ac6e70c774711e33f23dda9c35718f8ba2af4567dc9ef81a0299f76eaeb0e8,6012709,sat,1,williams_first_order_carryover,a5b163da70f7a4b586276cec20529dcaf9a596daf59a01894d95ec3f4fd69c3e,1,1,0,1,1,1,staged-10,staged-10,"[""staged-0"",""staged-10"",""baseline"",""staged-100"",""staged-10000"",""staged-1000""]",parser_inclusive_subprocess_wall_clock,1,timeout,2.035338226,124,-9,1,timeout,exceeded 2 seconds,,,"[""/net/scratch/hscra/plgrid/plgnasqret/codex-control/projects/euf-viper/runs/20260727T073625Z-staged-qg7-e9fef17/target/release/euf-viper"",""fabric-solve"",""--engine"",""quotient-portfolio"",""/net/scratch/hscra/plgrid/plgnasqret/codex-control/projects/euf-viper/corpora/9b39c70a794d52277a4e5d83731f0ebc50a2f3b804eb1dfc8cf32766a5ebeadc/smtlib-2025/QF_UF/QF_UF/QG-classification/qg7/iso_brn_nogen_sk005.smt2""]"
80,2,7123,QF_UF/QG-classification/qg7/iso_brn_nogen_sk005.smt2,d7ac6e70c774711e33f23dda9c35718f8ba2af4567dc9ef81a0299f76eaeb0e8,6012709,sat,1,williams_first_order_carryover,a5b163da70f7a4b586276cec20529dcaf9a596daf59a01894d95ec3f4fd69c3e,1,1,0,1,2,2,baseline,baseline,"[""staged-0"",""staged-10"",""baseline"",""staged-100"",""staged-10000"",""staged-1000""]",parser_inclusive_subprocess_wall_clock,1,timeout,2.014467218,124,-9,1,timeout,exceeded 2 seconds,,,"[""/net/scratch/hscra/plgrid/plgnasqret/codex-control/projects/euf-viper/runs/20260727T073625Z-staged-qg7-e9fef17/target/release/euf-viper"",""fabric-solve"",""--engine"",""quotient-portfolio"",""/net/scratch/hscra/plgrid/plgnasqret/codex-control/projects/euf-viper/corpora/9b39c70a794d52277a4e5d83731f0ebc50a2f3b804eb1dfc8cf32766a5ebeadc/smtlib-2025/QF_UF/QF_UF/QG-classification/qg7/iso_brn_nogen_sk005.smt2""]"
81,2,7123,QF_UF/QG-classification/qg7/iso_brn_nogen_sk005.smt2,d7ac6e70c774711e33f23dda9c35718f8ba2af4567dc9ef81a0299f76eaeb0e8,6012709,sat,1,williams_first_order_carryover,a5b163da70f7a4b586276cec20529dcaf9a596daf59a01894d95ec3f4fd69c3e,1,1,0,1,3,3,staged-100,staged-100,"[""staged-0"",""staged-10"",""baseline"",""staged-100"",""staged-10000"",""staged-1000""]",parser_inclusive_subprocess_wall_clock,1,timeout,2.023890065,124,-9,1,timeout,exceeded 2 seconds,,,"[""/net/scratch/hscra/plgrid/plgnasqret/codex-control/projects/euf-viper/runs/20260727T073625Z-staged-qg7-e9fef17/target/release/euf-viper"",""fabric-solve"",""--engine"",""quotient-portfolio"",""/net/scratch/hscra/plgrid/plgnasqret/codex-control/projects/euf-viper/corpora/9b39c70a794d52277a4e5d83731f0ebc50a2f3b804eb1dfc8cf32766a5ebeadc/smtlib-2025/QF_UF/QF_UF/QG-classification/qg7/iso_brn_nogen_sk005.smt2""]"
82,2,7123,QF_UF/QG-classification/qg7/iso_brn_nogen_sk005.smt2,d7ac6e70c774711e33f23dda9c35718f8ba2af4567dc9ef81a0299f76eaeb0e8,6012709,sat,1,williams_first_order_carryover,a5b163da70f7a4b586276cec20529dcaf9a596daf59a01894d95ec3f4fd69c3e,1,1,0,1,4,4,staged-10000,staged-10000,"[""staged-0"",""staged-10"",""baseline"",""staged-100"",""staged-10000"",""staged-1000""]",parser_inclusive_subprocess_wall_clock,1,timeout,2.012032775,124,-9,1,timeout,exceeded 2 seconds,,,"[""/net/scratch/hscra/plgrid/plgnasqret/codex-control/projects/euf-viper/runs/20260727T073625Z-staged-qg7-e9fef17/target/release/euf-viper"",""fabric-solve"",""--engine"",""quotient-portfolio"",""/net/scratch/hscra/plgrid/plgnasqret/codex-control/projects/euf-viper/corpora/9b39c70a794d52277a4e5d83731f0ebc50a2f3b804eb1dfc8cf32766a5ebeadc/smtlib-2025/QF_UF/QF_UF/QG-classification/qg7/iso_brn_nogen_sk005.smt2""]"
83,2,7123,QF_UF/QG-classification/qg7/iso_brn_nogen_sk005.smt2,d7ac6e70c774711e33f23dda9c35718f8ba2af4567dc9ef81a0299f76eaeb0e8,6012709,sat,1,williams_first_order_carryover,a5b163da70f7a4b586276cec20529dcaf9a596daf59a01894d95ec3f4fd69c3e,1,1,0,1,5,5,staged-1000,staged-1000,"[""staged-0"",""staged-10"",""baseline"",""staged-100"",""staged-10000"",""staged-1000""]",parser_inclusive_subprocess_wall_clock,1,timeout,2.032818366,124,-9,1,timeout,exceeded 2 seconds,,,"[""/net/scratch/hscra/plgrid/plgnasqret/codex-control/projects/euf-viper/runs/20260727T073625Z-staged-qg7-e9fef17/target/release/euf-viper"",""fabric-solve"",""--engine"",""quotient-portfolio"",""/net/scratch/hscra/plgrid/plgnasqret/codex-control/projects/euf-viper/corpora/9b39c70a794d52277a4e5d83731f0ebc50a2f3b804eb1dfc8cf32766a5ebeadc/smtlib-2025/QF_UF/QF_UF/QG-classification/qg7/iso_brn_nogen_sk005.smt2""]"
84,2,7123,QF_UF/QG-classification/qg7/iso_brn_nogen_sk005.smt2,d7ac6e70c774711e33f23dda9c35718f8ba2af4567dc9ef81a0299f76eaeb0e8,6012709,sat,1,williams_first_order_carryover,a5b163da70f7a4b586276cec20529dcaf9a596daf59a01894d95ec3f4fd69c3e,2,2,0,2,0,0,staged-10,staged-10,"[""staged-10"",""staged-100"",""staged-0"",""staged-1000"",""baseline"",""staged-10000""]",parser_inclusive_subprocess_wall_clock,1,timeout,2.032755436,124,-9,1,timeout,exceeded 2 seconds,,,"[""/net/scratch/hscra/plgrid/plgnasqret/codex-control/projects/euf-viper/runs/20260727T073625Z-staged-qg7-e9fef17/target/release/euf-viper"",""fabric-solve"",""--engine"",""quotient-portfolio"",""/net/scratch/hscra/plgrid/plgnasqret/codex-control/projects/euf-viper/corpora/9b39c70a794d52277a4e5d83731f0ebc50a2f3b804eb1dfc8cf32766a5ebeadc/smtlib-2025/QF_UF/QF_UF/QG-classification/qg7/iso_brn_nogen_sk005.smt2""]"
85,2,7123,QF_UF/QG-classification/qg7/iso_brn_nogen_sk005.smt2,d7ac6e70c774711e33f23dda9c35718f8ba2af4567dc9ef81a0299f76eaeb0e8,6012709,sat,1,williams_first_order_carryover,a5b163da70f7a4b586276cec20529dcaf9a596daf59a01894d95ec3f4fd69c3e,2,2,0,2,1,1,staged-100,staged-100,"[""staged-10"",""staged-100"",""staged-0"",""staged-1000"",""baseline"",""staged-10000""]",parser_inclusive_subprocess_wall_clock,1,timeout,2.017453982,124,-9,1,timeout,exceeded 2 seconds,,,"[""/net/scratch/hscra/plgrid/plgnasqret/codex-control/projects/euf-viper/runs/20260727T073625Z-staged-qg7-e9fef17/target/release/euf-viper"",""fabric-solve"",""--engine"",""quotient-portfolio"",""/net/scratch/hscra/plgrid/plgnasqret/codex-control/projects/euf-viper/corpora/9b39c70a794d52277a4e5d83731f0ebc50a2f3b804eb1dfc8cf32766a5ebeadc/smtlib-2025/QF_UF/QF_UF/QG-classification/qg7/iso_brn_nogen_sk005.smt2""]"
86,2,7123,QF_UF/QG-classification/qg7/iso_brn_nogen_sk005.smt2,d7ac6e70c774711e33f23dda9c35718f8ba2af4567dc9ef81a0299f76eaeb0e8,6012709,sat,1,williams_first_order_carryover,a5b163da70f7a4b586276cec20529dcaf9a596daf59a01894d95ec3f4fd69c3e,2,2,0,2,2,2,staged-0,staged-0,"[""staged-10"",""staged-100"",""staged-0"",""staged-1000"",""baseline"",""staged-10000""]",parser_inclusive_subprocess_wall_clock,1,timeout,2.060316347,124,-9,1,timeout,exceeded 2 seconds,,,"[""/net/scratch/hscra/plgrid/plgnasqret/codex-control/projects/euf-viper/runs/20260727T073625Z-staged-qg7-e9fef17/target/release/euf-viper"",""fabric-solve"",""--engine"",""quotient-portfolio"",""/net/scratch/hscra/plgrid/plgnasqret/codex-control/projects/euf-viper/corpora/9b39c70a794d52277a4e5d83731f0ebc50a2f3b804eb1dfc8cf32766a5ebeadc/smtlib-2025/QF_UF/QF_UF/QG-classification/qg7/iso_brn_nogen_sk005.smt2""]"
87,2,7123,QF_UF/QG-classification/qg7/iso_brn_nogen_sk005.smt2,d7ac6e70c774711e33f23dda9c35718f8ba2af4567dc9ef81a0299f76eaeb0e8,6012709,sat,1,williams_first_order_carryover,a5b163da70f7a4b586276cec20529dcaf9a596daf59a01894d95ec3f4fd69c3e,2,2,0,2,3,3,staged-1000,staged-1000,"[""staged-10"",""staged-100"",""staged-0"",""staged-1000"",""baseline"",""staged-10000""]",parser_inclusive_subprocess_wall_clock,1,timeout,2.023138365,124,-9,1,timeout,exceeded 2 seconds,,,"[""/net/scratch/hscra/plgrid/plgnasqret/codex-control/projects/euf-viper/runs/20260727T073625Z-staged-qg7-e9fef17/target/release/euf-viper"",""fabric-solve"",""--engine"",""quotient-portfolio"",""/net/scratch/hscra/plgrid/plgnasqret/codex-control/projects/euf-viper/corpora/9b39c70a794d52277a4e5d83731f0ebc50a2f3b804eb1dfc8cf32766a5ebeadc/smtlib-2025/QF_UF/QF_UF/QG-classification/qg7/iso_brn_nogen_sk005.smt2""]"
88,2,7123,QF_UF/QG-classification/qg7/iso_brn_nogen_sk005.smt2,d7ac6e70c774711e33f23dda9c35718f8ba2af4567dc9ef81a0299f76eaeb0e8,6012709,sat,1,williams_first_order_carryover,a5b163da70f7a4b586276cec20529dcaf9a596daf59a01894d95ec3f4fd69c3e,2,2,0,2,4,4,baseline,baseline,"[""staged-10"",""staged-100"",""staged-0"",""staged-1000"",""baseline"",""staged-10000""]",parser_inclusive_subprocess_wall_clock,1,timeout,2.010163305,124,-9,1,timeout,exceeded 2 seconds,,,"[""/net/scratch/hscra/plgrid/plgnasqret/codex-control/projects/euf-viper/runs/20260727T073625Z-staged-qg7-e9fef17/target/release/euf-viper"",""fabric-solve"",""--engine"",""quotient-portfolio"",""/net/scratch/hscra/plgrid/plgnasqret/codex-control/projects/euf-viper/corpora/9b39c70a794d52277a4e5d83731f0ebc50a2f3b804eb1dfc8cf32766a5ebeadc/smtlib-2025/QF_UF/QF_UF/QG-classification/qg7/iso_brn_nogen_sk005.smt2""]"
89,2,7123,QF_UF/QG-classification/qg7/iso_brn_nogen_sk005.smt2,d7ac6e70c774711e33f23dda9c35718f8ba2af4567dc9ef81a0299f76eaeb0e8,6012709,sat,1,williams_first_order_carryover,a5b163da70f7a4b586276cec20529dcaf9a596daf59a01894d95ec3f4fd69c3e,2,2,0,2,5,5,staged-10000,staged-10000,"[""staged-10"",""staged-100"",""staged-0"",""staged-1000"",""baseline"",""staged-10000""]",parser_inclusive_subprocess_wall_clock,1,timeout,2.014634296,124,-9,1,timeout,exceeded 2 seconds,,,"[""/net/scratch/hscra/plgrid/plgnasqret/codex-control/projects/euf-viper/runs/20260727T073625Z-staged-qg7-e9fef17/target/release/euf-viper"",""fabric-solve"",""--engine"",""quotient-portfolio"",""/net/scratch/hscra/plgrid/plgnasqret/codex-control/projects/euf-viper/corpora/9b39c70a794d52277a4e5d83731f0ebc50a2f3b804eb1dfc8cf32766a5ebeadc/smtlib-2025/QF_UF/QF_UF/QG-classification/qg7/iso_brn_nogen_sk005.smt2""]"
90,2,7123,QF_UF/QG-classification/qg7/iso_brn_nogen_sk005.smt2,d7ac6e70c774711e33f23dda9c35718f8ba2af4567dc9ef81a0299f76eaeb0e8,6012709,sat,1,williams_first_order_carryover,a5b163da70f7a4b586276cec20529dcaf9a596daf59a01894d95ec3f4fd69c3e,3,3,0,3,0,0,staged-100,staged-100,"[""staged-100"",""staged-1000"",""staged-10"",""staged-10000"",""staged-0"",""baseline""]",parser_inclusive_subprocess_wall_clock,1,timeout,2.041294169,124,-9,1,timeout,exceeded 2 seconds,,,"[""/net/scratch/hscra/plgrid/plgnasqret/codex-control/projects/euf-viper/runs/20260727T073625Z-staged-qg7-e9fef17/target/release/euf-viper"",""fabric-solve"",""--engine"",""quotient-portfolio"",""/net/scratch/hscra/plgrid/plgnasqret/codex-control/projects/euf-viper/corpora/9b39c70a794d52277a4e5d83731f0ebc50a2f3b804eb1dfc8cf32766a5ebeadc/smtlib-2025/QF_UF/QF_UF/QG-classification/qg7/iso_brn_nogen_sk005.smt2""]"
91,2,7123,QF_UF/QG-classification/qg7/iso_brn_nogen_sk005.smt2,d7ac6e70c774711e33f23dda9c35718f8ba2af4567dc9ef81a0299f76eaeb0e8,6012709,sat,1,williams_first_order_carryover,a5b163da70f7a4b586276cec20529dcaf9a596daf59a01894d95ec3f4fd69c3e,3,3,0,3,1,1,staged-1000,staged-1000,"[""staged-100"",""staged-1000"",""staged-10"",""staged-10000"",""staged-0"",""baseline""]",parser_inclusive_subprocess_wall_clock,1,timeout,2.023390965,124,-9,1,timeout,exceeded 2 seconds,,,"[""/net/scratch/hscra/plgrid/plgnasqret/codex-control/projects/euf-viper/runs/20260727T073625Z-staged-qg7-e9fef17/target/release/euf-viper"",""fabric-solve"",""--engine"",""quotient-portfolio"",""/net/scratch/hscra/plgrid/plgnasqret/codex-control/projects/euf-viper/corpora/9b39c70a794d52277a4e5d83731f0ebc50a2f3b804eb1dfc8cf32766a5ebeadc/smtlib-2025/QF_UF/QF_UF/QG-classification/qg7/iso_brn_nogen_sk005.smt2""]"
92,2,7123,QF_UF/QG-classification/qg7/iso_brn_nogen_sk005.smt2,d7ac6e70c774711e33f23dda9c35718f8ba2af4567dc9ef81a0299f76eaeb0e8,6012709,sat,1,williams_first_order_carryover,a5b163da70f7a4b586276cec20529dcaf9a596daf59a01894d95ec3f4fd69c3e,3,3,0,3,2,2,staged-10,staged-10,"[""staged-100"",""staged-1000"",""staged-10"",""staged-10000"",""staged-0"",""baseline""]",parser_inclusive_subprocess_wall_clock,1,timeout,2.028168971,124,-9,1,timeout,exceeded 2 seconds,,,"[""/net/scratch/hscra/plgrid/plgnasqret/codex-control/projects/euf-viper/runs/20260727T073625Z-staged-qg7-e9fef17/target/release/euf-viper"",""fabric-solve"",""--engine"",""quotient-portfolio"",""/net/scratch/hscra/plgrid/plgnasqret/codex-control/projects/euf-viper/corpora/9b39c70a794d52277a4e5d83731f0ebc50a2f3b804eb1dfc8cf32766a5ebeadc/smtlib-2025/QF_UF/QF_UF/QG-classification/qg7/iso_brn_nogen_sk005.smt2""]"
93,2,7123,QF_UF/QG-classification/qg7/iso_brn_nogen_sk005.smt2,d7ac6e70c774711e33f23dda9c35718f8ba2af4567dc9ef81a0299f76eaeb0e8,6012709,sat,1,williams_first_order_carryover,a5b163da70f7a4b586276cec20529dcaf9a596daf59a01894d95ec3f4fd69c3e,3,3,0,3,3,3,staged-10000,staged-10000,"[""staged-100"",""staged-1000"",""staged-10"",""staged-10000"",""staged-0"",""baseline""]",parser_inclusive_subprocess_wall_clock,1,timeout,2.012356588,124,-9,1,timeout,exceeded 2 seconds,,,"[""/net/scratch/hscra/plgrid/plgnasqret/codex-control/projects/euf-viper/runs/20260727T073625Z-staged-qg7-e9fef17/target/release/euf-viper"",""fabric-solve"",""--engine"",""quotient-portfolio"",""/net/scratch/hscra/plgrid/plgnasqret/codex-control/projects/euf-viper/corpora/9b39c70a794d52277a4e5d83731f0ebc50a2f3b804eb1dfc8cf32766a5ebeadc/smtlib-2025/QF_UF/QF_UF/QG-classification/qg7/iso_brn_nogen_sk005.smt2""]"
94,2,7123,QF_UF/QG-classification/qg7/iso_brn_nogen_sk005.smt2,d7ac6e70c774711e33f23dda9c35718f8ba2af4567dc9ef81a0299f76eaeb0e8,6012709,sat,1,williams_first_order_carryover,a5b163da70f7a4b586276cec20529dcaf9a596daf59a01894d95ec3f4fd69c3e,3,3,0,3,4,4,staged-0,staged-0,"[""staged-100"",""staged-1000"",""staged-10"",""staged-10000"",""staged-0"",""baseline""]",parser_inclusive_subprocess_wall_clock,1,timeout,2.026486928,124,-9,1,timeout,exceeded 2 seconds,,,"[""/net/scratch/hscra/plgrid/plgnasqret/codex-control/projects/euf-viper/runs/20260727T073625Z-staged-qg7-e9fef17/target/release/euf-viper"",""fabric-solve"",""--engine"",""quotient-portfolio"",""/net/scratch/hscra/plgrid/plgnasqret/codex-control/projects/euf-viper/corpora/9b39c70a794d52277a4e5d83731f0ebc50a2f3b804eb1dfc8cf32766a5ebeadc/smtlib-2025/QF_UF/QF_UF/QG-classification/qg7/iso_brn_nogen_sk005.smt2""]"
95,2,7123,QF_UF/QG-classification/qg7/iso_brn_nogen_sk005.smt2,d7ac6e70c774711e33f23dda9c35718f8ba2af4567dc9ef81a0299f76eaeb0e8,6012709,sat,1,williams_first_order_carryover,a5b163da70f7a4b586276cec20529dcaf9a596daf59a01894d95ec3f4fd69c3e,3,3,0,3,5,5,baseline,baseline,"[""staged-100"",""staged-1000"",""staged-10"",""staged-10000"",""staged-0"",""baseline""]",parser_inclusive_subprocess_wall_clock,1,timeout,2.037337634,124,-9,1,timeout,exceeded 2 seconds,,,"[""/net/scratch/hscra/plgrid/plgnasqret/codex-control/projects/euf-viper/runs/20260727T073625Z-staged-qg7-e9fef17/target/release/euf-viper"",""fabric-solve"",""--engine"",""quotient-portfolio"",""/net/scratch/hscra/plgrid/plgnasqret/codex-control/projects/euf-viper/corpora/9b39c70a794d52277a4e5d83731f0ebc50a2f3b804eb1dfc8cf32766a5ebeadc/smtlib-2025/QF_UF/QF_UF/QG-classification/qg7/iso_brn_nogen_sk005.smt2""]"
96,2,7123,QF_UF/QG-classification/qg7/iso_brn_nogen_sk005.smt2,d7ac6e70c774711e33f23dda9c35718f8ba2af4567dc9ef81a0299f76eaeb0e8,6012709,sat,1,williams_first_order_carryover,a5b163da70f7a4b586276cec20529dcaf9a596daf59a01894d95ec3f4fd69c3e,4,4,0,4,0,0,staged-1000,staged-1000,"[""staged-1000"",""staged-10000"",""staged-100"",""baseline"",""staged-10"",""staged-0""]",parser_inclusive_subprocess_wall_clock,1,timeout,2.024913346,124,-9,1,timeout,exceeded 2 seconds,,,"[""/net/scratch/hscra/plgrid/plgnasqret/codex-control/projects/euf-viper/runs/20260727T073625Z-staged-qg7-e9fef17/target/release/euf-viper"",""fabric-solve"",""--engine"",""quotient-portfolio"",""/net/scratch/hscra/plgrid/plgnasqret/codex-control/projects/euf-viper/corpora/9b39c70a794d52277a4e5d83731f0ebc50a2f3b804eb1dfc8cf32766a5ebeadc/smtlib-2025/QF_UF/QF_UF/QG-classification/qg7/iso_brn_nogen_sk005.smt2""]"
97,2,7123,QF_UF/QG-classification/qg7/iso_brn_nogen_sk005.smt2,d7ac6e70c774711e33f23dda9c35718f8ba2af4567dc9ef81a0299f76eaeb0e8,6012709,sat,1,williams_first_order_carryover,a5b163da70f7a4b586276cec20529dcaf9a596daf59a01894d95ec3f4fd69c3e,4,4,0,4,1,1,staged-10000,staged-10000,"[""staged-1000"",""staged-10000"",""staged-100"",""baseline"",""staged-10"",""staged-0""]",parser_inclusive_subprocess_wall_clock,1,timeout,2.010674034,124,-9,1,timeout,exceeded 2 seconds,,,"[""/net/scratch/hscra/plgrid/plgnasqret/codex-control/projects/euf-viper/runs/20260727T073625Z-staged-qg7-e9fef17/target/release/euf-viper"",""fabric-solve"",""--engine"",""quotient-portfolio"",""/net/scratch/hscra/plgrid/plgnasqret/codex-control/projects/euf-viper/corpora/9b39c70a794d52277a4e5d83731f0ebc50a2f3b804eb1dfc8cf32766a5ebeadc/smtlib-2025/QF_UF/QF_UF/QG-classification/qg7/iso_brn_nogen_sk005.smt2""]"
98,2,7123,QF_UF/QG-classification/qg7/iso_brn_nogen_sk005.smt2,d7ac6e70c774711e33f23dda9c35718f8ba2af4567dc9ef81a0299f76eaeb0e8,6012709,sat,1,williams_first_order_carryover,a5b163da70f7a4b586276cec20529dcaf9a596daf59a01894d95ec3f4fd69c3e,4,4,0,4,2,2,staged-100,staged-100,"[""staged-1000"",""staged-10000"",""staged-100"",""baseline"",""staged-10"",""staged-0""]",parser_inclusive_subprocess_wall_clock,1,timeout,2.032658591,124,-9,1,timeout,exceeded 2 seconds,,,"[""/net/scratch/hscra/plgrid/plgnasqret/codex-control/projects/euf-viper/runs/20260727T073625Z-staged-qg7-e9fef17/target/release/euf-viper"",""fabric-solve"",""--engine"",""quotient-portfolio"",""/net/scratch/hscra/plgrid/plgnasqret/codex-control/projects/euf-viper/corpora/9b39c70a794d52277a4e5d83731f0ebc50a2f3b804eb1dfc8cf32766a5ebeadc/smtlib-2025/QF_UF/QF_UF/QG-classification/qg7/iso_brn_nogen_sk005.smt2""]"
99,2,7123,QF_UF/QG-classification/qg7/iso_brn_nogen_sk005.smt2,d7ac6e70c774711e33f23dda9c35718f8ba2af4567dc9ef81a0299f76eaeb0e8,6012709,sat,1,williams_first_order_carryover,a5b163da70f7a4b586276cec20529dcaf9a596daf59a01894d95ec3f4fd69c3e,4,4,0,4,3,3,baseline,baseline,"[""staged-1000"",""staged-10000"",""staged-100"",""baseline"",""staged-10"",""staged-0""]",parser_inclusive_subprocess_wall_clock,1,timeout,2.013970407,124,-9,1,timeout,exceeded 2 seconds,,,"[""/net/scratch/hscra/plgrid/plgnasqret/codex-control/projects/euf-viper/runs/20260727T073625Z-staged-qg7-e9fef17/target/release/euf-viper"",""fabric-solve"",""--engine"",""quotient-portfolio"",""/net/scratch/hscra/plgrid/plgnasqret/codex-control/projects/euf-viper/corpora/9b39c70a794d52277a4e5d83731f0ebc50a2f3b804eb1dfc8cf32766a5ebeadc/smtlib-2025/QF_UF/QF_UF/QG-classification/qg7/iso_brn_nogen_sk005.smt2""]"
100,2,7123,QF_UF/QG-classification/qg7/iso_brn_nogen_sk005.smt2,d7ac6e70c774711e33f23dda9c35718f8ba2af4567dc9ef81a0299f76eaeb0e8,6012709,sat,1,williams_first_order_carryover,a5b163da70f7a4b586276cec20529dcaf9a596daf59a01894d95ec3f4fd69c3e,4,4,0,4,4,4,staged-10,staged-10,"[""staged-1000"",""staged-10000"",""staged-100"",""baseline"",""staged-10"",""staged-0""]",parser_inclusive_subprocess_wall_clock,1,timeout,2.026584439,124,-9,1,timeout,exceeded 2 seconds,,,"[""/net/scratch/hscra/plgrid/plgnasqret/codex-control/projects/euf-viper/runs/20260727T073625Z-staged-qg7-e9fef17/target/release/euf-viper"",""fabric-solve"",""--engine"",""quotient-portfolio"",""/net/scratch/hscra/plgrid/plgnasqret/codex-control/projects/euf-viper/corpora/9b39c70a794d52277a4e5d83731f0ebc50a2f3b804eb1dfc8cf32766a5ebeadc/smtlib-2025/QF_UF/QF_UF/QG-classification/qg7/iso_brn_nogen_sk005.smt2""]"
101,2,7123,QF_UF/QG-classification/qg7/iso_brn_nogen_sk005.smt2,d7ac6e70c774711e33f23dda9c35718f8ba2af4567dc9ef81a0299f76eaeb0e8,6012709,sat,1,williams_first_order_carryover,a5b163da70f7a4b586276cec20529dcaf9a596daf59a01894d95ec3f4fd69c3e,4,4,0,4,5,5,staged-0,staged-0,"[""staged-1000"",""staged-10000"",""staged-100"",""baseline"",""staged-10"",""staged-0""]",parser_inclusive_subprocess_wall_clock,1,timeout,2.025005968,124,-9,1,timeout,exceeded 2 seconds,,,"[""/net/scratch/hscra/plgrid/plgnasqret/codex-control/projects/euf-viper/runs/20260727T073625Z-staged-qg7-e9fef17/target/release/euf-viper"",""fabric-solve"",""--engine"",""quotient-portfolio"",""/net/scratch/hscra/plgrid/plgnasqret/codex-control/projects/euf-viper/corpora/9b39c70a794d52277a4e5d83731f0ebc50a2f3b804eb1dfc8cf32766a5ebeadc/smtlib-2025/QF_UF/QF_UF/QG-classification/qg7/iso_brn_nogen_sk005.smt2""]"
102,2,7123,QF_UF/QG-classification/qg7/iso_brn_nogen_sk005.smt2,d7ac6e70c774711e33f23dda9c35718f8ba2af4567dc9ef81a0299f76eaeb0e8,6012709,sat,1,williams_first_order_carryover,a5b163da70f7a4b586276cec20529dcaf9a596daf59a01894d95ec3f4fd69c3e,5,5,0,5,0,0,staged-10000,staged-10000,"[""staged-10000"",""baseline"",""staged-1000"",""staged-0"",""staged-100"",""staged-10""]",parser_inclusive_subprocess_wall_clock,1,timeout,2.013044039,124,-9,1,timeout,exceeded 2 seconds,,,"[""/net/scratch/hscra/plgrid/plgnasqret/codex-control/projects/euf-viper/runs/20260727T073625Z-staged-qg7-e9fef17/target/release/euf-viper"",""fabric-solve"",""--engine"",""quotient-portfolio"",""/net/scratch/hscra/plgrid/plgnasqret/codex-control/projects/euf-viper/corpora/9b39c70a794d52277a4e5d83731f0ebc50a2f3b804eb1dfc8cf32766a5ebeadc/smtlib-2025/QF_UF/QF_UF/QG-classification/qg7/iso_brn_nogen_sk005.smt2""]"
103,2,7123,QF_UF/QG-classification/qg7/iso_brn_nogen_sk005.smt2,d7ac6e70c774711e33f23dda9c35718f8ba2af4567dc9ef81a0299f76eaeb0e8,6012709,sat,1,williams_first_order_carryover,a5b163da70f7a4b586276cec20529dcaf9a596daf59a01894d95ec3f4fd69c3e,5,5,0,5,1,1,baseline,baseline,"[""staged-10000"",""baseline"",""staged-1000"",""staged-0"",""staged-100"",""staged-10""]",parser_inclusive_subprocess_wall_clock,1,timeout,2.012261329,124,-9,1,timeout,exceeded 2 seconds,,,"[""/net/scratch/hscra/plgrid/plgnasqret/codex-control/projects/euf-viper/runs/20260727T073625Z-staged-qg7-e9fef17/target/release/euf-viper"",""fabric-solve"",""--engine"",""quotient-portfolio"",""/net/scratch/hscra/plgrid/plgnasqret/codex-control/projects/euf-viper/corpora/9b39c70a794d52277a4e5d83731f0ebc50a2f3b804eb1dfc8cf32766a5ebeadc/smtlib-2025/QF_UF/QF_UF/QG-classification/qg7/iso_brn_nogen_sk005.smt2""]"
104,2,7123,QF_UF/QG-classification/qg7/iso_brn_nogen_sk005.smt2,d7ac6e70c774711e33f23dda9c35718f8ba2af4567dc9ef81a0299f76eaeb0e8,6012709,sat,1,williams_first_order_carryover,a5b163da70f7a4b586276cec20529dcaf9a596daf59a01894d95ec3f4fd69c3e,5,5,0,5,2,2,staged-1000,staged-1000,"[""staged-10000"",""baseline"",""staged-1000"",""staged-0"",""staged-100"",""staged-10""]",parser_inclusive_subprocess_wall_clock,1,timeout,2.013664882,124,-9,1,timeout,exceeded 2 seconds,,,"[""/net/scratch/hscra/plgrid/plgnasqret/codex-control/projects/euf-viper/runs/20260727T073625Z-staged-qg7-e9fef17/target/release/euf-viper"",""fabric-solve"",""--engine"",""quotient-portfolio"",""/net/scratch/hscra/plgrid/plgnasqret/codex-control/projects/euf-viper/corpora/9b39c70a794d52277a4e5d83731f0ebc50a2f3b804eb1dfc8cf32766a5ebeadc/smtlib-2025/QF_UF/QF_UF/QG-classification/qg7/iso_brn_nogen_sk005.smt2""]"
105,2,7123,QF_UF/QG-classification/qg7/iso_brn_nogen_sk005.smt2,d7ac6e70c774711e33f23dda9c35718f8ba2af4567dc9ef81a0299f76eaeb0e8,6012709,sat,1,williams_first_order_carryover,a5b163da70f7a4b586276cec20529dcaf9a596daf59a01894d95ec3f4fd69c3e,5,5,0,5,3,3,staged-0,staged-0,"[""staged-10000"",""baseline"",""staged-1000"",""staged-0"",""staged-100"",""staged-10""]",parser_inclusive_subprocess_wall_clock,1,timeout,2.023118177,124,-9,1,timeout,exceeded 2 seconds,,,"[""/net/scratch/hscra/plgrid/plgnasqret/codex-control/projects/euf-viper/runs/20260727T073625Z-staged-qg7-e9fef17/target/release/euf-viper"",""fabric-solve"",""--engine"",""quotient-portfolio"",""/net/scratch/hscra/plgrid/plgnasqret/codex-control/projects/euf-viper/corpora/9b39c70a794d52277a4e5d83731f0ebc50a2f3b804eb1dfc8cf32766a5ebeadc/smtlib-2025/QF_UF/QF_UF/QG-classification/qg7/iso_brn_nogen_sk005.smt2""]"
106,2,7123,QF_UF/QG-classification/qg7/iso_brn_nogen_sk005.smt2,d7ac6e70c774711e33f23dda9c35718f8ba2af4567dc9ef81a0299f76eaeb0e8,6012709,sat,1,williams_first_order_carryover,a5b163da70f7a4b586276cec20529dcaf9a596daf59a01894d95ec3f4fd69c3e,5,5,0,5,4,4,staged-100,staged-100,"[""staged-10000"",""baseline"",""staged-1000"",""staged-0"",""staged-100"",""staged-10""]",parser_inclusive_subprocess_wall_clock,1,timeout,2.036616881,124,-9,1,timeout,exceeded 2 seconds,,,"[""/net/scratch/hscra/plgrid/plgnasqret/codex-control/projects/euf-viper/runs/20260727T073625Z-staged-qg7-e9fef17/target/release/euf-viper"",""fabric-solve"",""--engine"",""quotient-portfolio"",""/net/scratch/hscra/plgrid/plgnasqret/codex-control/projects/euf-viper/corpora/9b39c70a794d52277a4e5d83731f0ebc50a2f3b804eb1dfc8cf32766a5ebeadc/smtlib-2025/QF_UF/QF_UF/QG-classification/qg7/iso_brn_nogen_sk005.smt2""]"
107,2,7123,QF_UF/QG-classification/qg7/iso_brn_nogen_sk005.smt2,d7ac6e70c774711e33f23dda9c35718f8ba2af4567dc9ef81a0299f76eaeb0e8,6012709,sat,1,williams_first_order_carryover,a5b163da70f7a4b586276cec20529dcaf9a596daf59a01894d95ec3f4fd69c3e,5,5,0,5,5,5,staged-10,staged-10,"[""staged-10000"",""baseline"",""staged-1000"",""staged-0"",""staged-100"",""staged-10""]",parser_inclusive_subprocess_wall_clock,1,timeout,2.032396506,124,-9,1,timeout,exceeded 2 seconds,,,"[""/net/scratch/hscra/plgrid/plgnasqret/codex-control/projects/euf-viper/runs/20260727T073625Z-staged-qg7-e9fef17/target/release/euf-viper"",""fabric-solve"",""--engine"",""quotient-portfolio"",""/net/scratch/hscra/plgrid/plgnasqret/codex-control/projects/euf-viper/corpora/9b39c70a794d52277a4e5d83731f0ebc50a2f3b804eb1dfc8cf32766a5ebeadc/smtlib-2025/QF_UF/QF_UF/QG-classification/qg7/iso_brn_nogen_sk005.smt2""]"
108,3,7137,QF_UF/QG-classification/qg7/iso_brn_nogen_sk019.smt2,24a7efa478566fc722e21d0c3d7d246a8b31113bcb71503dee91f01cd8aff612,6011889,sat,1,williams_first_order_carryover,a5b163da70f7a4b586276cec20529dcaf9a596daf59a01894d95ec3f4fd69c3e,0,0,0,0,0,0,baseline,baseline,"[""baseline"",""staged-0"",""staged-10000"",""staged-10"",""staged-1000"",""staged-100""]",parser_inclusive_subprocess_wall_clock,1,timeout,2.014143701,124,-9,1,timeout,exceeded 2 seconds,,,"[""/net/scratch/hscra/plgrid/plgnasqret/codex-control/projects/euf-viper/runs/20260727T073625Z-staged-qg7-e9fef17/target/release/euf-viper"",""fabric-solve"",""--engine"",""quotient-portfolio"",""/net/scratch/hscra/plgrid/plgnasqret/codex-control/projects/euf-viper/corpora/9b39c70a794d52277a4e5d83731f0ebc50a2f3b804eb1dfc8cf32766a5ebeadc/smtlib-2025/QF_UF/QF_UF/QG-classification/qg7/iso_brn_nogen_sk019.smt2""]"
109,3,7137,QF_UF/QG-classification/qg7/iso_brn_nogen_sk019.smt2,24a7efa478566fc722e21d0c3d7d246a8b31113bcb71503dee91f01cd8aff612,6011889,sat,1,williams_first_order_carryover,a5b163da70f7a4b586276cec20529dcaf9a596daf59a01894d95ec3f4fd69c3e,0,0,0,0,1,1,staged-0,staged-0,"[""baseline"",""staged-0"",""staged-10000"",""staged-10"",""staged-1000"",""staged-100""]",parser_inclusive_subprocess_wall_clock,1,timeout,2.026173768,124,-9,1,timeout,exceeded 2 seconds,,,"[""/net/scratch/hscra/plgrid/plgnasqret/codex-control/projects/euf-viper/runs/20260727T073625Z-staged-qg7-e9fef17/target/release/euf-viper"",""fabric-solve"",""--engine"",""quotient-portfolio"",""/net/scratch/hscra/plgrid/plgnasqret/codex-control/projects/euf-viper/corpora/9b39c70a794d52277a4e5d83731f0ebc50a2f3b804eb1dfc8cf32766a5ebeadc/smtlib-2025/QF_UF/QF_UF/QG-classification/qg7/iso_brn_nogen_sk019.smt2""]"
110,3,7137,QF_UF/QG-classification/qg7/iso_brn_nogen_sk019.smt2,24a7efa478566fc722e21d0c3d7d246a8b31113bcb71503dee91f01cd8aff612,6011889,sat,1,williams_first_order_carryover,a5b163da70f7a4b586276cec20529dcaf9a596daf59a01894d95ec3f4fd69c3e,0,0,0,0,2,2,staged-10000,staged-10000,"[""baseline"",""staged-0"",""staged-10000"",""staged-10"",""staged-1000"",""staged-100""]",parser_inclusive_subprocess_wall_clock,1,timeout,2.041012534,124,-9,1,timeout,exceeded 2 seconds,,,"[""/net/scratch/hscra/plgrid/plgnasqret/codex-control/projects/euf-viper/runs/20260727T073625Z-staged-qg7-e9fef17/target/release/euf-viper"",""fabric-solve"",""--engine"",""quotient-portfolio"",""/net/scratch/hscra/plgrid/plgnasqret/codex-control/projects/euf-viper/corpora/9b39c70a794d52277a4e5d83731f0ebc50a2f3b804eb1dfc8cf32766a5ebeadc/smtlib-2025/QF_UF/QF_UF/QG-classification/qg7/iso_brn_nogen_sk019.smt2""]"
111,3,7137,QF_UF/QG-classification/qg7/iso_brn_nogen_sk019.smt2,24a7efa478566fc722e21d0c3d7d246a8b31113bcb71503dee91f01cd8aff612,6011889,sat,1,williams_first_order_carryover,a5b163da70f7a4b586276cec20529dcaf9a596daf59a01894d95ec3f4fd69c3e,0,0,0,0,3,3,staged-10,staged-10,"[""baseline"",""staged-0"",""staged-10000"",""staged-10"",""staged-1000"",""staged-100""]",parser_inclusive_subprocess_wall_clock,1,timeout,2.047340168,124,-9,1,timeout,exceeded 2 seconds,,,"[""/net/scratch/hscra/plgrid/plgnasqret/codex-control/projects/euf-viper/runs/20260727T073625Z-staged-qg7-e9fef17/target/release/euf-viper"",""fabric-solve"",""--engine"",""quotient-portfolio"",""/net/scratch/hscra/plgrid/plgnasqret/codex-control/projects/euf-viper/corpora/9b39c70a794d52277a4e5d83731f0ebc50a2f3b804eb1dfc8cf32766a5ebeadc/smtlib-2025/QF_UF/QF_UF/QG-classification/qg7/iso_brn_nogen_sk019.smt2""]"
112,3,7137,QF_UF/QG-classification/qg7/iso_brn_nogen_sk019.smt2,24a7efa478566fc722e21d0c3d7d246a8b31113bcb71503dee91f01cd8aff612,6011889,sat,1,williams_first_order_carryover,a5b163da70f7a4b586276cec20529dcaf9a596daf59a01894d95ec3f4fd69c3e,0,0,0,0,4,4,staged-1000,staged-1000,"[""baseline"",""staged-0"",""staged-10000"",""staged-10"",""staged-1000"",""staged-100""]",parser_inclusive_subprocess_wall_clock,1,timeout,2.013414555,124,-9,1,timeout,exceeded 2 seconds,,,"[""/net/scratch/hscra/plgrid/plgnasqret/codex-control/projects/euf-viper/runs/20260727T073625Z-staged-qg7-e9fef17/target/release/euf-viper"",""fabric-solve"",""--engine"",""quotient-portfolio"",""/net/scratch/hscra/plgrid/plgnasqret/codex-control/projects/euf-viper/corpora/9b39c70a794d52277a4e5d83731f0ebc50a2f3b804eb1dfc8cf32766a5ebeadc/smtlib-2025/QF_UF/QF_UF/QG-classification/qg7/iso_brn_nogen_sk019.smt2""]"
113,3,7137,QF_UF/QG-classification/qg7/iso_brn_nogen_sk019.smt2,24a7efa478566fc722e21d0c3d7d246a8b31113bcb71503dee91f01cd8aff612,6011889,sat,1,williams_first_order_carryover,a5b163da70f7a4b586276cec20529dcaf9a596daf59a01894d95ec3f4fd69c3e,0,0,0,0,5,5,staged-100,staged-100,"[""baseline"",""staged-0"",""staged-10000"",""staged-10"",""staged-1000"",""staged-100""]",parser_inclusive_subprocess_wall_clock,1,timeout,2.034894092,124,-9,1,timeout,exceeded 2 seconds,,,"[""/net/scratch/hscra/plgrid/plgnasqret/codex-control/projects/euf-viper/runs/20260727T073625Z-staged-qg7-e9fef17/target/release/euf-viper"",""fabric-solve"",""--engine"",""quotient-portfolio"",""/net/scratch/hscra/plgrid/plgnasqret/codex-control/projects/euf-viper/corpora/9b39c70a794d52277a4e5d83731f0ebc50a2f3b804eb1dfc8cf32766a5ebeadc/smtlib-2025/QF_UF/QF_UF/QG-classification/qg7/iso_brn_nogen_sk019.smt2""]"
114,3,7137,QF_UF/QG-classification/qg7/iso_brn_nogen_sk019.smt2,24a7efa478566fc722e21d0c3d7d246a8b31113bcb71503dee91f01cd8aff612,6011889,sat,1,williams_first_order_carryover,a5b163da70f7a4b586276cec20529dcaf9a596daf59a01894d95ec3f4fd69c3e,1,1,0,1,0,0,staged-0,staged-0,"[""staged-0"",""staged-10"",""baseline"",""staged-100"",""staged-10000"",""staged-1000""]",parser_inclusive_subprocess_wall_clock,1,timeout,2.026397522,124,-9,1,timeout,exceeded 2 seconds,,,"[""/net/scratch/hscra/plgrid/plgnasqret/codex-control/projects/euf-viper/runs/20260727T073625Z-staged-qg7-e9fef17/target/release/euf-viper"",""fabric-solve"",""--engine"",""quotient-portfolio"",""/net/scratch/hscra/plgrid/plgnasqret/codex-control/projects/euf-viper/corpora/9b39c70a794d52277a4e5d83731f0ebc50a2f3b804eb1dfc8cf32766a5ebeadc/smtlib-2025/QF_UF/QF_UF/QG-classification/qg7/iso_brn_nogen_sk019.smt2""]"
115,3,7137,QF_UF/QG-classification/qg7/iso_brn_nogen_sk019.smt2,24a7efa478566fc722e21d0c3d7d246a8b31113bcb71503dee91f01cd8aff612,6011889,sat,1,williams_first_order_carryover,a5b163da70f7a4b586276cec20529dcaf9a596daf59a01894d95ec3f4fd69c3e,1,1,0,1,1,1,staged-10,staged-10,"[""staged-0"",""staged-10"",""baseline"",""staged-100"",""staged-10000"",""staged-1000""]",parser_inclusive_subprocess_wall_clock,1,timeout,2.120273603,124,-9,1,timeout,exceeded 2 seconds,,,"[""/net/scratch/hscra/plgrid/plgnasqret/codex-control/projects/euf-viper/runs/20260727T073625Z-staged-qg7-e9fef17/target/release/euf-viper"",""fabric-solve"",""--engine"",""quotient-portfolio"",""/net/scratch/hscra/plgrid/plgnasqret/codex-control/projects/euf-viper/corpora/9b39c70a794d52277a4e5d83731f0ebc50a2f3b804eb1dfc8cf32766a5ebeadc/smtlib-2025/QF_UF/QF_UF/QG-classification/qg7/iso_brn_nogen_sk019.smt2""]"
116,3,7137,QF_UF/QG-classification/qg7/iso_brn_nogen_sk019.smt2,24a7efa478566fc722e21d0c3d7d246a8b31113bcb71503dee91f01cd8aff612,6011889,sat,1,williams_first_order_carryover,a5b163da70f7a4b586276cec20529dcaf9a596daf59a01894d95ec3f4fd69c3e,1,1,0,1,2,2,baseline,baseline,"[""staged-0"",""staged-10"",""baseline"",""staged-100"",""staged-10000"",""staged-1000""]",parser_inclusive_subprocess_wall_clock,1,timeout,2.012194213,124,-9,1,timeout,exceeded 2 seconds,,,"[""/net/scratch/hscra/plgrid/plgnasqret/codex-control/projects/euf-viper/runs/20260727T073625Z-staged-qg7-e9fef17/target/release/euf-viper"",""fabric-solve"",""--engine"",""quotient-portfolio"",""/net/scratch/hscra/plgrid/plgnasqret/codex-control/projects/euf-viper/corpora/9b39c70a794d52277a4e5d83731f0ebc50a2f3b804eb1dfc8cf32766a5ebeadc/smtlib-2025/QF_UF/QF_UF/QG-classification/qg7/iso_brn_nogen_sk019.smt2""]"
117,3,7137,QF_UF/QG-classification/qg7/iso_brn_nogen_sk019.smt2,24a7efa478566fc722e21d0c3d7d246a8b31113bcb71503dee91f01cd8aff612,6011889,sat,1,williams_first_order_carryover,a5b163da70f7a4b586276cec20529dcaf9a596daf59a01894d95ec3f4fd69c3e,1,1,0,1,3,3,staged-100,staged-100,"[""staged-0"",""staged-10"",""baseline"",""staged-100"",""staged-10000"",""staged-1000""]",parser_inclusive_subprocess_wall_clock,1,timeout,2.026227021,124,-9,1,timeout,exceeded 2 seconds,,,"[""/net/scratch/hscra/plgrid/plgnasqret/codex-control/projects/euf-viper/runs/20260727T073625Z-staged-qg7-e9fef17/target/release/euf-viper"",""fabric-solve"",""--engine"",""quotient-portfolio"",""/net/scratch/hscra/plgrid/plgnasqret/codex-control/projects/euf-viper/corpora/9b39c70a794d52277a4e5d83731f0ebc50a2f3b804eb1dfc8cf32766a5ebeadc/smtlib-2025/QF_UF/QF_UF/QG-classification/qg7/iso_brn_nogen_sk019.smt2""]"
118,3,7137,QF_UF/QG-classification/qg7/iso_brn_nogen_sk019.smt2,24a7efa478566fc722e21d0c3d7d246a8b31113bcb71503dee91f01cd8aff612,6011889,sat,1,williams_first_order_carryover,a5b163da70f7a4b586276cec20529dcaf9a596daf59a01894d95ec3f4fd69c3e,1,1,0,1,4,4,staged-10000,staged-10000,"[""staged-0"",""staged-10"",""baseline"",""staged-100"",""staged-10000"",""staged-1000""]",parser_inclusive_subprocess_wall_clock,1,timeout,2.016994453,124,-9,1,timeout,exceeded 2 seconds,,,"[""/net/scratch/hscra/plgrid/plgnasqret/codex-control/projects/euf-viper/runs/20260727T073625Z-staged-qg7-e9fef17/target/release/euf-viper"",""fabric-solve"",""--engine"",""quotient-portfolio"",""/net/scratch/hscra/plgrid/plgnasqret/codex-control/projects/euf-viper/corpora/9b39c70a794d52277a4e5d83731f0ebc50a2f3b804eb1dfc8cf32766a5ebeadc/smtlib-2025/QF_UF/QF_UF/QG-classification/qg7/iso_brn_nogen_sk019.smt2""]"
119,3,7137,QF_UF/QG-classification/qg7/iso_brn_nogen_sk019.smt2,24a7efa478566fc722e21d0c3d7d246a8b31113bcb71503dee91f01cd8aff612,6011889,sat,1,williams_first_order_carryover,a5b163da70f7a4b586276cec20529dcaf9a596daf59a01894d95ec3f4fd69c3e,1,1,0,1,5,5,staged-1000,staged-1000,"[""staged-0"",""staged-10"",""baseline"",""staged-100"",""staged-10000"",""staged-1000""]",parser_inclusive_subprocess_wall_clock,1,timeout,2.014627474,124,-9,1,timeout,exceeded 2 seconds,,,"[""/net/scratch/hscra/plgrid/plgnasqret/codex-control/projects/euf-viper/runs/20260727T073625Z-staged-qg7-e9fef17/target/release/euf-viper"",""fabric-solve"",""--engine"",""quotient-portfolio"",""/net/scratch/hscra/plgrid/plgnasqret/codex-control/projects/euf-viper/corpora/9b39c70a794d52277a4e5d83731f0ebc50a2f3b804eb1dfc8cf32766a5ebeadc/smtlib-2025/QF_UF/QF_UF/QG-classification/qg7/iso_brn_nogen_sk019.smt2""]"
120,3,7137,QF_UF/QG-classification/qg7/iso_brn_nogen_sk019.smt2,24a7efa478566fc722e21d0c3d7d246a8b31113bcb71503dee91f01cd8aff612,6011889,sat,1,williams_first_order_carryover,a5b163da70f7a4b586276cec20529dcaf9a596daf59a01894d95ec3f4fd69c3e,2,2,0,2,0,0,staged-10,staged-10,"[""staged-10"",""staged-100"",""staged-0"",""staged-1000"",""baseline"",""staged-10000""]",parser_inclusive_subprocess_wall_clock,1,timeout,2.030198897,124,-9,1,timeout,exceeded 2 seconds,,,"[""/net/scratch/hscra/plgrid/plgnasqret/codex-control/projects/euf-viper/runs/20260727T073625Z-staged-qg7-e9fef17/target/release/euf-viper"",""fabric-solve"",""--engine"",""quotient-portfolio"",""/net/scratch/hscra/plgrid/plgnasqret/codex-control/projects/euf-viper/corpora/9b39c70a794d52277a4e5d83731f0ebc50a2f3b804eb1dfc8cf32766a5ebeadc/smtlib-2025/QF_UF/QF_UF/QG-classification/qg7/iso_brn_nogen_sk019.smt2""]"
121,3,7137,QF_UF/QG-classification/qg7/iso_brn_nogen_sk019.smt2,24a7efa478566fc722e21d0c3d7d246a8b31113bcb71503dee91f01cd8aff612,6011889,sat,1,williams_first_order_carryover,a5b163da70f7a4b586276cec20529dcaf9a596daf59a01894d95ec3f4fd69c3e,2,2,0,2,1,1,staged-100,staged-100,"[""staged-10"",""staged-100"",""staged-0"",""staged-1000"",""baseline"",""staged-10000""]",parser_inclusive_subprocess_wall_clock,1,timeout,2.027756168,124,-9,1,timeout,exceeded 2 seconds,,,"[""/net/scratch/hscra/plgrid/plgnasqret/codex-control/projects/euf-viper/runs/20260727T073625Z-staged-qg7-e9fef17/target/release/euf-viper"",""fabric-solve"",""--engine"",""quotient-portfolio"",""/net/scratch/hscra/plgrid/plgnasqret/codex-control/projects/euf-viper/corpora/9b39c70a794d52277a4e5d83731f0ebc50a2f3b804eb1dfc8cf32766a5ebeadc/smtlib-2025/QF_UF/QF_UF/QG-classification/qg7/iso_brn_nogen_sk019.smt2""]"
122,3,7137,QF_UF/QG-classification/qg7/iso_brn_nogen_sk019.smt2,24a7efa478566fc722e21d0c3d7d246a8b31113bcb71503dee91f01cd8aff612,6011889,sat,1,williams_first_order_carryover,a5b163da70f7a4b586276cec20529dcaf9a596daf59a01894d95ec3f4fd69c3e,2,2,0,2,2,2,staged-0,staged-0,"[""staged-10"",""staged-100"",""staged-0"",""staged-1000"",""baseline"",""staged-10000""]",parser_inclusive_subprocess_wall_clock,1,timeout,2.040454891,124,-9,1,timeout,exceeded 2 seconds,,,"[""/net/scratch/hscra/plgrid/plgnasqret/codex-control/projects/euf-viper/runs/20260727T073625Z-staged-qg7-e9fef17/target/release/euf-viper"",""fabric-solve"",""--engine"",""quotient-portfolio"",""/net/scratch/hscra/plgrid/plgnasqret/codex-control/projects/euf-viper/corpora/9b39c70a794d52277a4e5d83731f0ebc50a2f3b804eb1dfc8cf32766a5ebeadc/smtlib-2025/QF_UF/QF_UF/QG-classification/qg7/iso_brn_nogen_sk019.smt2""]"
123,3,7137,QF_UF/QG-classification/qg7/iso_brn_nogen_sk019.smt2,24a7efa478566fc722e21d0c3d7d246a8b31113bcb71503dee91f01cd8aff612,6011889,sat,1,williams_first_order_carryover,a5b163da70f7a4b586276cec20529dcaf9a596daf59a01894d95ec3f4fd69c3e,2,2,0,2,3,3,staged-1000,staged-1000,"[""staged-10"",""staged-100"",""staged-0"",""staged-1000"",""baseline"",""staged-10000""]",parser_inclusive_subprocess_wall_clock,1,timeout,2.018326824,124,-9,1,timeout,exceeded 2 seconds,,,"[""/net/scratch/hscra/plgrid/plgnasqret/codex-control/projects/euf-viper/runs/20260727T073625Z-staged-qg7-e9fef17/target/release/euf-viper"",""fabric-solve"",""--engine"",""quotient-portfolio"",""/net/scratch/hscra/plgrid/plgnasqret/codex-control/projects/euf-viper/corpora/9b39c70a794d52277a4e5d83731f0ebc50a2f3b804eb1dfc8cf32766a5ebeadc/smtlib-2025/QF_UF/QF_UF/QG-classification/qg7/iso_brn_nogen_sk019.smt2""]"
124,3,7137,QF_UF/QG-classification/qg7/iso_brn_nogen_sk019.smt2,24a7efa478566fc722e21d0c3d7d246a8b31113bcb71503dee91f01cd8aff612,6011889,sat,1,williams_first_order_carryover,a5b163da70f7a4b586276cec20529dcaf9a596daf59a01894d95ec3f4fd69c3e,2,2,0,2,4,4,baseline,baseline,"[""staged-10"",""staged-100"",""staged-0"",""staged-1000"",""baseline"",""staged-10000""]",parser_inclusive_subprocess_wall_clock,1,timeout,2.013049365,124,-9,1,timeout,exceeded 2 seconds,,,"[""/net/scratch/hscra/plgrid/plgnasqret/codex-control/projects/euf-viper/runs/20260727T073625Z-staged-qg7-e9fef17/target/release/euf-viper"",""fabric-solve"",""--engine"",""quotient-portfolio"",""/net/scratch/hscra/plgrid/plgnasqret/codex-control/projects/euf-viper/corpora/9b39c70a794d52277a4e5d83731f0ebc50a2f3b804eb1dfc8cf32766a5ebeadc/smtlib-2025/QF_UF/QF_UF/QG-classification/qg7/iso_brn_nogen_sk019.smt2""]"
125,3,7137,QF_UF/QG-classification/qg7/iso_brn_nogen_sk019.smt2,24a7efa478566fc722e21d0c3d7d246a8b31113bcb71503dee91f01cd8aff612,6011889,sat,1,williams_first_order_carryover,a5b163da70f7a4b586276cec20529dcaf9a596daf59a01894d95ec3f4fd69c3e,2,2,0,2,5,5,staged-10000,staged-10000,"[""staged-10"",""staged-100"",""staged-0"",""staged-1000"",""baseline"",""staged-10000""]",parser_inclusive_subprocess_wall_clock,1,timeout,2.012593744,124,-9,1,timeout,exceeded 2 seconds,,,"[""/net/scratch/hscra/plgrid/plgnasqret/codex-control/projects/euf-viper/runs/20260727T073625Z-staged-qg7-e9fef17/target/release/euf-viper"",""fabric-solve"",""--engine"",""quotient-portfolio"",""/net/scratch/hscra/plgrid/plgnasqret/codex-control/projects/euf-viper/corpora/9b39c70a794d52277a4e5d83731f0ebc50a2f3b804eb1dfc8cf32766a5ebeadc/smtlib-2025/QF_UF/QF_UF/QG-classification/qg7/iso_brn_nogen_sk019.smt2""]"
126,3,7137,QF_UF/QG-classification/qg7/iso_brn_nogen_sk019.smt2,24a7efa478566fc722e21d0c3d7d246a8b31113bcb71503dee91f01cd8aff612,6011889,sat,1,williams_first_order_carryover,a5b163da70f7a4b586276cec20529dcaf9a596daf59a01894d95ec3f4fd69c3e,3,3,0,3,0,0,staged-100,staged-100,"[""staged-100"",""staged-1000"",""staged-10"",""staged-10000"",""staged-0"",""baseline""]",parser_inclusive_subprocess_wall_clock,1,timeout,2.038614686,124,-9,1,timeout,exceeded 2 seconds,,,"[""/net/scratch/hscra/plgrid/plgnasqret/codex-control/projects/euf-viper/runs/20260727T073625Z-staged-qg7-e9fef17/target/release/euf-viper"",""fabric-solve"",""--engine"",""quotient-portfolio"",""/net/scratch/hscra/plgrid/plgnasqret/codex-control/projects/euf-viper/corpora/9b39c70a794d52277a4e5d83731f0ebc50a2f3b804eb1dfc8cf32766a5ebeadc/smtlib-2025/QF_UF/QF_UF/QG-classification/qg7/iso_brn_nogen_sk019.smt2""]"
127,3,7137,QF_UF/QG-classification/qg7/iso_brn_nogen_sk019.smt2,24a7efa478566fc722e21d0c3d7d246a8b31113bcb71503dee91f01cd8aff612,6011889,sat,1,williams_first_order_carryover,a5b163da70f7a4b586276cec20529dcaf9a596daf59a01894d95ec3f4fd69c3e,3,3,0,3,1,1,staged-1000,staged-1000,"[""staged-100"",""staged-1000"",""staged-10"",""staged-10000"",""staged-0"",""baseline""]",parser_inclusive_subprocess_wall_clock,1,timeout,2.014437984,124,-9,1,timeout,exceeded 2 seconds,,,"[""/net/scratch/hscra/plgrid/plgnasqret/codex-control/projects/euf-viper/runs/20260727T073625Z-staged-qg7-e9fef17/target/release/euf-viper"",""fabric-solve"",""--engine"",""quotient-portfolio"",""/net/scratch/hscra/plgrid/plgnasqret/codex-control/projects/euf-viper/corpora/9b39c70a794d52277a4e5d83731f0ebc50a2f3b804eb1dfc8cf32766a5ebeadc/smtlib-2025/QF_UF/QF_UF/QG-classification/qg7/iso_brn_nogen_sk019.smt2""]"
128,3,7137,QF_UF/QG-classification/qg7/iso_brn_nogen_sk019.smt2,24a7efa478566fc722e21d0c3d7d246a8b31113bcb71503dee91f01cd8aff612,6011889,sat,1,williams_first_order_carryover,a5b163da70f7a4b586276cec20529dcaf9a596daf59a01894d95ec3f4fd69c3e,3,3,0,3,2,2,staged-10,staged-10,"[""staged-100"",""staged-1000"",""staged-10"",""staged-10000"",""staged-0"",""baseline""]",parser_inclusive_subprocess_wall_clock,1,timeout,2.021756866,124,-9,1,timeout,exceeded 2 seconds,,,"[""/net/scratch/hscra/plgrid/plgnasqret/codex-control/projects/euf-viper/runs/20260727T073625Z-staged-qg7-e9fef17/target/release/euf-viper"",""fabric-solve"",""--engine"",""quotient-portfolio"",""/net/scratch/hscra/plgrid/plgnasqret/codex-control/projects/euf-viper/corpora/9b39c70a794d52277a4e5d83731f0ebc50a2f3b804eb1dfc8cf32766a5ebeadc/smtlib-2025/QF_UF/QF_UF/QG-classification/qg7/iso_brn_nogen_sk019.smt2""]"
129,3,7137,QF_UF/QG-classification/qg7/iso_brn_nogen_sk019.smt2,24a7efa478566fc722e21d0c3d7d246a8b31113bcb71503dee91f01cd8aff612,6011889,sat,1,williams_first_order_carryover,a5b163da70f7a4b586276cec20529dcaf9a596daf59a01894d95ec3f4fd69c3e,3,3,0,3,3,3,staged-10000,staged-10000,"[""staged-100"",""staged-1000"",""staged-10"",""staged-10000"",""staged-0"",""baseline""]",parser_inclusive_subprocess_wall_clock,1,sat,2.001660036,0,0,0,,,"sat
",,"[""/net/scratch/hscra/plgrid/plgnasqret/codex-control/projects/euf-viper/runs/20260727T073625Z-staged-qg7-e9fef17/target/release/euf-viper"",""fabric-solve"",""--engine"",""quotient-portfolio"",""/net/scratch/hscra/plgrid/plgnasqret/codex-control/projects/euf-viper/corpora/9b39c70a794d52277a4e5d83731f0ebc50a2f3b804eb1dfc8cf32766a5ebeadc/smtlib-2025/QF_UF/QF_UF/QG-classification/qg7/iso_brn_nogen_sk019.smt2""]"
130,3,7137,QF_UF/QG-classification/qg7/iso_brn_nogen_sk019.smt2,24a7efa478566fc722e21d0c3d7d246a8b31113bcb71503dee91f01cd8aff612,6011889,sat,1,williams_first_order_carryover,a5b163da70f7a4b586276cec20529dcaf9a596daf59a01894d95ec3f4fd69c3e,3,3,0,3,4,4,staged-0,staged-0,"[""staged-100"",""staged-1000"",""staged-10"",""staged-10000"",""staged-0"",""baseline""]",parser_inclusive_subprocess_wall_clock,1,timeout,2.033224613,124,-9,1,timeout,exceeded 2 seconds,,,"[""/net/scratch/hscra/plgrid/plgnasqret/codex-control/projects/euf-viper/runs/20260727T073625Z-staged-qg7-e9fef17/target/release/euf-viper"",""fabric-solve"",""--engine"",""quotient-portfolio"",""/net/scratch/hscra/plgrid/plgnasqret/codex-control/projects/euf-viper/corpora/9b39c70a794d52277a4e5d83731f0ebc50a2f3b804eb1dfc8cf32766a5ebeadc/smtlib-2025/QF_UF/QF_UF/QG-classification/qg7/iso_brn_nogen_sk019.smt2""]"
131,3,7137,QF_UF/QG-classification/qg7/iso_brn_nogen_sk019.smt2,24a7efa478566fc722e21d0c3d7d246a8b31113bcb71503dee91f01cd8aff612,6011889,sat,1,williams_first_order_carryover,a5b163da70f7a4b586276cec20529dcaf9a596daf59a01894d95ec3f4fd69c3e,3,3,0,3,5,5,baseline,baseline,"[""staged-100"",""staged-1000"",""staged-10"",""staged-10000"",""staged-0"",""baseline""]",parser_inclusive_subprocess_wall_clock,1,timeout,2.014897825,124,-9,1,timeout,exceeded 2 seconds,,,"[""/net/scratch/hscra/plgrid/plgnasqret/codex-control/projects/euf-viper/runs/20260727T073625Z-staged-qg7-e9fef17/target/release/euf-viper"",""fabric-solve"",""--engine"",""quotient-portfolio"",""/net/scratch/hscra/plgrid/plgnasqret/codex-control/projects/euf-viper/corpora/9b39c70a794d52277a4e5d83731f0ebc50a2f3b804eb1dfc8cf32766a5ebeadc/smtlib-2025/QF_UF/QF_UF/QG-classification/qg7/iso_brn_nogen_sk019.smt2""]"
132,3,7137,QF_UF/QG-classification/qg7/iso_brn_nogen_sk019.smt2,24a7efa478566fc722e21d0c3d7d246a8b31113bcb71503dee91f01cd8aff612,6011889,sat,1,williams_first_order_carryover,a5b163da70f7a4b586276cec20529dcaf9a596daf59a01894d95ec3f4fd69c3e,4,4,0,4,0,0,staged-1000,staged-1000,"[""staged-1000"",""staged-10000"",""staged-100"",""baseline"",""staged-10"",""staged-0""]",parser_inclusive_subprocess_wall_clock,1,timeout,2.011894419,124,-9,1,timeout,exceeded 2 seconds,,,"[""/net/scratch/hscra/plgrid/plgnasqret/codex-control/projects/euf-viper/runs/20260727T073625Z-staged-qg7-e9fef17/target/release/euf-viper"",""fabric-solve"",""--engine"",""quotient-portfolio"",""/net/scratch/hscra/plgrid/plgnasqret/codex-control/projects/euf-viper/corpora/9b39c70a794d52277a4e5d83731f0ebc50a2f3b804eb1dfc8cf32766a5ebeadc/smtlib-2025/QF_UF/QF_UF/QG-classification/qg7/iso_brn_nogen_sk019.smt2""]"
133,3,7137,QF_UF/QG-classification/qg7/iso_brn_nogen_sk019.smt2,24a7efa478566fc722e21d0c3d7d246a8b31113bcb71503dee91f01cd8aff612,6011889,sat,1,williams_first_order_carryover,a5b163da70f7a4b586276cec20529dcaf9a596daf59a01894d95ec3f4fd69c3e,4,4,0,4,1,1,staged-10000,staged-10000,"[""staged-1000"",""staged-10000"",""staged-100"",""baseline"",""staged-10"",""staged-0""]",parser_inclusive_subprocess_wall_clock,1,sat,1.951898526,0,0,0,,,"sat
",,"[""/net/scratch/hscra/plgrid/plgnasqret/codex-control/projects/euf-viper/runs/20260727T073625Z-staged-qg7-e9fef17/target/release/euf-viper"",""fabric-solve"",""--engine"",""quotient-portfolio"",""/net/scratch/hscra/plgrid/plgnasqret/codex-control/projects/euf-viper/corpora/9b39c70a794d52277a4e5d83731f0ebc50a2f3b804eb1dfc8cf32766a5ebeadc/smtlib-2025/QF_UF/QF_UF/QG-classification/qg7/iso_brn_nogen_sk019.smt2""]"
134,3,7137,QF_UF/QG-classification/qg7/iso_brn_nogen_sk019.smt2,24a7efa478566fc722e21d0c3d7d246a8b31113bcb71503dee91f01cd8aff612,6011889,sat,1,williams_first_order_carryover,a5b163da70f7a4b586276cec20529dcaf9a596daf59a01894d95ec3f4fd69c3e,4,4,0,4,2,2,staged-100,staged-100,"[""staged-1000"",""staged-10000"",""staged-100"",""baseline"",""staged-10"",""staged-0""]",parser_inclusive_subprocess_wall_clock,1,timeout,2.029031561,124,-9,1,timeout,exceeded 2 seconds,,,"[""/net/scratch/hscra/plgrid/plgnasqret/codex-control/projects/euf-viper/runs/20260727T073625Z-staged-qg7-e9fef17/target/release/euf-viper"",""fabric-solve"",""--engine"",""quotient-portfolio"",""/net/scratch/hscra/plgrid/plgnasqret/codex-control/projects/euf-viper/corpora/9b39c70a794d52277a4e5d83731f0ebc50a2f3b804eb1dfc8cf32766a5ebeadc/smtlib-2025/QF_UF/QF_UF/QG-classification/qg7/iso_brn_nogen_sk019.smt2""]"
135,3,7137,QF_UF/QG-classification/qg7/iso_brn_nogen_sk019.smt2,24a7efa478566fc722e21d0c3d7d246a8b31113bcb71503dee91f01cd8aff612,6011889,sat,1,williams_first_order_carryover,a5b163da70f7a4b586276cec20529dcaf9a596daf59a01894d95ec3f4fd69c3e,4,4,0,4,3,3,baseline,baseline,"[""staged-1000"",""staged-10000"",""staged-100"",""baseline"",""staged-10"",""staged-0""]",parser_inclusive_subprocess_wall_clock,1,timeout,2.013720811,124,-9,1,timeout,exceeded 2 seconds,,,"[""/net/scratch/hscra/plgrid/plgnasqret/codex-control/projects/euf-viper/runs/20260727T073625Z-staged-qg7-e9fef17/target/release/euf-viper"",""fabric-solve"",""--engine"",""quotient-portfolio"",""/net/scratch/hscra/plgrid/plgnasqret/codex-control/projects/euf-viper/corpora/9b39c70a794d52277a4e5d83731f0ebc50a2f3b804eb1dfc8cf32766a5ebeadc/smtlib-2025/QF_UF/QF_UF/QG-classification/qg7/iso_brn_nogen_sk019.smt2""]"
136,3,7137,QF_UF/QG-classification/qg7/iso_brn_nogen_sk019.smt2,24a7efa478566fc722e21d0c3d7d246a8b31113bcb71503dee91f01cd8aff612,6011889,sat,1,williams_first_order_carryover,a5b163da70f7a4b586276cec20529dcaf9a596daf59a01894d95ec3f4fd69c3e,4,4,0,4,4,4,staged-10,staged-10,"[""staged-1000"",""staged-10000"",""staged-100"",""baseline"",""staged-10"",""staged-0""]",parser_inclusive_subprocess_wall_clock,1,timeout,2.032014646,124,-9,1,timeout,exceeded 2 seconds,,,"[""/net/scratch/hscra/plgrid/plgnasqret/codex-control/projects/euf-viper/runs/20260727T073625Z-staged-qg7-e9fef17/target/release/euf-viper"",""fabric-solve"",""--engine"",""quotient-portfolio"",""/net/scratch/hscra/plgrid/plgnasqret/codex-control/projects/euf-viper/corpora/9b39c70a794d52277a4e5d83731f0ebc50a2f3b804eb1dfc8cf32766a5ebeadc/smtlib-2025/QF_UF/QF_UF/QG-classification/qg7/iso_brn_nogen_sk019.smt2""]"
137,3,7137,QF_UF/QG-classification/qg7/iso_brn_nogen_sk019.smt2,24a7efa478566fc722e21d0c3d7d246a8b31113bcb71503dee91f01cd8aff612,6011889,sat,1,williams_first_order_carryover,a5b163da70f7a4b586276cec20529dcaf9a596daf59a01894d95ec3f4fd69c3e,4,4,0,4,5,5,staged-0,staged-0,"[""staged-1000"",""staged-10000"",""staged-100"",""baseline"",""staged-10"",""staged-0""]",parser_inclusive_subprocess_wall_clock,1,timeout,2.032563916,124,-9,1,timeout,exceeded 2 seconds,,,"[""/net/scratch/hscra/plgrid/plgnasqret/codex-control/projects/euf-viper/runs/20260727T073625Z-staged-qg7-e9fef17/target/release/euf-viper"",""fabric-solve"",""--engine"",""quotient-portfolio"",""/net/scratch/hscra/plgrid/plgnasqret/codex-control/projects/euf-viper/corpora/9b39c70a794d52277a4e5d83731f0ebc50a2f3b804eb1dfc8cf32766a5ebeadc/smtlib-2025/QF_UF/QF_UF/QG-classification/qg7/iso_brn_nogen_sk019.smt2""]"
138,3,7137,QF_UF/QG-classification/qg7/iso_brn_nogen_sk019.smt2,24a7efa478566fc722e21d0c3d7d246a8b31113bcb71503dee91f01cd8aff612,6011889,sat,1,williams_first_order_carryover,a5b163da70f7a4b586276cec20529dcaf9a596daf59a01894d95ec3f4fd69c3e,5,5,0,5,0,0,staged-10000,staged-10000,"[""staged-10000"",""baseline"",""staged-1000"",""staged-0"",""staged-100"",""staged-10""]",parser_inclusive_subprocess_wall_clock,1,timeout,2.013951296,124,-9,1,timeout,exceeded 2 seconds,,,"[""/net/scratch/hscra/plgrid/plgnasqret/codex-control/projects/euf-viper/runs/20260727T073625Z-staged-qg7-e9fef17/target/release/euf-viper"",""fabric-solve"",""--engine"",""quotient-portfolio"",""/net/scratch/hscra/plgrid/plgnasqret/codex-control/projects/euf-viper/corpora/9b39c70a794d52277a4e5d83731f0ebc50a2f3b804eb1dfc8cf32766a5ebeadc/smtlib-2025/QF_UF/QF_UF/QG-classification/qg7/iso_brn_nogen_sk019.smt2""]"
139,3,7137,QF_UF/QG-classification/qg7/iso_brn_nogen_sk019.smt2,24a7efa478566fc722e21d0c3d7d246a8b31113bcb71503dee91f01cd8aff612,6011889,sat,1,williams_first_order_carryover,a5b163da70f7a4b586276cec20529dcaf9a596daf59a01894d95ec3f4fd69c3e,5,5,0,5,1,1,baseline,baseline,"[""staged-10000"",""baseline"",""staged-1000"",""staged-0"",""staged-100"",""staged-10""]",parser_inclusive_subprocess_wall_clock,1,timeout,2.015257155,124,-9,1,timeout,exceeded 2 seconds,,,"[""/net/scratch/hscra/plgrid/plgnasqret/codex-control/projects/euf-viper/runs/20260727T073625Z-staged-qg7-e9fef17/target/release/euf-viper"",""fabric-solve"",""--engine"",""quotient-portfolio"",""/net/scratch/hscra/plgrid/plgnasqret/codex-control/projects/euf-viper/corpora/9b39c70a794d52277a4e5d83731f0ebc50a2f3b804eb1dfc8cf32766a5ebeadc/smtlib-2025/QF_UF/QF_UF/QG-classification/qg7/iso_brn_nogen_sk019.smt2""]"
140,3,7137,QF_UF/QG-classification/qg7/iso_brn_nogen_sk019.smt2,24a7efa478566fc722e21d0c3d7d246a8b31113bcb71503dee91f01cd8aff612,6011889,sat,1,williams_first_order_carryover,a5b163da70f7a4b586276cec20529dcaf9a596daf59a01894d95ec3f4fd69c3e,5,5,0,5,2,2,staged-1000,staged-1000,"[""staged-10000"",""baseline"",""staged-1000"",""staged-0"",""staged-100"",""staged-10""]",parser_inclusive_subprocess_wall_clock,1,timeout,2.013327719,124,-9,1,timeout,exceeded 2 seconds,,,"[""/net/scratch/hscra/plgrid/plgnasqret/codex-control/projects/euf-viper/runs/20260727T073625Z-staged-qg7-e9fef17/target/release/euf-viper"",""fabric-solve"",""--engine"",""quotient-portfolio"",""/net/scratch/hscra/plgrid/plgnasqret/codex-control/projects/euf-viper/corpora/9b39c70a794d52277a4e5d83731f0ebc50a2f3b804eb1dfc8cf32766a5ebeadc/smtlib-2025/QF_UF/QF_UF/QG-classification/qg7/iso_brn_nogen_sk019.smt2""]"
141,3,7137,QF_UF/QG-classification/qg7/iso_brn_nogen_sk019.smt2,24a7efa478566fc722e21d0c3d7d246a8b31113bcb71503dee91f01cd8aff612,6011889,sat,1,williams_first_order_carryover,a5b163da70f7a4b586276cec20529dcaf9a596daf59a01894d95ec3f4fd69c3e,5,5,0,5,3,3,staged-0,staged-0,"[""staged-10000"",""baseline"",""staged-1000"",""staged-0"",""staged-100"",""staged-10""]",parser_inclusive_subprocess_wall_clock,1,timeout,2.025769345,124,-9,1,timeout,exceeded 2 seconds,,,"[""/net/scratch/hscra/plgrid/plgnasqret/codex-control/projects/euf-viper/runs/20260727T073625Z-staged-qg7-e9fef17/target/release/euf-viper"",""fabric-solve"",""--engine"",""quotient-portfolio"",""/net/scratch/hscra/plgrid/plgnasqret/codex-control/projects/euf-viper/corpora/9b39c70a794d52277a4e5d83731f0ebc50a2f3b804eb1dfc8cf32766a5ebeadc/smtlib-2025/QF_UF/QF_UF/QG-classification/qg7/iso_brn_nogen_sk019.smt2""]"
142,3,7137,QF_UF/QG-classification/qg7/iso_brn_nogen_sk019.smt2,24a7efa478566fc722e21d0c3d7d246a8b31113bcb71503dee91f01cd8aff612,6011889,sat,1,williams_first_order_carryover,a5b163da70f7a4b586276cec20529dcaf9a596daf59a01894d95ec3f4fd69c3e,5,5,0,5,4,4,staged-100,staged-100,"[""staged-10000"",""baseline"",""staged-1000"",""staged-0"",""staged-100"",""staged-10""]",parser_inclusive_subprocess_wall_clock,1,timeout,2.024990371,124,-9,1,timeout,exceeded 2 seconds,,,"[""/net/scratch/hscra/plgrid/plgnasqret/codex-control/projects/euf-viper/runs/20260727T073625Z-staged-qg7-e9fef17/target/release/euf-viper"",""fabric-solve"",""--engine"",""quotient-portfolio"",""/net/scratch/hscra/plgrid/plgnasqret/codex-control/projects/euf-viper/corpora/9b39c70a794d52277a4e5d83731f0ebc50a2f3b804eb1dfc8cf32766a5ebeadc/smtlib-2025/QF_UF/QF_UF/QG-classification/qg7/iso_brn_nogen_sk019.smt2""]"
143,3,7137,QF_UF/QG-classification/qg7/iso_brn_nogen_sk019.smt2,24a7efa478566fc722e21d0c3d7d246a8b31113bcb71503dee91f01cd8aff612,6011889,sat,1,williams_first_order_carryover,a5b163da70f7a4b586276cec20529dcaf9a596daf59a01894d95ec3f4fd69c3e,5,5,0,5,5,5,staged-10,staged-10,"[""staged-10000"",""baseline"",""staged-1000"",""staged-0"",""staged-100"",""staged-10""]",parser_inclusive_subprocess_wall_clock,1,timeout,2.033828719,124,-9,1,timeout,exceeded 2 seconds,,,"[""/net/scratch/hscra/plgrid/plgnasqret/codex-control/projects/euf-viper/runs/20260727T073625Z-staged-qg7-e9fef17/target/release/euf-viper"",""fabric-solve"",""--engine"",""quotient-portfolio"",""/net/scratch/hscra/plgrid/plgnasqret/codex-control/projects/euf-viper/corpora/9b39c70a794d52277a4e5d83731f0ebc50a2f3b804eb1dfc8cf32766a5ebeadc/smtlib-2025/QF_UF/QF_UF/QG-classification/qg7/iso_brn_nogen_sk019.smt2""]"
144,4,7320,QF_UF/QG-classification/qg7/iso_icl_nogen_sk005.smt2,d0c7fd4c118d0f4eafec0851bdf82e52508c08ea6c12a962f1e48045aacdd5c8,6012398,unsat,1,williams_first_order_carryover,a5b163da70f7a4b586276cec20529dcaf9a596daf59a01894d95ec3f4fd69c3e,0,0,0,0,0,0,baseline,baseline,"[""baseline"",""staged-0"",""staged-10000"",""staged-10"",""staged-1000"",""staged-100""]",parser_inclusive_subprocess_wall_clock,1,timeout,2.013605559,124,-9,1,timeout,exceeded 2 seconds,,,"[""/net/scratch/hscra/plgrid/plgnasqret/codex-control/projects/euf-viper/runs/20260727T073625Z-staged-qg7-e9fef17/target/release/euf-viper"",""fabric-solve"",""--engine"",""quotient-portfolio"",""/net/scratch/hscra/plgrid/plgnasqret/codex-control/projects/euf-viper/corpora/9b39c70a794d52277a4e5d83731f0ebc50a2f3b804eb1dfc8cf32766a5ebeadc/smtlib-2025/QF_UF/QF_UF/QG-classification/qg7/iso_icl_nogen_sk005.smt2""]"
145,4,7320,QF_UF/QG-classification/qg7/iso_icl_nogen_sk005.smt2,d0c7fd4c118d0f4eafec0851bdf82e52508c08ea6c12a962f1e48045aacdd5c8,6012398,unsat,1,williams_first_order_carryover,a5b163da70f7a4b586276cec20529dcaf9a596daf59a01894d95ec3f4fd69c3e,0,0,0,0,1,1,staged-0,staged-0,"[""baseline"",""staged-0"",""staged-10000"",""staged-10"",""staged-1000"",""staged-100""]",parser_inclusive_subprocess_wall_clock,1,timeout,2.023985590,124,-9,1,timeout,exceeded 2 seconds,,,"[""/net/scratch/hscra/plgrid/plgnasqret/codex-control/projects/euf-viper/runs/20260727T073625Z-staged-qg7-e9fef17/target/release/euf-viper"",""fabric-solve"",""--engine"",""quotient-portfolio"",""/net/scratch/hscra/plgrid/plgnasqret/codex-control/projects/euf-viper/corpora/9b39c70a794d52277a4e5d83731f0ebc50a2f3b804eb1dfc8cf32766a5ebeadc/smtlib-2025/QF_UF/QF_UF/QG-classification/qg7/iso_icl_nogen_sk005.smt2""]"
146,4,7320,QF_UF/QG-classification/qg7/iso_icl_nogen_sk005.smt2,d0c7fd4c118d0f4eafec0851bdf82e52508c08ea6c12a962f1e48045aacdd5c8,6012398,unsat,1,williams_first_order_carryover,a5b163da70f7a4b586276cec20529dcaf9a596daf59a01894d95ec3f4fd69c3e,0,0,0,0,2,2,staged-10000,staged-10000,"[""baseline"",""staged-0"",""staged-10000"",""staged-10"",""staged-1000"",""staged-100""]",parser_inclusive_subprocess_wall_clock,1,timeout,2.010185372,124,-9,1,timeout,exceeded 2 seconds,,,"[""/net/scratch/hscra/plgrid/plgnasqret/codex-control/projects/euf-viper/runs/20260727T073625Z-staged-qg7-e9fef17/target/release/euf-viper"",""fabric-solve"",""--engine"",""quotient-portfolio"",""/net/scratch/hscra/plgrid/plgnasqret/codex-control/projects/euf-viper/corpora/9b39c70a794d52277a4e5d83731f0ebc50a2f3b804eb1dfc8cf32766a5ebeadc/smtlib-2025/QF_UF/QF_UF/QG-classification/qg7/iso_icl_nogen_sk005.smt2""]"
147,4,7320,QF_UF/QG-classification/qg7/iso_icl_nogen_sk005.smt2,d0c7fd4c118d0f4eafec0851bdf82e52508c08ea6c12a962f1e48045aacdd5c8,6012398,unsat,1,williams_first_order_carryover,a5b163da70f7a4b586276cec20529dcaf9a596daf59a01894d95ec3f4fd69c3e,0,0,0,0,3,3,staged-10,staged-10,"[""baseline"",""staged-0"",""staged-10000"",""staged-10"",""staged-1000"",""staged-100""]",parser_inclusive_subprocess_wall_clock,1,timeout,2.029442402,124,-9,1,timeout,exceeded 2 seconds,,,"[""/net/scratch/hscra/plgrid/plgnasqret/codex-control/projects/euf-viper/runs/20260727T073625Z-staged-qg7-e9fef17/target/release/euf-viper"",""fabric-solve"",""--engine"",""quotient-portfolio"",""/net/scratch/hscra/plgrid/plgnasqret/codex-control/projects/euf-viper/corpora/9b39c70a794d52277a4e5d83731f0ebc50a2f3b804eb1dfc8cf32766a5ebeadc/smtlib-2025/QF_UF/QF_UF/QG-classification/qg7/iso_icl_nogen_sk005.smt2""]"
148,4,7320,QF_UF/QG-classification/qg7/iso_icl_nogen_sk005.smt2,d0c7fd4c118d0f4eafec0851bdf82e52508c08ea6c12a962f1e48045aacdd5c8,6012398,unsat,1,williams_first_order_carryover,a5b163da70f7a4b586276cec20529dcaf9a596daf59a01894d95ec3f4fd69c3e,0,0,0,0,4,4,staged-1000,staged-1000,"[""baseline"",""staged-0"",""staged-10000"",""staged-10"",""staged-1000"",""staged-100""]",parser_inclusive_subprocess_wall_clock,1,timeout,2.013101831,124,-9,1,timeout,exceeded 2 seconds,,,"[""/net/scratch/hscra/plgrid/plgnasqret/codex-control/projects/euf-viper/runs/20260727T073625Z-staged-qg7-e9fef17/target/release/euf-viper"",""fabric-solve"",""--engine"",""quotient-portfolio"",""/net/scratch/hscra/plgrid/plgnasqret/codex-control/projects/euf-viper/corpora/9b39c70a794d52277a4e5d83731f0ebc50a2f3b804eb1dfc8cf32766a5ebeadc/smtlib-2025/QF_UF/QF_UF/QG-classification/qg7/iso_icl_nogen_sk005.smt2""]"
149,4,7320,QF_UF/QG-classification/qg7/iso_icl_nogen_sk005.smt2,d0c7fd4c118d0f4eafec0851bdf82e52508c08ea6c12a962f1e48045aacdd5c8,6012398,unsat,1,williams_first_order_carryover,a5b163da70f7a4b586276cec20529dcaf9a596daf59a01894d95ec3f4fd69c3e,0,0,0,0,5,5,staged-100,staged-100,"[""baseline"",""staged-0"",""staged-10000"",""staged-10"",""staged-1000"",""staged-100""]",parser_inclusive_subprocess_wall_clock,1,timeout,2.021191975,124,-9,1,timeout,exceeded 2 seconds,,,"[""/net/scratch/hscra/plgrid/plgnasqret/codex-control/projects/euf-viper/runs/20260727T073625Z-staged-qg7-e9fef17/target/release/euf-viper"",""fabric-solve"",""--engine"",""quotient-portfolio"",""/net/scratch/hscra/plgrid/plgnasqret/codex-control/projects/euf-viper/corpora/9b39c70a794d52277a4e5d83731f0ebc50a2f3b804eb1dfc8cf32766a5ebeadc/smtlib-2025/QF_UF/QF_UF/QG-classification/qg7/iso_icl_nogen_sk005.smt2""]"
150,4,7320,QF_UF/QG-classification/qg7/iso_icl_nogen_sk005.smt2,d0c7fd4c118d0f4eafec0851bdf82e52508c08ea6c12a962f1e48045aacdd5c8,6012398,unsat,1,williams_first_order_carryover,a5b163da70f7a4b586276cec20529dcaf9a596daf59a01894d95ec3f4fd69c3e,1,1,0,1,0,0,staged-0,staged-0,"[""staged-0"",""staged-10"",""baseline"",""staged-100"",""staged-10000"",""staged-1000""]",parser_inclusive_subprocess_wall_clock,1,timeout,2.021273223,124,-9,1,timeout,exceeded 2 seconds,,,"[""/net/scratch/hscra/plgrid/plgnasqret/codex-control/projects/euf-viper/runs/20260727T073625Z-staged-qg7-e9fef17/target/release/euf-viper"",""fabric-solve"",""--engine"",""quotient-portfolio"",""/net/scratch/hscra/plgrid/plgnasqret/codex-control/projects/euf-viper/corpora/9b39c70a794d52277a4e5d83731f0ebc50a2f3b804eb1dfc8cf32766a5ebeadc/smtlib-2025/QF_UF/QF_UF/QG-classification/qg7/iso_icl_nogen_sk005.smt2""]"
151,4,7320,QF_UF/QG-classification/qg7/iso_icl_nogen_sk005.smt2,d0c7fd4c118d0f4eafec0851bdf82e52508c08ea6c12a962f1e48045aacdd5c8,6012398,unsat,1,williams_first_order_carryover,a5b163da70f7a4b586276cec20529dcaf9a596daf59a01894d95ec3f4fd69c3e,1,1,0,1,1,1,staged-10,staged-10,"[""staged-0"",""staged-10"",""baseline"",""staged-100"",""staged-10000"",""staged-1000""]",parser_inclusive_subprocess_wall_clock,1,timeout,2.024875208,124,-9,1,timeout,exceeded 2 seconds,,,"[""/net/scratch/hscra/plgrid/plgnasqret/codex-control/projects/euf-viper/runs/20260727T073625Z-staged-qg7-e9fef17/target/release/euf-viper"",""fabric-solve"",""--engine"",""quotient-portfolio"",""/net/scratch/hscra/plgrid/plgnasqret/codex-control/projects/euf-viper/corpora/9b39c70a794d52277a4e5d83731f0ebc50a2f3b804eb1dfc8cf32766a5ebeadc/smtlib-2025/QF_UF/QF_UF/QG-classification/qg7/iso_icl_nogen_sk005.smt2""]"
152,4,7320,QF_UF/QG-classification/qg7/iso_icl_nogen_sk005.smt2,d0c7fd4c118d0f4eafec0851bdf82e52508c08ea6c12a962f1e48045aacdd5c8,6012398,unsat,1,williams_first_order_carryover,a5b163da70f7a4b586276cec20529dcaf9a596daf59a01894d95ec3f4fd69c3e,1,1,0,1,2,2,baseline,baseline,"[""staged-0"",""staged-10"",""baseline"",""staged-100"",""staged-10000"",""staged-1000""]",parser_inclusive_subprocess_wall_clock,1,timeout,2.010866030,124,-9,1,timeout,exceeded 2 seconds,,,"[""/net/scratch/hscra/plgrid/plgnasqret/codex-control/projects/euf-viper/runs/20260727T073625Z-staged-qg7-e9fef17/target/release/euf-viper"",""fabric-solve"",""--engine"",""quotient-portfolio"",""/net/scratch/hscra/plgrid/plgnasqret/codex-control/projects/euf-viper/corpora/9b39c70a794d52277a4e5d83731f0ebc50a2f3b804eb1dfc8cf32766a5ebeadc/smtlib-2025/QF_UF/QF_UF/QG-classification/qg7/iso_icl_nogen_sk005.smt2""]"
153,4,7320,QF_UF/QG-classification/qg7/iso_icl_nogen_sk005.smt2,d0c7fd4c118d0f4eafec0851bdf82e52508c08ea6c12a962f1e48045aacdd5c8,6012398,unsat,1,williams_first_order_carryover,a5b163da70f7a4b586276cec20529dcaf9a596daf59a01894d95ec3f4fd69c3e,1,1,0,1,3,3,staged-100,staged-100,"[""staged-0"",""staged-10"",""baseline"",""staged-100"",""staged-10000"",""staged-1000""]",parser_inclusive_subprocess_wall_clock,1,timeout,2.018723045,124,-9,1,timeout,exceeded 2 seconds,,,"[""/net/scratch/hscra/plgrid/plgnasqret/codex-control/projects/euf-viper/runs/20260727T073625Z-staged-qg7-e9fef17/target/release/euf-viper"",""fabric-solve"",""--engine"",""quotient-portfolio"",""/net/scratch/hscra/plgrid/plgnasqret/codex-control/projects/euf-viper/corpora/9b39c70a794d52277a4e5d83731f0ebc50a2f3b804eb1dfc8cf32766a5ebeadc/smtlib-2025/QF_UF/QF_UF/QG-classification/qg7/iso_icl_nogen_sk005.smt2""]"
154,4,7320,QF_UF/QG-classification/qg7/iso_icl_nogen_sk005.smt2,d0c7fd4c118d0f4eafec0851bdf82e52508c08ea6c12a962f1e48045aacdd5c8,6012398,unsat,1,williams_first_order_carryover,a5b163da70f7a4b586276cec20529dcaf9a596daf59a01894d95ec3f4fd69c3e,1,1,0,1,4,4,staged-10000,staged-10000,"[""staged-0"",""staged-10"",""baseline"",""staged-100"",""staged-10000"",""staged-1000""]",parser_inclusive_subprocess_wall_clock,1,timeout,2.010347929,124,-9,1,timeout,exceeded 2 seconds,,,"[""/net/scratch/hscra/plgrid/plgnasqret/codex-control/projects/euf-viper/runs/20260727T073625Z-staged-qg7-e9fef17/target/release/euf-viper"",""fabric-solve"",""--engine"",""quotient-portfolio"",""/net/scratch/hscra/plgrid/plgnasqret/codex-control/projects/euf-viper/corpora/9b39c70a794d52277a4e5d83731f0ebc50a2f3b804eb1dfc8cf32766a5ebeadc/smtlib-2025/QF_UF/QF_UF/QG-classification/qg7/iso_icl_nogen_sk005.smt2""]"
155,4,7320,QF_UF/QG-classification/qg7/iso_icl_nogen_sk005.smt2,d0c7fd4c118d0f4eafec0851bdf82e52508c08ea6c12a962f1e48045aacdd5c8,6012398,unsat,1,williams_first_order_carryover,a5b163da70f7a4b586276cec20529dcaf9a596daf59a01894d95ec3f4fd69c3e,1,1,0,1,5,5,staged-1000,staged-1000,"[""staged-0"",""staged-10"",""baseline"",""staged-100"",""staged-10000"",""staged-1000""]",parser_inclusive_subprocess_wall_clock,1,timeout,2.011375627,124,-9,1,timeout,exceeded 2 seconds,,,"[""/net/scratch/hscra/plgrid/plgnasqret/codex-control/projects/euf-viper/runs/20260727T073625Z-staged-qg7-e9fef17/target/release/euf-viper"",""fabric-solve"",""--engine"",""quotient-portfolio"",""/net/scratch/hscra/plgrid/plgnasqret/codex-control/projects/euf-viper/corpora/9b39c70a794d52277a4e5d83731f0ebc50a2f3b804eb1dfc8cf32766a5ebeadc/smtlib-2025/QF_UF/QF_UF/QG-classification/qg7/iso_icl_nogen_sk005.smt2""]"
156,4,7320,QF_UF/QG-classification/qg7/iso_icl_nogen_sk005.smt2,d0c7fd4c118d0f4eafec0851bdf82e52508c08ea6c12a962f1e48045aacdd5c8,6012398,unsat,1,williams_first_order_carryover,a5b163da70f7a4b586276cec20529dcaf9a596daf59a01894d95ec3f4fd69c3e,2,2,0,2,0,0,staged-10,staged-10,"[""staged-10"",""staged-100"",""staged-0"",""staged-1000"",""baseline"",""staged-10000""]",parser_inclusive_subprocess_wall_clock,1,timeout,2.021395948,124,-9,1,timeout,exceeded 2 seconds,,,"[""/net/scratch/hscra/plgrid/plgnasqret/codex-control/projects/euf-viper/runs/20260727T073625Z-staged-qg7-e9fef17/target/release/euf-viper"",""fabric-solve"",""--engine"",""quotient-portfolio"",""/net/scratch/hscra/plgrid/plgnasqret/codex-control/projects/euf-viper/corpora/9b39c70a794d52277a4e5d83731f0ebc50a2f3b804eb1dfc8cf32766a5ebeadc/smtlib-2025/QF_UF/QF_UF/QG-classification/qg7/iso_icl_nogen_sk005.smt2""]"
157,4,7320,QF_UF/QG-classification/qg7/iso_icl_nogen_sk005.smt2,d0c7fd4c118d0f4eafec0851bdf82e52508c08ea6c12a962f1e48045aacdd5c8,6012398,unsat,1,williams_first_order_carryover,a5b163da70f7a4b586276cec20529dcaf9a596daf59a01894d95ec3f4fd69c3e,2,2,0,2,1,1,staged-100,staged-100,"[""staged-10"",""staged-100"",""staged-0"",""staged-1000"",""baseline"",""staged-10000""]",parser_inclusive_subprocess_wall_clock,1,timeout,2.019315984,124,-9,1,timeout,exceeded 2 seconds,,,"[""/net/scratch/hscra/plgrid/plgnasqret/codex-control/projects/euf-viper/runs/20260727T073625Z-staged-qg7-e9fef17/target/release/euf-viper"",""fabric-solve"",""--engine"",""quotient-portfolio"",""/net/scratch/hscra/plgrid/plgnasqret/codex-control/projects/euf-viper/corpora/9b39c70a794d52277a4e5d83731f0ebc50a2f3b804eb1dfc8cf32766a5ebeadc/smtlib-2025/QF_UF/QF_UF/QG-classification/qg7/iso_icl_nogen_sk005.smt2""]"
158,4,7320,QF_UF/QG-classification/qg7/iso_icl_nogen_sk005.smt2,d0c7fd4c118d0f4eafec0851bdf82e52508c08ea6c12a962f1e48045aacdd5c8,6012398,unsat,1,williams_first_order_carryover,a5b163da70f7a4b586276cec20529dcaf9a596daf59a01894d95ec3f4fd69c3e,2,2,0,2,2,2,staged-0,staged-0,"[""staged-10"",""staged-100"",""staged-0"",""staged-1000"",""baseline"",""staged-10000""]",parser_inclusive_subprocess_wall_clock,1,timeout,2.019141858,124,-9,1,timeout,exceeded 2 seconds,,,"[""/net/scratch/hscra/plgrid/plgnasqret/codex-control/projects/euf-viper/runs/20260727T073625Z-staged-qg7-e9fef17/target/release/euf-viper"",""fabric-solve"",""--engine"",""quotient-portfolio"",""/net/scratch/hscra/plgrid/plgnasqret/codex-control/projects/euf-viper/corpora/9b39c70a794d52277a4e5d83731f0ebc50a2f3b804eb1dfc8cf32766a5ebeadc/smtlib-2025/QF_UF/QF_UF/QG-classification/qg7/iso_icl_nogen_sk005.smt2""]"
159,4,7320,QF_UF/QG-classification/qg7/iso_icl_nogen_sk005.smt2,d0c7fd4c118d0f4eafec0851bdf82e52508c08ea6c12a962f1e48045aacdd5c8,6012398,unsat,1,williams_first_order_carryover,a5b163da70f7a4b586276cec20529dcaf9a596daf59a01894d95ec3f4fd69c3e,2,2,0,2,3,3,staged-1000,staged-1000,"[""staged-10"",""staged-100"",""staged-0"",""staged-1000"",""baseline"",""staged-10000""]",parser_inclusive_subprocess_wall_clock,1,timeout,2.011100422,124,-9,1,timeout,exceeded 2 seconds,,,"[""/net/scratch/hscra/plgrid/plgnasqret/codex-control/projects/euf-viper/runs/20260727T073625Z-staged-qg7-e9fef17/target/release/euf-viper"",""fabric-solve"",""--engine"",""quotient-portfolio"",""/net/scratch/hscra/plgrid/plgnasqret/codex-control/projects/euf-viper/corpora/9b39c70a794d52277a4e5d83731f0ebc50a2f3b804eb1dfc8cf32766a5ebeadc/smtlib-2025/QF_UF/QF_UF/QG-classification/qg7/iso_icl_nogen_sk005.smt2""]"
160,4,7320,QF_UF/QG-classification/qg7/iso_icl_nogen_sk005.smt2,d0c7fd4c118d0f4eafec0851bdf82e52508c08ea6c12a962f1e48045aacdd5c8,6012398,unsat,1,williams_first_order_carryover,a5b163da70f7a4b586276cec20529dcaf9a596daf59a01894d95ec3f4fd69c3e,2,2,0,2,4,4,baseline,baseline,"[""staged-10"",""staged-100"",""staged-0"",""staged-1000"",""baseline"",""staged-10000""]",parser_inclusive_subprocess_wall_clock,1,timeout,2.010393502,124,-9,1,timeout,exceeded 2 seconds,,,"[""/net/scratch/hscra/plgrid/plgnasqret/codex-control/projects/euf-viper/runs/20260727T073625Z-staged-qg7-e9fef17/target/release/euf-viper"",""fabric-solve"",""--engine"",""quotient-portfolio"",""/net/scratch/hscra/plgrid/plgnasqret/codex-control/projects/euf-viper/corpora/9b39c70a794d52277a4e5d83731f0ebc50a2f3b804eb1dfc8cf32766a5ebeadc/smtlib-2025/QF_UF/QF_UF/QG-classification/qg7/iso_icl_nogen_sk005.smt2""]"
161,4,7320,QF_UF/QG-classification/qg7/iso_icl_nogen_sk005.smt2,d0c7fd4c118d0f4eafec0851bdf82e52508c08ea6c12a962f1e48045aacdd5c8,6012398,unsat,1,williams_first_order_carryover,a5b163da70f7a4b586276cec20529dcaf9a596daf59a01894d95ec3f4fd69c3e,2,2,0,2,5,5,staged-10000,staged-10000,"[""staged-10"",""staged-100"",""staged-0"",""staged-1000"",""baseline"",""staged-10000""]",parser_inclusive_subprocess_wall_clock,1,timeout,2.009157293,124,-9,1,timeout,exceeded 2 seconds,,,"[""/net/scratch/hscra/plgrid/plgnasqret/codex-control/projects/euf-viper/runs/20260727T073625Z-staged-qg7-e9fef17/target/release/euf-viper"",""fabric-solve"",""--engine"",""quotient-portfolio"",""/net/scratch/hscra/plgrid/plgnasqret/codex-control/projects/euf-viper/corpora/9b39c70a794d52277a4e5d83731f0ebc50a2f3b804eb1dfc8cf32766a5ebeadc/smtlib-2025/QF_UF/QF_UF/QG-classification/qg7/iso_icl_nogen_sk005.smt2""]"
162,4,7320,QF_UF/QG-classification/qg7/iso_icl_nogen_sk005.smt2,d0c7fd4c118d0f4eafec0851bdf82e52508c08ea6c12a962f1e48045aacdd5c8,6012398,unsat,1,williams_first_order_carryover,a5b163da70f7a4b586276cec20529dcaf9a596daf59a01894d95ec3f4fd69c3e,3,3,0,3,0,0,staged-100,staged-100,"[""staged-100"",""staged-1000"",""staged-10"",""staged-10000"",""staged-0"",""baseline""]",parser_inclusive_subprocess_wall_clock,1,timeout,2.019175536,124,-9,1,timeout,exceeded 2 seconds,,,"[""/net/scratch/hscra/plgrid/plgnasqret/codex-control/projects/euf-viper/runs/20260727T073625Z-staged-qg7-e9fef17/target/release/euf-viper"",""fabric-solve"",""--engine"",""quotient-portfolio"",""/net/scratch/hscra/plgrid/plgnasqret/codex-control/projects/euf-viper/corpora/9b39c70a794d52277a4e5d83731f0ebc50a2f3b804eb1dfc8cf32766a5ebeadc/smtlib-2025/QF_UF/QF_UF/QG-classification/qg7/iso_icl_nogen_sk005.smt2""]"
163,4,7320,QF_UF/QG-classification/qg7/iso_icl_nogen_sk005.smt2,d0c7fd4c118d0f4eafec0851bdf82e52508c08ea6c12a962f1e48045aacdd5c8,6012398,unsat,1,williams_first_order_carryover,a5b163da70f7a4b586276cec20529dcaf9a596daf59a01894d95ec3f4fd69c3e,3,3,0,3,1,1,staged-1000,staged-1000,"[""staged-100"",""staged-1000"",""staged-10"",""staged-10000"",""staged-0"",""baseline""]",parser_inclusive_subprocess_wall_clock,1,timeout,2.010136117,124,-9,1,timeout,exceeded 2 seconds,,,"[""/net/scratch/hscra/plgrid/plgnasqret/codex-control/projects/euf-viper/runs/20260727T073625Z-staged-qg7-e9fef17/target/release/euf-viper"",""fabric-solve"",""--engine"",""quotient-portfolio"",""/net/scratch/hscra/plgrid/plgnasqret/codex-control/projects/euf-viper/corpora/9b39c70a794d52277a4e5d83731f0ebc50a2f3b804eb1dfc8cf32766a5ebeadc/smtlib-2025/QF_UF/QF_UF/QG-classification/qg7/iso_icl_nogen_sk005.smt2""]"
164,4,7320,QF_UF/QG-classification/qg7/iso_icl_nogen_sk005.smt2,d0c7fd4c118d0f4eafec0851bdf82e52508c08ea6c12a962f1e48045aacdd5c8,6012398,unsat,1,williams_first_order_carryover,a5b163da70f7a4b586276cec20529dcaf9a596daf59a01894d95ec3f4fd69c3e,3,3,0,3,2,2,staged-10,staged-10,"[""staged-100"",""staged-1000"",""staged-10"",""staged-10000"",""staged-0"",""baseline""]",parser_inclusive_subprocess_wall_clock,1,timeout,2.023119359,124,-9,1,timeout,exceeded 2 seconds,,,"[""/net/scratch/hscra/plgrid/plgnasqret/codex-control/projects/euf-viper/runs/20260727T073625Z-staged-qg7-e9fef17/target/release/euf-viper"",""fabric-solve"",""--engine"",""quotient-portfolio"",""/net/scratch/hscra/plgrid/plgnasqret/codex-control/projects/euf-viper/corpora/9b39c70a794d52277a4e5d83731f0ebc50a2f3b804eb1dfc8cf32766a5ebeadc/smtlib-2025/QF_UF/QF_UF/QG-classification/qg7/iso_icl_nogen_sk005.smt2""]"
165,4,7320,QF_UF/QG-classification/qg7/iso_icl_nogen_sk005.smt2,d0c7fd4c118d0f4eafec0851bdf82e52508c08ea6c12a962f1e48045aacdd5c8,6012398,unsat,1,williams_first_order_carryover,a5b163da70f7a4b586276cec20529dcaf9a596daf59a01894d95ec3f4fd69c3e,3,3,0,3,3,3,staged-10000,staged-10000,"[""staged-100"",""staged-1000"",""staged-10"",""staged-10000"",""staged-0"",""baseline""]",parser_inclusive_subprocess_wall_clock,1,timeout,2.010728505,124,-9,1,timeout,exceeded 2 seconds,,,"[""/net/scratch/hscra/plgrid/plgnasqret/codex-control/projects/euf-viper/runs/20260727T073625Z-staged-qg7-e9fef17/target/release/euf-viper"",""fabric-solve"",""--engine"",""quotient-portfolio"",""/net/scratch/hscra/plgrid/plgnasqret/codex-control/projects/euf-viper/corpora/9b39c70a794d52277a4e5d83731f0ebc50a2f3b804eb1dfc8cf32766a5ebeadc/smtlib-2025/QF_UF/QF_UF/QG-classification/qg7/iso_icl_nogen_sk005.smt2""]"
166,4,7320,QF_UF/QG-classification/qg7/iso_icl_nogen_sk005.smt2,d0c7fd4c118d0f4eafec0851bdf82e52508c08ea6c12a962f1e48045aacdd5c8,6012398,unsat,1,williams_first_order_carryover,a5b163da70f7a4b586276cec20529dcaf9a596daf59a01894d95ec3f4fd69c3e,3,3,0,3,4,4,staged-0,staged-0,"[""staged-100"",""staged-1000"",""staged-10"",""staged-10000"",""staged-0"",""baseline""]",parser_inclusive_subprocess_wall_clock,1,timeout,2.020765481,124,-9,1,timeout,exceeded 2 seconds,,,"[""/net/scratch/hscra/plgrid/plgnasqret/codex-control/projects/euf-viper/runs/20260727T073625Z-staged-qg7-e9fef17/target/release/euf-viper"",""fabric-solve"",""--engine"",""quotient-portfolio"",""/net/scratch/hscra/plgrid/plgnasqret/codex-control/projects/euf-viper/corpora/9b39c70a794d52277a4e5d83731f0ebc50a2f3b804eb1dfc8cf32766a5ebeadc/smtlib-2025/QF_UF/QF_UF/QG-classification/qg7/iso_icl_nogen_sk005.smt2""]"
167,4,7320,QF_UF/QG-classification/qg7/iso_icl_nogen_sk005.smt2,d0c7fd4c118d0f4eafec0851bdf82e52508c08ea6c12a962f1e48045aacdd5c8,6012398,unsat,1,williams_first_order_carryover,a5b163da70f7a4b586276cec20529dcaf9a596daf59a01894d95ec3f4fd69c3e,3,3,0,3,5,5,baseline,baseline,"[""staged-100"",""staged-1000"",""staged-10"",""staged-10000"",""staged-0"",""baseline""]",parser_inclusive_subprocess_wall_clock,1,timeout,2.013042309,124,-9,1,timeout,exceeded 2 seconds,,,"[""/net/scratch/hscra/plgrid/plgnasqret/codex-control/projects/euf-viper/runs/20260727T073625Z-staged-qg7-e9fef17/target/release/euf-viper"",""fabric-solve"",""--engine"",""quotient-portfolio"",""/net/scratch/hscra/plgrid/plgnasqret/codex-control/projects/euf-viper/corpora/9b39c70a794d52277a4e5d83731f0ebc50a2f3b804eb1dfc8cf32766a5ebeadc/smtlib-2025/QF_UF/QF_UF/QG-classification/qg7/iso_icl_nogen_sk005.smt2""]"
168,4,7320,QF_UF/QG-classification/qg7/iso_icl_nogen_sk005.smt2,d0c7fd4c118d0f4eafec0851bdf82e52508c08ea6c12a962f1e48045aacdd5c8,6012398,unsat,1,williams_first_order_carryover,a5b163da70f7a4b586276cec20529dcaf9a596daf59a01894d95ec3f4fd69c3e,4,4,0,4,0,0,staged-1000,staged-1000,"[""staged-1000"",""staged-10000"",""staged-100"",""baseline"",""staged-10"",""staged-0""]",parser_inclusive_subprocess_wall_clock,1,timeout,2.010119080,124,-9,1,timeout,exceeded 2 seconds,,,"[""/net/scratch/hscra/plgrid/plgnasqret/codex-control/projects/euf-viper/runs/20260727T073625Z-staged-qg7-e9fef17/target/release/euf-viper"",""fabric-solve"",""--engine"",""quotient-portfolio"",""/net/scratch/hscra/plgrid/plgnasqret/codex-control/projects/euf-viper/corpora/9b39c70a794d52277a4e5d83731f0ebc50a2f3b804eb1dfc8cf32766a5ebeadc/smtlib-2025/QF_UF/QF_UF/QG-classification/qg7/iso_icl_nogen_sk005.smt2""]"
169,4,7320,QF_UF/QG-classification/qg7/iso_icl_nogen_sk005.smt2,d0c7fd4c118d0f4eafec0851bdf82e52508c08ea6c12a962f1e48045aacdd5c8,6012398,unsat,1,williams_first_order_carryover,a5b163da70f7a4b586276cec20529dcaf9a596daf59a01894d95ec3f4fd69c3e,4,4,0,4,1,1,staged-10000,staged-10000,"[""staged-1000"",""staged-10000"",""staged-100"",""baseline"",""staged-10"",""staged-0""]",parser_inclusive_subprocess_wall_clock,1,timeout,2.012736054,124,-9,1,timeout,exceeded 2 seconds,,,"[""/net/scratch/hscra/plgrid/plgnasqret/codex-control/projects/euf-viper/runs/20260727T073625Z-staged-qg7-e9fef17/target/release/euf-viper"",""fabric-solve"",""--engine"",""quotient-portfolio"",""/net/scratch/hscra/plgrid/plgnasqret/codex-control/projects/euf-viper/corpora/9b39c70a794d52277a4e5d83731f0ebc50a2f3b804eb1dfc8cf32766a5ebeadc/smtlib-2025/QF_UF/QF_UF/QG-classification/qg7/iso_icl_nogen_sk005.smt2""]"
170,4,7320,QF_UF/QG-classification/qg7/iso_icl_nogen_sk005.smt2,d0c7fd4c118d0f4eafec0851bdf82e52508c08ea6c12a962f1e48045aacdd5c8,6012398,unsat,1,williams_first_order_carryover,a5b163da70f7a4b586276cec20529dcaf9a596daf59a01894d95ec3f4fd69c3e,4,4,0,4,2,2,staged-100,staged-100,"[""staged-1000"",""staged-10000"",""staged-100"",""baseline"",""staged-10"",""staged-0""]",parser_inclusive_subprocess_wall_clock,1,timeout,2.021958310,124,-9,1,timeout,exceeded 2 seconds,,,"[""/net/scratch/hscra/plgrid/plgnasqret/codex-control/projects/euf-viper/runs/20260727T073625Z-staged-qg7-e9fef17/target/release/euf-viper"",""fabric-solve"",""--engine"",""quotient-portfolio"",""/net/scratch/hscra/plgrid/plgnasqret/codex-control/projects/euf-viper/corpora/9b39c70a794d52277a4e5d83731f0ebc50a2f3b804eb1dfc8cf32766a5ebeadc/smtlib-2025/QF_UF/QF_UF/QG-classification/qg7/iso_icl_nogen_sk005.smt2""]"
171,4,7320,QF_UF/QG-classification/qg7/iso_icl_nogen_sk005.smt2,d0c7fd4c118d0f4eafec0851bdf82e52508c08ea6c12a962f1e48045aacdd5c8,6012398,unsat,1,williams_first_order_carryover,a5b163da70f7a4b586276cec20529dcaf9a596daf59a01894d95ec3f4fd69c3e,4,4,0,4,3,3,baseline,baseline,"[""staged-1000"",""staged-10000"",""staged-100"",""baseline"",""staged-10"",""staged-0""]",parser_inclusive_subprocess_wall_clock,1,timeout,2.010146363,124,-9,1,timeout,exceeded 2 seconds,,,"[""/net/scratch/hscra/plgrid/plgnasqret/codex-control/projects/euf-viper/runs/20260727T073625Z-staged-qg7-e9fef17/target/release/euf-viper"",""fabric-solve"",""--engine"",""quotient-portfolio"",""/net/scratch/hscra/plgrid/plgnasqret/codex-control/projects/euf-viper/corpora/9b39c70a794d52277a4e5d83731f0ebc50a2f3b804eb1dfc8cf32766a5ebeadc/smtlib-2025/QF_UF/QF_UF/QG-classification/qg7/iso_icl_nogen_sk005.smt2""]"
172,4,7320,QF_UF/QG-classification/qg7/iso_icl_nogen_sk005.smt2,d0c7fd4c118d0f4eafec0851bdf82e52508c08ea6c12a962f1e48045aacdd5c8,6012398,unsat,1,williams_first_order_carryover,a5b163da70f7a4b586276cec20529dcaf9a596daf59a01894d95ec3f4fd69c3e,4,4,0,4,4,4,staged-10,staged-10,"[""staged-1000"",""staged-10000"",""staged-100"",""baseline"",""staged-10"",""staged-0""]",parser_inclusive_subprocess_wall_clock,1,timeout,2.020615514,124,-9,1,timeout,exceeded 2 seconds,,,"[""/net/scratch/hscra/plgrid/plgnasqret/codex-control/projects/euf-viper/runs/20260727T073625Z-staged-qg7-e9fef17/target/release/euf-viper"",""fabric-solve"",""--engine"",""quotient-portfolio"",""/net/scratch/hscra/plgrid/plgnasqret/codex-control/projects/euf-viper/corpora/9b39c70a794d52277a4e5d83731f0ebc50a2f3b804eb1dfc8cf32766a5ebeadc/smtlib-2025/QF_UF/QF_UF/QG-classification/qg7/iso_icl_nogen_sk005.smt2""]"
173,4,7320,QF_UF/QG-classification/qg7/iso_icl_nogen_sk005.smt2,d0c7fd4c118d0f4eafec0851bdf82e52508c08ea6c12a962f1e48045aacdd5c8,6012398,unsat,1,williams_first_order_carryover,a5b163da70f7a4b586276cec20529dcaf9a596daf59a01894d95ec3f4fd69c3e,4,4,0,4,5,5,staged-0,staged-0,"[""staged-1000"",""staged-10000"",""staged-100"",""baseline"",""staged-10"",""staged-0""]",parser_inclusive_subprocess_wall_clock,1,timeout,2.026637210,124,-9,1,timeout,exceeded 2 seconds,,,"[""/net/scratch/hscra/plgrid/plgnasqret/codex-control/projects/euf-viper/runs/20260727T073625Z-staged-qg7-e9fef17/target/release/euf-viper"",""fabric-solve"",""--engine"",""quotient-portfolio"",""/net/scratch/hscra/plgrid/plgnasqret/codex-control/projects/euf-viper/corpora/9b39c70a794d52277a4e5d83731f0ebc50a2f3b804eb1dfc8cf32766a5ebeadc/smtlib-2025/QF_UF/QF_UF/QG-classification/qg7/iso_icl_nogen_sk005.smt2""]"
174,4,7320,QF_UF/QG-classification/qg7/iso_icl_nogen_sk005.smt2,d0c7fd4c118d0f4eafec0851bdf82e52508c08ea6c12a962f1e48045aacdd5c8,6012398,unsat,1,williams_first_order_carryover,a5b163da70f7a4b586276cec20529dcaf9a596daf59a01894d95ec3f4fd69c3e,5,5,0,5,0,0,staged-10000,staged-10000,"[""staged-10000"",""baseline"",""staged-1000"",""staged-0"",""staged-100"",""staged-10""]",parser_inclusive_subprocess_wall_clock,1,timeout,2.011831712,124,-9,1,timeout,exceeded 2 seconds,,,"[""/net/scratch/hscra/plgrid/plgnasqret/codex-control/projects/euf-viper/runs/20260727T073625Z-staged-qg7-e9fef17/target/release/euf-viper"",""fabric-solve"",""--engine"",""quotient-portfolio"",""/net/scratch/hscra/plgrid/plgnasqret/codex-control/projects/euf-viper/corpora/9b39c70a794d52277a4e5d83731f0ebc50a2f3b804eb1dfc8cf32766a5ebeadc/smtlib-2025/QF_UF/QF_UF/QG-classification/qg7/iso_icl_nogen_sk005.smt2""]"
175,4,7320,QF_UF/QG-classification/qg7/iso_icl_nogen_sk005.smt2,d0c7fd4c118d0f4eafec0851bdf82e52508c08ea6c12a962f1e48045aacdd5c8,6012398,unsat,1,williams_first_order_carryover,a5b163da70f7a4b586276cec20529dcaf9a596daf59a01894d95ec3f4fd69c3e,5,5,0,5,1,1,baseline,baseline,"[""staged-10000"",""baseline"",""staged-1000"",""staged-0"",""staged-100"",""staged-10""]",parser_inclusive_subprocess_wall_clock,1,timeout,2.011095406,124,-9,1,timeout,exceeded 2 seconds,,,"[""/net/scratch/hscra/plgrid/plgnasqret/codex-control/projects/euf-viper/runs/20260727T073625Z-staged-qg7-e9fef17/target/release/euf-viper"",""fabric-solve"",""--engine"",""quotient-portfolio"",""/net/scratch/hscra/plgrid/plgnasqret/codex-control/projects/euf-viper/corpora/9b39c70a794d52277a4e5d83731f0ebc50a2f3b804eb1dfc8cf32766a5ebeadc/smtlib-2025/QF_UF/QF_UF/QG-classification/qg7/iso_icl_nogen_sk005.smt2""]"
176,4,7320,QF_UF/QG-classification/qg7/iso_icl_nogen_sk005.smt2,d0c7fd4c118d0f4eafec0851bdf82e52508c08ea6c12a962f1e48045aacdd5c8,6012398,unsat,1,williams_first_order_carryover,a5b163da70f7a4b586276cec20529dcaf9a596daf59a01894d95ec3f4fd69c3e,5,5,0,5,2,2,staged-1000,staged-1000,"[""staged-10000"",""baseline"",""staged-1000"",""staged-0"",""staged-100"",""staged-10""]",parser_inclusive_subprocess_wall_clock,1,timeout,2.011180812,124,-9,1,timeout,exceeded 2 seconds,,,"[""/net/scratch/hscra/plgrid/plgnasqret/codex-control/projects/euf-viper/runs/20260727T073625Z-staged-qg7-e9fef17/target/release/euf-viper"",""fabric-solve"",""--engine"",""quotient-portfolio"",""/net/scratch/hscra/plgrid/plgnasqret/codex-control/projects/euf-viper/corpora/9b39c70a794d52277a4e5d83731f0ebc50a2f3b804eb1dfc8cf32766a5ebeadc/smtlib-2025/QF_UF/QF_UF/QG-classification/qg7/iso_icl_nogen_sk005.smt2""]"
177,4,7320,QF_UF/QG-classification/qg7/iso_icl_nogen_sk005.smt2,d0c7fd4c118d0f4eafec0851bdf82e52508c08ea6c12a962f1e48045aacdd5c8,6012398,unsat,1,williams_first_order_carryover,a5b163da70f7a4b586276cec20529dcaf9a596daf59a01894d95ec3f4fd69c3e,5,5,0,5,3,3,staged-0,staged-0,"[""staged-10000"",""baseline"",""staged-1000"",""staged-0"",""staged-100"",""staged-10""]",parser_inclusive_subprocess_wall_clock,1,timeout,2.023696603,124,-9,1,timeout,exceeded 2 seconds,,,"[""/net/scratch/hscra/plgrid/plgnasqret/codex-control/projects/euf-viper/runs/20260727T073625Z-staged-qg7-e9fef17/target/release/euf-viper"",""fabric-solve"",""--engine"",""quotient-portfolio"",""/net/scratch/hscra/plgrid/plgnasqret/codex-control/projects/euf-viper/corpora/9b39c70a794d52277a4e5d83731f0ebc50a2f3b804eb1dfc8cf32766a5ebeadc/smtlib-2025/QF_UF/QF_UF/QG-classification/qg7/iso_icl_nogen_sk005.smt2""]"
178,4,7320,QF_UF/QG-classification/qg7/iso_icl_nogen_sk005.smt2,d0c7fd4c118d0f4eafec0851bdf82e52508c08ea6c12a962f1e48045aacdd5c8,6012398,unsat,1,williams_first_order_carryover,a5b163da70f7a4b586276cec20529dcaf9a596daf59a01894d95ec3f4fd69c3e,5,5,0,5,4,4,staged-100,staged-100,"[""staged-10000"",""baseline"",""staged-1000"",""staged-0"",""staged-100"",""staged-10""]",parser_inclusive_subprocess_wall_clock,1,timeout,2.022906582,124,-9,1,timeout,exceeded 2 seconds,,,"[""/net/scratch/hscra/plgrid/plgnasqret/codex-control/projects/euf-viper/runs/20260727T073625Z-staged-qg7-e9fef17/target/release/euf-viper"",""fabric-solve"",""--engine"",""quotient-portfolio"",""/net/scratch/hscra/plgrid/plgnasqret/codex-control/projects/euf-viper/corpora/9b39c70a794d52277a4e5d83731f0ebc50a2f3b804eb1dfc8cf32766a5ebeadc/smtlib-2025/QF_UF/QF_UF/QG-classification/qg7/iso_icl_nogen_sk005.smt2""]"
179,4,7320,QF_UF/QG-classification/qg7/iso_icl_nogen_sk005.smt2,d0c7fd4c118d0f4eafec0851bdf82e52508c08ea6c12a962f1e48045aacdd5c8,6012398,unsat,1,williams_first_order_carryover,a5b163da70f7a4b586276cec20529dcaf9a596daf59a01894d95ec3f4fd69c3e,5,5,0,5,5,5,staged-10,staged-10,"[""staged-10000"",""baseline"",""staged-1000"",""staged-0"",""staged-100"",""staged-10""]",parser_inclusive_subprocess_wall_clock,1,timeout,2.026388316,124,-9,1,timeout,exceeded 2 seconds,,,"[""/net/scratch/hscra/plgrid/plgnasqret/codex-control/projects/euf-viper/runs/20260727T073625Z-staged-qg7-e9fef17/target/release/euf-viper"",""fabric-solve"",""--engine"",""quotient-portfolio"",""/net/scratch/hscra/plgrid/plgnasqret/codex-control/projects/euf-viper/corpora/9b39c70a794d52277a4e5d83731f0ebc50a2f3b804eb1dfc8cf32766a5ebeadc/smtlib-2025/QF_UF/QF_UF/QG-classification/qg7/iso_icl_nogen_sk005.smt2""]"
180,5,7329,QF_UF/QG-classification/qg7/iso_icl_repgen007.smt2,a5bd26b22963a90f3ec64008e4e86bd42dd31a387828b975eabae466d3651b72,60854,unsat,1,williams_first_order_carryover,a5b163da70f7a4b586276cec20529dcaf9a596daf59a01894d95ec3f4fd69c3e,0,0,0,0,0,0,baseline,baseline,"[""baseline"",""staged-0"",""staged-10000"",""staged-10"",""staged-1000"",""staged-100""]",parser_inclusive_subprocess_wall_clock,1,timeout,2.007082851,124,-9,1,timeout,exceeded 2 seconds,,,"[""/net/scratch/hscra/plgrid/plgnasqret/codex-control/projects/euf-viper/runs/20260727T073625Z-staged-qg7-e9fef17/target/release/euf-viper"",""fabric-solve"",""--engine"",""quotient-portfolio"",""/net/scratch/hscra/plgrid/plgnasqret/codex-control/projects/euf-viper/corpora/9b39c70a794d52277a4e5d83731f0ebc50a2f3b804eb1dfc8cf32766a5ebeadc/smtlib-2025/QF_UF/QF_UF/QG-classification/qg7/iso_icl_repgen007.smt2""]"
181,5,7329,QF_UF/QG-classification/qg7/iso_icl_repgen007.smt2,a5bd26b22963a90f3ec64008e4e86bd42dd31a387828b975eabae466d3651b72,60854,unsat,1,williams_first_order_carryover,a5b163da70f7a4b586276cec20529dcaf9a596daf59a01894d95ec3f4fd69c3e,0,0,0,0,1,1,staged-0,staged-0,"[""baseline"",""staged-0"",""staged-10000"",""staged-10"",""staged-1000"",""staged-100""]",parser_inclusive_subprocess_wall_clock,1,timeout,2.008036442,124,-9,1,timeout,exceeded 2 seconds,,,"[""/net/scratch/hscra/plgrid/plgnasqret/codex-control/projects/euf-viper/runs/20260727T073625Z-staged-qg7-e9fef17/target/release/euf-viper"",""fabric-solve"",""--engine"",""quotient-portfolio"",""/net/scratch/hscra/plgrid/plgnasqret/codex-control/projects/euf-viper/corpora/9b39c70a794d52277a4e5d83731f0ebc50a2f3b804eb1dfc8cf32766a5ebeadc/smtlib-2025/QF_UF/QF_UF/QG-classification/qg7/iso_icl_repgen007.smt2""]"
182,5,7329,QF_UF/QG-classification/qg7/iso_icl_repgen007.smt2,a5bd26b22963a90f3ec64008e4e86bd42dd31a387828b975eabae466d3651b72,60854,unsat,1,williams_first_order_carryover,a5b163da70f7a4b586276cec20529dcaf9a596daf59a01894d95ec3f4fd69c3e,0,0,0,0,2,2,staged-10000,staged-10000,"[""baseline"",""staged-0"",""staged-10000"",""staged-10"",""staged-1000"",""staged-100""]",parser_inclusive_subprocess_wall_clock,1,timeout,2.008107123,124,-9,1,timeout,exceeded 2 seconds,,,"[""/net/scratch/hscra/plgrid/plgnasqret/codex-control/projects/euf-viper/runs/20260727T073625Z-staged-qg7-e9fef17/target/release/euf-viper"",""fabric-solve"",""--engine"",""quotient-portfolio"",""/net/scratch/hscra/plgrid/plgnasqret/codex-control/projects/euf-viper/corpora/9b39c70a794d52277a4e5d83731f0ebc50a2f3b804eb1dfc8cf32766a5ebeadc/smtlib-2025/QF_UF/QF_UF/QG-classification/qg7/iso_icl_repgen007.smt2""]"
183,5,7329,QF_UF/QG-classification/qg7/iso_icl_repgen007.smt2,a5bd26b22963a90f3ec64008e4e86bd42dd31a387828b975eabae466d3651b72,60854,unsat,1,williams_first_order_carryover,a5b163da70f7a4b586276cec20529dcaf9a596daf59a01894d95ec3f4fd69c3e,0,0,0,0,3,3,staged-10,staged-10,"[""baseline"",""staged-0"",""staged-10000"",""staged-10"",""staged-1000"",""staged-100""]",parser_inclusive_subprocess_wall_clock,1,timeout,2.008979205,124,-9,1,timeout,exceeded 2 seconds,,,"[""/net/scratch/hscra/plgrid/plgnasqret/codex-control/projects/euf-viper/runs/20260727T073625Z-staged-qg7-e9fef17/target/release/euf-viper"",""fabric-solve"",""--engine"",""quotient-portfolio"",""/net/scratch/hscra/plgrid/plgnasqret/codex-control/projects/euf-viper/corpora/9b39c70a794d52277a4e5d83731f0ebc50a2f3b804eb1dfc8cf32766a5ebeadc/smtlib-2025/QF_UF/QF_UF/QG-classification/qg7/iso_icl_repgen007.smt2""]"
184,5,7329,QF_UF/QG-classification/qg7/iso_icl_repgen007.smt2,a5bd26b22963a90f3ec64008e4e86bd42dd31a387828b975eabae466d3651b72,60854,unsat,1,williams_first_order_carryover,a5b163da70f7a4b586276cec20529dcaf9a596daf59a01894d95ec3f4fd69c3e,0,0,0,0,4,4,staged-1000,staged-1000,"[""baseline"",""staged-0"",""staged-10000"",""staged-10"",""staged-1000"",""staged-100""]",parser_inclusive_subprocess_wall_clock,1,timeout,2.007850777,124,-9,1,timeout,exceeded 2 seconds,,,"[""/net/scratch/hscra/plgrid/plgnasqret/codex-control/projects/euf-viper/runs/20260727T073625Z-staged-qg7-e9fef17/target/release/euf-viper"",""fabric-solve"",""--engine"",""quotient-portfolio"",""/net/scratch/hscra/plgrid/plgnasqret/codex-control/projects/euf-viper/corpora/9b39c70a794d52277a4e5d83731f0ebc50a2f3b804eb1dfc8cf32766a5ebeadc/smtlib-2025/QF_UF/QF_UF/QG-classification/qg7/iso_icl_repgen007.smt2""]"
185,5,7329,QF_UF/QG-classification/qg7/iso_icl_repgen007.smt2,a5bd26b22963a90f3ec64008e4e86bd42dd31a387828b975eabae466d3651b72,60854,unsat,1,williams_first_order_carryover,a5b163da70f7a4b586276cec20529dcaf9a596daf59a01894d95ec3f4fd69c3e,0,0,0,0,5,5,staged-100,staged-100,"[""baseline"",""staged-0"",""staged-10000"",""staged-10"",""staged-1000"",""staged-100""]",parser_inclusive_subprocess_wall_clock,1,timeout,2.012530279,124,-9,1,timeout,exceeded 2 seconds,,,"[""/net/scratch/hscra/plgrid/plgnasqret/codex-control/projects/euf-viper/runs/20260727T073625Z-staged-qg7-e9fef17/target/release/euf-viper"",""fabric-solve"",""--engine"",""quotient-portfolio"",""/net/scratch/hscra/plgrid/plgnasqret/codex-control/projects/euf-viper/corpora/9b39c70a794d52277a4e5d83731f0ebc50a2f3b804eb1dfc8cf32766a5ebeadc/smtlib-2025/QF_UF/QF_UF/QG-classification/qg7/iso_icl_repgen007.smt2""]"
186,5,7329,QF_UF/QG-classification/qg7/iso_icl_repgen007.smt2,a5bd26b22963a90f3ec64008e4e86bd42dd31a387828b975eabae466d3651b72,60854,unsat,1,williams_first_order_carryover,a5b163da70f7a4b586276cec20529dcaf9a596daf59a01894d95ec3f4fd69c3e,1,1,0,1,0,0,staged-0,staged-0,"[""staged-0"",""staged-10"",""baseline"",""staged-100"",""staged-10000"",""staged-1000""]",parser_inclusive_subprocess_wall_clock,1,timeout,2.017156225,124,-9,1,timeout,exceeded 2 seconds,,,"[""/net/scratch/hscra/plgrid/plgnasqret/codex-control/projects/euf-viper/runs/20260727T073625Z-staged-qg7-e9fef17/target/release/euf-viper"",""fabric-solve"",""--engine"",""quotient-portfolio"",""/net/scratch/hscra/plgrid/plgnasqret/codex-control/projects/euf-viper/corpora/9b39c70a794d52277a4e5d83731f0ebc50a2f3b804eb1dfc8cf32766a5ebeadc/smtlib-2025/QF_UF/QF_UF/QG-classification/qg7/iso_icl_repgen007.smt2""]"
187,5,7329,QF_UF/QG-classification/qg7/iso_icl_repgen007.smt2,a5bd26b22963a90f3ec64008e4e86bd42dd31a387828b975eabae466d3651b72,60854,unsat,1,williams_first_order_carryover,a5b163da70f7a4b586276cec20529dcaf9a596daf59a01894d95ec3f4fd69c3e,1,1,0,1,1,1,staged-10,staged-10,"[""staged-0"",""staged-10"",""baseline"",""staged-100"",""staged-10000"",""staged-1000""]",parser_inclusive_subprocess_wall_clock,1,timeout,2.013832921,124,-9,1,timeout,exceeded 2 seconds,,,"[""/net/scratch/hscra/plgrid/plgnasqret/codex-control/projects/euf-viper/runs/20260727T073625Z-staged-qg7-e9fef17/target/release/euf-viper"",""fabric-solve"",""--engine"",""quotient-portfolio"",""/net/scratch/hscra/plgrid/plgnasqret/codex-control/projects/euf-viper/corpora/9b39c70a794d52277a4e5d83731f0ebc50a2f3b804eb1dfc8cf32766a5ebeadc/smtlib-2025/QF_UF/QF_UF/QG-classification/qg7/iso_icl_repgen007.smt2""]"
188,5,7329,QF_UF/QG-classification/qg7/iso_icl_repgen007.smt2,a5bd26b22963a90f3ec64008e4e86bd42dd31a387828b975eabae466d3651b72,60854,unsat,1,williams_first_order_carryover,a5b163da70f7a4b586276cec20529dcaf9a596daf59a01894d95ec3f4fd69c3e,1,1,0,1,2,2,baseline,baseline,"[""staged-0"",""staged-10"",""baseline"",""staged-100"",""staged-10000"",""staged-1000""]",parser_inclusive_subprocess_wall_clock,1,timeout,2.014016692,124,-9,1,timeout,exceeded 2 seconds,,,"[""/net/scratch/hscra/plgrid/plgnasqret/codex-control/projects/euf-viper/runs/20260727T073625Z-staged-qg7-e9fef17/target/release/euf-viper"",""fabric-solve"",""--engine"",""quotient-portfolio"",""/net/scratch/hscra/plgrid/plgnasqret/codex-control/projects/euf-viper/corpora/9b39c70a794d52277a4e5d83731f0ebc50a2f3b804eb1dfc8cf32766a5ebeadc/smtlib-2025/QF_UF/QF_UF/QG-classification/qg7/iso_icl_repgen007.smt2""]"
189,5,7329,QF_UF/QG-classification/qg7/iso_icl_repgen007.smt2,a5bd26b22963a90f3ec64008e4e86bd42dd31a387828b975eabae466d3651b72,60854,unsat,1,williams_first_order_carryover,a5b163da70f7a4b586276cec20529dcaf9a596daf59a01894d95ec3f4fd69c3e,1,1,0,1,3,3,staged-100,staged-100,"[""staged-0"",""staged-10"",""baseline"",""staged-100"",""staged-10000"",""staged-1000""]",parser_inclusive_subprocess_wall_clock,1,timeout,2.018065034,124,-9,1,timeout,exceeded 2 seconds,,,"[""/net/scratch/hscra/plgrid/plgnasqret/codex-control/projects/euf-viper/runs/20260727T073625Z-staged-qg7-e9fef17/target/release/euf-viper"",""fabric-solve"",""--engine"",""quotient-portfolio"",""/net/scratch/hscra/plgrid/plgnasqret/codex-control/projects/euf-viper/corpora/9b39c70a794d52277a4e5d83731f0ebc50a2f3b804eb1dfc8cf32766a5ebeadc/smtlib-2025/QF_UF/QF_UF/QG-classification/qg7/iso_icl_repgen007.smt2""]"
190,5,7329,QF_UF/QG-classification/qg7/iso_icl_repgen007.smt2,a5bd26b22963a90f3ec64008e4e86bd42dd31a387828b975eabae466d3651b72,60854,unsat,1,williams_first_order_carryover,a5b163da70f7a4b586276cec20529dcaf9a596daf59a01894d95ec3f4fd69c3e,1,1,0,1,4,4,staged-10000,staged-10000,"[""staged-0"",""staged-10"",""baseline"",""staged-100"",""staged-10000"",""staged-1000""]",parser_inclusive_subprocess_wall_clock,1,timeout,2.013538946,124,-9,1,timeout,exceeded 2 seconds,,,"[""/net/scratch/hscra/plgrid/plgnasqret/codex-control/projects/euf-viper/runs/20260727T073625Z-staged-qg7-e9fef17/target/release/euf-viper"",""fabric-solve"",""--engine"",""quotient-portfolio"",""/net/scratch/hscra/plgrid/plgnasqret/codex-control/projects/euf-viper/corpora/9b39c70a794d52277a4e5d83731f0ebc50a2f3b804eb1dfc8cf32766a5ebeadc/smtlib-2025/QF_UF/QF_UF/QG-classification/qg7/iso_icl_repgen007.smt2""]"
191,5,7329,QF_UF/QG-classification/qg7/iso_icl_repgen007.smt2,a5bd26b22963a90f3ec64008e4e86bd42dd31a387828b975eabae466d3651b72,60854,unsat,1,williams_first_order_carryover,a5b163da70f7a4b586276cec20529dcaf9a596daf59a01894d95ec3f4fd69c3e,1,1,0,1,5,5,staged-1000,staged-1000,"[""staged-0"",""staged-10"",""baseline"",""staged-100"",""staged-10000"",""staged-1000""]",parser_inclusive_subprocess_wall_clock,1,timeout,2.014786351,124,-9,1,timeout,exceeded 2 seconds,,,"[""/net/scratch/hscra/plgrid/plgnasqret/codex-control/projects/euf-viper/runs/20260727T073625Z-staged-qg7-e9fef17/target/release/euf-viper"",""fabric-solve"",""--engine"",""quotient-portfolio"",""/net/scratch/hscra/plgrid/plgnasqret/codex-control/projects/euf-viper/corpora/9b39c70a794d52277a4e5d83731f0ebc50a2f3b804eb1dfc8cf32766a5ebeadc/smtlib-2025/QF_UF/QF_UF/QG-classification/qg7/iso_icl_repgen007.smt2""]"
192,5,7329,QF_UF/QG-classification/qg7/iso_icl_repgen007.smt2,a5bd26b22963a90f3ec64008e4e86bd42dd31a387828b975eabae466d3651b72,60854,unsat,1,williams_first_order_carryover,a5b163da70f7a4b586276cec20529dcaf9a596daf59a01894d95ec3f4fd69c3e,2,2,0,2,0,0,staged-10,staged-10,"[""staged-10"",""staged-100"",""staged-0"",""staged-1000"",""baseline"",""staged-10000""]",parser_inclusive_subprocess_wall_clock,1,timeout,2.009273711,124,-9,1,timeout,exceeded 2 seconds,,,"[""/net/scratch/hscra/plgrid/plgnasqret/codex-control/projects/euf-viper/runs/20260727T073625Z-staged-qg7-e9fef17/target/release/euf-viper"",""fabric-solve"",""--engine"",""quotient-portfolio"",""/net/scratch/hscra/plgrid/plgnasqret/codex-control/projects/euf-viper/corpora/9b39c70a794d52277a4e5d83731f0ebc50a2f3b804eb1dfc8cf32766a5ebeadc/smtlib-2025/QF_UF/QF_UF/QG-classification/qg7/iso_icl_repgen007.smt2""]"
193,5,7329,QF_UF/QG-classification/qg7/iso_icl_repgen007.smt2,a5bd26b22963a90f3ec64008e4e86bd42dd31a387828b975eabae466d3651b72,60854,unsat,1,williams_first_order_carryover,a5b163da70f7a4b586276cec20529dcaf9a596daf59a01894d95ec3f4fd69c3e,2,2,0,2,1,1,staged-100,staged-100,"[""staged-10"",""staged-100"",""staged-0"",""staged-1000"",""baseline"",""staged-10000""]",parser_inclusive_subprocess_wall_clock,1,timeout,2.007439495,124,-9,1,timeout,exceeded 2 seconds,,,"[""/net/scratch/hscra/plgrid/plgnasqret/codex-control/projects/euf-viper/runs/20260727T073625Z-staged-qg7-e9fef17/target/release/euf-viper"",""fabric-solve"",""--engine"",""quotient-portfolio"",""/net/scratch/hscra/plgrid/plgnasqret/codex-control/projects/euf-viper/corpora/9b39c70a794d52277a4e5d83731f0ebc50a2f3b804eb1dfc8cf32766a5ebeadc/smtlib-2025/QF_UF/QF_UF/QG-classification/qg7/iso_icl_repgen007.smt2""]"
194,5,7329,QF_UF/QG-classification/qg7/iso_icl_repgen007.smt2,a5bd26b22963a90f3ec64008e4e86bd42dd31a387828b975eabae466d3651b72,60854,unsat,1,williams_first_order_carryover,a5b163da70f7a4b586276cec20529dcaf9a596daf59a01894d95ec3f4fd69c3e,2,2,0,2,2,2,staged-0,staged-0,"[""staged-10"",""staged-100"",""staged-0"",""staged-1000"",""baseline"",""staged-10000""]",parser_inclusive_subprocess_wall_clock,1,timeout,2.007313266,124,-9,1,timeout,exceeded 2 seconds,,,"[""/net/scratch/hscra/plgrid/plgnasqret/codex-control/projects/euf-viper/runs/20260727T073625Z-staged-qg7-e9fef17/target/release/euf-viper"",""fabric-solve"",""--engine"",""quotient-portfolio"",""/net/scratch/hscra/plgrid/plgnasqret/codex-control/projects/euf-viper/corpora/9b39c70a794d52277a4e5d83731f0ebc50a2f3b804eb1dfc8cf32766a5ebeadc/smtlib-2025/QF_UF/QF_UF/QG-classification/qg7/iso_icl_repgen007.smt2""]"
195,5,7329,QF_UF/QG-classification/qg7/iso_icl_repgen007.smt2,a5bd26b22963a90f3ec64008e4e86bd42dd31a387828b975eabae466d3651b72,60854,unsat,1,williams_first_order_carryover,a5b163da70f7a4b586276cec20529dcaf9a596daf59a01894d95ec3f4fd69c3e,2,2,0,2,3,3,staged-1000,staged-1000,"[""staged-10"",""staged-100"",""staged-0"",""staged-1000"",""baseline"",""staged-10000""]",parser_inclusive_subprocess_wall_clock,1,timeout,2.008875259,124,-9,1,timeout,exceeded 2 seconds,,,"[""/net/scratch/hscra/plgrid/plgnasqret/codex-control/projects/euf-viper/runs/20260727T073625Z-staged-qg7-e9fef17/target/release/euf-viper"",""fabric-solve"",""--engine"",""quotient-portfolio"",""/net/scratch/hscra/plgrid/plgnasqret/codex-control/projects/euf-viper/corpora/9b39c70a794d52277a4e5d83731f0ebc50a2f3b804eb1dfc8cf32766a5ebeadc/smtlib-2025/QF_UF/QF_UF/QG-classification/qg7/iso_icl_repgen007.smt2""]"
196,5,7329,QF_UF/QG-classification/qg7/iso_icl_repgen007.smt2,a5bd26b22963a90f3ec64008e4e86bd42dd31a387828b975eabae466d3651b72,60854,unsat,1,williams_first_order_carryover,a5b163da70f7a4b586276cec20529dcaf9a596daf59a01894d95ec3f4fd69c3e,2,2,0,2,4,4,baseline,baseline,"[""staged-10"",""staged-100"",""staged-0"",""staged-1000"",""baseline"",""staged-10000""]",parser_inclusive_subprocess_wall_clock,1,timeout,2.008482186,124,-9,1,timeout,exceeded 2 seconds,,,"[""/net/scratch/hscra/plgrid/plgnasqret/codex-control/projects/euf-viper/runs/20260727T073625Z-staged-qg7-e9fef17/target/release/euf-viper"",""fabric-solve"",""--engine"",""quotient-portfolio"",""/net/scratch/hscra/plgrid/plgnasqret/codex-control/projects/euf-viper/corpora/9b39c70a794d52277a4e5d83731f0ebc50a2f3b804eb1dfc8cf32766a5ebeadc/smtlib-2025/QF_UF/QF_UF/QG-classification/qg7/iso_icl_repgen007.smt2""]"
197,5,7329,QF_UF/QG-classification/qg7/iso_icl_repgen007.smt2,a5bd26b22963a90f3ec64008e4e86bd42dd31a387828b975eabae466d3651b72,60854,unsat,1,williams_first_order_carryover,a5b163da70f7a4b586276cec20529dcaf9a596daf59a01894d95ec3f4fd69c3e,2,2,0,2,5,5,staged-10000,staged-10000,"[""staged-10"",""staged-100"",""staged-0"",""staged-1000"",""baseline"",""staged-10000""]",parser_inclusive_subprocess_wall_clock,1,timeout,2.013157762,124,-9,1,timeout,exceeded 2 seconds,,,"[""/net/scratch/hscra/plgrid/plgnasqret/codex-control/projects/euf-viper/runs/20260727T073625Z-staged-qg7-e9fef17/target/release/euf-viper"",""fabric-solve"",""--engine"",""quotient-portfolio"",""/net/scratch/hscra/plgrid/plgnasqret/codex-control/projects/euf-viper/corpora/9b39c70a794d52277a4e5d83731f0ebc50a2f3b804eb1dfc8cf32766a5ebeadc/smtlib-2025/QF_UF/QF_UF/QG-classification/qg7/iso_icl_repgen007.smt2""]"
198,5,7329,QF_UF/QG-classification/qg7/iso_icl_repgen007.smt2,a5bd26b22963a90f3ec64008e4e86bd42dd31a387828b975eabae466d3651b72,60854,unsat,1,williams_first_order_carryover,a5b163da70f7a4b586276cec20529dcaf9a596daf59a01894d95ec3f4fd69c3e,3,3,0,3,0,0,staged-100,staged-100,"[""staged-100"",""staged-1000"",""staged-10"",""staged-10000"",""staged-0"",""baseline""]",parser_inclusive_subprocess_wall_clock,1,timeout,2.013631142,124,-9,1,timeout,exceeded 2 seconds,,,"[""/net/scratch/hscra/plgrid/plgnasqret/codex-control/projects/euf-viper/runs/20260727T073625Z-staged-qg7-e9fef17/target/release/euf-viper"",""fabric-solve"",""--engine"",""quotient-portfolio"",""/net/scratch/hscra/plgrid/plgnasqret/codex-control/projects/euf-viper/corpora/9b39c70a794d52277a4e5d83731f0ebc50a2f3b804eb1dfc8cf32766a5ebeadc/smtlib-2025/QF_UF/QF_UF/QG-classification/qg7/iso_icl_repgen007.smt2""]"
199,5,7329,QF_UF/QG-classification/qg7/iso_icl_repgen007.smt2,a5bd26b22963a90f3ec64008e4e86bd42dd31a387828b975eabae466d3651b72,60854,unsat,1,williams_first_order_carryover,a5b163da70f7a4b586276cec20529dcaf9a596daf59a01894d95ec3f4fd69c3e,3,3,0,3,1,1,staged-1000,staged-1000,"[""staged-100"",""staged-1000"",""staged-10"",""staged-10000"",""staged-0"",""baseline""]",parser_inclusive_subprocess_wall_clock,1,timeout,2.015585336,124,-9,1,timeout,exceeded 2 seconds,,,"[""/net/scratch/hscra/plgrid/plgnasqret/codex-control/projects/euf-viper/runs/20260727T073625Z-staged-qg7-e9fef17/target/release/euf-viper"",""fabric-solve"",""--engine"",""quotient-portfolio"",""/net/scratch/hscra/plgrid/plgnasqret/codex-control/projects/euf-viper/corpora/9b39c70a794d52277a4e5d83731f0ebc50a2f3b804eb1dfc8cf32766a5ebeadc/smtlib-2025/QF_UF/QF_UF/QG-classification/qg7/iso_icl_repgen007.smt2""]"
200,5,7329,QF_UF/QG-classification/qg7/iso_icl_repgen007.smt2,a5bd26b22963a90f3ec64008e4e86bd42dd31a387828b975eabae466d3651b72,60854,unsat,1,williams_first_order_carryover,a5b163da70f7a4b586276cec20529dcaf9a596daf59a01894d95ec3f4fd69c3e,3,3,0,3,2,2,staged-10,staged-10,"[""staged-100"",""staged-1000"",""staged-10"",""staged-10000"",""staged-0"",""baseline""]",parser_inclusive_subprocess_wall_clock,1,timeout,2.016169933,124,-9,1,timeout,exceeded 2 seconds,,,"[""/net/scratch/hscra/plgrid/plgnasqret/codex-control/projects/euf-viper/runs/20260727T073625Z-staged-qg7-e9fef17/target/release/euf-viper"",""fabric-solve"",""--engine"",""quotient-portfolio"",""/net/scratch/hscra/plgrid/plgnasqret/codex-control/projects/euf-viper/corpora/9b39c70a794d52277a4e5d83731f0ebc50a2f3b804eb1dfc8cf32766a5ebeadc/smtlib-2025/QF_UF/QF_UF/QG-classification/qg7/iso_icl_repgen007.smt2""]"
201,5,7329,QF_UF/QG-classification/qg7/iso_icl_repgen007.smt2,a5bd26b22963a90f3ec64008e4e86bd42dd31a387828b975eabae466d3651b72,60854,unsat,1,williams_first_order_carryover,a5b163da70f7a4b586276cec20529dcaf9a596daf59a01894d95ec3f4fd69c3e,3,3,0,3,3,3,staged-10000,staged-10000,"[""staged-100"",""staged-1000"",""staged-10"",""staged-10000"",""staged-0"",""baseline""]",parser_inclusive_subprocess_wall_clock,1,timeout,2.014788194,124,-9,1,timeout,exceeded 2 seconds,,,"[""/net/scratch/hscra/plgrid/plgnasqret/codex-control/projects/euf-viper/runs/20260727T073625Z-staged-qg7-e9fef17/target/release/euf-viper"",""fabric-solve"",""--engine"",""quotient-portfolio"",""/net/scratch/hscra/plgrid/plgnasqret/codex-control/projects/euf-viper/corpora/9b39c70a794d52277a4e5d83731f0ebc50a2f3b804eb1dfc8cf32766a5ebeadc/smtlib-2025/QF_UF/QF_UF/QG-classification/qg7/iso_icl_repgen007.smt2""]"
202,5,7329,QF_UF/QG-classification/qg7/iso_icl_repgen007.smt2,a5bd26b22963a90f3ec64008e4e86bd42dd31a387828b975eabae466d3651b72,60854,unsat,1,williams_first_order_carryover,a5b163da70f7a4b586276cec20529dcaf9a596daf59a01894d95ec3f4fd69c3e,3,3,0,3,4,4,staged-0,staged-0,"[""staged-100"",""staged-1000"",""staged-10"",""staged-10000"",""staged-0"",""baseline""]",parser_inclusive_subprocess_wall_clock,1,timeout,2.007067255,124,-9,1,timeout,exceeded 2 seconds,,,"[""/net/scratch/hscra/plgrid/plgnasqret/codex-control/projects/euf-viper/runs/20260727T073625Z-staged-qg7-e9fef17/target/release/euf-viper"",""fabric-solve"",""--engine"",""quotient-portfolio"",""/net/scratch/hscra/plgrid/plgnasqret/codex-control/projects/euf-viper/corpora/9b39c70a794d52277a4e5d83731f0ebc50a2f3b804eb1dfc8cf32766a5ebeadc/smtlib-2025/QF_UF/QF_UF/QG-classification/qg7/iso_icl_repgen007.smt2""]"
203,5,7329,QF_UF/QG-classification/qg7/iso_icl_repgen007.smt2,a5bd26b22963a90f3ec64008e4e86bd42dd31a387828b975eabae466d3651b72,60854,unsat,1,williams_first_order_carryover,a5b163da70f7a4b586276cec20529dcaf9a596daf59a01894d95ec3f4fd69c3e,3,3,0,3,5,5,baseline,baseline,"[""staged-100"",""staged-1000"",""staged-10"",""staged-10000"",""staged-0"",""baseline""]",parser_inclusive_subprocess_wall_clock,1,timeout,2.006939703,124,-9,1,timeout,exceeded 2 seconds,,,"[""/net/scratch/hscra/plgrid/plgnasqret/codex-control/projects/euf-viper/runs/20260727T073625Z-staged-qg7-e9fef17/target/release/euf-viper"",""fabric-solve"",""--engine"",""quotient-portfolio"",""/net/scratch/hscra/plgrid/plgnasqret/codex-control/projects/euf-viper/corpora/9b39c70a794d52277a4e5d83731f0ebc50a2f3b804eb1dfc8cf32766a5ebeadc/smtlib-2025/QF_UF/QF_UF/QG-classification/qg7/iso_icl_repgen007.smt2""]"
204,5,7329,QF_UF/QG-classification/qg7/iso_icl_repgen007.smt2,a5bd26b22963a90f3ec64008e4e86bd42dd31a387828b975eabae466d3651b72,60854,unsat,1,williams_first_order_carryover,a5b163da70f7a4b586276cec20529dcaf9a596daf59a01894d95ec3f4fd69c3e,4,4,0,4,0,0,staged-1000,staged-1000,"[""staged-1000"",""staged-10000"",""staged-100"",""baseline"",""staged-10"",""staged-0""]",parser_inclusive_subprocess_wall_clock,1,timeout,2.016036201,124,-9,1,timeout,exceeded 2 seconds,,,"[""/net/scratch/hscra/plgrid/plgnasqret/codex-control/projects/euf-viper/runs/20260727T073625Z-staged-qg7-e9fef17/target/release/euf-viper"",""fabric-solve"",""--engine"",""quotient-portfolio"",""/net/scratch/hscra/plgrid/plgnasqret/codex-control/projects/euf-viper/corpora/9b39c70a794d52277a4e5d83731f0ebc50a2f3b804eb1dfc8cf32766a5ebeadc/smtlib-2025/QF_UF/QF_UF/QG-classification/qg7/iso_icl_repgen007.smt2""]"
205,5,7329,QF_UF/QG-classification/qg7/iso_icl_repgen007.smt2,a5bd26b22963a90f3ec64008e4e86bd42dd31a387828b975eabae466d3651b72,60854,unsat,1,williams_first_order_carryover,a5b163da70f7a4b586276cec20529dcaf9a596daf59a01894d95ec3f4fd69c3e,4,4,0,4,1,1,staged-10000,staged-10000,"[""staged-1000"",""staged-10000"",""staged-100"",""baseline"",""staged-10"",""staged-0""]",parser_inclusive_subprocess_wall_clock,1,timeout,2.016925309,124,-9,1,timeout,exceeded 2 seconds,,,"[""/net/scratch/hscra/plgrid/plgnasqret/codex-control/projects/euf-viper/runs/20260727T073625Z-staged-qg7-e9fef17/target/release/euf-viper"",""fabric-solve"",""--engine"",""quotient-portfolio"",""/net/scratch/hscra/plgrid/plgnasqret/codex-control/projects/euf-viper/corpora/9b39c70a794d52277a4e5d83731f0ebc50a2f3b804eb1dfc8cf32766a5ebeadc/smtlib-2025/QF_UF/QF_UF/QG-classification/qg7/iso_icl_repgen007.smt2""]"
206,5,7329,QF_UF/QG-classification/qg7/iso_icl_repgen007.smt2,a5bd26b22963a90f3ec64008e4e86bd42dd31a387828b975eabae466d3651b72,60854,unsat,1,williams_first_order_carryover,a5b163da70f7a4b586276cec20529dcaf9a596daf59a01894d95ec3f4fd69c3e,4,4,0,4,2,2,staged-100,staged-100,"[""staged-1000"",""staged-10000"",""staged-100"",""baseline"",""staged-10"",""staged-0""]",parser_inclusive_subprocess_wall_clock,1,timeout,2.007280423,124,-9,1,timeout,exceeded 2 seconds,,,"[""/net/scratch/hscra/plgrid/plgnasqret/codex-control/projects/euf-viper/runs/20260727T073625Z-staged-qg7-e9fef17/target/release/euf-viper"",""fabric-solve"",""--engine"",""quotient-portfolio"",""/net/scratch/hscra/plgrid/plgnasqret/codex-control/projects/euf-viper/corpora/9b39c70a794d52277a4e5d83731f0ebc50a2f3b804eb1dfc8cf32766a5ebeadc/smtlib-2025/QF_UF/QF_UF/QG-classification/qg7/iso_icl_repgen007.smt2""]"
207,5,7329,QF_UF/QG-classification/qg7/iso_icl_repgen007.smt2,a5bd26b22963a90f3ec64008e4e86bd42dd31a387828b975eabae466d3651b72,60854,unsat,1,williams_first_order_carryover,a5b163da70f7a4b586276cec20529dcaf9a596daf59a01894d95ec3f4fd69c3e,4,4,0,4,3,3,baseline,baseline,"[""staged-1000"",""staged-10000"",""staged-100"",""baseline"",""staged-10"",""staged-0""]",parser_inclusive_subprocess_wall_clock,1,timeout,2.011482188,124,-9,1,timeout,exceeded 2 seconds,,,"[""/net/scratch/hscra/plgrid/plgnasqret/codex-control/projects/euf-viper/runs/20260727T073625Z-staged-qg7-e9fef17/target/release/euf-viper"",""fabric-solve"",""--engine"",""quotient-portfolio"",""/net/scratch/hscra/plgrid/plgnasqret/codex-control/projects/euf-viper/corpora/9b39c70a794d52277a4e5d83731f0ebc50a2f3b804eb1dfc8cf32766a5ebeadc/smtlib-2025/QF_UF/QF_UF/QG-classification/qg7/iso_icl_repgen007.smt2""]"
208,5,7329,QF_UF/QG-classification/qg7/iso_icl_repgen007.smt2,a5bd26b22963a90f3ec64008e4e86bd42dd31a387828b975eabae466d3651b72,60854,unsat,1,williams_first_order_carryover,a5b163da70f7a4b586276cec20529dcaf9a596daf59a01894d95ec3f4fd69c3e,4,4,0,4,4,4,staged-10,staged-10,"[""staged-1000"",""staged-10000"",""staged-100"",""baseline"",""staged-10"",""staged-0""]",parser_inclusive_subprocess_wall_clock,1,timeout,2.015999853,124,-9,1,timeout,exceeded 2 seconds,,,"[""/net/scratch/hscra/plgrid/plgnasqret/codex-control/projects/euf-viper/runs/20260727T073625Z-staged-qg7-e9fef17/target/release/euf-viper"",""fabric-solve"",""--engine"",""quotient-portfolio"",""/net/scratch/hscra/plgrid/plgnasqret/codex-control/projects/euf-viper/corpora/9b39c70a794d52277a4e5d83731f0ebc50a2f3b804eb1dfc8cf32766a5ebeadc/smtlib-2025/QF_UF/QF_UF/QG-classification/qg7/iso_icl_repgen007.smt2""]"
209,5,7329,QF_UF/QG-classification/qg7/iso_icl_repgen007.smt2,a5bd26b22963a90f3ec64008e4e86bd42dd31a387828b975eabae466d3651b72,60854,unsat,1,williams_first_order_carryover,a5b163da70f7a4b586276cec20529dcaf9a596daf59a01894d95ec3f4fd69c3e,4,4,0,4,5,5,staged-0,staged-0,"[""staged-1000"",""staged-10000"",""staged-100"",""baseline"",""staged-10"",""staged-0""]",parser_inclusive_subprocess_wall_clock,1,timeout,2.016102827,124,-9,1,timeout,exceeded 2 seconds,,,"[""/net/scratch/hscra/plgrid/plgnasqret/codex-control/projects/euf-viper/runs/20260727T073625Z-staged-qg7-e9fef17/target/release/euf-viper"",""fabric-solve"",""--engine"",""quotient-portfolio"",""/net/scratch/hscra/plgrid/plgnasqret/codex-control/projects/euf-viper/corpora/9b39c70a794d52277a4e5d83731f0ebc50a2f3b804eb1dfc8cf32766a5ebeadc/smtlib-2025/QF_UF/QF_UF/QG-classification/qg7/iso_icl_repgen007.smt2""]"
210,5,7329,QF_UF/QG-classification/qg7/iso_icl_repgen007.smt2,a5bd26b22963a90f3ec64008e4e86bd42dd31a387828b975eabae466d3651b72,60854,unsat,1,williams_first_order_carryover,a5b163da70f7a4b586276cec20529dcaf9a596daf59a01894d95ec3f4fd69c3e,5,5,0,5,0,0,staged-10000,staged-10000,"[""staged-10000"",""baseline"",""staged-1000"",""staged-0"",""staged-100"",""staged-10""]",parser_inclusive_subprocess_wall_clock,1,timeout,2.012559524,124,-9,1,timeout,exceeded 2 seconds,,,"[""/net/scratch/hscra/plgrid/plgnasqret/codex-control/projects/euf-viper/runs/20260727T073625Z-staged-qg7-e9fef17/target/release/euf-viper"",""fabric-solve"",""--engine"",""quotient-portfolio"",""/net/scratch/hscra/plgrid/plgnasqret/codex-control/projects/euf-viper/corpora/9b39c70a794d52277a4e5d83731f0ebc50a2f3b804eb1dfc8cf32766a5ebeadc/smtlib-2025/QF_UF/QF_UF/QG-classification/qg7/iso_icl_repgen007.smt2""]"
211,5,7329,QF_UF/QG-classification/qg7/iso_icl_repgen007.smt2,a5bd26b22963a90f3ec64008e4e86bd42dd31a387828b975eabae466d3651b72,60854,unsat,1,williams_first_order_carryover,a5b163da70f7a4b586276cec20529dcaf9a596daf59a01894d95ec3f4fd69c3e,5,5,0,5,1,1,baseline,baseline,"[""staged-10000"",""baseline"",""staged-1000"",""staged-0"",""staged-100"",""staged-10""]",parser_inclusive_subprocess_wall_clock,1,timeout,2.013538746,124,-9,1,timeout,exceeded 2 seconds,,,"[""/net/scratch/hscra/plgrid/plgnasqret/codex-control/projects/euf-viper/runs/20260727T073625Z-staged-qg7-e9fef17/target/release/euf-viper"",""fabric-solve"",""--engine"",""quotient-portfolio"",""/net/scratch/hscra/plgrid/plgnasqret/codex-control/projects/euf-viper/corpora/9b39c70a794d52277a4e5d83731f0ebc50a2f3b804eb1dfc8cf32766a5ebeadc/smtlib-2025/QF_UF/QF_UF/QG-classification/qg7/iso_icl_repgen007.smt2""]"
212,5,7329,QF_UF/QG-classification/qg7/iso_icl_repgen007.smt2,a5bd26b22963a90f3ec64008e4e86bd42dd31a387828b975eabae466d3651b72,60854,unsat,1,williams_first_order_carryover,a5b163da70f7a4b586276cec20529dcaf9a596daf59a01894d95ec3f4fd69c3e,5,5,0,5,2,2,staged-1000,staged-1000,"[""staged-10000"",""baseline"",""staged-1000"",""staged-0"",""staged-100"",""staged-10""]",parser_inclusive_subprocess_wall_clock,1,timeout,2.029034688,124,-9,1,timeout,exceeded 2 seconds,,,"[""/net/scratch/hscra/plgrid/plgnasqret/codex-control/projects/euf-viper/runs/20260727T073625Z-staged-qg7-e9fef17/target/release/euf-viper"",""fabric-solve"",""--engine"",""quotient-portfolio"",""/net/scratch/hscra/plgrid/plgnasqret/codex-control/projects/euf-viper/corpora/9b39c70a794d52277a4e5d83731f0ebc50a2f3b804eb1dfc8cf32766a5ebeadc/smtlib-2025/QF_UF/QF_UF/QG-classification/qg7/iso_icl_repgen007.smt2""]"
213,5,7329,QF_UF/QG-classification/qg7/iso_icl_repgen007.smt2,a5bd26b22963a90f3ec64008e4e86bd42dd31a387828b975eabae466d3651b72,60854,unsat,1,williams_first_order_carryover,a5b163da70f7a4b586276cec20529dcaf9a596daf59a01894d95ec3f4fd69c3e,5,5,0,5,3,3,staged-0,staged-0,"[""staged-10000"",""baseline"",""staged-1000"",""staged-0"",""staged-100"",""staged-10""]",parser_inclusive_subprocess_wall_clock,1,timeout,2.014790518,124,-9,1,timeout,exceeded 2 seconds,,,"[""/net/scratch/hscra/plgrid/plgnasqret/codex-control/projects/euf-viper/runs/20260727T073625Z-staged-qg7-e9fef17/target/release/euf-viper"",""fabric-solve"",""--engine"",""quotient-portfolio"",""/net/scratch/hscra/plgrid/plgnasqret/codex-control/projects/euf-viper/corpora/9b39c70a794d52277a4e5d83731f0ebc50a2f3b804eb1dfc8cf32766a5ebeadc/smtlib-2025/QF_UF/QF_UF/QG-classification/qg7/iso_icl_repgen007.smt2""]"
214,5,7329,QF_UF/QG-classification/qg7/iso_icl_repgen007.smt2,a5bd26b22963a90f3ec64008e4e86bd42dd31a387828b975eabae466d3651b72,60854,unsat,1,williams_first_order_carryover,a5b163da70f7a4b586276cec20529dcaf9a596daf59a01894d95ec3f4fd69c3e,5,5,0,5,4,4,staged-100,staged-100,"[""staged-10000"",""baseline"",""staged-1000"",""staged-0"",""staged-100"",""staged-10""]",parser_inclusive_subprocess_wall_clock,1,timeout,2.038920316,124,-9,1,timeout,exceeded 2 seconds,,,"[""/net/scratch/hscra/plgrid/plgnasqret/codex-control/projects/euf-viper/runs/20260727T073625Z-staged-qg7-e9fef17/target/release/euf-viper"",""fabric-solve"",""--engine"",""quotient-portfolio"",""/net/scratch/hscra/plgrid/plgnasqret/codex-control/projects/euf-viper/corpora/9b39c70a794d52277a4e5d83731f0ebc50a2f3b804eb1dfc8cf32766a5ebeadc/smtlib-2025/QF_UF/QF_UF/QG-classification/qg7/iso_icl_repgen007.smt2""]"
215,5,7329,QF_UF/QG-classification/qg7/iso_icl_repgen007.smt2,a5bd26b22963a90f3ec64008e4e86bd42dd31a387828b975eabae466d3651b72,60854,unsat,1,williams_first_order_carryover,a5b163da70f7a4b586276cec20529dcaf9a596daf59a01894d95ec3f4fd69c3e,5,5,0,5,5,5,staged-10,staged-10,"[""staged-10000"",""baseline"",""staged-1000"",""staged-0"",""staged-100"",""staged-10""]",parser_inclusive_subprocess_wall_clock,1,timeout,2.015796952,124,-9,1,timeout,exceeded 2 seconds,,,"[""/net/scratch/hscra/plgrid/plgnasqret/codex-control/projects/euf-viper/runs/20260727T073625Z-staged-qg7-e9fef17/target/release/euf-viper"",""fabric-solve"",""--engine"",""quotient-portfolio"",""/net/scratch/hscra/plgrid/plgnasqret/codex-control/projects/euf-viper/corpora/9b39c70a794d52277a4e5d83731f0ebc50a2f3b804eb1dfc8cf32766a5ebeadc/smtlib-2025/QF_UF/QF_UF/QG-classification/qg7/iso_icl_repgen007.smt2""]"
