sequence,row_index,id,relative_path,source_sha256,source_size_bytes,expected_status,schedule_schema_version,schedule_design,schedule_sha256,repeat,schedule_row,complete_block,row_in_block,order_in_repeat,arm_position,label,arm,schedule_order_json,timing_scope,parser_inclusive,result,time_s,exit_code,process_returncode,timed_out,error_kind,error_detail,stdout,stderr,argv_json
0,0,6927,QF_UF/QG-classification/qg7/gensys_brn004.smt2,aa3607cc8a57998edf083281c84580657a4b56b86dbcec7f51818a3d00913058,810804,sat,1,williams_first_order_carryover,f142088f68ffae0501ab8de7e323efb430c2912e83fc68ef048bfb8276401870,0,0,0,0,0,0,baseline,baseline,"[""baseline"",""proof-seed-0"",""proof-seed-32"",""proof-seed-4"",""proof-seed-16"",""proof-seed-8""]",parser_inclusive_subprocess_wall_clock,1,sat,0.121371313,0,0,0,,,"sat
",,"[""/net/scratch/hscra/plgrid/plgnasqret/codex-control/projects/euf-viper/runs/20260727T113307Z-proof-seed-qg7-2d4a372/target/release/euf-viper"",""fabric-solve"",""--engine"",""quotient-portfolio"",""/net/scratch/hscra/plgrid/plgnasqret/codex-control/projects/euf-viper/corpora/9b39c70a794d52277a4e5d83731f0ebc50a2f3b804eb1dfc8cf32766a5ebeadc/smtlib-2025/QF_UF/QF_UF/QG-classification/qg7/gensys_brn004.smt2""]"
1,0,6927,QF_UF/QG-classification/qg7/gensys_brn004.smt2,aa3607cc8a57998edf083281c84580657a4b56b86dbcec7f51818a3d00913058,810804,sat,1,williams_first_order_carryover,f142088f68ffae0501ab8de7e323efb430c2912e83fc68ef048bfb8276401870,0,0,0,0,1,1,proof-seed-0,proof-seed-0,"[""baseline"",""proof-seed-0"",""proof-seed-32"",""proof-seed-4"",""proof-seed-16"",""proof-seed-8""]",parser_inclusive_subprocess_wall_clock,1,sat,0.147924071,0,0,0,,,"sat
",,"[""/net/scratch/hscra/plgrid/plgnasqret/codex-control/projects/euf-viper/runs/20260727T113307Z-proof-seed-qg7-2d4a372/target/release/euf-viper"",""fabric-solve"",""--engine"",""quotient-portfolio"",""/net/scratch/hscra/plgrid/plgnasqret/codex-control/projects/euf-viper/corpora/9b39c70a794d52277a4e5d83731f0ebc50a2f3b804eb1dfc8cf32766a5ebeadc/smtlib-2025/QF_UF/QF_UF/QG-classification/qg7/gensys_brn004.smt2""]"
2,0,6927,QF_UF/QG-classification/qg7/gensys_brn004.smt2,aa3607cc8a57998edf083281c84580657a4b56b86dbcec7f51818a3d00913058,810804,sat,1,williams_first_order_carryover,f142088f68ffae0501ab8de7e323efb430c2912e83fc68ef048bfb8276401870,0,0,0,0,2,2,proof-seed-32,proof-seed-32,"[""baseline"",""proof-seed-0"",""proof-seed-32"",""proof-seed-4"",""proof-seed-16"",""proof-seed-8""]",parser_inclusive_subprocess_wall_clock,1,sat,0.152758379,0,0,0,,,"sat
",,"[""/net/scratch/hscra/plgrid/plgnasqret/codex-control/projects/euf-viper/runs/20260727T113307Z-proof-seed-qg7-2d4a372/target/release/euf-viper"",""fabric-solve"",""--engine"",""quotient-portfolio"",""/net/scratch/hscra/plgrid/plgnasqret/codex-control/projects/euf-viper/corpora/9b39c70a794d52277a4e5d83731f0ebc50a2f3b804eb1dfc8cf32766a5ebeadc/smtlib-2025/QF_UF/QF_UF/QG-classification/qg7/gensys_brn004.smt2""]"
3,0,6927,QF_UF/QG-classification/qg7/gensys_brn004.smt2,aa3607cc8a57998edf083281c84580657a4b56b86dbcec7f51818a3d00913058,810804,sat,1,williams_first_order_carryover,f142088f68ffae0501ab8de7e323efb430c2912e83fc68ef048bfb8276401870,0,0,0,0,3,3,proof-seed-4,proof-seed-4,"[""baseline"",""proof-seed-0"",""proof-seed-32"",""proof-seed-4"",""proof-seed-16"",""proof-seed-8""]",parser_inclusive_subprocess_wall_clock,1,sat,0.150852550,0,0,0,,,"sat
",,"[""/net/scratch/hscra/plgrid/plgnasqret/codex-control/projects/euf-viper/runs/20260727T113307Z-proof-seed-qg7-2d4a372/target/release/euf-viper"",""fabric-solve"",""--engine"",""quotient-portfolio"",""/net/scratch/hscra/plgrid/plgnasqret/codex-control/projects/euf-viper/corpora/9b39c70a794d52277a4e5d83731f0ebc50a2f3b804eb1dfc8cf32766a5ebeadc/smtlib-2025/QF_UF/QF_UF/QG-classification/qg7/gensys_brn004.smt2""]"
4,0,6927,QF_UF/QG-classification/qg7/gensys_brn004.smt2,aa3607cc8a57998edf083281c84580657a4b56b86dbcec7f51818a3d00913058,810804,sat,1,williams_first_order_carryover,f142088f68ffae0501ab8de7e323efb430c2912e83fc68ef048bfb8276401870,0,0,0,0,4,4,proof-seed-16,proof-seed-16,"[""baseline"",""proof-seed-0"",""proof-seed-32"",""proof-seed-4"",""proof-seed-16"",""proof-seed-8""]",parser_inclusive_subprocess_wall_clock,1,sat,0.162492948,0,0,0,,,"sat
",,"[""/net/scratch/hscra/plgrid/plgnasqret/codex-control/projects/euf-viper/runs/20260727T113307Z-proof-seed-qg7-2d4a372/target/release/euf-viper"",""fabric-solve"",""--engine"",""quotient-portfolio"",""/net/scratch/hscra/plgrid/plgnasqret/codex-control/projects/euf-viper/corpora/9b39c70a794d52277a4e5d83731f0ebc50a2f3b804eb1dfc8cf32766a5ebeadc/smtlib-2025/QF_UF/QF_UF/QG-classification/qg7/gensys_brn004.smt2""]"
5,0,6927,QF_UF/QG-classification/qg7/gensys_brn004.smt2,aa3607cc8a57998edf083281c84580657a4b56b86dbcec7f51818a3d00913058,810804,sat,1,williams_first_order_carryover,f142088f68ffae0501ab8de7e323efb430c2912e83fc68ef048bfb8276401870,0,0,0,0,5,5,proof-seed-8,proof-seed-8,"[""baseline"",""proof-seed-0"",""proof-seed-32"",""proof-seed-4"",""proof-seed-16"",""proof-seed-8""]",parser_inclusive_subprocess_wall_clock,1,sat,0.157077320,0,0,0,,,"sat
",,"[""/net/scratch/hscra/plgrid/plgnasqret/codex-control/projects/euf-viper/runs/20260727T113307Z-proof-seed-qg7-2d4a372/target/release/euf-viper"",""fabric-solve"",""--engine"",""quotient-portfolio"",""/net/scratch/hscra/plgrid/plgnasqret/codex-control/projects/euf-viper/corpora/9b39c70a794d52277a4e5d83731f0ebc50a2f3b804eb1dfc8cf32766a5ebeadc/smtlib-2025/QF_UF/QF_UF/QG-classification/qg7/gensys_brn004.smt2""]"
6,0,6927,QF_UF/QG-classification/qg7/gensys_brn004.smt2,aa3607cc8a57998edf083281c84580657a4b56b86dbcec7f51818a3d00913058,810804,sat,1,williams_first_order_carryover,f142088f68ffae0501ab8de7e323efb430c2912e83fc68ef048bfb8276401870,1,1,0,1,0,0,proof-seed-0,proof-seed-0,"[""proof-seed-0"",""proof-seed-4"",""baseline"",""proof-seed-8"",""proof-seed-32"",""proof-seed-16""]",parser_inclusive_subprocess_wall_clock,1,sat,0.150374993,0,0,0,,,"sat
",,"[""/net/scratch/hscra/plgrid/plgnasqret/codex-control/projects/euf-viper/runs/20260727T113307Z-proof-seed-qg7-2d4a372/target/release/euf-viper"",""fabric-solve"",""--engine"",""quotient-portfolio"",""/net/scratch/hscra/plgrid/plgnasqret/codex-control/projects/euf-viper/corpora/9b39c70a794d52277a4e5d83731f0ebc50a2f3b804eb1dfc8cf32766a5ebeadc/smtlib-2025/QF_UF/QF_UF/QG-classification/qg7/gensys_brn004.smt2""]"
7,0,6927,QF_UF/QG-classification/qg7/gensys_brn004.smt2,aa3607cc8a57998edf083281c84580657a4b56b86dbcec7f51818a3d00913058,810804,sat,1,williams_first_order_carryover,f142088f68ffae0501ab8de7e323efb430c2912e83fc68ef048bfb8276401870,1,1,0,1,1,1,proof-seed-4,proof-seed-4,"[""proof-seed-0"",""proof-seed-4"",""baseline"",""proof-seed-8"",""proof-seed-32"",""proof-seed-16""]",parser_inclusive_subprocess_wall_clock,1,sat,0.151614587,0,0,0,,,"sat
",,"[""/net/scratch/hscra/plgrid/plgnasqret/codex-control/projects/euf-viper/runs/20260727T113307Z-proof-seed-qg7-2d4a372/target/release/euf-viper"",""fabric-solve"",""--engine"",""quotient-portfolio"",""/net/scratch/hscra/plgrid/plgnasqret/codex-control/projects/euf-viper/corpora/9b39c70a794d52277a4e5d83731f0ebc50a2f3b804eb1dfc8cf32766a5ebeadc/smtlib-2025/QF_UF/QF_UF/QG-classification/qg7/gensys_brn004.smt2""]"
8,0,6927,QF_UF/QG-classification/qg7/gensys_brn004.smt2,aa3607cc8a57998edf083281c84580657a4b56b86dbcec7f51818a3d00913058,810804,sat,1,williams_first_order_carryover,f142088f68ffae0501ab8de7e323efb430c2912e83fc68ef048bfb8276401870,1,1,0,1,2,2,baseline,baseline,"[""proof-seed-0"",""proof-seed-4"",""baseline"",""proof-seed-8"",""proof-seed-32"",""proof-seed-16""]",parser_inclusive_subprocess_wall_clock,1,sat,0.121859207,0,0,0,,,"sat
",,"[""/net/scratch/hscra/plgrid/plgnasqret/codex-control/projects/euf-viper/runs/20260727T113307Z-proof-seed-qg7-2d4a372/target/release/euf-viper"",""fabric-solve"",""--engine"",""quotient-portfolio"",""/net/scratch/hscra/plgrid/plgnasqret/codex-control/projects/euf-viper/corpora/9b39c70a794d52277a4e5d83731f0ebc50a2f3b804eb1dfc8cf32766a5ebeadc/smtlib-2025/QF_UF/QF_UF/QG-classification/qg7/gensys_brn004.smt2""]"
9,0,6927,QF_UF/QG-classification/qg7/gensys_brn004.smt2,aa3607cc8a57998edf083281c84580657a4b56b86dbcec7f51818a3d00913058,810804,sat,1,williams_first_order_carryover,f142088f68ffae0501ab8de7e323efb430c2912e83fc68ef048bfb8276401870,1,1,0,1,3,3,proof-seed-8,proof-seed-8,"[""proof-seed-0"",""proof-seed-4"",""baseline"",""proof-seed-8"",""proof-seed-32"",""proof-seed-16""]",parser_inclusive_subprocess_wall_clock,1,sat,0.149811501,0,0,0,,,"sat
",,"[""/net/scratch/hscra/plgrid/plgnasqret/codex-control/projects/euf-viper/runs/20260727T113307Z-proof-seed-qg7-2d4a372/target/release/euf-viper"",""fabric-solve"",""--engine"",""quotient-portfolio"",""/net/scratch/hscra/plgrid/plgnasqret/codex-control/projects/euf-viper/corpora/9b39c70a794d52277a4e5d83731f0ebc50a2f3b804eb1dfc8cf32766a5ebeadc/smtlib-2025/QF_UF/QF_UF/QG-classification/qg7/gensys_brn004.smt2""]"
10,0,6927,QF_UF/QG-classification/qg7/gensys_brn004.smt2,aa3607cc8a57998edf083281c84580657a4b56b86dbcec7f51818a3d00913058,810804,sat,1,williams_first_order_carryover,f142088f68ffae0501ab8de7e323efb430c2912e83fc68ef048bfb8276401870,1,1,0,1,4,4,proof-seed-32,proof-seed-32,"[""proof-seed-0"",""proof-seed-4"",""baseline"",""proof-seed-8"",""proof-seed-32"",""proof-seed-16""]",parser_inclusive_subprocess_wall_clock,1,sat,0.168890651,0,0,0,,,"sat
",,"[""/net/scratch/hscra/plgrid/plgnasqret/codex-control/projects/euf-viper/runs/20260727T113307Z-proof-seed-qg7-2d4a372/target/release/euf-viper"",""fabric-solve"",""--engine"",""quotient-portfolio"",""/net/scratch/hscra/plgrid/plgnasqret/codex-control/projects/euf-viper/corpora/9b39c70a794d52277a4e5d83731f0ebc50a2f3b804eb1dfc8cf32766a5ebeadc/smtlib-2025/QF_UF/QF_UF/QG-classification/qg7/gensys_brn004.smt2""]"
11,0,6927,QF_UF/QG-classification/qg7/gensys_brn004.smt2,aa3607cc8a57998edf083281c84580657a4b56b86dbcec7f51818a3d00913058,810804,sat,1,williams_first_order_carryover,f142088f68ffae0501ab8de7e323efb430c2912e83fc68ef048bfb8276401870,1,1,0,1,5,5,proof-seed-16,proof-seed-16,"[""proof-seed-0"",""proof-seed-4"",""baseline"",""proof-seed-8"",""proof-seed-32"",""proof-seed-16""]",parser_inclusive_subprocess_wall_clock,1,sat,0.145454410,0,0,0,,,"sat
",,"[""/net/scratch/hscra/plgrid/plgnasqret/codex-control/projects/euf-viper/runs/20260727T113307Z-proof-seed-qg7-2d4a372/target/release/euf-viper"",""fabric-solve"",""--engine"",""quotient-portfolio"",""/net/scratch/hscra/plgrid/plgnasqret/codex-control/projects/euf-viper/corpora/9b39c70a794d52277a4e5d83731f0ebc50a2f3b804eb1dfc8cf32766a5ebeadc/smtlib-2025/QF_UF/QF_UF/QG-classification/qg7/gensys_brn004.smt2""]"
12,0,6927,QF_UF/QG-classification/qg7/gensys_brn004.smt2,aa3607cc8a57998edf083281c84580657a4b56b86dbcec7f51818a3d00913058,810804,sat,1,williams_first_order_carryover,f142088f68ffae0501ab8de7e323efb430c2912e83fc68ef048bfb8276401870,2,2,0,2,0,0,proof-seed-4,proof-seed-4,"[""proof-seed-4"",""proof-seed-8"",""proof-seed-0"",""proof-seed-16"",""baseline"",""proof-seed-32""]",parser_inclusive_subprocess_wall_clock,1,sat,0.145791824,0,0,0,,,"sat
",,"[""/net/scratch/hscra/plgrid/plgnasqret/codex-control/projects/euf-viper/runs/20260727T113307Z-proof-seed-qg7-2d4a372/target/release/euf-viper"",""fabric-solve"",""--engine"",""quotient-portfolio"",""/net/scratch/hscra/plgrid/plgnasqret/codex-control/projects/euf-viper/corpora/9b39c70a794d52277a4e5d83731f0ebc50a2f3b804eb1dfc8cf32766a5ebeadc/smtlib-2025/QF_UF/QF_UF/QG-classification/qg7/gensys_brn004.smt2""]"
13,0,6927,QF_UF/QG-classification/qg7/gensys_brn004.smt2,aa3607cc8a57998edf083281c84580657a4b56b86dbcec7f51818a3d00913058,810804,sat,1,williams_first_order_carryover,f142088f68ffae0501ab8de7e323efb430c2912e83fc68ef048bfb8276401870,2,2,0,2,1,1,proof-seed-8,proof-seed-8,"[""proof-seed-4"",""proof-seed-8"",""proof-seed-0"",""proof-seed-16"",""baseline"",""proof-seed-32""]",parser_inclusive_subprocess_wall_clock,1,sat,0.143766747,0,0,0,,,"sat
",,"[""/net/scratch/hscra/plgrid/plgnasqret/codex-control/projects/euf-viper/runs/20260727T113307Z-proof-seed-qg7-2d4a372/target/release/euf-viper"",""fabric-solve"",""--engine"",""quotient-portfolio"",""/net/scratch/hscra/plgrid/plgnasqret/codex-control/projects/euf-viper/corpora/9b39c70a794d52277a4e5d83731f0ebc50a2f3b804eb1dfc8cf32766a5ebeadc/smtlib-2025/QF_UF/QF_UF/QG-classification/qg7/gensys_brn004.smt2""]"
14,0,6927,QF_UF/QG-classification/qg7/gensys_brn004.smt2,aa3607cc8a57998edf083281c84580657a4b56b86dbcec7f51818a3d00913058,810804,sat,1,williams_first_order_carryover,f142088f68ffae0501ab8de7e323efb430c2912e83fc68ef048bfb8276401870,2,2,0,2,2,2,proof-seed-0,proof-seed-0,"[""proof-seed-4"",""proof-seed-8"",""proof-seed-0"",""proof-seed-16"",""baseline"",""proof-seed-32""]",parser_inclusive_subprocess_wall_clock,1,sat,0.162493358,0,0,0,,,"sat
",,"[""/net/scratch/hscra/plgrid/plgnasqret/codex-control/projects/euf-viper/runs/20260727T113307Z-proof-seed-qg7-2d4a372/target/release/euf-viper"",""fabric-solve"",""--engine"",""quotient-portfolio"",""/net/scratch/hscra/plgrid/plgnasqret/codex-control/projects/euf-viper/corpora/9b39c70a794d52277a4e5d83731f0ebc50a2f3b804eb1dfc8cf32766a5ebeadc/smtlib-2025/QF_UF/QF_UF/QG-classification/qg7/gensys_brn004.smt2""]"
15,0,6927,QF_UF/QG-classification/qg7/gensys_brn004.smt2,aa3607cc8a57998edf083281c84580657a4b56b86dbcec7f51818a3d00913058,810804,sat,1,williams_first_order_carryover,f142088f68ffae0501ab8de7e323efb430c2912e83fc68ef048bfb8276401870,2,2,0,2,3,3,proof-seed-16,proof-seed-16,"[""proof-seed-4"",""proof-seed-8"",""proof-seed-0"",""proof-seed-16"",""baseline"",""proof-seed-32""]",parser_inclusive_subprocess_wall_clock,1,sat,0.143365291,0,0,0,,,"sat
",,"[""/net/scratch/hscra/plgrid/plgnasqret/codex-control/projects/euf-viper/runs/20260727T113307Z-proof-seed-qg7-2d4a372/target/release/euf-viper"",""fabric-solve"",""--engine"",""quotient-portfolio"",""/net/scratch/hscra/plgrid/plgnasqret/codex-control/projects/euf-viper/corpora/9b39c70a794d52277a4e5d83731f0ebc50a2f3b804eb1dfc8cf32766a5ebeadc/smtlib-2025/QF_UF/QF_UF/QG-classification/qg7/gensys_brn004.smt2""]"
16,0,6927,QF_UF/QG-classification/qg7/gensys_brn004.smt2,aa3607cc8a57998edf083281c84580657a4b56b86dbcec7f51818a3d00913058,810804,sat,1,williams_first_order_carryover,f142088f68ffae0501ab8de7e323efb430c2912e83fc68ef048bfb8276401870,2,2,0,2,4,4,baseline,baseline,"[""proof-seed-4"",""proof-seed-8"",""proof-seed-0"",""proof-seed-16"",""baseline"",""proof-seed-32""]",parser_inclusive_subprocess_wall_clock,1,sat,0.121273498,0,0,0,,,"sat
",,"[""/net/scratch/hscra/plgrid/plgnasqret/codex-control/projects/euf-viper/runs/20260727T113307Z-proof-seed-qg7-2d4a372/target/release/euf-viper"",""fabric-solve"",""--engine"",""quotient-portfolio"",""/net/scratch/hscra/plgrid/plgnasqret/codex-control/projects/euf-viper/corpora/9b39c70a794d52277a4e5d83731f0ebc50a2f3b804eb1dfc8cf32766a5ebeadc/smtlib-2025/QF_UF/QF_UF/QG-classification/qg7/gensys_brn004.smt2""]"
17,0,6927,QF_UF/QG-classification/qg7/gensys_brn004.smt2,aa3607cc8a57998edf083281c84580657a4b56b86dbcec7f51818a3d00913058,810804,sat,1,williams_first_order_carryover,f142088f68ffae0501ab8de7e323efb430c2912e83fc68ef048bfb8276401870,2,2,0,2,5,5,proof-seed-32,proof-seed-32,"[""proof-seed-4"",""proof-seed-8"",""proof-seed-0"",""proof-seed-16"",""baseline"",""proof-seed-32""]",parser_inclusive_subprocess_wall_clock,1,sat,0.145194999,0,0,0,,,"sat
",,"[""/net/scratch/hscra/plgrid/plgnasqret/codex-control/projects/euf-viper/runs/20260727T113307Z-proof-seed-qg7-2d4a372/target/release/euf-viper"",""fabric-solve"",""--engine"",""quotient-portfolio"",""/net/scratch/hscra/plgrid/plgnasqret/codex-control/projects/euf-viper/corpora/9b39c70a794d52277a4e5d83731f0ebc50a2f3b804eb1dfc8cf32766a5ebeadc/smtlib-2025/QF_UF/QF_UF/QG-classification/qg7/gensys_brn004.smt2""]"
18,0,6927,QF_UF/QG-classification/qg7/gensys_brn004.smt2,aa3607cc8a57998edf083281c84580657a4b56b86dbcec7f51818a3d00913058,810804,sat,1,williams_first_order_carryover,f142088f68ffae0501ab8de7e323efb430c2912e83fc68ef048bfb8276401870,3,3,0,3,0,0,proof-seed-8,proof-seed-8,"[""proof-seed-8"",""proof-seed-16"",""proof-seed-4"",""proof-seed-32"",""proof-seed-0"",""baseline""]",parser_inclusive_subprocess_wall_clock,1,sat,0.149429666,0,0,0,,,"sat
",,"[""/net/scratch/hscra/plgrid/plgnasqret/codex-control/projects/euf-viper/runs/20260727T113307Z-proof-seed-qg7-2d4a372/target/release/euf-viper"",""fabric-solve"",""--engine"",""quotient-portfolio"",""/net/scratch/hscra/plgrid/plgnasqret/codex-control/projects/euf-viper/corpora/9b39c70a794d52277a4e5d83731f0ebc50a2f3b804eb1dfc8cf32766a5ebeadc/smtlib-2025/QF_UF/QF_UF/QG-classification/qg7/gensys_brn004.smt2""]"
19,0,6927,QF_UF/QG-classification/qg7/gensys_brn004.smt2,aa3607cc8a57998edf083281c84580657a4b56b86dbcec7f51818a3d00913058,810804,sat,1,williams_first_order_carryover,f142088f68ffae0501ab8de7e323efb430c2912e83fc68ef048bfb8276401870,3,3,0,3,1,1,proof-seed-16,proof-seed-16,"[""proof-seed-8"",""proof-seed-16"",""proof-seed-4"",""proof-seed-32"",""proof-seed-0"",""baseline""]",parser_inclusive_subprocess_wall_clock,1,sat,0.150249535,0,0,0,,,"sat
",,"[""/net/scratch/hscra/plgrid/plgnasqret/codex-control/projects/euf-viper/runs/20260727T113307Z-proof-seed-qg7-2d4a372/target/release/euf-viper"",""fabric-solve"",""--engine"",""quotient-portfolio"",""/net/scratch/hscra/plgrid/plgnasqret/codex-control/projects/euf-viper/corpora/9b39c70a794d52277a4e5d83731f0ebc50a2f3b804eb1dfc8cf32766a5ebeadc/smtlib-2025/QF_UF/QF_UF/QG-classification/qg7/gensys_brn004.smt2""]"
20,0,6927,QF_UF/QG-classification/qg7/gensys_brn004.smt2,aa3607cc8a57998edf083281c84580657a4b56b86dbcec7f51818a3d00913058,810804,sat,1,williams_first_order_carryover,f142088f68ffae0501ab8de7e323efb430c2912e83fc68ef048bfb8276401870,3,3,0,3,2,2,proof-seed-4,proof-seed-4,"[""proof-seed-8"",""proof-seed-16"",""proof-seed-4"",""proof-seed-32"",""proof-seed-0"",""baseline""]",parser_inclusive_subprocess_wall_clock,1,sat,0.153646094,0,0,0,,,"sat
",,"[""/net/scratch/hscra/plgrid/plgnasqret/codex-control/projects/euf-viper/runs/20260727T113307Z-proof-seed-qg7-2d4a372/target/release/euf-viper"",""fabric-solve"",""--engine"",""quotient-portfolio"",""/net/scratch/hscra/plgrid/plgnasqret/codex-control/projects/euf-viper/corpora/9b39c70a794d52277a4e5d83731f0ebc50a2f3b804eb1dfc8cf32766a5ebeadc/smtlib-2025/QF_UF/QF_UF/QG-classification/qg7/gensys_brn004.smt2""]"
21,0,6927,QF_UF/QG-classification/qg7/gensys_brn004.smt2,aa3607cc8a57998edf083281c84580657a4b56b86dbcec7f51818a3d00913058,810804,sat,1,williams_first_order_carryover,f142088f68ffae0501ab8de7e323efb430c2912e83fc68ef048bfb8276401870,3,3,0,3,3,3,proof-seed-32,proof-seed-32,"[""proof-seed-8"",""proof-seed-16"",""proof-seed-4"",""proof-seed-32"",""proof-seed-0"",""baseline""]",parser_inclusive_subprocess_wall_clock,1,sat,0.150749387,0,0,0,,,"sat
",,"[""/net/scratch/hscra/plgrid/plgnasqret/codex-control/projects/euf-viper/runs/20260727T113307Z-proof-seed-qg7-2d4a372/target/release/euf-viper"",""fabric-solve"",""--engine"",""quotient-portfolio"",""/net/scratch/hscra/plgrid/plgnasqret/codex-control/projects/euf-viper/corpora/9b39c70a794d52277a4e5d83731f0ebc50a2f3b804eb1dfc8cf32766a5ebeadc/smtlib-2025/QF_UF/QF_UF/QG-classification/qg7/gensys_brn004.smt2""]"
22,0,6927,QF_UF/QG-classification/qg7/gensys_brn004.smt2,aa3607cc8a57998edf083281c84580657a4b56b86dbcec7f51818a3d00913058,810804,sat,1,williams_first_order_carryover,f142088f68ffae0501ab8de7e323efb430c2912e83fc68ef048bfb8276401870,3,3,0,3,4,4,proof-seed-0,proof-seed-0,"[""proof-seed-8"",""proof-seed-16"",""proof-seed-4"",""proof-seed-32"",""proof-seed-0"",""baseline""]",parser_inclusive_subprocess_wall_clock,1,sat,0.147143505,0,0,0,,,"sat
",,"[""/net/scratch/hscra/plgrid/plgnasqret/codex-control/projects/euf-viper/runs/20260727T113307Z-proof-seed-qg7-2d4a372/target/release/euf-viper"",""fabric-solve"",""--engine"",""quotient-portfolio"",""/net/scratch/hscra/plgrid/plgnasqret/codex-control/projects/euf-viper/corpora/9b39c70a794d52277a4e5d83731f0ebc50a2f3b804eb1dfc8cf32766a5ebeadc/smtlib-2025/QF_UF/QF_UF/QG-classification/qg7/gensys_brn004.smt2""]"
23,0,6927,QF_UF/QG-classification/qg7/gensys_brn004.smt2,aa3607cc8a57998edf083281c84580657a4b56b86dbcec7f51818a3d00913058,810804,sat,1,williams_first_order_carryover,f142088f68ffae0501ab8de7e323efb430c2912e83fc68ef048bfb8276401870,3,3,0,3,5,5,baseline,baseline,"[""proof-seed-8"",""proof-seed-16"",""proof-seed-4"",""proof-seed-32"",""proof-seed-0"",""baseline""]",parser_inclusive_subprocess_wall_clock,1,sat,0.126367938,0,0,0,,,"sat
",,"[""/net/scratch/hscra/plgrid/plgnasqret/codex-control/projects/euf-viper/runs/20260727T113307Z-proof-seed-qg7-2d4a372/target/release/euf-viper"",""fabric-solve"",""--engine"",""quotient-portfolio"",""/net/scratch/hscra/plgrid/plgnasqret/codex-control/projects/euf-viper/corpora/9b39c70a794d52277a4e5d83731f0ebc50a2f3b804eb1dfc8cf32766a5ebeadc/smtlib-2025/QF_UF/QF_UF/QG-classification/qg7/gensys_brn004.smt2""]"
24,0,6927,QF_UF/QG-classification/qg7/gensys_brn004.smt2,aa3607cc8a57998edf083281c84580657a4b56b86dbcec7f51818a3d00913058,810804,sat,1,williams_first_order_carryover,f142088f68ffae0501ab8de7e323efb430c2912e83fc68ef048bfb8276401870,4,4,0,4,0,0,proof-seed-16,proof-seed-16,"[""proof-seed-16"",""proof-seed-32"",""proof-seed-8"",""baseline"",""proof-seed-4"",""proof-seed-0""]",parser_inclusive_subprocess_wall_clock,1,sat,0.153585588,0,0,0,,,"sat
",,"[""/net/scratch/hscra/plgrid/plgnasqret/codex-control/projects/euf-viper/runs/20260727T113307Z-proof-seed-qg7-2d4a372/target/release/euf-viper"",""fabric-solve"",""--engine"",""quotient-portfolio"",""/net/scratch/hscra/plgrid/plgnasqret/codex-control/projects/euf-viper/corpora/9b39c70a794d52277a4e5d83731f0ebc50a2f3b804eb1dfc8cf32766a5ebeadc/smtlib-2025/QF_UF/QF_UF/QG-classification/qg7/gensys_brn004.smt2""]"
25,0,6927,QF_UF/QG-classification/qg7/gensys_brn004.smt2,aa3607cc8a57998edf083281c84580657a4b56b86dbcec7f51818a3d00913058,810804,sat,1,williams_first_order_carryover,f142088f68ffae0501ab8de7e323efb430c2912e83fc68ef048bfb8276401870,4,4,0,4,1,1,proof-seed-32,proof-seed-32,"[""proof-seed-16"",""proof-seed-32"",""proof-seed-8"",""baseline"",""proof-seed-4"",""proof-seed-0""]",parser_inclusive_subprocess_wall_clock,1,sat,0.145901138,0,0,0,,,"sat
",,"[""/net/scratch/hscra/plgrid/plgnasqret/codex-control/projects/euf-viper/runs/20260727T113307Z-proof-seed-qg7-2d4a372/target/release/euf-viper"",""fabric-solve"",""--engine"",""quotient-portfolio"",""/net/scratch/hscra/plgrid/plgnasqret/codex-control/projects/euf-viper/corpora/9b39c70a794d52277a4e5d83731f0ebc50a2f3b804eb1dfc8cf32766a5ebeadc/smtlib-2025/QF_UF/QF_UF/QG-classification/qg7/gensys_brn004.smt2""]"
26,0,6927,QF_UF/QG-classification/qg7/gensys_brn004.smt2,aa3607cc8a57998edf083281c84580657a4b56b86dbcec7f51818a3d00913058,810804,sat,1,williams_first_order_carryover,f142088f68ffae0501ab8de7e323efb430c2912e83fc68ef048bfb8276401870,4,4,0,4,2,2,proof-seed-8,proof-seed-8,"[""proof-seed-16"",""proof-seed-32"",""proof-seed-8"",""baseline"",""proof-seed-4"",""proof-seed-0""]",parser_inclusive_subprocess_wall_clock,1,sat,0.150088079,0,0,0,,,"sat
",,"[""/net/scratch/hscra/plgrid/plgnasqret/codex-control/projects/euf-viper/runs/20260727T113307Z-proof-seed-qg7-2d4a372/target/release/euf-viper"",""fabric-solve"",""--engine"",""quotient-portfolio"",""/net/scratch/hscra/plgrid/plgnasqret/codex-control/projects/euf-viper/corpora/9b39c70a794d52277a4e5d83731f0ebc50a2f3b804eb1dfc8cf32766a5ebeadc/smtlib-2025/QF_UF/QF_UF/QG-classification/qg7/gensys_brn004.smt2""]"
27,0,6927,QF_UF/QG-classification/qg7/gensys_brn004.smt2,aa3607cc8a57998edf083281c84580657a4b56b86dbcec7f51818a3d00913058,810804,sat,1,williams_first_order_carryover,f142088f68ffae0501ab8de7e323efb430c2912e83fc68ef048bfb8276401870,4,4,0,4,3,3,baseline,baseline,"[""proof-seed-16"",""proof-seed-32"",""proof-seed-8"",""baseline"",""proof-seed-4"",""proof-seed-0""]",parser_inclusive_subprocess_wall_clock,1,sat,0.123034317,0,0,0,,,"sat
",,"[""/net/scratch/hscra/plgrid/plgnasqret/codex-control/projects/euf-viper/runs/20260727T113307Z-proof-seed-qg7-2d4a372/target/release/euf-viper"",""fabric-solve"",""--engine"",""quotient-portfolio"",""/net/scratch/hscra/plgrid/plgnasqret/codex-control/projects/euf-viper/corpora/9b39c70a794d52277a4e5d83731f0ebc50a2f3b804eb1dfc8cf32766a5ebeadc/smtlib-2025/QF_UF/QF_UF/QG-classification/qg7/gensys_brn004.smt2""]"
28,0,6927,QF_UF/QG-classification/qg7/gensys_brn004.smt2,aa3607cc8a57998edf083281c84580657a4b56b86dbcec7f51818a3d00913058,810804,sat,1,williams_first_order_carryover,f142088f68ffae0501ab8de7e323efb430c2912e83fc68ef048bfb8276401870,4,4,0,4,4,4,proof-seed-4,proof-seed-4,"[""proof-seed-16"",""proof-seed-32"",""proof-seed-8"",""baseline"",""proof-seed-4"",""proof-seed-0""]",parser_inclusive_subprocess_wall_clock,1,sat,0.159264484,0,0,0,,,"sat
",,"[""/net/scratch/hscra/plgrid/plgnasqret/codex-control/projects/euf-viper/runs/20260727T113307Z-proof-seed-qg7-2d4a372/target/release/euf-viper"",""fabric-solve"",""--engine"",""quotient-portfolio"",""/net/scratch/hscra/plgrid/plgnasqret/codex-control/projects/euf-viper/corpora/9b39c70a794d52277a4e5d83731f0ebc50a2f3b804eb1dfc8cf32766a5ebeadc/smtlib-2025/QF_UF/QF_UF/QG-classification/qg7/gensys_brn004.smt2""]"
29,0,6927,QF_UF/QG-classification/qg7/gensys_brn004.smt2,aa3607cc8a57998edf083281c84580657a4b56b86dbcec7f51818a3d00913058,810804,sat,1,williams_first_order_carryover,f142088f68ffae0501ab8de7e323efb430c2912e83fc68ef048bfb8276401870,4,4,0,4,5,5,proof-seed-0,proof-seed-0,"[""proof-seed-16"",""proof-seed-32"",""proof-seed-8"",""baseline"",""proof-seed-4"",""proof-seed-0""]",parser_inclusive_subprocess_wall_clock,1,sat,0.142833498,0,0,0,,,"sat
",,"[""/net/scratch/hscra/plgrid/plgnasqret/codex-control/projects/euf-viper/runs/20260727T113307Z-proof-seed-qg7-2d4a372/target/release/euf-viper"",""fabric-solve"",""--engine"",""quotient-portfolio"",""/net/scratch/hscra/plgrid/plgnasqret/codex-control/projects/euf-viper/corpora/9b39c70a794d52277a4e5d83731f0ebc50a2f3b804eb1dfc8cf32766a5ebeadc/smtlib-2025/QF_UF/QF_UF/QG-classification/qg7/gensys_brn004.smt2""]"
30,0,6927,QF_UF/QG-classification/qg7/gensys_brn004.smt2,aa3607cc8a57998edf083281c84580657a4b56b86dbcec7f51818a3d00913058,810804,sat,1,williams_first_order_carryover,f142088f68ffae0501ab8de7e323efb430c2912e83fc68ef048bfb8276401870,5,5,0,5,0,0,proof-seed-32,proof-seed-32,"[""proof-seed-32"",""baseline"",""proof-seed-16"",""proof-seed-0"",""proof-seed-8"",""proof-seed-4""]",parser_inclusive_subprocess_wall_clock,1,sat,0.148127884,0,0,0,,,"sat
",,"[""/net/scratch/hscra/plgrid/plgnasqret/codex-control/projects/euf-viper/runs/20260727T113307Z-proof-seed-qg7-2d4a372/target/release/euf-viper"",""fabric-solve"",""--engine"",""quotient-portfolio"",""/net/scratch/hscra/plgrid/plgnasqret/codex-control/projects/euf-viper/corpora/9b39c70a794d52277a4e5d83731f0ebc50a2f3b804eb1dfc8cf32766a5ebeadc/smtlib-2025/QF_UF/QF_UF/QG-classification/qg7/gensys_brn004.smt2""]"
31,0,6927,QF_UF/QG-classification/qg7/gensys_brn004.smt2,aa3607cc8a57998edf083281c84580657a4b56b86dbcec7f51818a3d00913058,810804,sat,1,williams_first_order_carryover,f142088f68ffae0501ab8de7e323efb430c2912e83fc68ef048bfb8276401870,5,5,0,5,1,1,baseline,baseline,"[""proof-seed-32"",""baseline"",""proof-seed-16"",""proof-seed-0"",""proof-seed-8"",""proof-seed-4""]",parser_inclusive_subprocess_wall_clock,1,sat,0.122763469,0,0,0,,,"sat
",,"[""/net/scratch/hscra/plgrid/plgnasqret/codex-control/projects/euf-viper/runs/20260727T113307Z-proof-seed-qg7-2d4a372/target/release/euf-viper"",""fabric-solve"",""--engine"",""quotient-portfolio"",""/net/scratch/hscra/plgrid/plgnasqret/codex-control/projects/euf-viper/corpora/9b39c70a794d52277a4e5d83731f0ebc50a2f3b804eb1dfc8cf32766a5ebeadc/smtlib-2025/QF_UF/QF_UF/QG-classification/qg7/gensys_brn004.smt2""]"
32,0,6927,QF_UF/QG-classification/qg7/gensys_brn004.smt2,aa3607cc8a57998edf083281c84580657a4b56b86dbcec7f51818a3d00913058,810804,sat,1,williams_first_order_carryover,f142088f68ffae0501ab8de7e323efb430c2912e83fc68ef048bfb8276401870,5,5,0,5,2,2,proof-seed-16,proof-seed-16,"[""proof-seed-32"",""baseline"",""proof-seed-16"",""proof-seed-0"",""proof-seed-8"",""proof-seed-4""]",parser_inclusive_subprocess_wall_clock,1,sat,0.148282459,0,0,0,,,"sat
",,"[""/net/scratch/hscra/plgrid/plgnasqret/codex-control/projects/euf-viper/runs/20260727T113307Z-proof-seed-qg7-2d4a372/target/release/euf-viper"",""fabric-solve"",""--engine"",""quotient-portfolio"",""/net/scratch/hscra/plgrid/plgnasqret/codex-control/projects/euf-viper/corpora/9b39c70a794d52277a4e5d83731f0ebc50a2f3b804eb1dfc8cf32766a5ebeadc/smtlib-2025/QF_UF/QF_UF/QG-classification/qg7/gensys_brn004.smt2""]"
33,0,6927,QF_UF/QG-classification/qg7/gensys_brn004.smt2,aa3607cc8a57998edf083281c84580657a4b56b86dbcec7f51818a3d00913058,810804,sat,1,williams_first_order_carryover,f142088f68ffae0501ab8de7e323efb430c2912e83fc68ef048bfb8276401870,5,5,0,5,3,3,proof-seed-0,proof-seed-0,"[""proof-seed-32"",""baseline"",""proof-seed-16"",""proof-seed-0"",""proof-seed-8"",""proof-seed-4""]",parser_inclusive_subprocess_wall_clock,1,sat,0.147076399,0,0,0,,,"sat
",,"[""/net/scratch/hscra/plgrid/plgnasqret/codex-control/projects/euf-viper/runs/20260727T113307Z-proof-seed-qg7-2d4a372/target/release/euf-viper"",""fabric-solve"",""--engine"",""quotient-portfolio"",""/net/scratch/hscra/plgrid/plgnasqret/codex-control/projects/euf-viper/corpora/9b39c70a794d52277a4e5d83731f0ebc50a2f3b804eb1dfc8cf32766a5ebeadc/smtlib-2025/QF_UF/QF_UF/QG-classification/qg7/gensys_brn004.smt2""]"
34,0,6927,QF_UF/QG-classification/qg7/gensys_brn004.smt2,aa3607cc8a57998edf083281c84580657a4b56b86dbcec7f51818a3d00913058,810804,sat,1,williams_first_order_carryover,f142088f68ffae0501ab8de7e323efb430c2912e83fc68ef048bfb8276401870,5,5,0,5,4,4,proof-seed-8,proof-seed-8,"[""proof-seed-32"",""baseline"",""proof-seed-16"",""proof-seed-0"",""proof-seed-8"",""proof-seed-4""]",parser_inclusive_subprocess_wall_clock,1,sat,0.149647782,0,0,0,,,"sat
",,"[""/net/scratch/hscra/plgrid/plgnasqret/codex-control/projects/euf-viper/runs/20260727T113307Z-proof-seed-qg7-2d4a372/target/release/euf-viper"",""fabric-solve"",""--engine"",""quotient-portfolio"",""/net/scratch/hscra/plgrid/plgnasqret/codex-control/projects/euf-viper/corpora/9b39c70a794d52277a4e5d83731f0ebc50a2f3b804eb1dfc8cf32766a5ebeadc/smtlib-2025/QF_UF/QF_UF/QG-classification/qg7/gensys_brn004.smt2""]"
35,0,6927,QF_UF/QG-classification/qg7/gensys_brn004.smt2,aa3607cc8a57998edf083281c84580657a4b56b86dbcec7f51818a3d00913058,810804,sat,1,williams_first_order_carryover,f142088f68ffae0501ab8de7e323efb430c2912e83fc68ef048bfb8276401870,5,5,0,5,5,5,proof-seed-4,proof-seed-4,"[""proof-seed-32"",""baseline"",""proof-seed-16"",""proof-seed-0"",""proof-seed-8"",""proof-seed-4""]",parser_inclusive_subprocess_wall_clock,1,sat,0.149564670,0,0,0,,,"sat
",,"[""/net/scratch/hscra/plgrid/plgnasqret/codex-control/projects/euf-viper/runs/20260727T113307Z-proof-seed-qg7-2d4a372/target/release/euf-viper"",""fabric-solve"",""--engine"",""quotient-portfolio"",""/net/scratch/hscra/plgrid/plgnasqret/codex-control/projects/euf-viper/corpora/9b39c70a794d52277a4e5d83731f0ebc50a2f3b804eb1dfc8cf32766a5ebeadc/smtlib-2025/QF_UF/QF_UF/QG-classification/qg7/gensys_brn004.smt2""]"
36,1,7036,QF_UF/QG-classification/qg7/gensys_icl003.smt2,a57fafad05d0b8b6e2d39cb37b8c1a190462d8daf4b9edefe08fcc0275a121f3,812658,unsat,1,williams_first_order_carryover,f142088f68ffae0501ab8de7e323efb430c2912e83fc68ef048bfb8276401870,0,0,0,0,0,0,baseline,baseline,"[""baseline"",""proof-seed-0"",""proof-seed-32"",""proof-seed-4"",""proof-seed-16"",""proof-seed-8""]",parser_inclusive_subprocess_wall_clock,1,timeout,2.005929984,124,-9,1,timeout,exceeded 2 seconds,,,"[""/net/scratch/hscra/plgrid/plgnasqret/codex-control/projects/euf-viper/runs/20260727T113307Z-proof-seed-qg7-2d4a372/target/release/euf-viper"",""fabric-solve"",""--engine"",""quotient-portfolio"",""/net/scratch/hscra/plgrid/plgnasqret/codex-control/projects/euf-viper/corpora/9b39c70a794d52277a4e5d83731f0ebc50a2f3b804eb1dfc8cf32766a5ebeadc/smtlib-2025/QF_UF/QF_UF/QG-classification/qg7/gensys_icl003.smt2""]"
37,1,7036,QF_UF/QG-classification/qg7/gensys_icl003.smt2,a57fafad05d0b8b6e2d39cb37b8c1a190462d8daf4b9edefe08fcc0275a121f3,812658,unsat,1,williams_first_order_carryover,f142088f68ffae0501ab8de7e323efb430c2912e83fc68ef048bfb8276401870,0,0,0,0,1,1,proof-seed-0,proof-seed-0,"[""baseline"",""proof-seed-0"",""proof-seed-32"",""proof-seed-4"",""proof-seed-16"",""proof-seed-8""]",parser_inclusive_subprocess_wall_clock,1,timeout,2.007593459,124,-9,1,timeout,exceeded 2 seconds,,,"[""/net/scratch/hscra/plgrid/plgnasqret/codex-control/projects/euf-viper/runs/20260727T113307Z-proof-seed-qg7-2d4a372/target/release/euf-viper"",""fabric-solve"",""--engine"",""quotient-portfolio"",""/net/scratch/hscra/plgrid/plgnasqret/codex-control/projects/euf-viper/corpora/9b39c70a794d52277a4e5d83731f0ebc50a2f3b804eb1dfc8cf32766a5ebeadc/smtlib-2025/QF_UF/QF_UF/QG-classification/qg7/gensys_icl003.smt2""]"
38,1,7036,QF_UF/QG-classification/qg7/gensys_icl003.smt2,a57fafad05d0b8b6e2d39cb37b8c1a190462d8daf4b9edefe08fcc0275a121f3,812658,unsat,1,williams_first_order_carryover,f142088f68ffae0501ab8de7e323efb430c2912e83fc68ef048bfb8276401870,0,0,0,0,2,2,proof-seed-32,proof-seed-32,"[""baseline"",""proof-seed-0"",""proof-seed-32"",""proof-seed-4"",""proof-seed-16"",""proof-seed-8""]",parser_inclusive_subprocess_wall_clock,1,timeout,2.006746397,124,-9,1,timeout,exceeded 2 seconds,,,"[""/net/scratch/hscra/plgrid/plgnasqret/codex-control/projects/euf-viper/runs/20260727T113307Z-proof-seed-qg7-2d4a372/target/release/euf-viper"",""fabric-solve"",""--engine"",""quotient-portfolio"",""/net/scratch/hscra/plgrid/plgnasqret/codex-control/projects/euf-viper/corpora/9b39c70a794d52277a4e5d83731f0ebc50a2f3b804eb1dfc8cf32766a5ebeadc/smtlib-2025/QF_UF/QF_UF/QG-classification/qg7/gensys_icl003.smt2""]"
39,1,7036,QF_UF/QG-classification/qg7/gensys_icl003.smt2,a57fafad05d0b8b6e2d39cb37b8c1a190462d8daf4b9edefe08fcc0275a121f3,812658,unsat,1,williams_first_order_carryover,f142088f68ffae0501ab8de7e323efb430c2912e83fc68ef048bfb8276401870,0,0,0,0,3,3,proof-seed-4,proof-seed-4,"[""baseline"",""proof-seed-0"",""proof-seed-32"",""proof-seed-4"",""proof-seed-16"",""proof-seed-8""]",parser_inclusive_subprocess_wall_clock,1,timeout,2.007433015,124,-9,1,timeout,exceeded 2 seconds,,,"[""/net/scratch/hscra/plgrid/plgnasqret/codex-control/projects/euf-viper/runs/20260727T113307Z-proof-seed-qg7-2d4a372/target/release/euf-viper"",""fabric-solve"",""--engine"",""quotient-portfolio"",""/net/scratch/hscra/plgrid/plgnasqret/codex-control/projects/euf-viper/corpora/9b39c70a794d52277a4e5d83731f0ebc50a2f3b804eb1dfc8cf32766a5ebeadc/smtlib-2025/QF_UF/QF_UF/QG-classification/qg7/gensys_icl003.smt2""]"
40,1,7036,QF_UF/QG-classification/qg7/gensys_icl003.smt2,a57fafad05d0b8b6e2d39cb37b8c1a190462d8daf4b9edefe08fcc0275a121f3,812658,unsat,1,williams_first_order_carryover,f142088f68ffae0501ab8de7e323efb430c2912e83fc68ef048bfb8276401870,0,0,0,0,4,4,proof-seed-16,proof-seed-16,"[""baseline"",""proof-seed-0"",""proof-seed-32"",""proof-seed-4"",""proof-seed-16"",""proof-seed-8""]",parser_inclusive_subprocess_wall_clock,1,timeout,2.007416829,124,-9,1,timeout,exceeded 2 seconds,,,"[""/net/scratch/hscra/plgrid/plgnasqret/codex-control/projects/euf-viper/runs/20260727T113307Z-proof-seed-qg7-2d4a372/target/release/euf-viper"",""fabric-solve"",""--engine"",""quotient-portfolio"",""/net/scratch/hscra/plgrid/plgnasqret/codex-control/projects/euf-viper/corpora/9b39c70a794d52277a4e5d83731f0ebc50a2f3b804eb1dfc8cf32766a5ebeadc/smtlib-2025/QF_UF/QF_UF/QG-classification/qg7/gensys_icl003.smt2""]"
41,1,7036,QF_UF/QG-classification/qg7/gensys_icl003.smt2,a57fafad05d0b8b6e2d39cb37b8c1a190462d8daf4b9edefe08fcc0275a121f3,812658,unsat,1,williams_first_order_carryover,f142088f68ffae0501ab8de7e323efb430c2912e83fc68ef048bfb8276401870,0,0,0,0,5,5,proof-seed-8,proof-seed-8,"[""baseline"",""proof-seed-0"",""proof-seed-32"",""proof-seed-4"",""proof-seed-16"",""proof-seed-8""]",parser_inclusive_subprocess_wall_clock,1,timeout,2.006783046,124,-9,1,timeout,exceeded 2 seconds,,,"[""/net/scratch/hscra/plgrid/plgnasqret/codex-control/projects/euf-viper/runs/20260727T113307Z-proof-seed-qg7-2d4a372/target/release/euf-viper"",""fabric-solve"",""--engine"",""quotient-portfolio"",""/net/scratch/hscra/plgrid/plgnasqret/codex-control/projects/euf-viper/corpora/9b39c70a794d52277a4e5d83731f0ebc50a2f3b804eb1dfc8cf32766a5ebeadc/smtlib-2025/QF_UF/QF_UF/QG-classification/qg7/gensys_icl003.smt2""]"
42,1,7036,QF_UF/QG-classification/qg7/gensys_icl003.smt2,a57fafad05d0b8b6e2d39cb37b8c1a190462d8daf4b9edefe08fcc0275a121f3,812658,unsat,1,williams_first_order_carryover,f142088f68ffae0501ab8de7e323efb430c2912e83fc68ef048bfb8276401870,1,1,0,1,0,0,proof-seed-0,proof-seed-0,"[""proof-seed-0"",""proof-seed-4"",""baseline"",""proof-seed-8"",""proof-seed-32"",""proof-seed-16""]",parser_inclusive_subprocess_wall_clock,1,timeout,2.006569808,124,-9,1,timeout,exceeded 2 seconds,,,"[""/net/scratch/hscra/plgrid/plgnasqret/codex-control/projects/euf-viper/runs/20260727T113307Z-proof-seed-qg7-2d4a372/target/release/euf-viper"",""fabric-solve"",""--engine"",""quotient-portfolio"",""/net/scratch/hscra/plgrid/plgnasqret/codex-control/projects/euf-viper/corpora/9b39c70a794d52277a4e5d83731f0ebc50a2f3b804eb1dfc8cf32766a5ebeadc/smtlib-2025/QF_UF/QF_UF/QG-classification/qg7/gensys_icl003.smt2""]"
43,1,7036,QF_UF/QG-classification/qg7/gensys_icl003.smt2,a57fafad05d0b8b6e2d39cb37b8c1a190462d8daf4b9edefe08fcc0275a121f3,812658,unsat,1,williams_first_order_carryover,f142088f68ffae0501ab8de7e323efb430c2912e83fc68ef048bfb8276401870,1,1,0,1,1,1,proof-seed-4,proof-seed-4,"[""proof-seed-0"",""proof-seed-4"",""baseline"",""proof-seed-8"",""proof-seed-32"",""proof-seed-16""]",parser_inclusive_subprocess_wall_clock,1,timeout,2.006102347,124,-9,1,timeout,exceeded 2 seconds,,,"[""/net/scratch/hscra/plgrid/plgnasqret/codex-control/projects/euf-viper/runs/20260727T113307Z-proof-seed-qg7-2d4a372/target/release/euf-viper"",""fabric-solve"",""--engine"",""quotient-portfolio"",""/net/scratch/hscra/plgrid/plgnasqret/codex-control/projects/euf-viper/corpora/9b39c70a794d52277a4e5d83731f0ebc50a2f3b804eb1dfc8cf32766a5ebeadc/smtlib-2025/QF_UF/QF_UF/QG-classification/qg7/gensys_icl003.smt2""]"
44,1,7036,QF_UF/QG-classification/qg7/gensys_icl003.smt2,a57fafad05d0b8b6e2d39cb37b8c1a190462d8daf4b9edefe08fcc0275a121f3,812658,unsat,1,williams_first_order_carryover,f142088f68ffae0501ab8de7e323efb430c2912e83fc68ef048bfb8276401870,1,1,0,1,2,2,baseline,baseline,"[""proof-seed-0"",""proof-seed-4"",""baseline"",""proof-seed-8"",""proof-seed-32"",""proof-seed-16""]",parser_inclusive_subprocess_wall_clock,1,timeout,2.007034143,124,-9,1,timeout,exceeded 2 seconds,,,"[""/net/scratch/hscra/plgrid/plgnasqret/codex-control/projects/euf-viper/runs/20260727T113307Z-proof-seed-qg7-2d4a372/target/release/euf-viper"",""fabric-solve"",""--engine"",""quotient-portfolio"",""/net/scratch/hscra/plgrid/plgnasqret/codex-control/projects/euf-viper/corpora/9b39c70a794d52277a4e5d83731f0ebc50a2f3b804eb1dfc8cf32766a5ebeadc/smtlib-2025/QF_UF/QF_UF/QG-classification/qg7/gensys_icl003.smt2""]"
45,1,7036,QF_UF/QG-classification/qg7/gensys_icl003.smt2,a57fafad05d0b8b6e2d39cb37b8c1a190462d8daf4b9edefe08fcc0275a121f3,812658,unsat,1,williams_first_order_carryover,f142088f68ffae0501ab8de7e323efb430c2912e83fc68ef048bfb8276401870,1,1,0,1,3,3,proof-seed-8,proof-seed-8,"[""proof-seed-0"",""proof-seed-4"",""baseline"",""proof-seed-8"",""proof-seed-32"",""proof-seed-16""]",parser_inclusive_subprocess_wall_clock,1,timeout,2.007362022,124,-9,1,timeout,exceeded 2 seconds,,,"[""/net/scratch/hscra/plgrid/plgnasqret/codex-control/projects/euf-viper/runs/20260727T113307Z-proof-seed-qg7-2d4a372/target/release/euf-viper"",""fabric-solve"",""--engine"",""quotient-portfolio"",""/net/scratch/hscra/plgrid/plgnasqret/codex-control/projects/euf-viper/corpora/9b39c70a794d52277a4e5d83731f0ebc50a2f3b804eb1dfc8cf32766a5ebeadc/smtlib-2025/QF_UF/QF_UF/QG-classification/qg7/gensys_icl003.smt2""]"
46,1,7036,QF_UF/QG-classification/qg7/gensys_icl003.smt2,a57fafad05d0b8b6e2d39cb37b8c1a190462d8daf4b9edefe08fcc0275a121f3,812658,unsat,1,williams_first_order_carryover,f142088f68ffae0501ab8de7e323efb430c2912e83fc68ef048bfb8276401870,1,1,0,1,4,4,proof-seed-32,proof-seed-32,"[""proof-seed-0"",""proof-seed-4"",""baseline"",""proof-seed-8"",""proof-seed-32"",""proof-seed-16""]",parser_inclusive_subprocess_wall_clock,1,timeout,2.007866642,124,-9,1,timeout,exceeded 2 seconds,,,"[""/net/scratch/hscra/plgrid/plgnasqret/codex-control/projects/euf-viper/runs/20260727T113307Z-proof-seed-qg7-2d4a372/target/release/euf-viper"",""fabric-solve"",""--engine"",""quotient-portfolio"",""/net/scratch/hscra/plgrid/plgnasqret/codex-control/projects/euf-viper/corpora/9b39c70a794d52277a4e5d83731f0ebc50a2f3b804eb1dfc8cf32766a5ebeadc/smtlib-2025/QF_UF/QF_UF/QG-classification/qg7/gensys_icl003.smt2""]"
47,1,7036,QF_UF/QG-classification/qg7/gensys_icl003.smt2,a57fafad05d0b8b6e2d39cb37b8c1a190462d8daf4b9edefe08fcc0275a121f3,812658,unsat,1,williams_first_order_carryover,f142088f68ffae0501ab8de7e323efb430c2912e83fc68ef048bfb8276401870,1,1,0,1,5,5,proof-seed-16,proof-seed-16,"[""proof-seed-0"",""proof-seed-4"",""baseline"",""proof-seed-8"",""proof-seed-32"",""proof-seed-16""]",parser_inclusive_subprocess_wall_clock,1,timeout,2.006700813,124,-9,1,timeout,exceeded 2 seconds,,,"[""/net/scratch/hscra/plgrid/plgnasqret/codex-control/projects/euf-viper/runs/20260727T113307Z-proof-seed-qg7-2d4a372/target/release/euf-viper"",""fabric-solve"",""--engine"",""quotient-portfolio"",""/net/scratch/hscra/plgrid/plgnasqret/codex-control/projects/euf-viper/corpora/9b39c70a794d52277a4e5d83731f0ebc50a2f3b804eb1dfc8cf32766a5ebeadc/smtlib-2025/QF_UF/QF_UF/QG-classification/qg7/gensys_icl003.smt2""]"
48,1,7036,QF_UF/QG-classification/qg7/gensys_icl003.smt2,a57fafad05d0b8b6e2d39cb37b8c1a190462d8daf4b9edefe08fcc0275a121f3,812658,unsat,1,williams_first_order_carryover,f142088f68ffae0501ab8de7e323efb430c2912e83fc68ef048bfb8276401870,2,2,0,2,0,0,proof-seed-4,proof-seed-4,"[""proof-seed-4"",""proof-seed-8"",""proof-seed-0"",""proof-seed-16"",""baseline"",""proof-seed-32""]",parser_inclusive_subprocess_wall_clock,1,timeout,2.006829677,124,-9,1,timeout,exceeded 2 seconds,,,"[""/net/scratch/hscra/plgrid/plgnasqret/codex-control/projects/euf-viper/runs/20260727T113307Z-proof-seed-qg7-2d4a372/target/release/euf-viper"",""fabric-solve"",""--engine"",""quotient-portfolio"",""/net/scratch/hscra/plgrid/plgnasqret/codex-control/projects/euf-viper/corpora/9b39c70a794d52277a4e5d83731f0ebc50a2f3b804eb1dfc8cf32766a5ebeadc/smtlib-2025/QF_UF/QF_UF/QG-classification/qg7/gensys_icl003.smt2""]"
49,1,7036,QF_UF/QG-classification/qg7/gensys_icl003.smt2,a57fafad05d0b8b6e2d39cb37b8c1a190462d8daf4b9edefe08fcc0275a121f3,812658,unsat,1,williams_first_order_carryover,f142088f68ffae0501ab8de7e323efb430c2912e83fc68ef048bfb8276401870,2,2,0,2,1,1,proof-seed-8,proof-seed-8,"[""proof-seed-4"",""proof-seed-8"",""proof-seed-0"",""proof-seed-16"",""baseline"",""proof-seed-32""]",parser_inclusive_subprocess_wall_clock,1,timeout,2.006360875,124,-9,1,timeout,exceeded 2 seconds,,,"[""/net/scratch/hscra/plgrid/plgnasqret/codex-control/projects/euf-viper/runs/20260727T113307Z-proof-seed-qg7-2d4a372/target/release/euf-viper"",""fabric-solve"",""--engine"",""quotient-portfolio"",""/net/scratch/hscra/plgrid/plgnasqret/codex-control/projects/euf-viper/corpora/9b39c70a794d52277a4e5d83731f0ebc50a2f3b804eb1dfc8cf32766a5ebeadc/smtlib-2025/QF_UF/QF_UF/QG-classification/qg7/gensys_icl003.smt2""]"
50,1,7036,QF_UF/QG-classification/qg7/gensys_icl003.smt2,a57fafad05d0b8b6e2d39cb37b8c1a190462d8daf4b9edefe08fcc0275a121f3,812658,unsat,1,williams_first_order_carryover,f142088f68ffae0501ab8de7e323efb430c2912e83fc68ef048bfb8276401870,2,2,0,2,2,2,proof-seed-0,proof-seed-0,"[""proof-seed-4"",""proof-seed-8"",""proof-seed-0"",""proof-seed-16"",""baseline"",""proof-seed-32""]",parser_inclusive_subprocess_wall_clock,1,timeout,2.006113232,124,-9,1,timeout,exceeded 2 seconds,,,"[""/net/scratch/hscra/plgrid/plgnasqret/codex-control/projects/euf-viper/runs/20260727T113307Z-proof-seed-qg7-2d4a372/target/release/euf-viper"",""fabric-solve"",""--engine"",""quotient-portfolio"",""/net/scratch/hscra/plgrid/plgnasqret/codex-control/projects/euf-viper/corpora/9b39c70a794d52277a4e5d83731f0ebc50a2f3b804eb1dfc8cf32766a5ebeadc/smtlib-2025/QF_UF/QF_UF/QG-classification/qg7/gensys_icl003.smt2""]"
51,1,7036,QF_UF/QG-classification/qg7/gensys_icl003.smt2,a57fafad05d0b8b6e2d39cb37b8c1a190462d8daf4b9edefe08fcc0275a121f3,812658,unsat,1,williams_first_order_carryover,f142088f68ffae0501ab8de7e323efb430c2912e83fc68ef048bfb8276401870,2,2,0,2,3,3,proof-seed-16,proof-seed-16,"[""proof-seed-4"",""proof-seed-8"",""proof-seed-0"",""proof-seed-16"",""baseline"",""proof-seed-32""]",parser_inclusive_subprocess_wall_clock,1,timeout,2.007408914,124,-9,1,timeout,exceeded 2 seconds,,,"[""/net/scratch/hscra/plgrid/plgnasqret/codex-control/projects/euf-viper/runs/20260727T113307Z-proof-seed-qg7-2d4a372/target/release/euf-viper"",""fabric-solve"",""--engine"",""quotient-portfolio"",""/net/scratch/hscra/plgrid/plgnasqret/codex-control/projects/euf-viper/corpora/9b39c70a794d52277a4e5d83731f0ebc50a2f3b804eb1dfc8cf32766a5ebeadc/smtlib-2025/QF_UF/QF_UF/QG-classification/qg7/gensys_icl003.smt2""]"
52,1,7036,QF_UF/QG-classification/qg7/gensys_icl003.smt2,a57fafad05d0b8b6e2d39cb37b8c1a190462d8daf4b9edefe08fcc0275a121f3,812658,unsat,1,williams_first_order_carryover,f142088f68ffae0501ab8de7e323efb430c2912e83fc68ef048bfb8276401870,2,2,0,2,4,4,baseline,baseline,"[""proof-seed-4"",""proof-seed-8"",""proof-seed-0"",""proof-seed-16"",""baseline"",""proof-seed-32""]",parser_inclusive_subprocess_wall_clock,1,timeout,2.005938371,124,-9,1,timeout,exceeded 2 seconds,,,"[""/net/scratch/hscra/plgrid/plgnasqret/codex-control/projects/euf-viper/runs/20260727T113307Z-proof-seed-qg7-2d4a372/target/release/euf-viper"",""fabric-solve"",""--engine"",""quotient-portfolio"",""/net/scratch/hscra/plgrid/plgnasqret/codex-control/projects/euf-viper/corpora/9b39c70a794d52277a4e5d83731f0ebc50a2f3b804eb1dfc8cf32766a5ebeadc/smtlib-2025/QF_UF/QF_UF/QG-classification/qg7/gensys_icl003.smt2""]"
53,1,7036,QF_UF/QG-classification/qg7/gensys_icl003.smt2,a57fafad05d0b8b6e2d39cb37b8c1a190462d8daf4b9edefe08fcc0275a121f3,812658,unsat,1,williams_first_order_carryover,f142088f68ffae0501ab8de7e323efb430c2912e83fc68ef048bfb8276401870,2,2,0,2,5,5,proof-seed-32,proof-seed-32,"[""proof-seed-4"",""proof-seed-8"",""proof-seed-0"",""proof-seed-16"",""baseline"",""proof-seed-32""]",parser_inclusive_subprocess_wall_clock,1,timeout,2.006626069,124,-9,1,timeout,exceeded 2 seconds,,,"[""/net/scratch/hscra/plgrid/plgnasqret/codex-control/projects/euf-viper/runs/20260727T113307Z-proof-seed-qg7-2d4a372/target/release/euf-viper"",""fabric-solve"",""--engine"",""quotient-portfolio"",""/net/scratch/hscra/plgrid/plgnasqret/codex-control/projects/euf-viper/corpora/9b39c70a794d52277a4e5d83731f0ebc50a2f3b804eb1dfc8cf32766a5ebeadc/smtlib-2025/QF_UF/QF_UF/QG-classification/qg7/gensys_icl003.smt2""]"
54,1,7036,QF_UF/QG-classification/qg7/gensys_icl003.smt2,a57fafad05d0b8b6e2d39cb37b8c1a190462d8daf4b9edefe08fcc0275a121f3,812658,unsat,1,williams_first_order_carryover,f142088f68ffae0501ab8de7e323efb430c2912e83fc68ef048bfb8276401870,3,3,0,3,0,0,proof-seed-8,proof-seed-8,"[""proof-seed-8"",""proof-seed-16"",""proof-seed-4"",""proof-seed-32"",""proof-seed-0"",""baseline""]",parser_inclusive_subprocess_wall_clock,1,timeout,2.007081640,124,-9,1,timeout,exceeded 2 seconds,,,"[""/net/scratch/hscra/plgrid/plgnasqret/codex-control/projects/euf-viper/runs/20260727T113307Z-proof-seed-qg7-2d4a372/target/release/euf-viper"",""fabric-solve"",""--engine"",""quotient-portfolio"",""/net/scratch/hscra/plgrid/plgnasqret/codex-control/projects/euf-viper/corpora/9b39c70a794d52277a4e5d83731f0ebc50a2f3b804eb1dfc8cf32766a5ebeadc/smtlib-2025/QF_UF/QF_UF/QG-classification/qg7/gensys_icl003.smt2""]"
55,1,7036,QF_UF/QG-classification/qg7/gensys_icl003.smt2,a57fafad05d0b8b6e2d39cb37b8c1a190462d8daf4b9edefe08fcc0275a121f3,812658,unsat,1,williams_first_order_carryover,f142088f68ffae0501ab8de7e323efb430c2912e83fc68ef048bfb8276401870,3,3,0,3,1,1,proof-seed-16,proof-seed-16,"[""proof-seed-8"",""proof-seed-16"",""proof-seed-4"",""proof-seed-32"",""proof-seed-0"",""baseline""]",parser_inclusive_subprocess_wall_clock,1,timeout,2.006808538,124,-9,1,timeout,exceeded 2 seconds,,,"[""/net/scratch/hscra/plgrid/plgnasqret/codex-control/projects/euf-viper/runs/20260727T113307Z-proof-seed-qg7-2d4a372/target/release/euf-viper"",""fabric-solve"",""--engine"",""quotient-portfolio"",""/net/scratch/hscra/plgrid/plgnasqret/codex-control/projects/euf-viper/corpora/9b39c70a794d52277a4e5d83731f0ebc50a2f3b804eb1dfc8cf32766a5ebeadc/smtlib-2025/QF_UF/QF_UF/QG-classification/qg7/gensys_icl003.smt2""]"
56,1,7036,QF_UF/QG-classification/qg7/gensys_icl003.smt2,a57fafad05d0b8b6e2d39cb37b8c1a190462d8daf4b9edefe08fcc0275a121f3,812658,unsat,1,williams_first_order_carryover,f142088f68ffae0501ab8de7e323efb430c2912e83fc68ef048bfb8276401870,3,3,0,3,2,2,proof-seed-4,proof-seed-4,"[""proof-seed-8"",""proof-seed-16"",""proof-seed-4"",""proof-seed-32"",""proof-seed-0"",""baseline""]",parser_inclusive_subprocess_wall_clock,1,timeout,2.007098156,124,-9,1,timeout,exceeded 2 seconds,,,"[""/net/scratch/hscra/plgrid/plgnasqret/codex-control/projects/euf-viper/runs/20260727T113307Z-proof-seed-qg7-2d4a372/target/release/euf-viper"",""fabric-solve"",""--engine"",""quotient-portfolio"",""/net/scratch/hscra/plgrid/plgnasqret/codex-control/projects/euf-viper/corpora/9b39c70a794d52277a4e5d83731f0ebc50a2f3b804eb1dfc8cf32766a5ebeadc/smtlib-2025/QF_UF/QF_UF/QG-classification/qg7/gensys_icl003.smt2""]"
57,1,7036,QF_UF/QG-classification/qg7/gensys_icl003.smt2,a57fafad05d0b8b6e2d39cb37b8c1a190462d8daf4b9edefe08fcc0275a121f3,812658,unsat,1,williams_first_order_carryover,f142088f68ffae0501ab8de7e323efb430c2912e83fc68ef048bfb8276401870,3,3,0,3,3,3,proof-seed-32,proof-seed-32,"[""proof-seed-8"",""proof-seed-16"",""proof-seed-4"",""proof-seed-32"",""proof-seed-0"",""baseline""]",parser_inclusive_subprocess_wall_clock,1,timeout,2.007052975,124,-9,1,timeout,exceeded 2 seconds,,,"[""/net/scratch/hscra/plgrid/plgnasqret/codex-control/projects/euf-viper/runs/20260727T113307Z-proof-seed-qg7-2d4a372/target/release/euf-viper"",""fabric-solve"",""--engine"",""quotient-portfolio"",""/net/scratch/hscra/plgrid/plgnasqret/codex-control/projects/euf-viper/corpora/9b39c70a794d52277a4e5d83731f0ebc50a2f3b804eb1dfc8cf32766a5ebeadc/smtlib-2025/QF_UF/QF_UF/QG-classification/qg7/gensys_icl003.smt2""]"
58,1,7036,QF_UF/QG-classification/qg7/gensys_icl003.smt2,a57fafad05d0b8b6e2d39cb37b8c1a190462d8daf4b9edefe08fcc0275a121f3,812658,unsat,1,williams_first_order_carryover,f142088f68ffae0501ab8de7e323efb430c2912e83fc68ef048bfb8276401870,3,3,0,3,4,4,proof-seed-0,proof-seed-0,"[""proof-seed-8"",""proof-seed-16"",""proof-seed-4"",""proof-seed-32"",""proof-seed-0"",""baseline""]",parser_inclusive_subprocess_wall_clock,1,timeout,2.006593316,124,-9,1,timeout,exceeded 2 seconds,,,"[""/net/scratch/hscra/plgrid/plgnasqret/codex-control/projects/euf-viper/runs/20260727T113307Z-proof-seed-qg7-2d4a372/target/release/euf-viper"",""fabric-solve"",""--engine"",""quotient-portfolio"",""/net/scratch/hscra/plgrid/plgnasqret/codex-control/projects/euf-viper/corpora/9b39c70a794d52277a4e5d83731f0ebc50a2f3b804eb1dfc8cf32766a5ebeadc/smtlib-2025/QF_UF/QF_UF/QG-classification/qg7/gensys_icl003.smt2""]"
59,1,7036,QF_UF/QG-classification/qg7/gensys_icl003.smt2,a57fafad05d0b8b6e2d39cb37b8c1a190462d8daf4b9edefe08fcc0275a121f3,812658,unsat,1,williams_first_order_carryover,f142088f68ffae0501ab8de7e323efb430c2912e83fc68ef048bfb8276401870,3,3,0,3,5,5,baseline,baseline,"[""proof-seed-8"",""proof-seed-16"",""proof-seed-4"",""proof-seed-32"",""proof-seed-0"",""baseline""]",parser_inclusive_subprocess_wall_clock,1,timeout,2.006145297,124,-9,1,timeout,exceeded 2 seconds,,,"[""/net/scratch/hscra/plgrid/plgnasqret/codex-control/projects/euf-viper/runs/20260727T113307Z-proof-seed-qg7-2d4a372/target/release/euf-viper"",""fabric-solve"",""--engine"",""quotient-portfolio"",""/net/scratch/hscra/plgrid/plgnasqret/codex-control/projects/euf-viper/corpora/9b39c70a794d52277a4e5d83731f0ebc50a2f3b804eb1dfc8cf32766a5ebeadc/smtlib-2025/QF_UF/QF_UF/QG-classification/qg7/gensys_icl003.smt2""]"
60,1,7036,QF_UF/QG-classification/qg7/gensys_icl003.smt2,a57fafad05d0b8b6e2d39cb37b8c1a190462d8daf4b9edefe08fcc0275a121f3,812658,unsat,1,williams_first_order_carryover,f142088f68ffae0501ab8de7e323efb430c2912e83fc68ef048bfb8276401870,4,4,0,4,0,0,proof-seed-16,proof-seed-16,"[""proof-seed-16"",""proof-seed-32"",""proof-seed-8"",""baseline"",""proof-seed-4"",""proof-seed-0""]",parser_inclusive_subprocess_wall_clock,1,timeout,2.006320334,124,-9,1,timeout,exceeded 2 seconds,,,"[""/net/scratch/hscra/plgrid/plgnasqret/codex-control/projects/euf-viper/runs/20260727T113307Z-proof-seed-qg7-2d4a372/target/release/euf-viper"",""fabric-solve"",""--engine"",""quotient-portfolio"",""/net/scratch/hscra/plgrid/plgnasqret/codex-control/projects/euf-viper/corpora/9b39c70a794d52277a4e5d83731f0ebc50a2f3b804eb1dfc8cf32766a5ebeadc/smtlib-2025/QF_UF/QF_UF/QG-classification/qg7/gensys_icl003.smt2""]"
61,1,7036,QF_UF/QG-classification/qg7/gensys_icl003.smt2,a57fafad05d0b8b6e2d39cb37b8c1a190462d8daf4b9edefe08fcc0275a121f3,812658,unsat,1,williams_first_order_carryover,f142088f68ffae0501ab8de7e323efb430c2912e83fc68ef048bfb8276401870,4,4,0,4,1,1,proof-seed-32,proof-seed-32,"[""proof-seed-16"",""proof-seed-32"",""proof-seed-8"",""baseline"",""proof-seed-4"",""proof-seed-0""]",parser_inclusive_subprocess_wall_clock,1,timeout,2.007033313,124,-9,1,timeout,exceeded 2 seconds,,,"[""/net/scratch/hscra/plgrid/plgnasqret/codex-control/projects/euf-viper/runs/20260727T113307Z-proof-seed-qg7-2d4a372/target/release/euf-viper"",""fabric-solve"",""--engine"",""quotient-portfolio"",""/net/scratch/hscra/plgrid/plgnasqret/codex-control/projects/euf-viper/corpora/9b39c70a794d52277a4e5d83731f0ebc50a2f3b804eb1dfc8cf32766a5ebeadc/smtlib-2025/QF_UF/QF_UF/QG-classification/qg7/gensys_icl003.smt2""]"
62,1,7036,QF_UF/QG-classification/qg7/gensys_icl003.smt2,a57fafad05d0b8b6e2d39cb37b8c1a190462d8daf4b9edefe08fcc0275a121f3,812658,unsat,1,williams_first_order_carryover,f142088f68ffae0501ab8de7e323efb430c2912e83fc68ef048bfb8276401870,4,4,0,4,2,2,proof-seed-8,proof-seed-8,"[""proof-seed-16"",""proof-seed-32"",""proof-seed-8"",""baseline"",""proof-seed-4"",""proof-seed-0""]",parser_inclusive_subprocess_wall_clock,1,timeout,2.006887543,124,-9,1,timeout,exceeded 2 seconds,,,"[""/net/scratch/hscra/plgrid/plgnasqret/codex-control/projects/euf-viper/runs/20260727T113307Z-proof-seed-qg7-2d4a372/target/release/euf-viper"",""fabric-solve"",""--engine"",""quotient-portfolio"",""/net/scratch/hscra/plgrid/plgnasqret/codex-control/projects/euf-viper/corpora/9b39c70a794d52277a4e5d83731f0ebc50a2f3b804eb1dfc8cf32766a5ebeadc/smtlib-2025/QF_UF/QF_UF/QG-classification/qg7/gensys_icl003.smt2""]"
63,1,7036,QF_UF/QG-classification/qg7/gensys_icl003.smt2,a57fafad05d0b8b6e2d39cb37b8c1a190462d8daf4b9edefe08fcc0275a121f3,812658,unsat,1,williams_first_order_carryover,f142088f68ffae0501ab8de7e323efb430c2912e83fc68ef048bfb8276401870,4,4,0,4,3,3,baseline,baseline,"[""proof-seed-16"",""proof-seed-32"",""proof-seed-8"",""baseline"",""proof-seed-4"",""proof-seed-0""]",parser_inclusive_subprocess_wall_clock,1,timeout,2.006446855,124,-9,1,timeout,exceeded 2 seconds,,,"[""/net/scratch/hscra/plgrid/plgnasqret/codex-control/projects/euf-viper/runs/20260727T113307Z-proof-seed-qg7-2d4a372/target/release/euf-viper"",""fabric-solve"",""--engine"",""quotient-portfolio"",""/net/scratch/hscra/plgrid/plgnasqret/codex-control/projects/euf-viper/corpora/9b39c70a794d52277a4e5d83731f0ebc50a2f3b804eb1dfc8cf32766a5ebeadc/smtlib-2025/QF_UF/QF_UF/QG-classification/qg7/gensys_icl003.smt2""]"
64,1,7036,QF_UF/QG-classification/qg7/gensys_icl003.smt2,a57fafad05d0b8b6e2d39cb37b8c1a190462d8daf4b9edefe08fcc0275a121f3,812658,unsat,1,williams_first_order_carryover,f142088f68ffae0501ab8de7e323efb430c2912e83fc68ef048bfb8276401870,4,4,0,4,4,4,proof-seed-4,proof-seed-4,"[""proof-seed-16"",""proof-seed-32"",""proof-seed-8"",""baseline"",""proof-seed-4"",""proof-seed-0""]",parser_inclusive_subprocess_wall_clock,1,timeout,2.006237833,124,-9,1,timeout,exceeded 2 seconds,,,"[""/net/scratch/hscra/plgrid/plgnasqret/codex-control/projects/euf-viper/runs/20260727T113307Z-proof-seed-qg7-2d4a372/target/release/euf-viper"",""fabric-solve"",""--engine"",""quotient-portfolio"",""/net/scratch/hscra/plgrid/plgnasqret/codex-control/projects/euf-viper/corpora/9b39c70a794d52277a4e5d83731f0ebc50a2f3b804eb1dfc8cf32766a5ebeadc/smtlib-2025/QF_UF/QF_UF/QG-classification/qg7/gensys_icl003.smt2""]"
65,1,7036,QF_UF/QG-classification/qg7/gensys_icl003.smt2,a57fafad05d0b8b6e2d39cb37b8c1a190462d8daf4b9edefe08fcc0275a121f3,812658,unsat,1,williams_first_order_carryover,f142088f68ffae0501ab8de7e323efb430c2912e83fc68ef048bfb8276401870,4,4,0,4,5,5,proof-seed-0,proof-seed-0,"[""proof-seed-16"",""proof-seed-32"",""proof-seed-8"",""baseline"",""proof-seed-4"",""proof-seed-0""]",parser_inclusive_subprocess_wall_clock,1,timeout,2.006780853,124,-9,1,timeout,exceeded 2 seconds,,,"[""/net/scratch/hscra/plgrid/plgnasqret/codex-control/projects/euf-viper/runs/20260727T113307Z-proof-seed-qg7-2d4a372/target/release/euf-viper"",""fabric-solve"",""--engine"",""quotient-portfolio"",""/net/scratch/hscra/plgrid/plgnasqret/codex-control/projects/euf-viper/corpora/9b39c70a794d52277a4e5d83731f0ebc50a2f3b804eb1dfc8cf32766a5ebeadc/smtlib-2025/QF_UF/QF_UF/QG-classification/qg7/gensys_icl003.smt2""]"
66,1,7036,QF_UF/QG-classification/qg7/gensys_icl003.smt2,a57fafad05d0b8b6e2d39cb37b8c1a190462d8daf4b9edefe08fcc0275a121f3,812658,unsat,1,williams_first_order_carryover,f142088f68ffae0501ab8de7e323efb430c2912e83fc68ef048bfb8276401870,5,5,0,5,0,0,proof-seed-32,proof-seed-32,"[""proof-seed-32"",""baseline"",""proof-seed-16"",""proof-seed-0"",""proof-seed-8"",""proof-seed-4""]",parser_inclusive_subprocess_wall_clock,1,timeout,2.006562187,124,-9,1,timeout,exceeded 2 seconds,,,"[""/net/scratch/hscra/plgrid/plgnasqret/codex-control/projects/euf-viper/runs/20260727T113307Z-proof-seed-qg7-2d4a372/target/release/euf-viper"",""fabric-solve"",""--engine"",""quotient-portfolio"",""/net/scratch/hscra/plgrid/plgnasqret/codex-control/projects/euf-viper/corpora/9b39c70a794d52277a4e5d83731f0ebc50a2f3b804eb1dfc8cf32766a5ebeadc/smtlib-2025/QF_UF/QF_UF/QG-classification/qg7/gensys_icl003.smt2""]"
67,1,7036,QF_UF/QG-classification/qg7/gensys_icl003.smt2,a57fafad05d0b8b6e2d39cb37b8c1a190462d8daf4b9edefe08fcc0275a121f3,812658,unsat,1,williams_first_order_carryover,f142088f68ffae0501ab8de7e323efb430c2912e83fc68ef048bfb8276401870,5,5,0,5,1,1,baseline,baseline,"[""proof-seed-32"",""baseline"",""proof-seed-16"",""proof-seed-0"",""proof-seed-8"",""proof-seed-4""]",parser_inclusive_subprocess_wall_clock,1,timeout,2.005868048,124,-9,1,timeout,exceeded 2 seconds,,,"[""/net/scratch/hscra/plgrid/plgnasqret/codex-control/projects/euf-viper/runs/20260727T113307Z-proof-seed-qg7-2d4a372/target/release/euf-viper"",""fabric-solve"",""--engine"",""quotient-portfolio"",""/net/scratch/hscra/plgrid/plgnasqret/codex-control/projects/euf-viper/corpora/9b39c70a794d52277a4e5d83731f0ebc50a2f3b804eb1dfc8cf32766a5ebeadc/smtlib-2025/QF_UF/QF_UF/QG-classification/qg7/gensys_icl003.smt2""]"
68,1,7036,QF_UF/QG-classification/qg7/gensys_icl003.smt2,a57fafad05d0b8b6e2d39cb37b8c1a190462d8daf4b9edefe08fcc0275a121f3,812658,unsat,1,williams_first_order_carryover,f142088f68ffae0501ab8de7e323efb430c2912e83fc68ef048bfb8276401870,5,5,0,5,2,2,proof-seed-16,proof-seed-16,"[""proof-seed-32"",""baseline"",""proof-seed-16"",""proof-seed-0"",""proof-seed-8"",""proof-seed-4""]",parser_inclusive_subprocess_wall_clock,1,timeout,2.006941328,124,-9,1,timeout,exceeded 2 seconds,,,"[""/net/scratch/hscra/plgrid/plgnasqret/codex-control/projects/euf-viper/runs/20260727T113307Z-proof-seed-qg7-2d4a372/target/release/euf-viper"",""fabric-solve"",""--engine"",""quotient-portfolio"",""/net/scratch/hscra/plgrid/plgnasqret/codex-control/projects/euf-viper/corpora/9b39c70a794d52277a4e5d83731f0ebc50a2f3b804eb1dfc8cf32766a5ebeadc/smtlib-2025/QF_UF/QF_UF/QG-classification/qg7/gensys_icl003.smt2""]"
69,1,7036,QF_UF/QG-classification/qg7/gensys_icl003.smt2,a57fafad05d0b8b6e2d39cb37b8c1a190462d8daf4b9edefe08fcc0275a121f3,812658,unsat,1,williams_first_order_carryover,f142088f68ffae0501ab8de7e323efb430c2912e83fc68ef048bfb8276401870,5,5,0,5,3,3,proof-seed-0,proof-seed-0,"[""proof-seed-32"",""baseline"",""proof-seed-16"",""proof-seed-0"",""proof-seed-8"",""proof-seed-4""]",parser_inclusive_subprocess_wall_clock,1,timeout,2.006707007,124,-9,1,timeout,exceeded 2 seconds,,,"[""/net/scratch/hscra/plgrid/plgnasqret/codex-control/projects/euf-viper/runs/20260727T113307Z-proof-seed-qg7-2d4a372/target/release/euf-viper"",""fabric-solve"",""--engine"",""quotient-portfolio"",""/net/scratch/hscra/plgrid/plgnasqret/codex-control/projects/euf-viper/corpora/9b39c70a794d52277a4e5d83731f0ebc50a2f3b804eb1dfc8cf32766a5ebeadc/smtlib-2025/QF_UF/QF_UF/QG-classification/qg7/gensys_icl003.smt2""]"
70,1,7036,QF_UF/QG-classification/qg7/gensys_icl003.smt2,a57fafad05d0b8b6e2d39cb37b8c1a190462d8daf4b9edefe08fcc0275a121f3,812658,unsat,1,williams_first_order_carryover,f142088f68ffae0501ab8de7e323efb430c2912e83fc68ef048bfb8276401870,5,5,0,5,4,4,proof-seed-8,proof-seed-8,"[""proof-seed-32"",""baseline"",""proof-seed-16"",""proof-seed-0"",""proof-seed-8"",""proof-seed-4""]",parser_inclusive_subprocess_wall_clock,1,timeout,2.007446448,124,-9,1,timeout,exceeded 2 seconds,,,"[""/net/scratch/hscra/plgrid/plgnasqret/codex-control/projects/euf-viper/runs/20260727T113307Z-proof-seed-qg7-2d4a372/target/release/euf-viper"",""fabric-solve"",""--engine"",""quotient-portfolio"",""/net/scratch/hscra/plgrid/plgnasqret/codex-control/projects/euf-viper/corpora/9b39c70a794d52277a4e5d83731f0ebc50a2f3b804eb1dfc8cf32766a5ebeadc/smtlib-2025/QF_UF/QF_UF/QG-classification/qg7/gensys_icl003.smt2""]"
71,1,7036,QF_UF/QG-classification/qg7/gensys_icl003.smt2,a57fafad05d0b8b6e2d39cb37b8c1a190462d8daf4b9edefe08fcc0275a121f3,812658,unsat,1,williams_first_order_carryover,f142088f68ffae0501ab8de7e323efb430c2912e83fc68ef048bfb8276401870,5,5,0,5,5,5,proof-seed-4,proof-seed-4,"[""proof-seed-32"",""baseline"",""proof-seed-16"",""proof-seed-0"",""proof-seed-8"",""proof-seed-4""]",parser_inclusive_subprocess_wall_clock,1,timeout,2.007433948,124,-9,1,timeout,exceeded 2 seconds,,,"[""/net/scratch/hscra/plgrid/plgnasqret/codex-control/projects/euf-viper/runs/20260727T113307Z-proof-seed-qg7-2d4a372/target/release/euf-viper"",""fabric-solve"",""--engine"",""quotient-portfolio"",""/net/scratch/hscra/plgrid/plgnasqret/codex-control/projects/euf-viper/corpora/9b39c70a794d52277a4e5d83731f0ebc50a2f3b804eb1dfc8cf32766a5ebeadc/smtlib-2025/QF_UF/QF_UF/QG-classification/qg7/gensys_icl003.smt2""]"
72,2,7102,QF_UF/QG-classification/qg7/iso_brn_nogen003.smt2,f8b7edd9a2a299c90a09146db1c699f5129e672debad40061a74e50bddd79ee1,6009433,sat,1,williams_first_order_carryover,f142088f68ffae0501ab8de7e323efb430c2912e83fc68ef048bfb8276401870,0,0,0,0,0,0,baseline,baseline,"[""baseline"",""proof-seed-0"",""proof-seed-32"",""proof-seed-4"",""proof-seed-16"",""proof-seed-8""]",parser_inclusive_subprocess_wall_clock,1,sat,0.347424826,0,0,0,,,"sat
",,"[""/net/scratch/hscra/plgrid/plgnasqret/codex-control/projects/euf-viper/runs/20260727T113307Z-proof-seed-qg7-2d4a372/target/release/euf-viper"",""fabric-solve"",""--engine"",""quotient-portfolio"",""/net/scratch/hscra/plgrid/plgnasqret/codex-control/projects/euf-viper/corpora/9b39c70a794d52277a4e5d83731f0ebc50a2f3b804eb1dfc8cf32766a5ebeadc/smtlib-2025/QF_UF/QF_UF/QG-classification/qg7/iso_brn_nogen003.smt2""]"
73,2,7102,QF_UF/QG-classification/qg7/iso_brn_nogen003.smt2,f8b7edd9a2a299c90a09146db1c699f5129e672debad40061a74e50bddd79ee1,6009433,sat,1,williams_first_order_carryover,f142088f68ffae0501ab8de7e323efb430c2912e83fc68ef048bfb8276401870,0,0,0,0,1,1,proof-seed-0,proof-seed-0,"[""baseline"",""proof-seed-0"",""proof-seed-32"",""proof-seed-4"",""proof-seed-16"",""proof-seed-8""]",parser_inclusive_subprocess_wall_clock,1,sat,0.334675673,0,0,0,,,"sat
",,"[""/net/scratch/hscra/plgrid/plgnasqret/codex-control/projects/euf-viper/runs/20260727T113307Z-proof-seed-qg7-2d4a372/target/release/euf-viper"",""fabric-solve"",""--engine"",""quotient-portfolio"",""/net/scratch/hscra/plgrid/plgnasqret/codex-control/projects/euf-viper/corpora/9b39c70a794d52277a4e5d83731f0ebc50a2f3b804eb1dfc8cf32766a5ebeadc/smtlib-2025/QF_UF/QF_UF/QG-classification/qg7/iso_brn_nogen003.smt2""]"
74,2,7102,QF_UF/QG-classification/qg7/iso_brn_nogen003.smt2,f8b7edd9a2a299c90a09146db1c699f5129e672debad40061a74e50bddd79ee1,6009433,sat,1,williams_first_order_carryover,f142088f68ffae0501ab8de7e323efb430c2912e83fc68ef048bfb8276401870,0,0,0,0,2,2,proof-seed-32,proof-seed-32,"[""baseline"",""proof-seed-0"",""proof-seed-32"",""proof-seed-4"",""proof-seed-16"",""proof-seed-8""]",parser_inclusive_subprocess_wall_clock,1,sat,0.330449680,0,0,0,,,"sat
",,"[""/net/scratch/hscra/plgrid/plgnasqret/codex-control/projects/euf-viper/runs/20260727T113307Z-proof-seed-qg7-2d4a372/target/release/euf-viper"",""fabric-solve"",""--engine"",""quotient-portfolio"",""/net/scratch/hscra/plgrid/plgnasqret/codex-control/projects/euf-viper/corpora/9b39c70a794d52277a4e5d83731f0ebc50a2f3b804eb1dfc8cf32766a5ebeadc/smtlib-2025/QF_UF/QF_UF/QG-classification/qg7/iso_brn_nogen003.smt2""]"
75,2,7102,QF_UF/QG-classification/qg7/iso_brn_nogen003.smt2,f8b7edd9a2a299c90a09146db1c699f5129e672debad40061a74e50bddd79ee1,6009433,sat,1,williams_first_order_carryover,f142088f68ffae0501ab8de7e323efb430c2912e83fc68ef048bfb8276401870,0,0,0,0,3,3,proof-seed-4,proof-seed-4,"[""baseline"",""proof-seed-0"",""proof-seed-32"",""proof-seed-4"",""proof-seed-16"",""proof-seed-8""]",parser_inclusive_subprocess_wall_clock,1,sat,0.319404947,0,0,0,,,"sat
",,"[""/net/scratch/hscra/plgrid/plgnasqret/codex-control/projects/euf-viper/runs/20260727T113307Z-proof-seed-qg7-2d4a372/target/release/euf-viper"",""fabric-solve"",""--engine"",""quotient-portfolio"",""/net/scratch/hscra/plgrid/plgnasqret/codex-control/projects/euf-viper/corpora/9b39c70a794d52277a4e5d83731f0ebc50a2f3b804eb1dfc8cf32766a5ebeadc/smtlib-2025/QF_UF/QF_UF/QG-classification/qg7/iso_brn_nogen003.smt2""]"
76,2,7102,QF_UF/QG-classification/qg7/iso_brn_nogen003.smt2,f8b7edd9a2a299c90a09146db1c699f5129e672debad40061a74e50bddd79ee1,6009433,sat,1,williams_first_order_carryover,f142088f68ffae0501ab8de7e323efb430c2912e83fc68ef048bfb8276401870,0,0,0,0,4,4,proof-seed-16,proof-seed-16,"[""baseline"",""proof-seed-0"",""proof-seed-32"",""proof-seed-4"",""proof-seed-16"",""proof-seed-8""]",parser_inclusive_subprocess_wall_clock,1,sat,0.319321765,0,0,0,,,"sat
",,"[""/net/scratch/hscra/plgrid/plgnasqret/codex-control/projects/euf-viper/runs/20260727T113307Z-proof-seed-qg7-2d4a372/target/release/euf-viper"",""fabric-solve"",""--engine"",""quotient-portfolio"",""/net/scratch/hscra/plgrid/plgnasqret/codex-control/projects/euf-viper/corpora/9b39c70a794d52277a4e5d83731f0ebc50a2f3b804eb1dfc8cf32766a5ebeadc/smtlib-2025/QF_UF/QF_UF/QG-classification/qg7/iso_brn_nogen003.smt2""]"
77,2,7102,QF_UF/QG-classification/qg7/iso_brn_nogen003.smt2,f8b7edd9a2a299c90a09146db1c699f5129e672debad40061a74e50bddd79ee1,6009433,sat,1,williams_first_order_carryover,f142088f68ffae0501ab8de7e323efb430c2912e83fc68ef048bfb8276401870,0,0,0,0,5,5,proof-seed-8,proof-seed-8,"[""baseline"",""proof-seed-0"",""proof-seed-32"",""proof-seed-4"",""proof-seed-16"",""proof-seed-8""]",parser_inclusive_subprocess_wall_clock,1,sat,0.320219577,0,0,0,,,"sat
",,"[""/net/scratch/hscra/plgrid/plgnasqret/codex-control/projects/euf-viper/runs/20260727T113307Z-proof-seed-qg7-2d4a372/target/release/euf-viper"",""fabric-solve"",""--engine"",""quotient-portfolio"",""/net/scratch/hscra/plgrid/plgnasqret/codex-control/projects/euf-viper/corpora/9b39c70a794d52277a4e5d83731f0ebc50a2f3b804eb1dfc8cf32766a5ebeadc/smtlib-2025/QF_UF/QF_UF/QG-classification/qg7/iso_brn_nogen003.smt2""]"
78,2,7102,QF_UF/QG-classification/qg7/iso_brn_nogen003.smt2,f8b7edd9a2a299c90a09146db1c699f5129e672debad40061a74e50bddd79ee1,6009433,sat,1,williams_first_order_carryover,f142088f68ffae0501ab8de7e323efb430c2912e83fc68ef048bfb8276401870,1,1,0,1,0,0,proof-seed-0,proof-seed-0,"[""proof-seed-0"",""proof-seed-4"",""baseline"",""proof-seed-8"",""proof-seed-32"",""proof-seed-16""]",parser_inclusive_subprocess_wall_clock,1,sat,0.318970488,0,0,0,,,"sat
",,"[""/net/scratch/hscra/plgrid/plgnasqret/codex-control/projects/euf-viper/runs/20260727T113307Z-proof-seed-qg7-2d4a372/target/release/euf-viper"",""fabric-solve"",""--engine"",""quotient-portfolio"",""/net/scratch/hscra/plgrid/plgnasqret/codex-control/projects/euf-viper/corpora/9b39c70a794d52277a4e5d83731f0ebc50a2f3b804eb1dfc8cf32766a5ebeadc/smtlib-2025/QF_UF/QF_UF/QG-classification/qg7/iso_brn_nogen003.smt2""]"
79,2,7102,QF_UF/QG-classification/qg7/iso_brn_nogen003.smt2,f8b7edd9a2a299c90a09146db1c699f5129e672debad40061a74e50bddd79ee1,6009433,sat,1,williams_first_order_carryover,f142088f68ffae0501ab8de7e323efb430c2912e83fc68ef048bfb8276401870,1,1,0,1,1,1,proof-seed-4,proof-seed-4,"[""proof-seed-0"",""proof-seed-4"",""baseline"",""proof-seed-8"",""proof-seed-32"",""proof-seed-16""]",parser_inclusive_subprocess_wall_clock,1,sat,0.318306978,0,0,0,,,"sat
",,"[""/net/scratch/hscra/plgrid/plgnasqret/codex-control/projects/euf-viper/runs/20260727T113307Z-proof-seed-qg7-2d4a372/target/release/euf-viper"",""fabric-solve"",""--engine"",""quotient-portfolio"",""/net/scratch/hscra/plgrid/plgnasqret/codex-control/projects/euf-viper/corpora/9b39c70a794d52277a4e5d83731f0ebc50a2f3b804eb1dfc8cf32766a5ebeadc/smtlib-2025/QF_UF/QF_UF/QG-classification/qg7/iso_brn_nogen003.smt2""]"
80,2,7102,QF_UF/QG-classification/qg7/iso_brn_nogen003.smt2,f8b7edd9a2a299c90a09146db1c699f5129e672debad40061a74e50bddd79ee1,6009433,sat,1,williams_first_order_carryover,f142088f68ffae0501ab8de7e323efb430c2912e83fc68ef048bfb8276401870,1,1,0,1,2,2,baseline,baseline,"[""proof-seed-0"",""proof-seed-4"",""baseline"",""proof-seed-8"",""proof-seed-32"",""proof-seed-16""]",parser_inclusive_subprocess_wall_clock,1,sat,0.316917487,0,0,0,,,"sat
",,"[""/net/scratch/hscra/plgrid/plgnasqret/codex-control/projects/euf-viper/runs/20260727T113307Z-proof-seed-qg7-2d4a372/target/release/euf-viper"",""fabric-solve"",""--engine"",""quotient-portfolio"",""/net/scratch/hscra/plgrid/plgnasqret/codex-control/projects/euf-viper/corpora/9b39c70a794d52277a4e5d83731f0ebc50a2f3b804eb1dfc8cf32766a5ebeadc/smtlib-2025/QF_UF/QF_UF/QG-classification/qg7/iso_brn_nogen003.smt2""]"
81,2,7102,QF_UF/QG-classification/qg7/iso_brn_nogen003.smt2,f8b7edd9a2a299c90a09146db1c699f5129e672debad40061a74e50bddd79ee1,6009433,sat,1,williams_first_order_carryover,f142088f68ffae0501ab8de7e323efb430c2912e83fc68ef048bfb8276401870,1,1,0,1,3,3,proof-seed-8,proof-seed-8,"[""proof-seed-0"",""proof-seed-4"",""baseline"",""proof-seed-8"",""proof-seed-32"",""proof-seed-16""]",parser_inclusive_subprocess_wall_clock,1,sat,0.335359516,0,0,0,,,"sat
",,"[""/net/scratch/hscra/plgrid/plgnasqret/codex-control/projects/euf-viper/runs/20260727T113307Z-proof-seed-qg7-2d4a372/target/release/euf-viper"",""fabric-solve"",""--engine"",""quotient-portfolio"",""/net/scratch/hscra/plgrid/plgnasqret/codex-control/projects/euf-viper/corpora/9b39c70a794d52277a4e5d83731f0ebc50a2f3b804eb1dfc8cf32766a5ebeadc/smtlib-2025/QF_UF/QF_UF/QG-classification/qg7/iso_brn_nogen003.smt2""]"
82,2,7102,QF_UF/QG-classification/qg7/iso_brn_nogen003.smt2,f8b7edd9a2a299c90a09146db1c699f5129e672debad40061a74e50bddd79ee1,6009433,sat,1,williams_first_order_carryover,f142088f68ffae0501ab8de7e323efb430c2912e83fc68ef048bfb8276401870,1,1,0,1,4,4,proof-seed-32,proof-seed-32,"[""proof-seed-0"",""proof-seed-4"",""baseline"",""proof-seed-8"",""proof-seed-32"",""proof-seed-16""]",parser_inclusive_subprocess_wall_clock,1,sat,0.336058514,0,0,0,,,"sat
",,"[""/net/scratch/hscra/plgrid/plgnasqret/codex-control/projects/euf-viper/runs/20260727T113307Z-proof-seed-qg7-2d4a372/target/release/euf-viper"",""fabric-solve"",""--engine"",""quotient-portfolio"",""/net/scratch/hscra/plgrid/plgnasqret/codex-control/projects/euf-viper/corpora/9b39c70a794d52277a4e5d83731f0ebc50a2f3b804eb1dfc8cf32766a5ebeadc/smtlib-2025/QF_UF/QF_UF/QG-classification/qg7/iso_brn_nogen003.smt2""]"
83,2,7102,QF_UF/QG-classification/qg7/iso_brn_nogen003.smt2,f8b7edd9a2a299c90a09146db1c699f5129e672debad40061a74e50bddd79ee1,6009433,sat,1,williams_first_order_carryover,f142088f68ffae0501ab8de7e323efb430c2912e83fc68ef048bfb8276401870,1,1,0,1,5,5,proof-seed-16,proof-seed-16,"[""proof-seed-0"",""proof-seed-4"",""baseline"",""proof-seed-8"",""proof-seed-32"",""proof-seed-16""]",parser_inclusive_subprocess_wall_clock,1,sat,0.323477998,0,0,0,,,"sat
",,"[""/net/scratch/hscra/plgrid/plgnasqret/codex-control/projects/euf-viper/runs/20260727T113307Z-proof-seed-qg7-2d4a372/target/release/euf-viper"",""fabric-solve"",""--engine"",""quotient-portfolio"",""/net/scratch/hscra/plgrid/plgnasqret/codex-control/projects/euf-viper/corpora/9b39c70a794d52277a4e5d83731f0ebc50a2f3b804eb1dfc8cf32766a5ebeadc/smtlib-2025/QF_UF/QF_UF/QG-classification/qg7/iso_brn_nogen003.smt2""]"
84,2,7102,QF_UF/QG-classification/qg7/iso_brn_nogen003.smt2,f8b7edd9a2a299c90a09146db1c699f5129e672debad40061a74e50bddd79ee1,6009433,sat,1,williams_first_order_carryover,f142088f68ffae0501ab8de7e323efb430c2912e83fc68ef048bfb8276401870,2,2,0,2,0,0,proof-seed-4,proof-seed-4,"[""proof-seed-4"",""proof-seed-8"",""proof-seed-0"",""proof-seed-16"",""baseline"",""proof-seed-32""]",parser_inclusive_subprocess_wall_clock,1,sat,0.340073412,0,0,0,,,"sat
",,"[""/net/scratch/hscra/plgrid/plgnasqret/codex-control/projects/euf-viper/runs/20260727T113307Z-proof-seed-qg7-2d4a372/target/release/euf-viper"",""fabric-solve"",""--engine"",""quotient-portfolio"",""/net/scratch/hscra/plgrid/plgnasqret/codex-control/projects/euf-viper/corpora/9b39c70a794d52277a4e5d83731f0ebc50a2f3b804eb1dfc8cf32766a5ebeadc/smtlib-2025/QF_UF/QF_UF/QG-classification/qg7/iso_brn_nogen003.smt2""]"
85,2,7102,QF_UF/QG-classification/qg7/iso_brn_nogen003.smt2,f8b7edd9a2a299c90a09146db1c699f5129e672debad40061a74e50bddd79ee1,6009433,sat,1,williams_first_order_carryover,f142088f68ffae0501ab8de7e323efb430c2912e83fc68ef048bfb8276401870,2,2,0,2,1,1,proof-seed-8,proof-seed-8,"[""proof-seed-4"",""proof-seed-8"",""proof-seed-0"",""proof-seed-16"",""baseline"",""proof-seed-32""]",parser_inclusive_subprocess_wall_clock,1,sat,0.316906179,0,0,0,,,"sat
",,"[""/net/scratch/hscra/plgrid/plgnasqret/codex-control/projects/euf-viper/runs/20260727T113307Z-proof-seed-qg7-2d4a372/target/release/euf-viper"",""fabric-solve"",""--engine"",""quotient-portfolio"",""/net/scratch/hscra/plgrid/plgnasqret/codex-control/projects/euf-viper/corpora/9b39c70a794d52277a4e5d83731f0ebc50a2f3b804eb1dfc8cf32766a5ebeadc/smtlib-2025/QF_UF/QF_UF/QG-classification/qg7/iso_brn_nogen003.smt2""]"
86,2,7102,QF_UF/QG-classification/qg7/iso_brn_nogen003.smt2,f8b7edd9a2a299c90a09146db1c699f5129e672debad40061a74e50bddd79ee1,6009433,sat,1,williams_first_order_carryover,f142088f68ffae0501ab8de7e323efb430c2912e83fc68ef048bfb8276401870,2,2,0,2,2,2,proof-seed-0,proof-seed-0,"[""proof-seed-4"",""proof-seed-8"",""proof-seed-0"",""proof-seed-16"",""baseline"",""proof-seed-32""]",parser_inclusive_subprocess_wall_clock,1,sat,0.317673986,0,0,0,,,"sat
",,"[""/net/scratch/hscra/plgrid/plgnasqret/codex-control/projects/euf-viper/runs/20260727T113307Z-proof-seed-qg7-2d4a372/target/release/euf-viper"",""fabric-solve"",""--engine"",""quotient-portfolio"",""/net/scratch/hscra/plgrid/plgnasqret/codex-control/projects/euf-viper/corpora/9b39c70a794d52277a4e5d83731f0ebc50a2f3b804eb1dfc8cf32766a5ebeadc/smtlib-2025/QF_UF/QF_UF/QG-classification/qg7/iso_brn_nogen003.smt2""]"
87,2,7102,QF_UF/QG-classification/qg7/iso_brn_nogen003.smt2,f8b7edd9a2a299c90a09146db1c699f5129e672debad40061a74e50bddd79ee1,6009433,sat,1,williams_first_order_carryover,f142088f68ffae0501ab8de7e323efb430c2912e83fc68ef048bfb8276401870,2,2,0,2,3,3,proof-seed-16,proof-seed-16,"[""proof-seed-4"",""proof-seed-8"",""proof-seed-0"",""proof-seed-16"",""baseline"",""proof-seed-32""]",parser_inclusive_subprocess_wall_clock,1,sat,0.317952908,0,0,0,,,"sat
",,"[""/net/scratch/hscra/plgrid/plgnasqret/codex-control/projects/euf-viper/runs/20260727T113307Z-proof-seed-qg7-2d4a372/target/release/euf-viper"",""fabric-solve"",""--engine"",""quotient-portfolio"",""/net/scratch/hscra/plgrid/plgnasqret/codex-control/projects/euf-viper/corpora/9b39c70a794d52277a4e5d83731f0ebc50a2f3b804eb1dfc8cf32766a5ebeadc/smtlib-2025/QF_UF/QF_UF/QG-classification/qg7/iso_brn_nogen003.smt2""]"
88,2,7102,QF_UF/QG-classification/qg7/iso_brn_nogen003.smt2,f8b7edd9a2a299c90a09146db1c699f5129e672debad40061a74e50bddd79ee1,6009433,sat,1,williams_first_order_carryover,f142088f68ffae0501ab8de7e323efb430c2912e83fc68ef048bfb8276401870,2,2,0,2,4,4,baseline,baseline,"[""proof-seed-4"",""proof-seed-8"",""proof-seed-0"",""proof-seed-16"",""baseline"",""proof-seed-32""]",parser_inclusive_subprocess_wall_clock,1,sat,0.318208362,0,0,0,,,"sat
",,"[""/net/scratch/hscra/plgrid/plgnasqret/codex-control/projects/euf-viper/runs/20260727T113307Z-proof-seed-qg7-2d4a372/target/release/euf-viper"",""fabric-solve"",""--engine"",""quotient-portfolio"",""/net/scratch/hscra/plgrid/plgnasqret/codex-control/projects/euf-viper/corpora/9b39c70a794d52277a4e5d83731f0ebc50a2f3b804eb1dfc8cf32766a5ebeadc/smtlib-2025/QF_UF/QF_UF/QG-classification/qg7/iso_brn_nogen003.smt2""]"
89,2,7102,QF_UF/QG-classification/qg7/iso_brn_nogen003.smt2,f8b7edd9a2a299c90a09146db1c699f5129e672debad40061a74e50bddd79ee1,6009433,sat,1,williams_first_order_carryover,f142088f68ffae0501ab8de7e323efb430c2912e83fc68ef048bfb8276401870,2,2,0,2,5,5,proof-seed-32,proof-seed-32,"[""proof-seed-4"",""proof-seed-8"",""proof-seed-0"",""proof-seed-16"",""baseline"",""proof-seed-32""]",parser_inclusive_subprocess_wall_clock,1,sat,0.317401384,0,0,0,,,"sat
",,"[""/net/scratch/hscra/plgrid/plgnasqret/codex-control/projects/euf-viper/runs/20260727T113307Z-proof-seed-qg7-2d4a372/target/release/euf-viper"",""fabric-solve"",""--engine"",""quotient-portfolio"",""/net/scratch/hscra/plgrid/plgnasqret/codex-control/projects/euf-viper/corpora/9b39c70a794d52277a4e5d83731f0ebc50a2f3b804eb1dfc8cf32766a5ebeadc/smtlib-2025/QF_UF/QF_UF/QG-classification/qg7/iso_brn_nogen003.smt2""]"
90,2,7102,QF_UF/QG-classification/qg7/iso_brn_nogen003.smt2,f8b7edd9a2a299c90a09146db1c699f5129e672debad40061a74e50bddd79ee1,6009433,sat,1,williams_first_order_carryover,f142088f68ffae0501ab8de7e323efb430c2912e83fc68ef048bfb8276401870,3,3,0,3,0,0,proof-seed-8,proof-seed-8,"[""proof-seed-8"",""proof-seed-16"",""proof-seed-4"",""proof-seed-32"",""proof-seed-0"",""baseline""]",parser_inclusive_subprocess_wall_clock,1,sat,0.321193811,0,0,0,,,"sat
",,"[""/net/scratch/hscra/plgrid/plgnasqret/codex-control/projects/euf-viper/runs/20260727T113307Z-proof-seed-qg7-2d4a372/target/release/euf-viper"",""fabric-solve"",""--engine"",""quotient-portfolio"",""/net/scratch/hscra/plgrid/plgnasqret/codex-control/projects/euf-viper/corpora/9b39c70a794d52277a4e5d83731f0ebc50a2f3b804eb1dfc8cf32766a5ebeadc/smtlib-2025/QF_UF/QF_UF/QG-classification/qg7/iso_brn_nogen003.smt2""]"
91,2,7102,QF_UF/QG-classification/qg7/iso_brn_nogen003.smt2,f8b7edd9a2a299c90a09146db1c699f5129e672debad40061a74e50bddd79ee1,6009433,sat,1,williams_first_order_carryover,f142088f68ffae0501ab8de7e323efb430c2912e83fc68ef048bfb8276401870,3,3,0,3,1,1,proof-seed-16,proof-seed-16,"[""proof-seed-8"",""proof-seed-16"",""proof-seed-4"",""proof-seed-32"",""proof-seed-0"",""baseline""]",parser_inclusive_subprocess_wall_clock,1,sat,0.316959995,0,0,0,,,"sat
",,"[""/net/scratch/hscra/plgrid/plgnasqret/codex-control/projects/euf-viper/runs/20260727T113307Z-proof-seed-qg7-2d4a372/target/release/euf-viper"",""fabric-solve"",""--engine"",""quotient-portfolio"",""/net/scratch/hscra/plgrid/plgnasqret/codex-control/projects/euf-viper/corpora/9b39c70a794d52277a4e5d83731f0ebc50a2f3b804eb1dfc8cf32766a5ebeadc/smtlib-2025/QF_UF/QF_UF/QG-classification/qg7/iso_brn_nogen003.smt2""]"
92,2,7102,QF_UF/QG-classification/qg7/iso_brn_nogen003.smt2,f8b7edd9a2a299c90a09146db1c699f5129e672debad40061a74e50bddd79ee1,6009433,sat,1,williams_first_order_carryover,f142088f68ffae0501ab8de7e323efb430c2912e83fc68ef048bfb8276401870,3,3,0,3,2,2,proof-seed-4,proof-seed-4,"[""proof-seed-8"",""proof-seed-16"",""proof-seed-4"",""proof-seed-32"",""proof-seed-0"",""baseline""]",parser_inclusive_subprocess_wall_clock,1,sat,0.315170380,0,0,0,,,"sat
",,"[""/net/scratch/hscra/plgrid/plgnasqret/codex-control/projects/euf-viper/runs/20260727T113307Z-proof-seed-qg7-2d4a372/target/release/euf-viper"",""fabric-solve"",""--engine"",""quotient-portfolio"",""/net/scratch/hscra/plgrid/plgnasqret/codex-control/projects/euf-viper/corpora/9b39c70a794d52277a4e5d83731f0ebc50a2f3b804eb1dfc8cf32766a5ebeadc/smtlib-2025/QF_UF/QF_UF/QG-classification/qg7/iso_brn_nogen003.smt2""]"
93,2,7102,QF_UF/QG-classification/qg7/iso_brn_nogen003.smt2,f8b7edd9a2a299c90a09146db1c699f5129e672debad40061a74e50bddd79ee1,6009433,sat,1,williams_first_order_carryover,f142088f68ffae0501ab8de7e323efb430c2912e83fc68ef048bfb8276401870,3,3,0,3,3,3,proof-seed-32,proof-seed-32,"[""proof-seed-8"",""proof-seed-16"",""proof-seed-4"",""proof-seed-32"",""proof-seed-0"",""baseline""]",parser_inclusive_subprocess_wall_clock,1,sat,0.317257345,0,0,0,,,"sat
",,"[""/net/scratch/hscra/plgrid/plgnasqret/codex-control/projects/euf-viper/runs/20260727T113307Z-proof-seed-qg7-2d4a372/target/release/euf-viper"",""fabric-solve"",""--engine"",""quotient-portfolio"",""/net/scratch/hscra/plgrid/plgnasqret/codex-control/projects/euf-viper/corpora/9b39c70a794d52277a4e5d83731f0ebc50a2f3b804eb1dfc8cf32766a5ebeadc/smtlib-2025/QF_UF/QF_UF/QG-classification/qg7/iso_brn_nogen003.smt2""]"
94,2,7102,QF_UF/QG-classification/qg7/iso_brn_nogen003.smt2,f8b7edd9a2a299c90a09146db1c699f5129e672debad40061a74e50bddd79ee1,6009433,sat,1,williams_first_order_carryover,f142088f68ffae0501ab8de7e323efb430c2912e83fc68ef048bfb8276401870,3,3,0,3,4,4,proof-seed-0,proof-seed-0,"[""proof-seed-8"",""proof-seed-16"",""proof-seed-4"",""proof-seed-32"",""proof-seed-0"",""baseline""]",parser_inclusive_subprocess_wall_clock,1,sat,0.320046673,0,0,0,,,"sat
",,"[""/net/scratch/hscra/plgrid/plgnasqret/codex-control/projects/euf-viper/runs/20260727T113307Z-proof-seed-qg7-2d4a372/target/release/euf-viper"",""fabric-solve"",""--engine"",""quotient-portfolio"",""/net/scratch/hscra/plgrid/plgnasqret/codex-control/projects/euf-viper/corpora/9b39c70a794d52277a4e5d83731f0ebc50a2f3b804eb1dfc8cf32766a5ebeadc/smtlib-2025/QF_UF/QF_UF/QG-classification/qg7/iso_brn_nogen003.smt2""]"
95,2,7102,QF_UF/QG-classification/qg7/iso_brn_nogen003.smt2,f8b7edd9a2a299c90a09146db1c699f5129e672debad40061a74e50bddd79ee1,6009433,sat,1,williams_first_order_carryover,f142088f68ffae0501ab8de7e323efb430c2912e83fc68ef048bfb8276401870,3,3,0,3,5,5,baseline,baseline,"[""proof-seed-8"",""proof-seed-16"",""proof-seed-4"",""proof-seed-32"",""proof-seed-0"",""baseline""]",parser_inclusive_subprocess_wall_clock,1,sat,0.320903430,0,0,0,,,"sat
",,"[""/net/scratch/hscra/plgrid/plgnasqret/codex-control/projects/euf-viper/runs/20260727T113307Z-proof-seed-qg7-2d4a372/target/release/euf-viper"",""fabric-solve"",""--engine"",""quotient-portfolio"",""/net/scratch/hscra/plgrid/plgnasqret/codex-control/projects/euf-viper/corpora/9b39c70a794d52277a4e5d83731f0ebc50a2f3b804eb1dfc8cf32766a5ebeadc/smtlib-2025/QF_UF/QF_UF/QG-classification/qg7/iso_brn_nogen003.smt2""]"
96,2,7102,QF_UF/QG-classification/qg7/iso_brn_nogen003.smt2,f8b7edd9a2a299c90a09146db1c699f5129e672debad40061a74e50bddd79ee1,6009433,sat,1,williams_first_order_carryover,f142088f68ffae0501ab8de7e323efb430c2912e83fc68ef048bfb8276401870,4,4,0,4,0,0,proof-seed-16,proof-seed-16,"[""proof-seed-16"",""proof-seed-32"",""proof-seed-8"",""baseline"",""proof-seed-4"",""proof-seed-0""]",parser_inclusive_subprocess_wall_clock,1,sat,0.320228441,0,0,0,,,"sat
",,"[""/net/scratch/hscra/plgrid/plgnasqret/codex-control/projects/euf-viper/runs/20260727T113307Z-proof-seed-qg7-2d4a372/target/release/euf-viper"",""fabric-solve"",""--engine"",""quotient-portfolio"",""/net/scratch/hscra/plgrid/plgnasqret/codex-control/projects/euf-viper/corpora/9b39c70a794d52277a4e5d83731f0ebc50a2f3b804eb1dfc8cf32766a5ebeadc/smtlib-2025/QF_UF/QF_UF/QG-classification/qg7/iso_brn_nogen003.smt2""]"
97,2,7102,QF_UF/QG-classification/qg7/iso_brn_nogen003.smt2,f8b7edd9a2a299c90a09146db1c699f5129e672debad40061a74e50bddd79ee1,6009433,sat,1,williams_first_order_carryover,f142088f68ffae0501ab8de7e323efb430c2912e83fc68ef048bfb8276401870,4,4,0,4,1,1,proof-seed-32,proof-seed-32,"[""proof-seed-16"",""proof-seed-32"",""proof-seed-8"",""baseline"",""proof-seed-4"",""proof-seed-0""]",parser_inclusive_subprocess_wall_clock,1,sat,0.318122196,0,0,0,,,"sat
",,"[""/net/scratch/hscra/plgrid/plgnasqret/codex-control/projects/euf-viper/runs/20260727T113307Z-proof-seed-qg7-2d4a372/target/release/euf-viper"",""fabric-solve"",""--engine"",""quotient-portfolio"",""/net/scratch/hscra/plgrid/plgnasqret/codex-control/projects/euf-viper/corpora/9b39c70a794d52277a4e5d83731f0ebc50a2f3b804eb1dfc8cf32766a5ebeadc/smtlib-2025/QF_UF/QF_UF/QG-classification/qg7/iso_brn_nogen003.smt2""]"
98,2,7102,QF_UF/QG-classification/qg7/iso_brn_nogen003.smt2,f8b7edd9a2a299c90a09146db1c699f5129e672debad40061a74e50bddd79ee1,6009433,sat,1,williams_first_order_carryover,f142088f68ffae0501ab8de7e323efb430c2912e83fc68ef048bfb8276401870,4,4,0,4,2,2,proof-seed-8,proof-seed-8,"[""proof-seed-16"",""proof-seed-32"",""proof-seed-8"",""baseline"",""proof-seed-4"",""proof-seed-0""]",parser_inclusive_subprocess_wall_clock,1,sat,0.321787380,0,0,0,,,"sat
",,"[""/net/scratch/hscra/plgrid/plgnasqret/codex-control/projects/euf-viper/runs/20260727T113307Z-proof-seed-qg7-2d4a372/target/release/euf-viper"",""fabric-solve"",""--engine"",""quotient-portfolio"",""/net/scratch/hscra/plgrid/plgnasqret/codex-control/projects/euf-viper/corpora/9b39c70a794d52277a4e5d83731f0ebc50a2f3b804eb1dfc8cf32766a5ebeadc/smtlib-2025/QF_UF/QF_UF/QG-classification/qg7/iso_brn_nogen003.smt2""]"
99,2,7102,QF_UF/QG-classification/qg7/iso_brn_nogen003.smt2,f8b7edd9a2a299c90a09146db1c699f5129e672debad40061a74e50bddd79ee1,6009433,sat,1,williams_first_order_carryover,f142088f68ffae0501ab8de7e323efb430c2912e83fc68ef048bfb8276401870,4,4,0,4,3,3,baseline,baseline,"[""proof-seed-16"",""proof-seed-32"",""proof-seed-8"",""baseline"",""proof-seed-4"",""proof-seed-0""]",parser_inclusive_subprocess_wall_clock,1,sat,0.318392243,0,0,0,,,"sat
",,"[""/net/scratch/hscra/plgrid/plgnasqret/codex-control/projects/euf-viper/runs/20260727T113307Z-proof-seed-qg7-2d4a372/target/release/euf-viper"",""fabric-solve"",""--engine"",""quotient-portfolio"",""/net/scratch/hscra/plgrid/plgnasqret/codex-control/projects/euf-viper/corpora/9b39c70a794d52277a4e5d83731f0ebc50a2f3b804eb1dfc8cf32766a5ebeadc/smtlib-2025/QF_UF/QF_UF/QG-classification/qg7/iso_brn_nogen003.smt2""]"
100,2,7102,QF_UF/QG-classification/qg7/iso_brn_nogen003.smt2,f8b7edd9a2a299c90a09146db1c699f5129e672debad40061a74e50bddd79ee1,6009433,sat,1,williams_first_order_carryover,f142088f68ffae0501ab8de7e323efb430c2912e83fc68ef048bfb8276401870,4,4,0,4,4,4,proof-seed-4,proof-seed-4,"[""proof-seed-16"",""proof-seed-32"",""proof-seed-8"",""baseline"",""proof-seed-4"",""proof-seed-0""]",parser_inclusive_subprocess_wall_clock,1,sat,0.317892131,0,0,0,,,"sat
",,"[""/net/scratch/hscra/plgrid/plgnasqret/codex-control/projects/euf-viper/runs/20260727T113307Z-proof-seed-qg7-2d4a372/target/release/euf-viper"",""fabric-solve"",""--engine"",""quotient-portfolio"",""/net/scratch/hscra/plgrid/plgnasqret/codex-control/projects/euf-viper/corpora/9b39c70a794d52277a4e5d83731f0ebc50a2f3b804eb1dfc8cf32766a5ebeadc/smtlib-2025/QF_UF/QF_UF/QG-classification/qg7/iso_brn_nogen003.smt2""]"
101,2,7102,QF_UF/QG-classification/qg7/iso_brn_nogen003.smt2,f8b7edd9a2a299c90a09146db1c699f5129e672debad40061a74e50bddd79ee1,6009433,sat,1,williams_first_order_carryover,f142088f68ffae0501ab8de7e323efb430c2912e83fc68ef048bfb8276401870,4,4,0,4,5,5,proof-seed-0,proof-seed-0,"[""proof-seed-16"",""proof-seed-32"",""proof-seed-8"",""baseline"",""proof-seed-4"",""proof-seed-0""]",parser_inclusive_subprocess_wall_clock,1,sat,0.321588145,0,0,0,,,"sat
",,"[""/net/scratch/hscra/plgrid/plgnasqret/codex-control/projects/euf-viper/runs/20260727T113307Z-proof-seed-qg7-2d4a372/target/release/euf-viper"",""fabric-solve"",""--engine"",""quotient-portfolio"",""/net/scratch/hscra/plgrid/plgnasqret/codex-control/projects/euf-viper/corpora/9b39c70a794d52277a4e5d83731f0ebc50a2f3b804eb1dfc8cf32766a5ebeadc/smtlib-2025/QF_UF/QF_UF/QG-classification/qg7/iso_brn_nogen003.smt2""]"
102,2,7102,QF_UF/QG-classification/qg7/iso_brn_nogen003.smt2,f8b7edd9a2a299c90a09146db1c699f5129e672debad40061a74e50bddd79ee1,6009433,sat,1,williams_first_order_carryover,f142088f68ffae0501ab8de7e323efb430c2912e83fc68ef048bfb8276401870,5,5,0,5,0,0,proof-seed-32,proof-seed-32,"[""proof-seed-32"",""baseline"",""proof-seed-16"",""proof-seed-0"",""proof-seed-8"",""proof-seed-4""]",parser_inclusive_subprocess_wall_clock,1,sat,0.318397121,0,0,0,,,"sat
",,"[""/net/scratch/hscra/plgrid/plgnasqret/codex-control/projects/euf-viper/runs/20260727T113307Z-proof-seed-qg7-2d4a372/target/release/euf-viper"",""fabric-solve"",""--engine"",""quotient-portfolio"",""/net/scratch/hscra/plgrid/plgnasqret/codex-control/projects/euf-viper/corpora/9b39c70a794d52277a4e5d83731f0ebc50a2f3b804eb1dfc8cf32766a5ebeadc/smtlib-2025/QF_UF/QF_UF/QG-classification/qg7/iso_brn_nogen003.smt2""]"
103,2,7102,QF_UF/QG-classification/qg7/iso_brn_nogen003.smt2,f8b7edd9a2a299c90a09146db1c699f5129e672debad40061a74e50bddd79ee1,6009433,sat,1,williams_first_order_carryover,f142088f68ffae0501ab8de7e323efb430c2912e83fc68ef048bfb8276401870,5,5,0,5,1,1,baseline,baseline,"[""proof-seed-32"",""baseline"",""proof-seed-16"",""proof-seed-0"",""proof-seed-8"",""proof-seed-4""]",parser_inclusive_subprocess_wall_clock,1,sat,0.322438661,0,0,0,,,"sat
",,"[""/net/scratch/hscra/plgrid/plgnasqret/codex-control/projects/euf-viper/runs/20260727T113307Z-proof-seed-qg7-2d4a372/target/release/euf-viper"",""fabric-solve"",""--engine"",""quotient-portfolio"",""/net/scratch/hscra/plgrid/plgnasqret/codex-control/projects/euf-viper/corpora/9b39c70a794d52277a4e5d83731f0ebc50a2f3b804eb1dfc8cf32766a5ebeadc/smtlib-2025/QF_UF/QF_UF/QG-classification/qg7/iso_brn_nogen003.smt2""]"
104,2,7102,QF_UF/QG-classification/qg7/iso_brn_nogen003.smt2,f8b7edd9a2a299c90a09146db1c699f5129e672debad40061a74e50bddd79ee1,6009433,sat,1,williams_first_order_carryover,f142088f68ffae0501ab8de7e323efb430c2912e83fc68ef048bfb8276401870,5,5,0,5,2,2,proof-seed-16,proof-seed-16,"[""proof-seed-32"",""baseline"",""proof-seed-16"",""proof-seed-0"",""proof-seed-8"",""proof-seed-4""]",parser_inclusive_subprocess_wall_clock,1,sat,0.322884769,0,0,0,,,"sat
",,"[""/net/scratch/hscra/plgrid/plgnasqret/codex-control/projects/euf-viper/runs/20260727T113307Z-proof-seed-qg7-2d4a372/target/release/euf-viper"",""fabric-solve"",""--engine"",""quotient-portfolio"",""/net/scratch/hscra/plgrid/plgnasqret/codex-control/projects/euf-viper/corpora/9b39c70a794d52277a4e5d83731f0ebc50a2f3b804eb1dfc8cf32766a5ebeadc/smtlib-2025/QF_UF/QF_UF/QG-classification/qg7/iso_brn_nogen003.smt2""]"
105,2,7102,QF_UF/QG-classification/qg7/iso_brn_nogen003.smt2,f8b7edd9a2a299c90a09146db1c699f5129e672debad40061a74e50bddd79ee1,6009433,sat,1,williams_first_order_carryover,f142088f68ffae0501ab8de7e323efb430c2912e83fc68ef048bfb8276401870,5,5,0,5,3,3,proof-seed-0,proof-seed-0,"[""proof-seed-32"",""baseline"",""proof-seed-16"",""proof-seed-0"",""proof-seed-8"",""proof-seed-4""]",parser_inclusive_subprocess_wall_clock,1,sat,0.319621500,0,0,0,,,"sat
",,"[""/net/scratch/hscra/plgrid/plgnasqret/codex-control/projects/euf-viper/runs/20260727T113307Z-proof-seed-qg7-2d4a372/target/release/euf-viper"",""fabric-solve"",""--engine"",""quotient-portfolio"",""/net/scratch/hscra/plgrid/plgnasqret/codex-control/projects/euf-viper/corpora/9b39c70a794d52277a4e5d83731f0ebc50a2f3b804eb1dfc8cf32766a5ebeadc/smtlib-2025/QF_UF/QF_UF/QG-classification/qg7/iso_brn_nogen003.smt2""]"
106,2,7102,QF_UF/QG-classification/qg7/iso_brn_nogen003.smt2,f8b7edd9a2a299c90a09146db1c699f5129e672debad40061a74e50bddd79ee1,6009433,sat,1,williams_first_order_carryover,f142088f68ffae0501ab8de7e323efb430c2912e83fc68ef048bfb8276401870,5,5,0,5,4,4,proof-seed-8,proof-seed-8,"[""proof-seed-32"",""baseline"",""proof-seed-16"",""proof-seed-0"",""proof-seed-8"",""proof-seed-4""]",parser_inclusive_subprocess_wall_clock,1,sat,0.322798492,0,0,0,,,"sat
",,"[""/net/scratch/hscra/plgrid/plgnasqret/codex-control/projects/euf-viper/runs/20260727T113307Z-proof-seed-qg7-2d4a372/target/release/euf-viper"",""fabric-solve"",""--engine"",""quotient-portfolio"",""/net/scratch/hscra/plgrid/plgnasqret/codex-control/projects/euf-viper/corpora/9b39c70a794d52277a4e5d83731f0ebc50a2f3b804eb1dfc8cf32766a5ebeadc/smtlib-2025/QF_UF/QF_UF/QG-classification/qg7/iso_brn_nogen003.smt2""]"
107,2,7102,QF_UF/QG-classification/qg7/iso_brn_nogen003.smt2,f8b7edd9a2a299c90a09146db1c699f5129e672debad40061a74e50bddd79ee1,6009433,sat,1,williams_first_order_carryover,f142088f68ffae0501ab8de7e323efb430c2912e83fc68ef048bfb8276401870,5,5,0,5,5,5,proof-seed-4,proof-seed-4,"[""proof-seed-32"",""baseline"",""proof-seed-16"",""proof-seed-0"",""proof-seed-8"",""proof-seed-4""]",parser_inclusive_subprocess_wall_clock,1,sat,0.318269038,0,0,0,,,"sat
",,"[""/net/scratch/hscra/plgrid/plgnasqret/codex-control/projects/euf-viper/runs/20260727T113307Z-proof-seed-qg7-2d4a372/target/release/euf-viper"",""fabric-solve"",""--engine"",""quotient-portfolio"",""/net/scratch/hscra/plgrid/plgnasqret/codex-control/projects/euf-viper/corpora/9b39c70a794d52277a4e5d83731f0ebc50a2f3b804eb1dfc8cf32766a5ebeadc/smtlib-2025/QF_UF/QF_UF/QG-classification/qg7/iso_brn_nogen003.smt2""]"
108,3,7310,QF_UF/QG-classification/qg7/iso_icl_nogen002.smt2,05295ac0b0b9d7757b3c2b68184ab0504fc90d56582fb97cc891b8a990bf23ac,6013089,unsat,1,williams_first_order_carryover,f142088f68ffae0501ab8de7e323efb430c2912e83fc68ef048bfb8276401870,0,0,0,0,0,0,baseline,baseline,"[""baseline"",""proof-seed-0"",""proof-seed-32"",""proof-seed-4"",""proof-seed-16"",""proof-seed-8""]",parser_inclusive_subprocess_wall_clock,1,unsat,0.325754053,0,0,0,,,"unsat
",,"[""/net/scratch/hscra/plgrid/plgnasqret/codex-control/projects/euf-viper/runs/20260727T113307Z-proof-seed-qg7-2d4a372/target/release/euf-viper"",""fabric-solve"",""--engine"",""quotient-portfolio"",""/net/scratch/hscra/plgrid/plgnasqret/codex-control/projects/euf-viper/corpora/9b39c70a794d52277a4e5d83731f0ebc50a2f3b804eb1dfc8cf32766a5ebeadc/smtlib-2025/QF_UF/QF_UF/QG-classification/qg7/iso_icl_nogen002.smt2""]"
109,3,7310,QF_UF/QG-classification/qg7/iso_icl_nogen002.smt2,05295ac0b0b9d7757b3c2b68184ab0504fc90d56582fb97cc891b8a990bf23ac,6013089,unsat,1,williams_first_order_carryover,f142088f68ffae0501ab8de7e323efb430c2912e83fc68ef048bfb8276401870,0,0,0,0,1,1,proof-seed-0,proof-seed-0,"[""baseline"",""proof-seed-0"",""proof-seed-32"",""proof-seed-4"",""proof-seed-16"",""proof-seed-8""]",parser_inclusive_subprocess_wall_clock,1,unsat,0.320152491,0,0,0,,,"unsat
",,"[""/net/scratch/hscra/plgrid/plgnasqret/codex-control/projects/euf-viper/runs/20260727T113307Z-proof-seed-qg7-2d4a372/target/release/euf-viper"",""fabric-solve"",""--engine"",""quotient-portfolio"",""/net/scratch/hscra/plgrid/plgnasqret/codex-control/projects/euf-viper/corpora/9b39c70a794d52277a4e5d83731f0ebc50a2f3b804eb1dfc8cf32766a5ebeadc/smtlib-2025/QF_UF/QF_UF/QG-classification/qg7/iso_icl_nogen002.smt2""]"
110,3,7310,QF_UF/QG-classification/qg7/iso_icl_nogen002.smt2,05295ac0b0b9d7757b3c2b68184ab0504fc90d56582fb97cc891b8a990bf23ac,6013089,unsat,1,williams_first_order_carryover,f142088f68ffae0501ab8de7e323efb430c2912e83fc68ef048bfb8276401870,0,0,0,0,2,2,proof-seed-32,proof-seed-32,"[""baseline"",""proof-seed-0"",""proof-seed-32"",""proof-seed-4"",""proof-seed-16"",""proof-seed-8""]",parser_inclusive_subprocess_wall_clock,1,unsat,0.318928032,0,0,0,,,"unsat
",,"[""/net/scratch/hscra/plgrid/plgnasqret/codex-control/projects/euf-viper/runs/20260727T113307Z-proof-seed-qg7-2d4a372/target/release/euf-viper"",""fabric-solve"",""--engine"",""quotient-portfolio"",""/net/scratch/hscra/plgrid/plgnasqret/codex-control/projects/euf-viper/corpora/9b39c70a794d52277a4e5d83731f0ebc50a2f3b804eb1dfc8cf32766a5ebeadc/smtlib-2025/QF_UF/QF_UF/QG-classification/qg7/iso_icl_nogen002.smt2""]"
111,3,7310,QF_UF/QG-classification/qg7/iso_icl_nogen002.smt2,05295ac0b0b9d7757b3c2b68184ab0504fc90d56582fb97cc891b8a990bf23ac,6013089,unsat,1,williams_first_order_carryover,f142088f68ffae0501ab8de7e323efb430c2912e83fc68ef048bfb8276401870,0,0,0,0,3,3,proof-seed-4,proof-seed-4,"[""baseline"",""proof-seed-0"",""proof-seed-32"",""proof-seed-4"",""proof-seed-16"",""proof-seed-8""]",parser_inclusive_subprocess_wall_clock,1,unsat,0.319252144,0,0,0,,,"unsat
",,"[""/net/scratch/hscra/plgrid/plgnasqret/codex-control/projects/euf-viper/runs/20260727T113307Z-proof-seed-qg7-2d4a372/target/release/euf-viper"",""fabric-solve"",""--engine"",""quotient-portfolio"",""/net/scratch/hscra/plgrid/plgnasqret/codex-control/projects/euf-viper/corpora/9b39c70a794d52277a4e5d83731f0ebc50a2f3b804eb1dfc8cf32766a5ebeadc/smtlib-2025/QF_UF/QF_UF/QG-classification/qg7/iso_icl_nogen002.smt2""]"
112,3,7310,QF_UF/QG-classification/qg7/iso_icl_nogen002.smt2,05295ac0b0b9d7757b3c2b68184ab0504fc90d56582fb97cc891b8a990bf23ac,6013089,unsat,1,williams_first_order_carryover,f142088f68ffae0501ab8de7e323efb430c2912e83fc68ef048bfb8276401870,0,0,0,0,4,4,proof-seed-16,proof-seed-16,"[""baseline"",""proof-seed-0"",""proof-seed-32"",""proof-seed-4"",""proof-seed-16"",""proof-seed-8""]",parser_inclusive_subprocess_wall_clock,1,unsat,0.321139014,0,0,0,,,"unsat
",,"[""/net/scratch/hscra/plgrid/plgnasqret/codex-control/projects/euf-viper/runs/20260727T113307Z-proof-seed-qg7-2d4a372/target/release/euf-viper"",""fabric-solve"",""--engine"",""quotient-portfolio"",""/net/scratch/hscra/plgrid/plgnasqret/codex-control/projects/euf-viper/corpora/9b39c70a794d52277a4e5d83731f0ebc50a2f3b804eb1dfc8cf32766a5ebeadc/smtlib-2025/QF_UF/QF_UF/QG-classification/qg7/iso_icl_nogen002.smt2""]"
113,3,7310,QF_UF/QG-classification/qg7/iso_icl_nogen002.smt2,05295ac0b0b9d7757b3c2b68184ab0504fc90d56582fb97cc891b8a990bf23ac,6013089,unsat,1,williams_first_order_carryover,f142088f68ffae0501ab8de7e323efb430c2912e83fc68ef048bfb8276401870,0,0,0,0,5,5,proof-seed-8,proof-seed-8,"[""baseline"",""proof-seed-0"",""proof-seed-32"",""proof-seed-4"",""proof-seed-16"",""proof-seed-8""]",parser_inclusive_subprocess_wall_clock,1,unsat,0.314036825,0,0,0,,,"unsat
",,"[""/net/scratch/hscra/plgrid/plgnasqret/codex-control/projects/euf-viper/runs/20260727T113307Z-proof-seed-qg7-2d4a372/target/release/euf-viper"",""fabric-solve"",""--engine"",""quotient-portfolio"",""/net/scratch/hscra/plgrid/plgnasqret/codex-control/projects/euf-viper/corpora/9b39c70a794d52277a4e5d83731f0ebc50a2f3b804eb1dfc8cf32766a5ebeadc/smtlib-2025/QF_UF/QF_UF/QG-classification/qg7/iso_icl_nogen002.smt2""]"
114,3,7310,QF_UF/QG-classification/qg7/iso_icl_nogen002.smt2,05295ac0b0b9d7757b3c2b68184ab0504fc90d56582fb97cc891b8a990bf23ac,6013089,unsat,1,williams_first_order_carryover,f142088f68ffae0501ab8de7e323efb430c2912e83fc68ef048bfb8276401870,1,1,0,1,0,0,proof-seed-0,proof-seed-0,"[""proof-seed-0"",""proof-seed-4"",""baseline"",""proof-seed-8"",""proof-seed-32"",""proof-seed-16""]",parser_inclusive_subprocess_wall_clock,1,unsat,0.319216288,0,0,0,,,"unsat
",,"[""/net/scratch/hscra/plgrid/plgnasqret/codex-control/projects/euf-viper/runs/20260727T113307Z-proof-seed-qg7-2d4a372/target/release/euf-viper"",""fabric-solve"",""--engine"",""quotient-portfolio"",""/net/scratch/hscra/plgrid/plgnasqret/codex-control/projects/euf-viper/corpora/9b39c70a794d52277a4e5d83731f0ebc50a2f3b804eb1dfc8cf32766a5ebeadc/smtlib-2025/QF_UF/QF_UF/QG-classification/qg7/iso_icl_nogen002.smt2""]"
115,3,7310,QF_UF/QG-classification/qg7/iso_icl_nogen002.smt2,05295ac0b0b9d7757b3c2b68184ab0504fc90d56582fb97cc891b8a990bf23ac,6013089,unsat,1,williams_first_order_carryover,f142088f68ffae0501ab8de7e323efb430c2912e83fc68ef048bfb8276401870,1,1,0,1,1,1,proof-seed-4,proof-seed-4,"[""proof-seed-0"",""proof-seed-4"",""baseline"",""proof-seed-8"",""proof-seed-32"",""proof-seed-16""]",parser_inclusive_subprocess_wall_clock,1,unsat,0.316104259,0,0,0,,,"unsat
",,"[""/net/scratch/hscra/plgrid/plgnasqret/codex-control/projects/euf-viper/runs/20260727T113307Z-proof-seed-qg7-2d4a372/target/release/euf-viper"",""fabric-solve"",""--engine"",""quotient-portfolio"",""/net/scratch/hscra/plgrid/plgnasqret/codex-control/projects/euf-viper/corpora/9b39c70a794d52277a4e5d83731f0ebc50a2f3b804eb1dfc8cf32766a5ebeadc/smtlib-2025/QF_UF/QF_UF/QG-classification/qg7/iso_icl_nogen002.smt2""]"
116,3,7310,QF_UF/QG-classification/qg7/iso_icl_nogen002.smt2,05295ac0b0b9d7757b3c2b68184ab0504fc90d56582fb97cc891b8a990bf23ac,6013089,unsat,1,williams_first_order_carryover,f142088f68ffae0501ab8de7e323efb430c2912e83fc68ef048bfb8276401870,1,1,0,1,2,2,baseline,baseline,"[""proof-seed-0"",""proof-seed-4"",""baseline"",""proof-seed-8"",""proof-seed-32"",""proof-seed-16""]",parser_inclusive_subprocess_wall_clock,1,unsat,0.317306684,0,0,0,,,"unsat
",,"[""/net/scratch/hscra/plgrid/plgnasqret/codex-control/projects/euf-viper/runs/20260727T113307Z-proof-seed-qg7-2d4a372/target/release/euf-viper"",""fabric-solve"",""--engine"",""quotient-portfolio"",""/net/scratch/hscra/plgrid/plgnasqret/codex-control/projects/euf-viper/corpora/9b39c70a794d52277a4e5d83731f0ebc50a2f3b804eb1dfc8cf32766a5ebeadc/smtlib-2025/QF_UF/QF_UF/QG-classification/qg7/iso_icl_nogen002.smt2""]"
117,3,7310,QF_UF/QG-classification/qg7/iso_icl_nogen002.smt2,05295ac0b0b9d7757b3c2b68184ab0504fc90d56582fb97cc891b8a990bf23ac,6013089,unsat,1,williams_first_order_carryover,f142088f68ffae0501ab8de7e323efb430c2912e83fc68ef048bfb8276401870,1,1,0,1,3,3,proof-seed-8,proof-seed-8,"[""proof-seed-0"",""proof-seed-4"",""baseline"",""proof-seed-8"",""proof-seed-32"",""proof-seed-16""]",parser_inclusive_subprocess_wall_clock,1,unsat,0.315540576,0,0,0,,,"unsat
",,"[""/net/scratch/hscra/plgrid/plgnasqret/codex-control/projects/euf-viper/runs/20260727T113307Z-proof-seed-qg7-2d4a372/target/release/euf-viper"",""fabric-solve"",""--engine"",""quotient-portfolio"",""/net/scratch/hscra/plgrid/plgnasqret/codex-control/projects/euf-viper/corpora/9b39c70a794d52277a4e5d83731f0ebc50a2f3b804eb1dfc8cf32766a5ebeadc/smtlib-2025/QF_UF/QF_UF/QG-classification/qg7/iso_icl_nogen002.smt2""]"
118,3,7310,QF_UF/QG-classification/qg7/iso_icl_nogen002.smt2,05295ac0b0b9d7757b3c2b68184ab0504fc90d56582fb97cc891b8a990bf23ac,6013089,unsat,1,williams_first_order_carryover,f142088f68ffae0501ab8de7e323efb430c2912e83fc68ef048bfb8276401870,1,1,0,1,4,4,proof-seed-32,proof-seed-32,"[""proof-seed-0"",""proof-seed-4"",""baseline"",""proof-seed-8"",""proof-seed-32"",""proof-seed-16""]",parser_inclusive_subprocess_wall_clock,1,unsat,0.313232291,0,0,0,,,"unsat
",,"[""/net/scratch/hscra/plgrid/plgnasqret/codex-control/projects/euf-viper/runs/20260727T113307Z-proof-seed-qg7-2d4a372/target/release/euf-viper"",""fabric-solve"",""--engine"",""quotient-portfolio"",""/net/scratch/hscra/plgrid/plgnasqret/codex-control/projects/euf-viper/corpora/9b39c70a794d52277a4e5d83731f0ebc50a2f3b804eb1dfc8cf32766a5ebeadc/smtlib-2025/QF_UF/QF_UF/QG-classification/qg7/iso_icl_nogen002.smt2""]"
119,3,7310,QF_UF/QG-classification/qg7/iso_icl_nogen002.smt2,05295ac0b0b9d7757b3c2b68184ab0504fc90d56582fb97cc891b8a990bf23ac,6013089,unsat,1,williams_first_order_carryover,f142088f68ffae0501ab8de7e323efb430c2912e83fc68ef048bfb8276401870,1,1,0,1,5,5,proof-seed-16,proof-seed-16,"[""proof-seed-0"",""proof-seed-4"",""baseline"",""proof-seed-8"",""proof-seed-32"",""proof-seed-16""]",parser_inclusive_subprocess_wall_clock,1,unsat,0.317488682,0,0,0,,,"unsat
",,"[""/net/scratch/hscra/plgrid/plgnasqret/codex-control/projects/euf-viper/runs/20260727T113307Z-proof-seed-qg7-2d4a372/target/release/euf-viper"",""fabric-solve"",""--engine"",""quotient-portfolio"",""/net/scratch/hscra/plgrid/plgnasqret/codex-control/projects/euf-viper/corpora/9b39c70a794d52277a4e5d83731f0ebc50a2f3b804eb1dfc8cf32766a5ebeadc/smtlib-2025/QF_UF/QF_UF/QG-classification/qg7/iso_icl_nogen002.smt2""]"
120,3,7310,QF_UF/QG-classification/qg7/iso_icl_nogen002.smt2,05295ac0b0b9d7757b3c2b68184ab0504fc90d56582fb97cc891b8a990bf23ac,6013089,unsat,1,williams_first_order_carryover,f142088f68ffae0501ab8de7e323efb430c2912e83fc68ef048bfb8276401870,2,2,0,2,0,0,proof-seed-4,proof-seed-4,"[""proof-seed-4"",""proof-seed-8"",""proof-seed-0"",""proof-seed-16"",""baseline"",""proof-seed-32""]",parser_inclusive_subprocess_wall_clock,1,unsat,0.316689166,0,0,0,,,"unsat
",,"[""/net/scratch/hscra/plgrid/plgnasqret/codex-control/projects/euf-viper/runs/20260727T113307Z-proof-seed-qg7-2d4a372/target/release/euf-viper"",""fabric-solve"",""--engine"",""quotient-portfolio"",""/net/scratch/hscra/plgrid/plgnasqret/codex-control/projects/euf-viper/corpora/9b39c70a794d52277a4e5d83731f0ebc50a2f3b804eb1dfc8cf32766a5ebeadc/smtlib-2025/QF_UF/QF_UF/QG-classification/qg7/iso_icl_nogen002.smt2""]"
121,3,7310,QF_UF/QG-classification/qg7/iso_icl_nogen002.smt2,05295ac0b0b9d7757b3c2b68184ab0504fc90d56582fb97cc891b8a990bf23ac,6013089,unsat,1,williams_first_order_carryover,f142088f68ffae0501ab8de7e323efb430c2912e83fc68ef048bfb8276401870,2,2,0,2,1,1,proof-seed-8,proof-seed-8,"[""proof-seed-4"",""proof-seed-8"",""proof-seed-0"",""proof-seed-16"",""baseline"",""proof-seed-32""]",parser_inclusive_subprocess_wall_clock,1,unsat,0.314521302,0,0,0,,,"unsat
",,"[""/net/scratch/hscra/plgrid/plgnasqret/codex-control/projects/euf-viper/runs/20260727T113307Z-proof-seed-qg7-2d4a372/target/release/euf-viper"",""fabric-solve"",""--engine"",""quotient-portfolio"",""/net/scratch/hscra/plgrid/plgnasqret/codex-control/projects/euf-viper/corpora/9b39c70a794d52277a4e5d83731f0ebc50a2f3b804eb1dfc8cf32766a5ebeadc/smtlib-2025/QF_UF/QF_UF/QG-classification/qg7/iso_icl_nogen002.smt2""]"
122,3,7310,QF_UF/QG-classification/qg7/iso_icl_nogen002.smt2,05295ac0b0b9d7757b3c2b68184ab0504fc90d56582fb97cc891b8a990bf23ac,6013089,unsat,1,williams_first_order_carryover,f142088f68ffae0501ab8de7e323efb430c2912e83fc68ef048bfb8276401870,2,2,0,2,2,2,proof-seed-0,proof-seed-0,"[""proof-seed-4"",""proof-seed-8"",""proof-seed-0"",""proof-seed-16"",""baseline"",""proof-seed-32""]",parser_inclusive_subprocess_wall_clock,1,unsat,0.315613982,0,0,0,,,"unsat
",,"[""/net/scratch/hscra/plgrid/plgnasqret/codex-control/projects/euf-viper/runs/20260727T113307Z-proof-seed-qg7-2d4a372/target/release/euf-viper"",""fabric-solve"",""--engine"",""quotient-portfolio"",""/net/scratch/hscra/plgrid/plgnasqret/codex-control/projects/euf-viper/corpora/9b39c70a794d52277a4e5d83731f0ebc50a2f3b804eb1dfc8cf32766a5ebeadc/smtlib-2025/QF_UF/QF_UF/QG-classification/qg7/iso_icl_nogen002.smt2""]"
123,3,7310,QF_UF/QG-classification/qg7/iso_icl_nogen002.smt2,05295ac0b0b9d7757b3c2b68184ab0504fc90d56582fb97cc891b8a990bf23ac,6013089,unsat,1,williams_first_order_carryover,f142088f68ffae0501ab8de7e323efb430c2912e83fc68ef048bfb8276401870,2,2,0,2,3,3,proof-seed-16,proof-seed-16,"[""proof-seed-4"",""proof-seed-8"",""proof-seed-0"",""proof-seed-16"",""baseline"",""proof-seed-32""]",parser_inclusive_subprocess_wall_clock,1,unsat,0.315830916,0,0,0,,,"unsat
",,"[""/net/scratch/hscra/plgrid/plgnasqret/codex-control/projects/euf-viper/runs/20260727T113307Z-proof-seed-qg7-2d4a372/target/release/euf-viper"",""fabric-solve"",""--engine"",""quotient-portfolio"",""/net/scratch/hscra/plgrid/plgnasqret/codex-control/projects/euf-viper/corpora/9b39c70a794d52277a4e5d83731f0ebc50a2f3b804eb1dfc8cf32766a5ebeadc/smtlib-2025/QF_UF/QF_UF/QG-classification/qg7/iso_icl_nogen002.smt2""]"
124,3,7310,QF_UF/QG-classification/qg7/iso_icl_nogen002.smt2,05295ac0b0b9d7757b3c2b68184ab0504fc90d56582fb97cc891b8a990bf23ac,6013089,unsat,1,williams_first_order_carryover,f142088f68ffae0501ab8de7e323efb430c2912e83fc68ef048bfb8276401870,2,2,0,2,4,4,baseline,baseline,"[""proof-seed-4"",""proof-seed-8"",""proof-seed-0"",""proof-seed-16"",""baseline"",""proof-seed-32""]",parser_inclusive_subprocess_wall_clock,1,unsat,0.316061401,0,0,0,,,"unsat
",,"[""/net/scratch/hscra/plgrid/plgnasqret/codex-control/projects/euf-viper/runs/20260727T113307Z-proof-seed-qg7-2d4a372/target/release/euf-viper"",""fabric-solve"",""--engine"",""quotient-portfolio"",""/net/scratch/hscra/plgrid/plgnasqret/codex-control/projects/euf-viper/corpora/9b39c70a794d52277a4e5d83731f0ebc50a2f3b804eb1dfc8cf32766a5ebeadc/smtlib-2025/QF_UF/QF_UF/QG-classification/qg7/iso_icl_nogen002.smt2""]"
125,3,7310,QF_UF/QG-classification/qg7/iso_icl_nogen002.smt2,05295ac0b0b9d7757b3c2b68184ab0504fc90d56582fb97cc891b8a990bf23ac,6013089,unsat,1,williams_first_order_carryover,f142088f68ffae0501ab8de7e323efb430c2912e83fc68ef048bfb8276401870,2,2,0,2,5,5,proof-seed-32,proof-seed-32,"[""proof-seed-4"",""proof-seed-8"",""proof-seed-0"",""proof-seed-16"",""baseline"",""proof-seed-32""]",parser_inclusive_subprocess_wall_clock,1,unsat,0.318121534,0,0,0,,,"unsat
",,"[""/net/scratch/hscra/plgrid/plgnasqret/codex-control/projects/euf-viper/runs/20260727T113307Z-proof-seed-qg7-2d4a372/target/release/euf-viper"",""fabric-solve"",""--engine"",""quotient-portfolio"",""/net/scratch/hscra/plgrid/plgnasqret/codex-control/projects/euf-viper/corpora/9b39c70a794d52277a4e5d83731f0ebc50a2f3b804eb1dfc8cf32766a5ebeadc/smtlib-2025/QF_UF/QF_UF/QG-classification/qg7/iso_icl_nogen002.smt2""]"
126,3,7310,QF_UF/QG-classification/qg7/iso_icl_nogen002.smt2,05295ac0b0b9d7757b3c2b68184ab0504fc90d56582fb97cc891b8a990bf23ac,6013089,unsat,1,williams_first_order_carryover,f142088f68ffae0501ab8de7e323efb430c2912e83fc68ef048bfb8276401870,3,3,0,3,0,0,proof-seed-8,proof-seed-8,"[""proof-seed-8"",""proof-seed-16"",""proof-seed-4"",""proof-seed-32"",""proof-seed-0"",""baseline""]",parser_inclusive_subprocess_wall_clock,1,unsat,0.318421539,0,0,0,,,"unsat
",,"[""/net/scratch/hscra/plgrid/plgnasqret/codex-control/projects/euf-viper/runs/20260727T113307Z-proof-seed-qg7-2d4a372/target/release/euf-viper"",""fabric-solve"",""--engine"",""quotient-portfolio"",""/net/scratch/hscra/plgrid/plgnasqret/codex-control/projects/euf-viper/corpora/9b39c70a794d52277a4e5d83731f0ebc50a2f3b804eb1dfc8cf32766a5ebeadc/smtlib-2025/QF_UF/QF_UF/QG-classification/qg7/iso_icl_nogen002.smt2""]"
127,3,7310,QF_UF/QG-classification/qg7/iso_icl_nogen002.smt2,05295ac0b0b9d7757b3c2b68184ab0504fc90d56582fb97cc891b8a990bf23ac,6013089,unsat,1,williams_first_order_carryover,f142088f68ffae0501ab8de7e323efb430c2912e83fc68ef048bfb8276401870,3,3,0,3,1,1,proof-seed-16,proof-seed-16,"[""proof-seed-8"",""proof-seed-16"",""proof-seed-4"",""proof-seed-32"",""proof-seed-0"",""baseline""]",parser_inclusive_subprocess_wall_clock,1,unsat,0.321109166,0,0,0,,,"unsat
",,"[""/net/scratch/hscra/plgrid/plgnasqret/codex-control/projects/euf-viper/runs/20260727T113307Z-proof-seed-qg7-2d4a372/target/release/euf-viper"",""fabric-solve"",""--engine"",""quotient-portfolio"",""/net/scratch/hscra/plgrid/plgnasqret/codex-control/projects/euf-viper/corpora/9b39c70a794d52277a4e5d83731f0ebc50a2f3b804eb1dfc8cf32766a5ebeadc/smtlib-2025/QF_UF/QF_UF/QG-classification/qg7/iso_icl_nogen002.smt2""]"
128,3,7310,QF_UF/QG-classification/qg7/iso_icl_nogen002.smt2,05295ac0b0b9d7757b3c2b68184ab0504fc90d56582fb97cc891b8a990bf23ac,6013089,unsat,1,williams_first_order_carryover,f142088f68ffae0501ab8de7e323efb430c2912e83fc68ef048bfb8276401870,3,3,0,3,2,2,proof-seed-4,proof-seed-4,"[""proof-seed-8"",""proof-seed-16"",""proof-seed-4"",""proof-seed-32"",""proof-seed-0"",""baseline""]",parser_inclusive_subprocess_wall_clock,1,unsat,0.320746001,0,0,0,,,"unsat
",,"[""/net/scratch/hscra/plgrid/plgnasqret/codex-control/projects/euf-viper/runs/20260727T113307Z-proof-seed-qg7-2d4a372/target/release/euf-viper"",""fabric-solve"",""--engine"",""quotient-portfolio"",""/net/scratch/hscra/plgrid/plgnasqret/codex-control/projects/euf-viper/corpora/9b39c70a794d52277a4e5d83731f0ebc50a2f3b804eb1dfc8cf32766a5ebeadc/smtlib-2025/QF_UF/QF_UF/QG-classification/qg7/iso_icl_nogen002.smt2""]"
129,3,7310,QF_UF/QG-classification/qg7/iso_icl_nogen002.smt2,05295ac0b0b9d7757b3c2b68184ab0504fc90d56582fb97cc891b8a990bf23ac,6013089,unsat,1,williams_first_order_carryover,f142088f68ffae0501ab8de7e323efb430c2912e83fc68ef048bfb8276401870,3,3,0,3,3,3,proof-seed-32,proof-seed-32,"[""proof-seed-8"",""proof-seed-16"",""proof-seed-4"",""proof-seed-32"",""proof-seed-0"",""baseline""]",parser_inclusive_subprocess_wall_clock,1,unsat,0.326012512,0,0,0,,,"unsat
",,"[""/net/scratch/hscra/plgrid/plgnasqret/codex-control/projects/euf-viper/runs/20260727T113307Z-proof-seed-qg7-2d4a372/target/release/euf-viper"",""fabric-solve"",""--engine"",""quotient-portfolio"",""/net/scratch/hscra/plgrid/plgnasqret/codex-control/projects/euf-viper/corpora/9b39c70a794d52277a4e5d83731f0ebc50a2f3b804eb1dfc8cf32766a5ebeadc/smtlib-2025/QF_UF/QF_UF/QG-classification/qg7/iso_icl_nogen002.smt2""]"
130,3,7310,QF_UF/QG-classification/qg7/iso_icl_nogen002.smt2,05295ac0b0b9d7757b3c2b68184ab0504fc90d56582fb97cc891b8a990bf23ac,6013089,unsat,1,williams_first_order_carryover,f142088f68ffae0501ab8de7e323efb430c2912e83fc68ef048bfb8276401870,3,3,0,3,4,4,proof-seed-0,proof-seed-0,"[""proof-seed-8"",""proof-seed-16"",""proof-seed-4"",""proof-seed-32"",""proof-seed-0"",""baseline""]",parser_inclusive_subprocess_wall_clock,1,unsat,0.315165773,0,0,0,,,"unsat
",,"[""/net/scratch/hscra/plgrid/plgnasqret/codex-control/projects/euf-viper/runs/20260727T113307Z-proof-seed-qg7-2d4a372/target/release/euf-viper"",""fabric-solve"",""--engine"",""quotient-portfolio"",""/net/scratch/hscra/plgrid/plgnasqret/codex-control/projects/euf-viper/corpora/9b39c70a794d52277a4e5d83731f0ebc50a2f3b804eb1dfc8cf32766a5ebeadc/smtlib-2025/QF_UF/QF_UF/QG-classification/qg7/iso_icl_nogen002.smt2""]"
131,3,7310,QF_UF/QG-classification/qg7/iso_icl_nogen002.smt2,05295ac0b0b9d7757b3c2b68184ab0504fc90d56582fb97cc891b8a990bf23ac,6013089,unsat,1,williams_first_order_carryover,f142088f68ffae0501ab8de7e323efb430c2912e83fc68ef048bfb8276401870,3,3,0,3,5,5,baseline,baseline,"[""proof-seed-8"",""proof-seed-16"",""proof-seed-4"",""proof-seed-32"",""proof-seed-0"",""baseline""]",parser_inclusive_subprocess_wall_clock,1,unsat,0.316684729,0,0,0,,,"unsat
",,"[""/net/scratch/hscra/plgrid/plgnasqret/codex-control/projects/euf-viper/runs/20260727T113307Z-proof-seed-qg7-2d4a372/target/release/euf-viper"",""fabric-solve"",""--engine"",""quotient-portfolio"",""/net/scratch/hscra/plgrid/plgnasqret/codex-control/projects/euf-viper/corpora/9b39c70a794d52277a4e5d83731f0ebc50a2f3b804eb1dfc8cf32766a5ebeadc/smtlib-2025/QF_UF/QF_UF/QG-classification/qg7/iso_icl_nogen002.smt2""]"
132,3,7310,QF_UF/QG-classification/qg7/iso_icl_nogen002.smt2,05295ac0b0b9d7757b3c2b68184ab0504fc90d56582fb97cc891b8a990bf23ac,6013089,unsat,1,williams_first_order_carryover,f142088f68ffae0501ab8de7e323efb430c2912e83fc68ef048bfb8276401870,4,4,0,4,0,0,proof-seed-16,proof-seed-16,"[""proof-seed-16"",""proof-seed-32"",""proof-seed-8"",""baseline"",""proof-seed-4"",""proof-seed-0""]",parser_inclusive_subprocess_wall_clock,1,unsat,0.315144870,0,0,0,,,"unsat
",,"[""/net/scratch/hscra/plgrid/plgnasqret/codex-control/projects/euf-viper/runs/20260727T113307Z-proof-seed-qg7-2d4a372/target/release/euf-viper"",""fabric-solve"",""--engine"",""quotient-portfolio"",""/net/scratch/hscra/plgrid/plgnasqret/codex-control/projects/euf-viper/corpora/9b39c70a794d52277a4e5d83731f0ebc50a2f3b804eb1dfc8cf32766a5ebeadc/smtlib-2025/QF_UF/QF_UF/QG-classification/qg7/iso_icl_nogen002.smt2""]"
133,3,7310,QF_UF/QG-classification/qg7/iso_icl_nogen002.smt2,05295ac0b0b9d7757b3c2b68184ab0504fc90d56582fb97cc891b8a990bf23ac,6013089,unsat,1,williams_first_order_carryover,f142088f68ffae0501ab8de7e323efb430c2912e83fc68ef048bfb8276401870,4,4,0,4,1,1,proof-seed-32,proof-seed-32,"[""proof-seed-16"",""proof-seed-32"",""proof-seed-8"",""baseline"",""proof-seed-4"",""proof-seed-0""]",parser_inclusive_subprocess_wall_clock,1,unsat,0.318315071,0,0,0,,,"unsat
",,"[""/net/scratch/hscra/plgrid/plgnasqret/codex-control/projects/euf-viper/runs/20260727T113307Z-proof-seed-qg7-2d4a372/target/release/euf-viper"",""fabric-solve"",""--engine"",""quotient-portfolio"",""/net/scratch/hscra/plgrid/plgnasqret/codex-control/projects/euf-viper/corpora/9b39c70a794d52277a4e5d83731f0ebc50a2f3b804eb1dfc8cf32766a5ebeadc/smtlib-2025/QF_UF/QF_UF/QG-classification/qg7/iso_icl_nogen002.smt2""]"
134,3,7310,QF_UF/QG-classification/qg7/iso_icl_nogen002.smt2,05295ac0b0b9d7757b3c2b68184ab0504fc90d56582fb97cc891b8a990bf23ac,6013089,unsat,1,williams_first_order_carryover,f142088f68ffae0501ab8de7e323efb430c2912e83fc68ef048bfb8276401870,4,4,0,4,2,2,proof-seed-8,proof-seed-8,"[""proof-seed-16"",""proof-seed-32"",""proof-seed-8"",""baseline"",""proof-seed-4"",""proof-seed-0""]",parser_inclusive_subprocess_wall_clock,1,unsat,0.316522372,0,0,0,,,"unsat
",,"[""/net/scratch/hscra/plgrid/plgnasqret/codex-control/projects/euf-viper/runs/20260727T113307Z-proof-seed-qg7-2d4a372/target/release/euf-viper"",""fabric-solve"",""--engine"",""quotient-portfolio"",""/net/scratch/hscra/plgrid/plgnasqret/codex-control/projects/euf-viper/corpora/9b39c70a794d52277a4e5d83731f0ebc50a2f3b804eb1dfc8cf32766a5ebeadc/smtlib-2025/QF_UF/QF_UF/QG-classification/qg7/iso_icl_nogen002.smt2""]"
135,3,7310,QF_UF/QG-classification/qg7/iso_icl_nogen002.smt2,05295ac0b0b9d7757b3c2b68184ab0504fc90d56582fb97cc891b8a990bf23ac,6013089,unsat,1,williams_first_order_carryover,f142088f68ffae0501ab8de7e323efb430c2912e83fc68ef048bfb8276401870,4,4,0,4,3,3,baseline,baseline,"[""proof-seed-16"",""proof-seed-32"",""proof-seed-8"",""baseline"",""proof-seed-4"",""proof-seed-0""]",parser_inclusive_subprocess_wall_clock,1,unsat,0.319812643,0,0,0,,,"unsat
",,"[""/net/scratch/hscra/plgrid/plgnasqret/codex-control/projects/euf-viper/runs/20260727T113307Z-proof-seed-qg7-2d4a372/target/release/euf-viper"",""fabric-solve"",""--engine"",""quotient-portfolio"",""/net/scratch/hscra/plgrid/plgnasqret/codex-control/projects/euf-viper/corpora/9b39c70a794d52277a4e5d83731f0ebc50a2f3b804eb1dfc8cf32766a5ebeadc/smtlib-2025/QF_UF/QF_UF/QG-classification/qg7/iso_icl_nogen002.smt2""]"
136,3,7310,QF_UF/QG-classification/qg7/iso_icl_nogen002.smt2,05295ac0b0b9d7757b3c2b68184ab0504fc90d56582fb97cc891b8a990bf23ac,6013089,unsat,1,williams_first_order_carryover,f142088f68ffae0501ab8de7e323efb430c2912e83fc68ef048bfb8276401870,4,4,0,4,4,4,proof-seed-4,proof-seed-4,"[""proof-seed-16"",""proof-seed-32"",""proof-seed-8"",""baseline"",""proof-seed-4"",""proof-seed-0""]",parser_inclusive_subprocess_wall_clock,1,unsat,0.317272790,0,0,0,,,"unsat
",,"[""/net/scratch/hscra/plgrid/plgnasqret/codex-control/projects/euf-viper/runs/20260727T113307Z-proof-seed-qg7-2d4a372/target/release/euf-viper"",""fabric-solve"",""--engine"",""quotient-portfolio"",""/net/scratch/hscra/plgrid/plgnasqret/codex-control/projects/euf-viper/corpora/9b39c70a794d52277a4e5d83731f0ebc50a2f3b804eb1dfc8cf32766a5ebeadc/smtlib-2025/QF_UF/QF_UF/QG-classification/qg7/iso_icl_nogen002.smt2""]"
137,3,7310,QF_UF/QG-classification/qg7/iso_icl_nogen002.smt2,05295ac0b0b9d7757b3c2b68184ab0504fc90d56582fb97cc891b8a990bf23ac,6013089,unsat,1,williams_first_order_carryover,f142088f68ffae0501ab8de7e323efb430c2912e83fc68ef048bfb8276401870,4,4,0,4,5,5,proof-seed-0,proof-seed-0,"[""proof-seed-16"",""proof-seed-32"",""proof-seed-8"",""baseline"",""proof-seed-4"",""proof-seed-0""]",parser_inclusive_subprocess_wall_clock,1,unsat,0.315351768,0,0,0,,,"unsat
",,"[""/net/scratch/hscra/plgrid/plgnasqret/codex-control/projects/euf-viper/runs/20260727T113307Z-proof-seed-qg7-2d4a372/target/release/euf-viper"",""fabric-solve"",""--engine"",""quotient-portfolio"",""/net/scratch/hscra/plgrid/plgnasqret/codex-control/projects/euf-viper/corpora/9b39c70a794d52277a4e5d83731f0ebc50a2f3b804eb1dfc8cf32766a5ebeadc/smtlib-2025/QF_UF/QF_UF/QG-classification/qg7/iso_icl_nogen002.smt2""]"
138,3,7310,QF_UF/QG-classification/qg7/iso_icl_nogen002.smt2,05295ac0b0b9d7757b3c2b68184ab0504fc90d56582fb97cc891b8a990bf23ac,6013089,unsat,1,williams_first_order_carryover,f142088f68ffae0501ab8de7e323efb430c2912e83fc68ef048bfb8276401870,5,5,0,5,0,0,proof-seed-32,proof-seed-32,"[""proof-seed-32"",""baseline"",""proof-seed-16"",""proof-seed-0"",""proof-seed-8"",""proof-seed-4""]",parser_inclusive_subprocess_wall_clock,1,unsat,0.314449989,0,0,0,,,"unsat
",,"[""/net/scratch/hscra/plgrid/plgnasqret/codex-control/projects/euf-viper/runs/20260727T113307Z-proof-seed-qg7-2d4a372/target/release/euf-viper"",""fabric-solve"",""--engine"",""quotient-portfolio"",""/net/scratch/hscra/plgrid/plgnasqret/codex-control/projects/euf-viper/corpora/9b39c70a794d52277a4e5d83731f0ebc50a2f3b804eb1dfc8cf32766a5ebeadc/smtlib-2025/QF_UF/QF_UF/QG-classification/qg7/iso_icl_nogen002.smt2""]"
139,3,7310,QF_UF/QG-classification/qg7/iso_icl_nogen002.smt2,05295ac0b0b9d7757b3c2b68184ab0504fc90d56582fb97cc891b8a990bf23ac,6013089,unsat,1,williams_first_order_carryover,f142088f68ffae0501ab8de7e323efb430c2912e83fc68ef048bfb8276401870,5,5,0,5,1,1,baseline,baseline,"[""proof-seed-32"",""baseline"",""proof-seed-16"",""proof-seed-0"",""proof-seed-8"",""proof-seed-4""]",parser_inclusive_subprocess_wall_clock,1,unsat,0.317621533,0,0,0,,,"unsat
",,"[""/net/scratch/hscra/plgrid/plgnasqret/codex-control/projects/euf-viper/runs/20260727T113307Z-proof-seed-qg7-2d4a372/target/release/euf-viper"",""fabric-solve"",""--engine"",""quotient-portfolio"",""/net/scratch/hscra/plgrid/plgnasqret/codex-control/projects/euf-viper/corpora/9b39c70a794d52277a4e5d83731f0ebc50a2f3b804eb1dfc8cf32766a5ebeadc/smtlib-2025/QF_UF/QF_UF/QG-classification/qg7/iso_icl_nogen002.smt2""]"
140,3,7310,QF_UF/QG-classification/qg7/iso_icl_nogen002.smt2,05295ac0b0b9d7757b3c2b68184ab0504fc90d56582fb97cc891b8a990bf23ac,6013089,unsat,1,williams_first_order_carryover,f142088f68ffae0501ab8de7e323efb430c2912e83fc68ef048bfb8276401870,5,5,0,5,2,2,proof-seed-16,proof-seed-16,"[""proof-seed-32"",""baseline"",""proof-seed-16"",""proof-seed-0"",""proof-seed-8"",""proof-seed-4""]",parser_inclusive_subprocess_wall_clock,1,unsat,0.323500103,0,0,0,,,"unsat
",,"[""/net/scratch/hscra/plgrid/plgnasqret/codex-control/projects/euf-viper/runs/20260727T113307Z-proof-seed-qg7-2d4a372/target/release/euf-viper"",""fabric-solve"",""--engine"",""quotient-portfolio"",""/net/scratch/hscra/plgrid/plgnasqret/codex-control/projects/euf-viper/corpora/9b39c70a794d52277a4e5d83731f0ebc50a2f3b804eb1dfc8cf32766a5ebeadc/smtlib-2025/QF_UF/QF_UF/QG-classification/qg7/iso_icl_nogen002.smt2""]"
141,3,7310,QF_UF/QG-classification/qg7/iso_icl_nogen002.smt2,05295ac0b0b9d7757b3c2b68184ab0504fc90d56582fb97cc891b8a990bf23ac,6013089,unsat,1,williams_first_order_carryover,f142088f68ffae0501ab8de7e323efb430c2912e83fc68ef048bfb8276401870,5,5,0,5,3,3,proof-seed-0,proof-seed-0,"[""proof-seed-32"",""baseline"",""proof-seed-16"",""proof-seed-0"",""proof-seed-8"",""proof-seed-4""]",parser_inclusive_subprocess_wall_clock,1,unsat,0.322325112,0,0,0,,,"unsat
",,"[""/net/scratch/hscra/plgrid/plgnasqret/codex-control/projects/euf-viper/runs/20260727T113307Z-proof-seed-qg7-2d4a372/target/release/euf-viper"",""fabric-solve"",""--engine"",""quotient-portfolio"",""/net/scratch/hscra/plgrid/plgnasqret/codex-control/projects/euf-viper/corpora/9b39c70a794d52277a4e5d83731f0ebc50a2f3b804eb1dfc8cf32766a5ebeadc/smtlib-2025/QF_UF/QF_UF/QG-classification/qg7/iso_icl_nogen002.smt2""]"
142,3,7310,QF_UF/QG-classification/qg7/iso_icl_nogen002.smt2,05295ac0b0b9d7757b3c2b68184ab0504fc90d56582fb97cc891b8a990bf23ac,6013089,unsat,1,williams_first_order_carryover,f142088f68ffae0501ab8de7e323efb430c2912e83fc68ef048bfb8276401870,5,5,0,5,4,4,proof-seed-8,proof-seed-8,"[""proof-seed-32"",""baseline"",""proof-seed-16"",""proof-seed-0"",""proof-seed-8"",""proof-seed-4""]",parser_inclusive_subprocess_wall_clock,1,unsat,0.314608931,0,0,0,,,"unsat
",,"[""/net/scratch/hscra/plgrid/plgnasqret/codex-control/projects/euf-viper/runs/20260727T113307Z-proof-seed-qg7-2d4a372/target/release/euf-viper"",""fabric-solve"",""--engine"",""quotient-portfolio"",""/net/scratch/hscra/plgrid/plgnasqret/codex-control/projects/euf-viper/corpora/9b39c70a794d52277a4e5d83731f0ebc50a2f3b804eb1dfc8cf32766a5ebeadc/smtlib-2025/QF_UF/QF_UF/QG-classification/qg7/iso_icl_nogen002.smt2""]"
143,3,7310,QF_UF/QG-classification/qg7/iso_icl_nogen002.smt2,05295ac0b0b9d7757b3c2b68184ab0504fc90d56582fb97cc891b8a990bf23ac,6013089,unsat,1,williams_first_order_carryover,f142088f68ffae0501ab8de7e323efb430c2912e83fc68ef048bfb8276401870,5,5,0,5,5,5,proof-seed-4,proof-seed-4,"[""proof-seed-32"",""baseline"",""proof-seed-16"",""proof-seed-0"",""proof-seed-8"",""proof-seed-4""]",parser_inclusive_subprocess_wall_clock,1,unsat,0.314834117,0,0,0,,,"unsat
",,"[""/net/scratch/hscra/plgrid/plgnasqret/codex-control/projects/euf-viper/runs/20260727T113307Z-proof-seed-qg7-2d4a372/target/release/euf-viper"",""fabric-solve"",""--engine"",""quotient-portfolio"",""/net/scratch/hscra/plgrid/plgnasqret/codex-control/projects/euf-viper/corpora/9b39c70a794d52277a4e5d83731f0ebc50a2f3b804eb1dfc8cf32766a5ebeadc/smtlib-2025/QF_UF/QF_UF/QG-classification/qg7/iso_icl_nogen002.smt2""]"
