sequence,row_index,id,relative_path,source_sha256,source_size_bytes,expected_status,schedule_schema_version,schedule_design,schedule_sha256,repeat,schedule_row,complete_block,row_in_block,order_in_repeat,arm_position,label,arm,schedule_order_json,timing_scope,parser_inclusive,result,time_s,exit_code,process_returncode,timed_out,error_kind,error_detail,stdout,stderr,argv_json
0,0,7041,QF_UF/QG-classification/qg7/gensys_icl_sk001.smt2,f54b2b596705e0bb47870467923df4ba0aee0a55262542126b82c2fdf9f953a2,808905,unsat,1,williams_first_order_carryover,a5b163da70f7a4b586276cec20529dcaf9a596daf59a01894d95ec3f4fd69c3e,0,0,0,0,0,0,baseline,baseline,"[""baseline"",""staged-0"",""staged-10000"",""staged-10"",""staged-1000"",""staged-100""]",parser_inclusive_subprocess_wall_clock,1,timeout,2.007647766,124,-9,1,timeout,exceeded 2 seconds,,,"[""/net/scratch/hscra/plgrid/plgnasqret/codex-control/projects/euf-viper/runs/20260727T073625Z-staged-qg7-e9fef17/target/release/euf-viper"",""fabric-solve"",""--engine"",""quotient-portfolio"",""/net/scratch/hscra/plgrid/plgnasqret/codex-control/projects/euf-viper/corpora/9b39c70a794d52277a4e5d83731f0ebc50a2f3b804eb1dfc8cf32766a5ebeadc/smtlib-2025/QF_UF/QF_UF/QG-classification/qg7/gensys_icl_sk001.smt2""]"
1,0,7041,QF_UF/QG-classification/qg7/gensys_icl_sk001.smt2,f54b2b596705e0bb47870467923df4ba0aee0a55262542126b82c2fdf9f953a2,808905,unsat,1,williams_first_order_carryover,a5b163da70f7a4b586276cec20529dcaf9a596daf59a01894d95ec3f4fd69c3e,0,0,0,0,1,1,staged-0,staged-0,"[""baseline"",""staged-0"",""staged-10000"",""staged-10"",""staged-1000"",""staged-100""]",parser_inclusive_subprocess_wall_clock,1,timeout,2.007553296,124,-9,1,timeout,exceeded 2 seconds,,,"[""/net/scratch/hscra/plgrid/plgnasqret/codex-control/projects/euf-viper/runs/20260727T073625Z-staged-qg7-e9fef17/target/release/euf-viper"",""fabric-solve"",""--engine"",""quotient-portfolio"",""/net/scratch/hscra/plgrid/plgnasqret/codex-control/projects/euf-viper/corpora/9b39c70a794d52277a4e5d83731f0ebc50a2f3b804eb1dfc8cf32766a5ebeadc/smtlib-2025/QF_UF/QF_UF/QG-classification/qg7/gensys_icl_sk001.smt2""]"
2,0,7041,QF_UF/QG-classification/qg7/gensys_icl_sk001.smt2,f54b2b596705e0bb47870467923df4ba0aee0a55262542126b82c2fdf9f953a2,808905,unsat,1,williams_first_order_carryover,a5b163da70f7a4b586276cec20529dcaf9a596daf59a01894d95ec3f4fd69c3e,0,0,0,0,2,2,staged-10000,staged-10000,"[""baseline"",""staged-0"",""staged-10000"",""staged-10"",""staged-1000"",""staged-100""]",parser_inclusive_subprocess_wall_clock,1,timeout,2.006902953,124,-9,1,timeout,exceeded 2 seconds,,,"[""/net/scratch/hscra/plgrid/plgnasqret/codex-control/projects/euf-viper/runs/20260727T073625Z-staged-qg7-e9fef17/target/release/euf-viper"",""fabric-solve"",""--engine"",""quotient-portfolio"",""/net/scratch/hscra/plgrid/plgnasqret/codex-control/projects/euf-viper/corpora/9b39c70a794d52277a4e5d83731f0ebc50a2f3b804eb1dfc8cf32766a5ebeadc/smtlib-2025/QF_UF/QF_UF/QG-classification/qg7/gensys_icl_sk001.smt2""]"
3,0,7041,QF_UF/QG-classification/qg7/gensys_icl_sk001.smt2,f54b2b596705e0bb47870467923df4ba0aee0a55262542126b82c2fdf9f953a2,808905,unsat,1,williams_first_order_carryover,a5b163da70f7a4b586276cec20529dcaf9a596daf59a01894d95ec3f4fd69c3e,0,0,0,0,3,3,staged-10,staged-10,"[""baseline"",""staged-0"",""staged-10000"",""staged-10"",""staged-1000"",""staged-100""]",parser_inclusive_subprocess_wall_clock,1,timeout,2.007176909,124,-9,1,timeout,exceeded 2 seconds,,,"[""/net/scratch/hscra/plgrid/plgnasqret/codex-control/projects/euf-viper/runs/20260727T073625Z-staged-qg7-e9fef17/target/release/euf-viper"",""fabric-solve"",""--engine"",""quotient-portfolio"",""/net/scratch/hscra/plgrid/plgnasqret/codex-control/projects/euf-viper/corpora/9b39c70a794d52277a4e5d83731f0ebc50a2f3b804eb1dfc8cf32766a5ebeadc/smtlib-2025/QF_UF/QF_UF/QG-classification/qg7/gensys_icl_sk001.smt2""]"
4,0,7041,QF_UF/QG-classification/qg7/gensys_icl_sk001.smt2,f54b2b596705e0bb47870467923df4ba0aee0a55262542126b82c2fdf9f953a2,808905,unsat,1,williams_first_order_carryover,a5b163da70f7a4b586276cec20529dcaf9a596daf59a01894d95ec3f4fd69c3e,0,0,0,0,4,4,staged-1000,staged-1000,"[""baseline"",""staged-0"",""staged-10000"",""staged-10"",""staged-1000"",""staged-100""]",parser_inclusive_subprocess_wall_clock,1,timeout,2.007487311,124,-9,1,timeout,exceeded 2 seconds,,,"[""/net/scratch/hscra/plgrid/plgnasqret/codex-control/projects/euf-viper/runs/20260727T073625Z-staged-qg7-e9fef17/target/release/euf-viper"",""fabric-solve"",""--engine"",""quotient-portfolio"",""/net/scratch/hscra/plgrid/plgnasqret/codex-control/projects/euf-viper/corpora/9b39c70a794d52277a4e5d83731f0ebc50a2f3b804eb1dfc8cf32766a5ebeadc/smtlib-2025/QF_UF/QF_UF/QG-classification/qg7/gensys_icl_sk001.smt2""]"
5,0,7041,QF_UF/QG-classification/qg7/gensys_icl_sk001.smt2,f54b2b596705e0bb47870467923df4ba0aee0a55262542126b82c2fdf9f953a2,808905,unsat,1,williams_first_order_carryover,a5b163da70f7a4b586276cec20529dcaf9a596daf59a01894d95ec3f4fd69c3e,0,0,0,0,5,5,staged-100,staged-100,"[""baseline"",""staged-0"",""staged-10000"",""staged-10"",""staged-1000"",""staged-100""]",parser_inclusive_subprocess_wall_clock,1,timeout,2.007421356,124,-9,1,timeout,exceeded 2 seconds,,,"[""/net/scratch/hscra/plgrid/plgnasqret/codex-control/projects/euf-viper/runs/20260727T073625Z-staged-qg7-e9fef17/target/release/euf-viper"",""fabric-solve"",""--engine"",""quotient-portfolio"",""/net/scratch/hscra/plgrid/plgnasqret/codex-control/projects/euf-viper/corpora/9b39c70a794d52277a4e5d83731f0ebc50a2f3b804eb1dfc8cf32766a5ebeadc/smtlib-2025/QF_UF/QF_UF/QG-classification/qg7/gensys_icl_sk001.smt2""]"
6,0,7041,QF_UF/QG-classification/qg7/gensys_icl_sk001.smt2,f54b2b596705e0bb47870467923df4ba0aee0a55262542126b82c2fdf9f953a2,808905,unsat,1,williams_first_order_carryover,a5b163da70f7a4b586276cec20529dcaf9a596daf59a01894d95ec3f4fd69c3e,1,1,0,1,0,0,staged-0,staged-0,"[""staged-0"",""staged-10"",""baseline"",""staged-100"",""staged-10000"",""staged-1000""]",parser_inclusive_subprocess_wall_clock,1,timeout,2.007081226,124,-9,1,timeout,exceeded 2 seconds,,,"[""/net/scratch/hscra/plgrid/plgnasqret/codex-control/projects/euf-viper/runs/20260727T073625Z-staged-qg7-e9fef17/target/release/euf-viper"",""fabric-solve"",""--engine"",""quotient-portfolio"",""/net/scratch/hscra/plgrid/plgnasqret/codex-control/projects/euf-viper/corpora/9b39c70a794d52277a4e5d83731f0ebc50a2f3b804eb1dfc8cf32766a5ebeadc/smtlib-2025/QF_UF/QF_UF/QG-classification/qg7/gensys_icl_sk001.smt2""]"
7,0,7041,QF_UF/QG-classification/qg7/gensys_icl_sk001.smt2,f54b2b596705e0bb47870467923df4ba0aee0a55262542126b82c2fdf9f953a2,808905,unsat,1,williams_first_order_carryover,a5b163da70f7a4b586276cec20529dcaf9a596daf59a01894d95ec3f4fd69c3e,1,1,0,1,1,1,staged-10,staged-10,"[""staged-0"",""staged-10"",""baseline"",""staged-100"",""staged-10000"",""staged-1000""]",parser_inclusive_subprocess_wall_clock,1,timeout,2.007568150,124,-9,1,timeout,exceeded 2 seconds,,,"[""/net/scratch/hscra/plgrid/plgnasqret/codex-control/projects/euf-viper/runs/20260727T073625Z-staged-qg7-e9fef17/target/release/euf-viper"",""fabric-solve"",""--engine"",""quotient-portfolio"",""/net/scratch/hscra/plgrid/plgnasqret/codex-control/projects/euf-viper/corpora/9b39c70a794d52277a4e5d83731f0ebc50a2f3b804eb1dfc8cf32766a5ebeadc/smtlib-2025/QF_UF/QF_UF/QG-classification/qg7/gensys_icl_sk001.smt2""]"
8,0,7041,QF_UF/QG-classification/qg7/gensys_icl_sk001.smt2,f54b2b596705e0bb47870467923df4ba0aee0a55262542126b82c2fdf9f953a2,808905,unsat,1,williams_first_order_carryover,a5b163da70f7a4b586276cec20529dcaf9a596daf59a01894d95ec3f4fd69c3e,1,1,0,1,2,2,baseline,baseline,"[""staged-0"",""staged-10"",""baseline"",""staged-100"",""staged-10000"",""staged-1000""]",parser_inclusive_subprocess_wall_clock,1,timeout,2.006504531,124,-9,1,timeout,exceeded 2 seconds,,,"[""/net/scratch/hscra/plgrid/plgnasqret/codex-control/projects/euf-viper/runs/20260727T073625Z-staged-qg7-e9fef17/target/release/euf-viper"",""fabric-solve"",""--engine"",""quotient-portfolio"",""/net/scratch/hscra/plgrid/plgnasqret/codex-control/projects/euf-viper/corpora/9b39c70a794d52277a4e5d83731f0ebc50a2f3b804eb1dfc8cf32766a5ebeadc/smtlib-2025/QF_UF/QF_UF/QG-classification/qg7/gensys_icl_sk001.smt2""]"
9,0,7041,QF_UF/QG-classification/qg7/gensys_icl_sk001.smt2,f54b2b596705e0bb47870467923df4ba0aee0a55262542126b82c2fdf9f953a2,808905,unsat,1,williams_first_order_carryover,a5b163da70f7a4b586276cec20529dcaf9a596daf59a01894d95ec3f4fd69c3e,1,1,0,1,3,3,staged-100,staged-100,"[""staged-0"",""staged-10"",""baseline"",""staged-100"",""staged-10000"",""staged-1000""]",parser_inclusive_subprocess_wall_clock,1,timeout,2.008465544,124,-9,1,timeout,exceeded 2 seconds,,,"[""/net/scratch/hscra/plgrid/plgnasqret/codex-control/projects/euf-viper/runs/20260727T073625Z-staged-qg7-e9fef17/target/release/euf-viper"",""fabric-solve"",""--engine"",""quotient-portfolio"",""/net/scratch/hscra/plgrid/plgnasqret/codex-control/projects/euf-viper/corpora/9b39c70a794d52277a4e5d83731f0ebc50a2f3b804eb1dfc8cf32766a5ebeadc/smtlib-2025/QF_UF/QF_UF/QG-classification/qg7/gensys_icl_sk001.smt2""]"
10,0,7041,QF_UF/QG-classification/qg7/gensys_icl_sk001.smt2,f54b2b596705e0bb47870467923df4ba0aee0a55262542126b82c2fdf9f953a2,808905,unsat,1,williams_first_order_carryover,a5b163da70f7a4b586276cec20529dcaf9a596daf59a01894d95ec3f4fd69c3e,1,1,0,1,4,4,staged-10000,staged-10000,"[""staged-0"",""staged-10"",""baseline"",""staged-100"",""staged-10000"",""staged-1000""]",parser_inclusive_subprocess_wall_clock,1,timeout,2.011022597,124,-9,1,timeout,exceeded 2 seconds,,,"[""/net/scratch/hscra/plgrid/plgnasqret/codex-control/projects/euf-viper/runs/20260727T073625Z-staged-qg7-e9fef17/target/release/euf-viper"",""fabric-solve"",""--engine"",""quotient-portfolio"",""/net/scratch/hscra/plgrid/plgnasqret/codex-control/projects/euf-viper/corpora/9b39c70a794d52277a4e5d83731f0ebc50a2f3b804eb1dfc8cf32766a5ebeadc/smtlib-2025/QF_UF/QF_UF/QG-classification/qg7/gensys_icl_sk001.smt2""]"
11,0,7041,QF_UF/QG-classification/qg7/gensys_icl_sk001.smt2,f54b2b596705e0bb47870467923df4ba0aee0a55262542126b82c2fdf9f953a2,808905,unsat,1,williams_first_order_carryover,a5b163da70f7a4b586276cec20529dcaf9a596daf59a01894d95ec3f4fd69c3e,1,1,0,1,5,5,staged-1000,staged-1000,"[""staged-0"",""staged-10"",""baseline"",""staged-100"",""staged-10000"",""staged-1000""]",parser_inclusive_subprocess_wall_clock,1,timeout,2.013042175,124,-9,1,timeout,exceeded 2 seconds,,,"[""/net/scratch/hscra/plgrid/plgnasqret/codex-control/projects/euf-viper/runs/20260727T073625Z-staged-qg7-e9fef17/target/release/euf-viper"",""fabric-solve"",""--engine"",""quotient-portfolio"",""/net/scratch/hscra/plgrid/plgnasqret/codex-control/projects/euf-viper/corpora/9b39c70a794d52277a4e5d83731f0ebc50a2f3b804eb1dfc8cf32766a5ebeadc/smtlib-2025/QF_UF/QF_UF/QG-classification/qg7/gensys_icl_sk001.smt2""]"
12,0,7041,QF_UF/QG-classification/qg7/gensys_icl_sk001.smt2,f54b2b596705e0bb47870467923df4ba0aee0a55262542126b82c2fdf9f953a2,808905,unsat,1,williams_first_order_carryover,a5b163da70f7a4b586276cec20529dcaf9a596daf59a01894d95ec3f4fd69c3e,2,2,0,2,0,0,staged-10,staged-10,"[""staged-10"",""staged-100"",""staged-0"",""staged-1000"",""baseline"",""staged-10000""]",parser_inclusive_subprocess_wall_clock,1,timeout,2.010734480,124,-9,1,timeout,exceeded 2 seconds,,,"[""/net/scratch/hscra/plgrid/plgnasqret/codex-control/projects/euf-viper/runs/20260727T073625Z-staged-qg7-e9fef17/target/release/euf-viper"",""fabric-solve"",""--engine"",""quotient-portfolio"",""/net/scratch/hscra/plgrid/plgnasqret/codex-control/projects/euf-viper/corpora/9b39c70a794d52277a4e5d83731f0ebc50a2f3b804eb1dfc8cf32766a5ebeadc/smtlib-2025/QF_UF/QF_UF/QG-classification/qg7/gensys_icl_sk001.smt2""]"
13,0,7041,QF_UF/QG-classification/qg7/gensys_icl_sk001.smt2,f54b2b596705e0bb47870467923df4ba0aee0a55262542126b82c2fdf9f953a2,808905,unsat,1,williams_first_order_carryover,a5b163da70f7a4b586276cec20529dcaf9a596daf59a01894d95ec3f4fd69c3e,2,2,0,2,1,1,staged-100,staged-100,"[""staged-10"",""staged-100"",""staged-0"",""staged-1000"",""baseline"",""staged-10000""]",parser_inclusive_subprocess_wall_clock,1,timeout,2.009245796,124,-9,1,timeout,exceeded 2 seconds,,,"[""/net/scratch/hscra/plgrid/plgnasqret/codex-control/projects/euf-viper/runs/20260727T073625Z-staged-qg7-e9fef17/target/release/euf-viper"",""fabric-solve"",""--engine"",""quotient-portfolio"",""/net/scratch/hscra/plgrid/plgnasqret/codex-control/projects/euf-viper/corpora/9b39c70a794d52277a4e5d83731f0ebc50a2f3b804eb1dfc8cf32766a5ebeadc/smtlib-2025/QF_UF/QF_UF/QG-classification/qg7/gensys_icl_sk001.smt2""]"
14,0,7041,QF_UF/QG-classification/qg7/gensys_icl_sk001.smt2,f54b2b596705e0bb47870467923df4ba0aee0a55262542126b82c2fdf9f953a2,808905,unsat,1,williams_first_order_carryover,a5b163da70f7a4b586276cec20529dcaf9a596daf59a01894d95ec3f4fd69c3e,2,2,0,2,2,2,staged-0,staged-0,"[""staged-10"",""staged-100"",""staged-0"",""staged-1000"",""baseline"",""staged-10000""]",parser_inclusive_subprocess_wall_clock,1,timeout,2.009643918,124,-9,1,timeout,exceeded 2 seconds,,,"[""/net/scratch/hscra/plgrid/plgnasqret/codex-control/projects/euf-viper/runs/20260727T073625Z-staged-qg7-e9fef17/target/release/euf-viper"",""fabric-solve"",""--engine"",""quotient-portfolio"",""/net/scratch/hscra/plgrid/plgnasqret/codex-control/projects/euf-viper/corpora/9b39c70a794d52277a4e5d83731f0ebc50a2f3b804eb1dfc8cf32766a5ebeadc/smtlib-2025/QF_UF/QF_UF/QG-classification/qg7/gensys_icl_sk001.smt2""]"
15,0,7041,QF_UF/QG-classification/qg7/gensys_icl_sk001.smt2,f54b2b596705e0bb47870467923df4ba0aee0a55262542126b82c2fdf9f953a2,808905,unsat,1,williams_first_order_carryover,a5b163da70f7a4b586276cec20529dcaf9a596daf59a01894d95ec3f4fd69c3e,2,2,0,2,3,3,staged-1000,staged-1000,"[""staged-10"",""staged-100"",""staged-0"",""staged-1000"",""baseline"",""staged-10000""]",parser_inclusive_subprocess_wall_clock,1,timeout,2.008960863,124,-9,1,timeout,exceeded 2 seconds,,,"[""/net/scratch/hscra/plgrid/plgnasqret/codex-control/projects/euf-viper/runs/20260727T073625Z-staged-qg7-e9fef17/target/release/euf-viper"",""fabric-solve"",""--engine"",""quotient-portfolio"",""/net/scratch/hscra/plgrid/plgnasqret/codex-control/projects/euf-viper/corpora/9b39c70a794d52277a4e5d83731f0ebc50a2f3b804eb1dfc8cf32766a5ebeadc/smtlib-2025/QF_UF/QF_UF/QG-classification/qg7/gensys_icl_sk001.smt2""]"
16,0,7041,QF_UF/QG-classification/qg7/gensys_icl_sk001.smt2,f54b2b596705e0bb47870467923df4ba0aee0a55262542126b82c2fdf9f953a2,808905,unsat,1,williams_first_order_carryover,a5b163da70f7a4b586276cec20529dcaf9a596daf59a01894d95ec3f4fd69c3e,2,2,0,2,4,4,baseline,baseline,"[""staged-10"",""staged-100"",""staged-0"",""staged-1000"",""baseline"",""staged-10000""]",parser_inclusive_subprocess_wall_clock,1,timeout,2.009182736,124,-9,1,timeout,exceeded 2 seconds,,,"[""/net/scratch/hscra/plgrid/plgnasqret/codex-control/projects/euf-viper/runs/20260727T073625Z-staged-qg7-e9fef17/target/release/euf-viper"",""fabric-solve"",""--engine"",""quotient-portfolio"",""/net/scratch/hscra/plgrid/plgnasqret/codex-control/projects/euf-viper/corpora/9b39c70a794d52277a4e5d83731f0ebc50a2f3b804eb1dfc8cf32766a5ebeadc/smtlib-2025/QF_UF/QF_UF/QG-classification/qg7/gensys_icl_sk001.smt2""]"
17,0,7041,QF_UF/QG-classification/qg7/gensys_icl_sk001.smt2,f54b2b596705e0bb47870467923df4ba0aee0a55262542126b82c2fdf9f953a2,808905,unsat,1,williams_first_order_carryover,a5b163da70f7a4b586276cec20529dcaf9a596daf59a01894d95ec3f4fd69c3e,2,2,0,2,5,5,staged-10000,staged-10000,"[""staged-10"",""staged-100"",""staged-0"",""staged-1000"",""baseline"",""staged-10000""]",parser_inclusive_subprocess_wall_clock,1,timeout,2.010507229,124,-9,1,timeout,exceeded 2 seconds,,,"[""/net/scratch/hscra/plgrid/plgnasqret/codex-control/projects/euf-viper/runs/20260727T073625Z-staged-qg7-e9fef17/target/release/euf-viper"",""fabric-solve"",""--engine"",""quotient-portfolio"",""/net/scratch/hscra/plgrid/plgnasqret/codex-control/projects/euf-viper/corpora/9b39c70a794d52277a4e5d83731f0ebc50a2f3b804eb1dfc8cf32766a5ebeadc/smtlib-2025/QF_UF/QF_UF/QG-classification/qg7/gensys_icl_sk001.smt2""]"
18,0,7041,QF_UF/QG-classification/qg7/gensys_icl_sk001.smt2,f54b2b596705e0bb47870467923df4ba0aee0a55262542126b82c2fdf9f953a2,808905,unsat,1,williams_first_order_carryover,a5b163da70f7a4b586276cec20529dcaf9a596daf59a01894d95ec3f4fd69c3e,3,3,0,3,0,0,staged-100,staged-100,"[""staged-100"",""staged-1000"",""staged-10"",""staged-10000"",""staged-0"",""baseline""]",parser_inclusive_subprocess_wall_clock,1,timeout,2.007332708,124,-9,1,timeout,exceeded 2 seconds,,,"[""/net/scratch/hscra/plgrid/plgnasqret/codex-control/projects/euf-viper/runs/20260727T073625Z-staged-qg7-e9fef17/target/release/euf-viper"",""fabric-solve"",""--engine"",""quotient-portfolio"",""/net/scratch/hscra/plgrid/plgnasqret/codex-control/projects/euf-viper/corpora/9b39c70a794d52277a4e5d83731f0ebc50a2f3b804eb1dfc8cf32766a5ebeadc/smtlib-2025/QF_UF/QF_UF/QG-classification/qg7/gensys_icl_sk001.smt2""]"
19,0,7041,QF_UF/QG-classification/qg7/gensys_icl_sk001.smt2,f54b2b596705e0bb47870467923df4ba0aee0a55262542126b82c2fdf9f953a2,808905,unsat,1,williams_first_order_carryover,a5b163da70f7a4b586276cec20529dcaf9a596daf59a01894d95ec3f4fd69c3e,3,3,0,3,1,1,staged-1000,staged-1000,"[""staged-100"",""staged-1000"",""staged-10"",""staged-10000"",""staged-0"",""baseline""]",parser_inclusive_subprocess_wall_clock,1,timeout,2.008423740,124,-9,1,timeout,exceeded 2 seconds,,,"[""/net/scratch/hscra/plgrid/plgnasqret/codex-control/projects/euf-viper/runs/20260727T073625Z-staged-qg7-e9fef17/target/release/euf-viper"",""fabric-solve"",""--engine"",""quotient-portfolio"",""/net/scratch/hscra/plgrid/plgnasqret/codex-control/projects/euf-viper/corpora/9b39c70a794d52277a4e5d83731f0ebc50a2f3b804eb1dfc8cf32766a5ebeadc/smtlib-2025/QF_UF/QF_UF/QG-classification/qg7/gensys_icl_sk001.smt2""]"
20,0,7041,QF_UF/QG-classification/qg7/gensys_icl_sk001.smt2,f54b2b596705e0bb47870467923df4ba0aee0a55262542126b82c2fdf9f953a2,808905,unsat,1,williams_first_order_carryover,a5b163da70f7a4b586276cec20529dcaf9a596daf59a01894d95ec3f4fd69c3e,3,3,0,3,2,2,staged-10,staged-10,"[""staged-100"",""staged-1000"",""staged-10"",""staged-10000"",""staged-0"",""baseline""]",parser_inclusive_subprocess_wall_clock,1,timeout,2.007954545,124,-9,1,timeout,exceeded 2 seconds,,,"[""/net/scratch/hscra/plgrid/plgnasqret/codex-control/projects/euf-viper/runs/20260727T073625Z-staged-qg7-e9fef17/target/release/euf-viper"",""fabric-solve"",""--engine"",""quotient-portfolio"",""/net/scratch/hscra/plgrid/plgnasqret/codex-control/projects/euf-viper/corpora/9b39c70a794d52277a4e5d83731f0ebc50a2f3b804eb1dfc8cf32766a5ebeadc/smtlib-2025/QF_UF/QF_UF/QG-classification/qg7/gensys_icl_sk001.smt2""]"
21,0,7041,QF_UF/QG-classification/qg7/gensys_icl_sk001.smt2,f54b2b596705e0bb47870467923df4ba0aee0a55262542126b82c2fdf9f953a2,808905,unsat,1,williams_first_order_carryover,a5b163da70f7a4b586276cec20529dcaf9a596daf59a01894d95ec3f4fd69c3e,3,3,0,3,3,3,staged-10000,staged-10000,"[""staged-100"",""staged-1000"",""staged-10"",""staged-10000"",""staged-0"",""baseline""]",parser_inclusive_subprocess_wall_clock,1,timeout,2.008623818,124,-9,1,timeout,exceeded 2 seconds,,,"[""/net/scratch/hscra/plgrid/plgnasqret/codex-control/projects/euf-viper/runs/20260727T073625Z-staged-qg7-e9fef17/target/release/euf-viper"",""fabric-solve"",""--engine"",""quotient-portfolio"",""/net/scratch/hscra/plgrid/plgnasqret/codex-control/projects/euf-viper/corpora/9b39c70a794d52277a4e5d83731f0ebc50a2f3b804eb1dfc8cf32766a5ebeadc/smtlib-2025/QF_UF/QF_UF/QG-classification/qg7/gensys_icl_sk001.smt2""]"
22,0,7041,QF_UF/QG-classification/qg7/gensys_icl_sk001.smt2,f54b2b596705e0bb47870467923df4ba0aee0a55262542126b82c2fdf9f953a2,808905,unsat,1,williams_first_order_carryover,a5b163da70f7a4b586276cec20529dcaf9a596daf59a01894d95ec3f4fd69c3e,3,3,0,3,4,4,staged-0,staged-0,"[""staged-100"",""staged-1000"",""staged-10"",""staged-10000"",""staged-0"",""baseline""]",parser_inclusive_subprocess_wall_clock,1,timeout,2.007514757,124,-9,1,timeout,exceeded 2 seconds,,,"[""/net/scratch/hscra/plgrid/plgnasqret/codex-control/projects/euf-viper/runs/20260727T073625Z-staged-qg7-e9fef17/target/release/euf-viper"",""fabric-solve"",""--engine"",""quotient-portfolio"",""/net/scratch/hscra/plgrid/plgnasqret/codex-control/projects/euf-viper/corpora/9b39c70a794d52277a4e5d83731f0ebc50a2f3b804eb1dfc8cf32766a5ebeadc/smtlib-2025/QF_UF/QF_UF/QG-classification/qg7/gensys_icl_sk001.smt2""]"
23,0,7041,QF_UF/QG-classification/qg7/gensys_icl_sk001.smt2,f54b2b596705e0bb47870467923df4ba0aee0a55262542126b82c2fdf9f953a2,808905,unsat,1,williams_first_order_carryover,a5b163da70f7a4b586276cec20529dcaf9a596daf59a01894d95ec3f4fd69c3e,3,3,0,3,5,5,baseline,baseline,"[""staged-100"",""staged-1000"",""staged-10"",""staged-10000"",""staged-0"",""baseline""]",parser_inclusive_subprocess_wall_clock,1,timeout,2.008727553,124,-9,1,timeout,exceeded 2 seconds,,,"[""/net/scratch/hscra/plgrid/plgnasqret/codex-control/projects/euf-viper/runs/20260727T073625Z-staged-qg7-e9fef17/target/release/euf-viper"",""fabric-solve"",""--engine"",""quotient-portfolio"",""/net/scratch/hscra/plgrid/plgnasqret/codex-control/projects/euf-viper/corpora/9b39c70a794d52277a4e5d83731f0ebc50a2f3b804eb1dfc8cf32766a5ebeadc/smtlib-2025/QF_UF/QF_UF/QG-classification/qg7/gensys_icl_sk001.smt2""]"
24,0,7041,QF_UF/QG-classification/qg7/gensys_icl_sk001.smt2,f54b2b596705e0bb47870467923df4ba0aee0a55262542126b82c2fdf9f953a2,808905,unsat,1,williams_first_order_carryover,a5b163da70f7a4b586276cec20529dcaf9a596daf59a01894d95ec3f4fd69c3e,4,4,0,4,0,0,staged-1000,staged-1000,"[""staged-1000"",""staged-10000"",""staged-100"",""baseline"",""staged-10"",""staged-0""]",parser_inclusive_subprocess_wall_clock,1,timeout,2.010355548,124,-9,1,timeout,exceeded 2 seconds,,,"[""/net/scratch/hscra/plgrid/plgnasqret/codex-control/projects/euf-viper/runs/20260727T073625Z-staged-qg7-e9fef17/target/release/euf-viper"",""fabric-solve"",""--engine"",""quotient-portfolio"",""/net/scratch/hscra/plgrid/plgnasqret/codex-control/projects/euf-viper/corpora/9b39c70a794d52277a4e5d83731f0ebc50a2f3b804eb1dfc8cf32766a5ebeadc/smtlib-2025/QF_UF/QF_UF/QG-classification/qg7/gensys_icl_sk001.smt2""]"
25,0,7041,QF_UF/QG-classification/qg7/gensys_icl_sk001.smt2,f54b2b596705e0bb47870467923df4ba0aee0a55262542126b82c2fdf9f953a2,808905,unsat,1,williams_first_order_carryover,a5b163da70f7a4b586276cec20529dcaf9a596daf59a01894d95ec3f4fd69c3e,4,4,0,4,1,1,staged-10000,staged-10000,"[""staged-1000"",""staged-10000"",""staged-100"",""baseline"",""staged-10"",""staged-0""]",parser_inclusive_subprocess_wall_clock,1,timeout,2.007454090,124,-9,1,timeout,exceeded 2 seconds,,,"[""/net/scratch/hscra/plgrid/plgnasqret/codex-control/projects/euf-viper/runs/20260727T073625Z-staged-qg7-e9fef17/target/release/euf-viper"",""fabric-solve"",""--engine"",""quotient-portfolio"",""/net/scratch/hscra/plgrid/plgnasqret/codex-control/projects/euf-viper/corpora/9b39c70a794d52277a4e5d83731f0ebc50a2f3b804eb1dfc8cf32766a5ebeadc/smtlib-2025/QF_UF/QF_UF/QG-classification/qg7/gensys_icl_sk001.smt2""]"
26,0,7041,QF_UF/QG-classification/qg7/gensys_icl_sk001.smt2,f54b2b596705e0bb47870467923df4ba0aee0a55262542126b82c2fdf9f953a2,808905,unsat,1,williams_first_order_carryover,a5b163da70f7a4b586276cec20529dcaf9a596daf59a01894d95ec3f4fd69c3e,4,4,0,4,2,2,staged-100,staged-100,"[""staged-1000"",""staged-10000"",""staged-100"",""baseline"",""staged-10"",""staged-0""]",parser_inclusive_subprocess_wall_clock,1,timeout,2.011404674,124,-9,1,timeout,exceeded 2 seconds,,,"[""/net/scratch/hscra/plgrid/plgnasqret/codex-control/projects/euf-viper/runs/20260727T073625Z-staged-qg7-e9fef17/target/release/euf-viper"",""fabric-solve"",""--engine"",""quotient-portfolio"",""/net/scratch/hscra/plgrid/plgnasqret/codex-control/projects/euf-viper/corpora/9b39c70a794d52277a4e5d83731f0ebc50a2f3b804eb1dfc8cf32766a5ebeadc/smtlib-2025/QF_UF/QF_UF/QG-classification/qg7/gensys_icl_sk001.smt2""]"
27,0,7041,QF_UF/QG-classification/qg7/gensys_icl_sk001.smt2,f54b2b596705e0bb47870467923df4ba0aee0a55262542126b82c2fdf9f953a2,808905,unsat,1,williams_first_order_carryover,a5b163da70f7a4b586276cec20529dcaf9a596daf59a01894d95ec3f4fd69c3e,4,4,0,4,3,3,baseline,baseline,"[""staged-1000"",""staged-10000"",""staged-100"",""baseline"",""staged-10"",""staged-0""]",parser_inclusive_subprocess_wall_clock,1,timeout,2.008298311,124,-9,1,timeout,exceeded 2 seconds,,,"[""/net/scratch/hscra/plgrid/plgnasqret/codex-control/projects/euf-viper/runs/20260727T073625Z-staged-qg7-e9fef17/target/release/euf-viper"",""fabric-solve"",""--engine"",""quotient-portfolio"",""/net/scratch/hscra/plgrid/plgnasqret/codex-control/projects/euf-viper/corpora/9b39c70a794d52277a4e5d83731f0ebc50a2f3b804eb1dfc8cf32766a5ebeadc/smtlib-2025/QF_UF/QF_UF/QG-classification/qg7/gensys_icl_sk001.smt2""]"
28,0,7041,QF_UF/QG-classification/qg7/gensys_icl_sk001.smt2,f54b2b596705e0bb47870467923df4ba0aee0a55262542126b82c2fdf9f953a2,808905,unsat,1,williams_first_order_carryover,a5b163da70f7a4b586276cec20529dcaf9a596daf59a01894d95ec3f4fd69c3e,4,4,0,4,4,4,staged-10,staged-10,"[""staged-1000"",""staged-10000"",""staged-100"",""baseline"",""staged-10"",""staged-0""]",parser_inclusive_subprocess_wall_clock,1,timeout,2.010413950,124,-9,1,timeout,exceeded 2 seconds,,,"[""/net/scratch/hscra/plgrid/plgnasqret/codex-control/projects/euf-viper/runs/20260727T073625Z-staged-qg7-e9fef17/target/release/euf-viper"",""fabric-solve"",""--engine"",""quotient-portfolio"",""/net/scratch/hscra/plgrid/plgnasqret/codex-control/projects/euf-viper/corpora/9b39c70a794d52277a4e5d83731f0ebc50a2f3b804eb1dfc8cf32766a5ebeadc/smtlib-2025/QF_UF/QF_UF/QG-classification/qg7/gensys_icl_sk001.smt2""]"
29,0,7041,QF_UF/QG-classification/qg7/gensys_icl_sk001.smt2,f54b2b596705e0bb47870467923df4ba0aee0a55262542126b82c2fdf9f953a2,808905,unsat,1,williams_first_order_carryover,a5b163da70f7a4b586276cec20529dcaf9a596daf59a01894d95ec3f4fd69c3e,4,4,0,4,5,5,staged-0,staged-0,"[""staged-1000"",""staged-10000"",""staged-100"",""baseline"",""staged-10"",""staged-0""]",parser_inclusive_subprocess_wall_clock,1,timeout,2.007667279,124,-9,1,timeout,exceeded 2 seconds,,,"[""/net/scratch/hscra/plgrid/plgnasqret/codex-control/projects/euf-viper/runs/20260727T073625Z-staged-qg7-e9fef17/target/release/euf-viper"",""fabric-solve"",""--engine"",""quotient-portfolio"",""/net/scratch/hscra/plgrid/plgnasqret/codex-control/projects/euf-viper/corpora/9b39c70a794d52277a4e5d83731f0ebc50a2f3b804eb1dfc8cf32766a5ebeadc/smtlib-2025/QF_UF/QF_UF/QG-classification/qg7/gensys_icl_sk001.smt2""]"
30,0,7041,QF_UF/QG-classification/qg7/gensys_icl_sk001.smt2,f54b2b596705e0bb47870467923df4ba0aee0a55262542126b82c2fdf9f953a2,808905,unsat,1,williams_first_order_carryover,a5b163da70f7a4b586276cec20529dcaf9a596daf59a01894d95ec3f4fd69c3e,5,5,0,5,0,0,staged-10000,staged-10000,"[""staged-10000"",""baseline"",""staged-1000"",""staged-0"",""staged-100"",""staged-10""]",parser_inclusive_subprocess_wall_clock,1,timeout,2.006821686,124,-9,1,timeout,exceeded 2 seconds,,,"[""/net/scratch/hscra/plgrid/plgnasqret/codex-control/projects/euf-viper/runs/20260727T073625Z-staged-qg7-e9fef17/target/release/euf-viper"",""fabric-solve"",""--engine"",""quotient-portfolio"",""/net/scratch/hscra/plgrid/plgnasqret/codex-control/projects/euf-viper/corpora/9b39c70a794d52277a4e5d83731f0ebc50a2f3b804eb1dfc8cf32766a5ebeadc/smtlib-2025/QF_UF/QF_UF/QG-classification/qg7/gensys_icl_sk001.smt2""]"
31,0,7041,QF_UF/QG-classification/qg7/gensys_icl_sk001.smt2,f54b2b596705e0bb47870467923df4ba0aee0a55262542126b82c2fdf9f953a2,808905,unsat,1,williams_first_order_carryover,a5b163da70f7a4b586276cec20529dcaf9a596daf59a01894d95ec3f4fd69c3e,5,5,0,5,1,1,baseline,baseline,"[""staged-10000"",""baseline"",""staged-1000"",""staged-0"",""staged-100"",""staged-10""]",parser_inclusive_subprocess_wall_clock,1,timeout,2.011625274,124,-9,1,timeout,exceeded 2 seconds,,,"[""/net/scratch/hscra/plgrid/plgnasqret/codex-control/projects/euf-viper/runs/20260727T073625Z-staged-qg7-e9fef17/target/release/euf-viper"",""fabric-solve"",""--engine"",""quotient-portfolio"",""/net/scratch/hscra/plgrid/plgnasqret/codex-control/projects/euf-viper/corpora/9b39c70a794d52277a4e5d83731f0ebc50a2f3b804eb1dfc8cf32766a5ebeadc/smtlib-2025/QF_UF/QF_UF/QG-classification/qg7/gensys_icl_sk001.smt2""]"
32,0,7041,QF_UF/QG-classification/qg7/gensys_icl_sk001.smt2,f54b2b596705e0bb47870467923df4ba0aee0a55262542126b82c2fdf9f953a2,808905,unsat,1,williams_first_order_carryover,a5b163da70f7a4b586276cec20529dcaf9a596daf59a01894d95ec3f4fd69c3e,5,5,0,5,2,2,staged-1000,staged-1000,"[""staged-10000"",""baseline"",""staged-1000"",""staged-0"",""staged-100"",""staged-10""]",parser_inclusive_subprocess_wall_clock,1,timeout,2.015190426,124,-9,1,timeout,exceeded 2 seconds,,,"[""/net/scratch/hscra/plgrid/plgnasqret/codex-control/projects/euf-viper/runs/20260727T073625Z-staged-qg7-e9fef17/target/release/euf-viper"",""fabric-solve"",""--engine"",""quotient-portfolio"",""/net/scratch/hscra/plgrid/plgnasqret/codex-control/projects/euf-viper/corpora/9b39c70a794d52277a4e5d83731f0ebc50a2f3b804eb1dfc8cf32766a5ebeadc/smtlib-2025/QF_UF/QF_UF/QG-classification/qg7/gensys_icl_sk001.smt2""]"
33,0,7041,QF_UF/QG-classification/qg7/gensys_icl_sk001.smt2,f54b2b596705e0bb47870467923df4ba0aee0a55262542126b82c2fdf9f953a2,808905,unsat,1,williams_first_order_carryover,a5b163da70f7a4b586276cec20529dcaf9a596daf59a01894d95ec3f4fd69c3e,5,5,0,5,3,3,staged-0,staged-0,"[""staged-10000"",""baseline"",""staged-1000"",""staged-0"",""staged-100"",""staged-10""]",parser_inclusive_subprocess_wall_clock,1,timeout,2.010395251,124,-9,1,timeout,exceeded 2 seconds,,,"[""/net/scratch/hscra/plgrid/plgnasqret/codex-control/projects/euf-viper/runs/20260727T073625Z-staged-qg7-e9fef17/target/release/euf-viper"",""fabric-solve"",""--engine"",""quotient-portfolio"",""/net/scratch/hscra/plgrid/plgnasqret/codex-control/projects/euf-viper/corpora/9b39c70a794d52277a4e5d83731f0ebc50a2f3b804eb1dfc8cf32766a5ebeadc/smtlib-2025/QF_UF/QF_UF/QG-classification/qg7/gensys_icl_sk001.smt2""]"
34,0,7041,QF_UF/QG-classification/qg7/gensys_icl_sk001.smt2,f54b2b596705e0bb47870467923df4ba0aee0a55262542126b82c2fdf9f953a2,808905,unsat,1,williams_first_order_carryover,a5b163da70f7a4b586276cec20529dcaf9a596daf59a01894d95ec3f4fd69c3e,5,5,0,5,4,4,staged-100,staged-100,"[""staged-10000"",""baseline"",""staged-1000"",""staged-0"",""staged-100"",""staged-10""]",parser_inclusive_subprocess_wall_clock,1,timeout,2.010640480,124,-9,1,timeout,exceeded 2 seconds,,,"[""/net/scratch/hscra/plgrid/plgnasqret/codex-control/projects/euf-viper/runs/20260727T073625Z-staged-qg7-e9fef17/target/release/euf-viper"",""fabric-solve"",""--engine"",""quotient-portfolio"",""/net/scratch/hscra/plgrid/plgnasqret/codex-control/projects/euf-viper/corpora/9b39c70a794d52277a4e5d83731f0ebc50a2f3b804eb1dfc8cf32766a5ebeadc/smtlib-2025/QF_UF/QF_UF/QG-classification/qg7/gensys_icl_sk001.smt2""]"
35,0,7041,QF_UF/QG-classification/qg7/gensys_icl_sk001.smt2,f54b2b596705e0bb47870467923df4ba0aee0a55262542126b82c2fdf9f953a2,808905,unsat,1,williams_first_order_carryover,a5b163da70f7a4b586276cec20529dcaf9a596daf59a01894d95ec3f4fd69c3e,5,5,0,5,5,5,staged-10,staged-10,"[""staged-10000"",""baseline"",""staged-1000"",""staged-0"",""staged-100"",""staged-10""]",parser_inclusive_subprocess_wall_clock,1,timeout,2.011202964,124,-9,1,timeout,exceeded 2 seconds,,,"[""/net/scratch/hscra/plgrid/plgnasqret/codex-control/projects/euf-viper/runs/20260727T073625Z-staged-qg7-e9fef17/target/release/euf-viper"",""fabric-solve"",""--engine"",""quotient-portfolio"",""/net/scratch/hscra/plgrid/plgnasqret/codex-control/projects/euf-viper/corpora/9b39c70a794d52277a4e5d83731f0ebc50a2f3b804eb1dfc8cf32766a5ebeadc/smtlib-2025/QF_UF/QF_UF/QG-classification/qg7/gensys_icl_sk001.smt2""]"
36,1,7122,QF_UF/QG-classification/qg7/iso_brn_nogen_sk004.smt2,df3f3c709bd1e6d29c102a1545f270dcd646bd89261b447e0021d231bac34b20,6009838,sat,1,williams_first_order_carryover,a5b163da70f7a4b586276cec20529dcaf9a596daf59a01894d95ec3f4fd69c3e,0,0,0,0,0,0,baseline,baseline,"[""baseline"",""staged-0"",""staged-10000"",""staged-10"",""staged-1000"",""staged-100""]",parser_inclusive_subprocess_wall_clock,1,timeout,2.012857701,124,-9,1,timeout,exceeded 2 seconds,,,"[""/net/scratch/hscra/plgrid/plgnasqret/codex-control/projects/euf-viper/runs/20260727T073625Z-staged-qg7-e9fef17/target/release/euf-viper"",""fabric-solve"",""--engine"",""quotient-portfolio"",""/net/scratch/hscra/plgrid/plgnasqret/codex-control/projects/euf-viper/corpora/9b39c70a794d52277a4e5d83731f0ebc50a2f3b804eb1dfc8cf32766a5ebeadc/smtlib-2025/QF_UF/QF_UF/QG-classification/qg7/iso_brn_nogen_sk004.smt2""]"
37,1,7122,QF_UF/QG-classification/qg7/iso_brn_nogen_sk004.smt2,df3f3c709bd1e6d29c102a1545f270dcd646bd89261b447e0021d231bac34b20,6009838,sat,1,williams_first_order_carryover,a5b163da70f7a4b586276cec20529dcaf9a596daf59a01894d95ec3f4fd69c3e,0,0,0,0,1,1,staged-0,staged-0,"[""baseline"",""staged-0"",""staged-10000"",""staged-10"",""staged-1000"",""staged-100""]",parser_inclusive_subprocess_wall_clock,1,timeout,2.020114355,124,-9,1,timeout,exceeded 2 seconds,,,"[""/net/scratch/hscra/plgrid/plgnasqret/codex-control/projects/euf-viper/runs/20260727T073625Z-staged-qg7-e9fef17/target/release/euf-viper"",""fabric-solve"",""--engine"",""quotient-portfolio"",""/net/scratch/hscra/plgrid/plgnasqret/codex-control/projects/euf-viper/corpora/9b39c70a794d52277a4e5d83731f0ebc50a2f3b804eb1dfc8cf32766a5ebeadc/smtlib-2025/QF_UF/QF_UF/QG-classification/qg7/iso_brn_nogen_sk004.smt2""]"
38,1,7122,QF_UF/QG-classification/qg7/iso_brn_nogen_sk004.smt2,df3f3c709bd1e6d29c102a1545f270dcd646bd89261b447e0021d231bac34b20,6009838,sat,1,williams_first_order_carryover,a5b163da70f7a4b586276cec20529dcaf9a596daf59a01894d95ec3f4fd69c3e,0,0,0,0,2,2,staged-10000,staged-10000,"[""baseline"",""staged-0"",""staged-10000"",""staged-10"",""staged-1000"",""staged-100""]",parser_inclusive_subprocess_wall_clock,1,timeout,2.010012132,124,-9,1,timeout,exceeded 2 seconds,,,"[""/net/scratch/hscra/plgrid/plgnasqret/codex-control/projects/euf-viper/runs/20260727T073625Z-staged-qg7-e9fef17/target/release/euf-viper"",""fabric-solve"",""--engine"",""quotient-portfolio"",""/net/scratch/hscra/plgrid/plgnasqret/codex-control/projects/euf-viper/corpora/9b39c70a794d52277a4e5d83731f0ebc50a2f3b804eb1dfc8cf32766a5ebeadc/smtlib-2025/QF_UF/QF_UF/QG-classification/qg7/iso_brn_nogen_sk004.smt2""]"
39,1,7122,QF_UF/QG-classification/qg7/iso_brn_nogen_sk004.smt2,df3f3c709bd1e6d29c102a1545f270dcd646bd89261b447e0021d231bac34b20,6009838,sat,1,williams_first_order_carryover,a5b163da70f7a4b586276cec20529dcaf9a596daf59a01894d95ec3f4fd69c3e,0,0,0,0,3,3,staged-10,staged-10,"[""baseline"",""staged-0"",""staged-10000"",""staged-10"",""staged-1000"",""staged-100""]",parser_inclusive_subprocess_wall_clock,1,timeout,2.025565612,124,-9,1,timeout,exceeded 2 seconds,,,"[""/net/scratch/hscra/plgrid/plgnasqret/codex-control/projects/euf-viper/runs/20260727T073625Z-staged-qg7-e9fef17/target/release/euf-viper"",""fabric-solve"",""--engine"",""quotient-portfolio"",""/net/scratch/hscra/plgrid/plgnasqret/codex-control/projects/euf-viper/corpora/9b39c70a794d52277a4e5d83731f0ebc50a2f3b804eb1dfc8cf32766a5ebeadc/smtlib-2025/QF_UF/QF_UF/QG-classification/qg7/iso_brn_nogen_sk004.smt2""]"
40,1,7122,QF_UF/QG-classification/qg7/iso_brn_nogen_sk004.smt2,df3f3c709bd1e6d29c102a1545f270dcd646bd89261b447e0021d231bac34b20,6009838,sat,1,williams_first_order_carryover,a5b163da70f7a4b586276cec20529dcaf9a596daf59a01894d95ec3f4fd69c3e,0,0,0,0,4,4,staged-1000,staged-1000,"[""baseline"",""staged-0"",""staged-10000"",""staged-10"",""staged-1000"",""staged-100""]",parser_inclusive_subprocess_wall_clock,1,timeout,2.009930734,124,-9,1,timeout,exceeded 2 seconds,,,"[""/net/scratch/hscra/plgrid/plgnasqret/codex-control/projects/euf-viper/runs/20260727T073625Z-staged-qg7-e9fef17/target/release/euf-viper"",""fabric-solve"",""--engine"",""quotient-portfolio"",""/net/scratch/hscra/plgrid/plgnasqret/codex-control/projects/euf-viper/corpora/9b39c70a794d52277a4e5d83731f0ebc50a2f3b804eb1dfc8cf32766a5ebeadc/smtlib-2025/QF_UF/QF_UF/QG-classification/qg7/iso_brn_nogen_sk004.smt2""]"
41,1,7122,QF_UF/QG-classification/qg7/iso_brn_nogen_sk004.smt2,df3f3c709bd1e6d29c102a1545f270dcd646bd89261b447e0021d231bac34b20,6009838,sat,1,williams_first_order_carryover,a5b163da70f7a4b586276cec20529dcaf9a596daf59a01894d95ec3f4fd69c3e,0,0,0,0,5,5,staged-100,staged-100,"[""baseline"",""staged-0"",""staged-10000"",""staged-10"",""staged-1000"",""staged-100""]",parser_inclusive_subprocess_wall_clock,1,timeout,2.030742032,124,-9,1,timeout,exceeded 2 seconds,,,"[""/net/scratch/hscra/plgrid/plgnasqret/codex-control/projects/euf-viper/runs/20260727T073625Z-staged-qg7-e9fef17/target/release/euf-viper"",""fabric-solve"",""--engine"",""quotient-portfolio"",""/net/scratch/hscra/plgrid/plgnasqret/codex-control/projects/euf-viper/corpora/9b39c70a794d52277a4e5d83731f0ebc50a2f3b804eb1dfc8cf32766a5ebeadc/smtlib-2025/QF_UF/QF_UF/QG-classification/qg7/iso_brn_nogen_sk004.smt2""]"
42,1,7122,QF_UF/QG-classification/qg7/iso_brn_nogen_sk004.smt2,df3f3c709bd1e6d29c102a1545f270dcd646bd89261b447e0021d231bac34b20,6009838,sat,1,williams_first_order_carryover,a5b163da70f7a4b586276cec20529dcaf9a596daf59a01894d95ec3f4fd69c3e,1,1,0,1,0,0,staged-0,staged-0,"[""staged-0"",""staged-10"",""baseline"",""staged-100"",""staged-10000"",""staged-1000""]",parser_inclusive_subprocess_wall_clock,1,timeout,2.018372048,124,-9,1,timeout,exceeded 2 seconds,,,"[""/net/scratch/hscra/plgrid/plgnasqret/codex-control/projects/euf-viper/runs/20260727T073625Z-staged-qg7-e9fef17/target/release/euf-viper"",""fabric-solve"",""--engine"",""quotient-portfolio"",""/net/scratch/hscra/plgrid/plgnasqret/codex-control/projects/euf-viper/corpora/9b39c70a794d52277a4e5d83731f0ebc50a2f3b804eb1dfc8cf32766a5ebeadc/smtlib-2025/QF_UF/QF_UF/QG-classification/qg7/iso_brn_nogen_sk004.smt2""]"
43,1,7122,QF_UF/QG-classification/qg7/iso_brn_nogen_sk004.smt2,df3f3c709bd1e6d29c102a1545f270dcd646bd89261b447e0021d231bac34b20,6009838,sat,1,williams_first_order_carryover,a5b163da70f7a4b586276cec20529dcaf9a596daf59a01894d95ec3f4fd69c3e,1,1,0,1,1,1,staged-10,staged-10,"[""staged-0"",""staged-10"",""baseline"",""staged-100"",""staged-10000"",""staged-1000""]",parser_inclusive_subprocess_wall_clock,1,timeout,2.022363596,124,-9,1,timeout,exceeded 2 seconds,,,"[""/net/scratch/hscra/plgrid/plgnasqret/codex-control/projects/euf-viper/runs/20260727T073625Z-staged-qg7-e9fef17/target/release/euf-viper"",""fabric-solve"",""--engine"",""quotient-portfolio"",""/net/scratch/hscra/plgrid/plgnasqret/codex-control/projects/euf-viper/corpora/9b39c70a794d52277a4e5d83731f0ebc50a2f3b804eb1dfc8cf32766a5ebeadc/smtlib-2025/QF_UF/QF_UF/QG-classification/qg7/iso_brn_nogen_sk004.smt2""]"
44,1,7122,QF_UF/QG-classification/qg7/iso_brn_nogen_sk004.smt2,df3f3c709bd1e6d29c102a1545f270dcd646bd89261b447e0021d231bac34b20,6009838,sat,1,williams_first_order_carryover,a5b163da70f7a4b586276cec20529dcaf9a596daf59a01894d95ec3f4fd69c3e,1,1,0,1,2,2,baseline,baseline,"[""staged-0"",""staged-10"",""baseline"",""staged-100"",""staged-10000"",""staged-1000""]",parser_inclusive_subprocess_wall_clock,1,timeout,2.009730626,124,-9,1,timeout,exceeded 2 seconds,,,"[""/net/scratch/hscra/plgrid/plgnasqret/codex-control/projects/euf-viper/runs/20260727T073625Z-staged-qg7-e9fef17/target/release/euf-viper"",""fabric-solve"",""--engine"",""quotient-portfolio"",""/net/scratch/hscra/plgrid/plgnasqret/codex-control/projects/euf-viper/corpora/9b39c70a794d52277a4e5d83731f0ebc50a2f3b804eb1dfc8cf32766a5ebeadc/smtlib-2025/QF_UF/QF_UF/QG-classification/qg7/iso_brn_nogen_sk004.smt2""]"
45,1,7122,QF_UF/QG-classification/qg7/iso_brn_nogen_sk004.smt2,df3f3c709bd1e6d29c102a1545f270dcd646bd89261b447e0021d231bac34b20,6009838,sat,1,williams_first_order_carryover,a5b163da70f7a4b586276cec20529dcaf9a596daf59a01894d95ec3f4fd69c3e,1,1,0,1,3,3,staged-100,staged-100,"[""staged-0"",""staged-10"",""baseline"",""staged-100"",""staged-10000"",""staged-1000""]",parser_inclusive_subprocess_wall_clock,1,timeout,2.016763103,124,-9,1,timeout,exceeded 2 seconds,,,"[""/net/scratch/hscra/plgrid/plgnasqret/codex-control/projects/euf-viper/runs/20260727T073625Z-staged-qg7-e9fef17/target/release/euf-viper"",""fabric-solve"",""--engine"",""quotient-portfolio"",""/net/scratch/hscra/plgrid/plgnasqret/codex-control/projects/euf-viper/corpora/9b39c70a794d52277a4e5d83731f0ebc50a2f3b804eb1dfc8cf32766a5ebeadc/smtlib-2025/QF_UF/QF_UF/QG-classification/qg7/iso_brn_nogen_sk004.smt2""]"
46,1,7122,QF_UF/QG-classification/qg7/iso_brn_nogen_sk004.smt2,df3f3c709bd1e6d29c102a1545f270dcd646bd89261b447e0021d231bac34b20,6009838,sat,1,williams_first_order_carryover,a5b163da70f7a4b586276cec20529dcaf9a596daf59a01894d95ec3f4fd69c3e,1,1,0,1,4,4,staged-10000,staged-10000,"[""staged-0"",""staged-10"",""baseline"",""staged-100"",""staged-10000"",""staged-1000""]",parser_inclusive_subprocess_wall_clock,1,timeout,2.014897170,124,-9,1,timeout,exceeded 2 seconds,,,"[""/net/scratch/hscra/plgrid/plgnasqret/codex-control/projects/euf-viper/runs/20260727T073625Z-staged-qg7-e9fef17/target/release/euf-viper"",""fabric-solve"",""--engine"",""quotient-portfolio"",""/net/scratch/hscra/plgrid/plgnasqret/codex-control/projects/euf-viper/corpora/9b39c70a794d52277a4e5d83731f0ebc50a2f3b804eb1dfc8cf32766a5ebeadc/smtlib-2025/QF_UF/QF_UF/QG-classification/qg7/iso_brn_nogen_sk004.smt2""]"
47,1,7122,QF_UF/QG-classification/qg7/iso_brn_nogen_sk004.smt2,df3f3c709bd1e6d29c102a1545f270dcd646bd89261b447e0021d231bac34b20,6009838,sat,1,williams_first_order_carryover,a5b163da70f7a4b586276cec20529dcaf9a596daf59a01894d95ec3f4fd69c3e,1,1,0,1,5,5,staged-1000,staged-1000,"[""staged-0"",""staged-10"",""baseline"",""staged-100"",""staged-10000"",""staged-1000""]",parser_inclusive_subprocess_wall_clock,1,timeout,2.008939260,124,-9,1,timeout,exceeded 2 seconds,,,"[""/net/scratch/hscra/plgrid/plgnasqret/codex-control/projects/euf-viper/runs/20260727T073625Z-staged-qg7-e9fef17/target/release/euf-viper"",""fabric-solve"",""--engine"",""quotient-portfolio"",""/net/scratch/hscra/plgrid/plgnasqret/codex-control/projects/euf-viper/corpora/9b39c70a794d52277a4e5d83731f0ebc50a2f3b804eb1dfc8cf32766a5ebeadc/smtlib-2025/QF_UF/QF_UF/QG-classification/qg7/iso_brn_nogen_sk004.smt2""]"
48,1,7122,QF_UF/QG-classification/qg7/iso_brn_nogen_sk004.smt2,df3f3c709bd1e6d29c102a1545f270dcd646bd89261b447e0021d231bac34b20,6009838,sat,1,williams_first_order_carryover,a5b163da70f7a4b586276cec20529dcaf9a596daf59a01894d95ec3f4fd69c3e,2,2,0,2,0,0,staged-10,staged-10,"[""staged-10"",""staged-100"",""staged-0"",""staged-1000"",""baseline"",""staged-10000""]",parser_inclusive_subprocess_wall_clock,1,timeout,2.017313316,124,-9,1,timeout,exceeded 2 seconds,,,"[""/net/scratch/hscra/plgrid/plgnasqret/codex-control/projects/euf-viper/runs/20260727T073625Z-staged-qg7-e9fef17/target/release/euf-viper"",""fabric-solve"",""--engine"",""quotient-portfolio"",""/net/scratch/hscra/plgrid/plgnasqret/codex-control/projects/euf-viper/corpora/9b39c70a794d52277a4e5d83731f0ebc50a2f3b804eb1dfc8cf32766a5ebeadc/smtlib-2025/QF_UF/QF_UF/QG-classification/qg7/iso_brn_nogen_sk004.smt2""]"
49,1,7122,QF_UF/QG-classification/qg7/iso_brn_nogen_sk004.smt2,df3f3c709bd1e6d29c102a1545f270dcd646bd89261b447e0021d231bac34b20,6009838,sat,1,williams_first_order_carryover,a5b163da70f7a4b586276cec20529dcaf9a596daf59a01894d95ec3f4fd69c3e,2,2,0,2,1,1,staged-100,staged-100,"[""staged-10"",""staged-100"",""staged-0"",""staged-1000"",""baseline"",""staged-10000""]",parser_inclusive_subprocess_wall_clock,1,timeout,2.019701458,124,-9,1,timeout,exceeded 2 seconds,,,"[""/net/scratch/hscra/plgrid/plgnasqret/codex-control/projects/euf-viper/runs/20260727T073625Z-staged-qg7-e9fef17/target/release/euf-viper"",""fabric-solve"",""--engine"",""quotient-portfolio"",""/net/scratch/hscra/plgrid/plgnasqret/codex-control/projects/euf-viper/corpora/9b39c70a794d52277a4e5d83731f0ebc50a2f3b804eb1dfc8cf32766a5ebeadc/smtlib-2025/QF_UF/QF_UF/QG-classification/qg7/iso_brn_nogen_sk004.smt2""]"
50,1,7122,QF_UF/QG-classification/qg7/iso_brn_nogen_sk004.smt2,df3f3c709bd1e6d29c102a1545f270dcd646bd89261b447e0021d231bac34b20,6009838,sat,1,williams_first_order_carryover,a5b163da70f7a4b586276cec20529dcaf9a596daf59a01894d95ec3f4fd69c3e,2,2,0,2,2,2,staged-0,staged-0,"[""staged-10"",""staged-100"",""staged-0"",""staged-1000"",""baseline"",""staged-10000""]",parser_inclusive_subprocess_wall_clock,1,timeout,2.017912197,124,-9,1,timeout,exceeded 2 seconds,,,"[""/net/scratch/hscra/plgrid/plgnasqret/codex-control/projects/euf-viper/runs/20260727T073625Z-staged-qg7-e9fef17/target/release/euf-viper"",""fabric-solve"",""--engine"",""quotient-portfolio"",""/net/scratch/hscra/plgrid/plgnasqret/codex-control/projects/euf-viper/corpora/9b39c70a794d52277a4e5d83731f0ebc50a2f3b804eb1dfc8cf32766a5ebeadc/smtlib-2025/QF_UF/QF_UF/QG-classification/qg7/iso_brn_nogen_sk004.smt2""]"
51,1,7122,QF_UF/QG-classification/qg7/iso_brn_nogen_sk004.smt2,df3f3c709bd1e6d29c102a1545f270dcd646bd89261b447e0021d231bac34b20,6009838,sat,1,williams_first_order_carryover,a5b163da70f7a4b586276cec20529dcaf9a596daf59a01894d95ec3f4fd69c3e,2,2,0,2,3,3,staged-1000,staged-1000,"[""staged-10"",""staged-100"",""staged-0"",""staged-1000"",""baseline"",""staged-10000""]",parser_inclusive_subprocess_wall_clock,1,timeout,2.007984481,124,-9,1,timeout,exceeded 2 seconds,,,"[""/net/scratch/hscra/plgrid/plgnasqret/codex-control/projects/euf-viper/runs/20260727T073625Z-staged-qg7-e9fef17/target/release/euf-viper"",""fabric-solve"",""--engine"",""quotient-portfolio"",""/net/scratch/hscra/plgrid/plgnasqret/codex-control/projects/euf-viper/corpora/9b39c70a794d52277a4e5d83731f0ebc50a2f3b804eb1dfc8cf32766a5ebeadc/smtlib-2025/QF_UF/QF_UF/QG-classification/qg7/iso_brn_nogen_sk004.smt2""]"
52,1,7122,QF_UF/QG-classification/qg7/iso_brn_nogen_sk004.smt2,df3f3c709bd1e6d29c102a1545f270dcd646bd89261b447e0021d231bac34b20,6009838,sat,1,williams_first_order_carryover,a5b163da70f7a4b586276cec20529dcaf9a596daf59a01894d95ec3f4fd69c3e,2,2,0,2,4,4,baseline,baseline,"[""staged-10"",""staged-100"",""staged-0"",""staged-1000"",""baseline"",""staged-10000""]",parser_inclusive_subprocess_wall_clock,1,timeout,2.013500511,124,-9,1,timeout,exceeded 2 seconds,,,"[""/net/scratch/hscra/plgrid/plgnasqret/codex-control/projects/euf-viper/runs/20260727T073625Z-staged-qg7-e9fef17/target/release/euf-viper"",""fabric-solve"",""--engine"",""quotient-portfolio"",""/net/scratch/hscra/plgrid/plgnasqret/codex-control/projects/euf-viper/corpora/9b39c70a794d52277a4e5d83731f0ebc50a2f3b804eb1dfc8cf32766a5ebeadc/smtlib-2025/QF_UF/QF_UF/QG-classification/qg7/iso_brn_nogen_sk004.smt2""]"
53,1,7122,QF_UF/QG-classification/qg7/iso_brn_nogen_sk004.smt2,df3f3c709bd1e6d29c102a1545f270dcd646bd89261b447e0021d231bac34b20,6009838,sat,1,williams_first_order_carryover,a5b163da70f7a4b586276cec20529dcaf9a596daf59a01894d95ec3f4fd69c3e,2,2,0,2,5,5,staged-10000,staged-10000,"[""staged-10"",""staged-100"",""staged-0"",""staged-1000"",""baseline"",""staged-10000""]",parser_inclusive_subprocess_wall_clock,1,timeout,2.012901089,124,-9,1,timeout,exceeded 2 seconds,,,"[""/net/scratch/hscra/plgrid/plgnasqret/codex-control/projects/euf-viper/runs/20260727T073625Z-staged-qg7-e9fef17/target/release/euf-viper"",""fabric-solve"",""--engine"",""quotient-portfolio"",""/net/scratch/hscra/plgrid/plgnasqret/codex-control/projects/euf-viper/corpora/9b39c70a794d52277a4e5d83731f0ebc50a2f3b804eb1dfc8cf32766a5ebeadc/smtlib-2025/QF_UF/QF_UF/QG-classification/qg7/iso_brn_nogen_sk004.smt2""]"
54,1,7122,QF_UF/QG-classification/qg7/iso_brn_nogen_sk004.smt2,df3f3c709bd1e6d29c102a1545f270dcd646bd89261b447e0021d231bac34b20,6009838,sat,1,williams_first_order_carryover,a5b163da70f7a4b586276cec20529dcaf9a596daf59a01894d95ec3f4fd69c3e,3,3,0,3,0,0,staged-100,staged-100,"[""staged-100"",""staged-1000"",""staged-10"",""staged-10000"",""staged-0"",""baseline""]",parser_inclusive_subprocess_wall_clock,1,timeout,2.027176230,124,-9,1,timeout,exceeded 2 seconds,,,"[""/net/scratch/hscra/plgrid/plgnasqret/codex-control/projects/euf-viper/runs/20260727T073625Z-staged-qg7-e9fef17/target/release/euf-viper"",""fabric-solve"",""--engine"",""quotient-portfolio"",""/net/scratch/hscra/plgrid/plgnasqret/codex-control/projects/euf-viper/corpora/9b39c70a794d52277a4e5d83731f0ebc50a2f3b804eb1dfc8cf32766a5ebeadc/smtlib-2025/QF_UF/QF_UF/QG-classification/qg7/iso_brn_nogen_sk004.smt2""]"
55,1,7122,QF_UF/QG-classification/qg7/iso_brn_nogen_sk004.smt2,df3f3c709bd1e6d29c102a1545f270dcd646bd89261b447e0021d231bac34b20,6009838,sat,1,williams_first_order_carryover,a5b163da70f7a4b586276cec20529dcaf9a596daf59a01894d95ec3f4fd69c3e,3,3,0,3,1,1,staged-1000,staged-1000,"[""staged-100"",""staged-1000"",""staged-10"",""staged-10000"",""staged-0"",""baseline""]",parser_inclusive_subprocess_wall_clock,1,timeout,2.008706477,124,-9,1,timeout,exceeded 2 seconds,,,"[""/net/scratch/hscra/plgrid/plgnasqret/codex-control/projects/euf-viper/runs/20260727T073625Z-staged-qg7-e9fef17/target/release/euf-viper"",""fabric-solve"",""--engine"",""quotient-portfolio"",""/net/scratch/hscra/plgrid/plgnasqret/codex-control/projects/euf-viper/corpora/9b39c70a794d52277a4e5d83731f0ebc50a2f3b804eb1dfc8cf32766a5ebeadc/smtlib-2025/QF_UF/QF_UF/QG-classification/qg7/iso_brn_nogen_sk004.smt2""]"
56,1,7122,QF_UF/QG-classification/qg7/iso_brn_nogen_sk004.smt2,df3f3c709bd1e6d29c102a1545f270dcd646bd89261b447e0021d231bac34b20,6009838,sat,1,williams_first_order_carryover,a5b163da70f7a4b586276cec20529dcaf9a596daf59a01894d95ec3f4fd69c3e,3,3,0,3,2,2,staged-10,staged-10,"[""staged-100"",""staged-1000"",""staged-10"",""staged-10000"",""staged-0"",""baseline""]",parser_inclusive_subprocess_wall_clock,1,timeout,2.023093125,124,-9,1,timeout,exceeded 2 seconds,,,"[""/net/scratch/hscra/plgrid/plgnasqret/codex-control/projects/euf-viper/runs/20260727T073625Z-staged-qg7-e9fef17/target/release/euf-viper"",""fabric-solve"",""--engine"",""quotient-portfolio"",""/net/scratch/hscra/plgrid/plgnasqret/codex-control/projects/euf-viper/corpora/9b39c70a794d52277a4e5d83731f0ebc50a2f3b804eb1dfc8cf32766a5ebeadc/smtlib-2025/QF_UF/QF_UF/QG-classification/qg7/iso_brn_nogen_sk004.smt2""]"
57,1,7122,QF_UF/QG-classification/qg7/iso_brn_nogen_sk004.smt2,df3f3c709bd1e6d29c102a1545f270dcd646bd89261b447e0021d231bac34b20,6009838,sat,1,williams_first_order_carryover,a5b163da70f7a4b586276cec20529dcaf9a596daf59a01894d95ec3f4fd69c3e,3,3,0,3,3,3,staged-10000,staged-10000,"[""staged-100"",""staged-1000"",""staged-10"",""staged-10000"",""staged-0"",""baseline""]",parser_inclusive_subprocess_wall_clock,1,timeout,2.008844916,124,-9,1,timeout,exceeded 2 seconds,,,"[""/net/scratch/hscra/plgrid/plgnasqret/codex-control/projects/euf-viper/runs/20260727T073625Z-staged-qg7-e9fef17/target/release/euf-viper"",""fabric-solve"",""--engine"",""quotient-portfolio"",""/net/scratch/hscra/plgrid/plgnasqret/codex-control/projects/euf-viper/corpora/9b39c70a794d52277a4e5d83731f0ebc50a2f3b804eb1dfc8cf32766a5ebeadc/smtlib-2025/QF_UF/QF_UF/QG-classification/qg7/iso_brn_nogen_sk004.smt2""]"
58,1,7122,QF_UF/QG-classification/qg7/iso_brn_nogen_sk004.smt2,df3f3c709bd1e6d29c102a1545f270dcd646bd89261b447e0021d231bac34b20,6009838,sat,1,williams_first_order_carryover,a5b163da70f7a4b586276cec20529dcaf9a596daf59a01894d95ec3f4fd69c3e,3,3,0,3,4,4,staged-0,staged-0,"[""staged-100"",""staged-1000"",""staged-10"",""staged-10000"",""staged-0"",""baseline""]",parser_inclusive_subprocess_wall_clock,1,timeout,2.028741616,124,-9,1,timeout,exceeded 2 seconds,,,"[""/net/scratch/hscra/plgrid/plgnasqret/codex-control/projects/euf-viper/runs/20260727T073625Z-staged-qg7-e9fef17/target/release/euf-viper"",""fabric-solve"",""--engine"",""quotient-portfolio"",""/net/scratch/hscra/plgrid/plgnasqret/codex-control/projects/euf-viper/corpora/9b39c70a794d52277a4e5d83731f0ebc50a2f3b804eb1dfc8cf32766a5ebeadc/smtlib-2025/QF_UF/QF_UF/QG-classification/qg7/iso_brn_nogen_sk004.smt2""]"
59,1,7122,QF_UF/QG-classification/qg7/iso_brn_nogen_sk004.smt2,df3f3c709bd1e6d29c102a1545f270dcd646bd89261b447e0021d231bac34b20,6009838,sat,1,williams_first_order_carryover,a5b163da70f7a4b586276cec20529dcaf9a596daf59a01894d95ec3f4fd69c3e,3,3,0,3,5,5,baseline,baseline,"[""staged-100"",""staged-1000"",""staged-10"",""staged-10000"",""staged-0"",""baseline""]",parser_inclusive_subprocess_wall_clock,1,timeout,2.010320961,124,-9,1,timeout,exceeded 2 seconds,,,"[""/net/scratch/hscra/plgrid/plgnasqret/codex-control/projects/euf-viper/runs/20260727T073625Z-staged-qg7-e9fef17/target/release/euf-viper"",""fabric-solve"",""--engine"",""quotient-portfolio"",""/net/scratch/hscra/plgrid/plgnasqret/codex-control/projects/euf-viper/corpora/9b39c70a794d52277a4e5d83731f0ebc50a2f3b804eb1dfc8cf32766a5ebeadc/smtlib-2025/QF_UF/QF_UF/QG-classification/qg7/iso_brn_nogen_sk004.smt2""]"
60,1,7122,QF_UF/QG-classification/qg7/iso_brn_nogen_sk004.smt2,df3f3c709bd1e6d29c102a1545f270dcd646bd89261b447e0021d231bac34b20,6009838,sat,1,williams_first_order_carryover,a5b163da70f7a4b586276cec20529dcaf9a596daf59a01894d95ec3f4fd69c3e,4,4,0,4,0,0,staged-1000,staged-1000,"[""staged-1000"",""staged-10000"",""staged-100"",""baseline"",""staged-10"",""staged-0""]",parser_inclusive_subprocess_wall_clock,1,timeout,2.008531539,124,-9,1,timeout,exceeded 2 seconds,,,"[""/net/scratch/hscra/plgrid/plgnasqret/codex-control/projects/euf-viper/runs/20260727T073625Z-staged-qg7-e9fef17/target/release/euf-viper"",""fabric-solve"",""--engine"",""quotient-portfolio"",""/net/scratch/hscra/plgrid/plgnasqret/codex-control/projects/euf-viper/corpora/9b39c70a794d52277a4e5d83731f0ebc50a2f3b804eb1dfc8cf32766a5ebeadc/smtlib-2025/QF_UF/QF_UF/QG-classification/qg7/iso_brn_nogen_sk004.smt2""]"
61,1,7122,QF_UF/QG-classification/qg7/iso_brn_nogen_sk004.smt2,df3f3c709bd1e6d29c102a1545f270dcd646bd89261b447e0021d231bac34b20,6009838,sat,1,williams_first_order_carryover,a5b163da70f7a4b586276cec20529dcaf9a596daf59a01894d95ec3f4fd69c3e,4,4,0,4,1,1,staged-10000,staged-10000,"[""staged-1000"",""staged-10000"",""staged-100"",""baseline"",""staged-10"",""staged-0""]",parser_inclusive_subprocess_wall_clock,1,timeout,2.009398886,124,-9,1,timeout,exceeded 2 seconds,,,"[""/net/scratch/hscra/plgrid/plgnasqret/codex-control/projects/euf-viper/runs/20260727T073625Z-staged-qg7-e9fef17/target/release/euf-viper"",""fabric-solve"",""--engine"",""quotient-portfolio"",""/net/scratch/hscra/plgrid/plgnasqret/codex-control/projects/euf-viper/corpora/9b39c70a794d52277a4e5d83731f0ebc50a2f3b804eb1dfc8cf32766a5ebeadc/smtlib-2025/QF_UF/QF_UF/QG-classification/qg7/iso_brn_nogen_sk004.smt2""]"
62,1,7122,QF_UF/QG-classification/qg7/iso_brn_nogen_sk004.smt2,df3f3c709bd1e6d29c102a1545f270dcd646bd89261b447e0021d231bac34b20,6009838,sat,1,williams_first_order_carryover,a5b163da70f7a4b586276cec20529dcaf9a596daf59a01894d95ec3f4fd69c3e,4,4,0,4,2,2,staged-100,staged-100,"[""staged-1000"",""staged-10000"",""staged-100"",""baseline"",""staged-10"",""staged-0""]",parser_inclusive_subprocess_wall_clock,1,timeout,2.019618598,124,-9,1,timeout,exceeded 2 seconds,,,"[""/net/scratch/hscra/plgrid/plgnasqret/codex-control/projects/euf-viper/runs/20260727T073625Z-staged-qg7-e9fef17/target/release/euf-viper"",""fabric-solve"",""--engine"",""quotient-portfolio"",""/net/scratch/hscra/plgrid/plgnasqret/codex-control/projects/euf-viper/corpora/9b39c70a794d52277a4e5d83731f0ebc50a2f3b804eb1dfc8cf32766a5ebeadc/smtlib-2025/QF_UF/QF_UF/QG-classification/qg7/iso_brn_nogen_sk004.smt2""]"
63,1,7122,QF_UF/QG-classification/qg7/iso_brn_nogen_sk004.smt2,df3f3c709bd1e6d29c102a1545f270dcd646bd89261b447e0021d231bac34b20,6009838,sat,1,williams_first_order_carryover,a5b163da70f7a4b586276cec20529dcaf9a596daf59a01894d95ec3f4fd69c3e,4,4,0,4,3,3,baseline,baseline,"[""staged-1000"",""staged-10000"",""staged-100"",""baseline"",""staged-10"",""staged-0""]",parser_inclusive_subprocess_wall_clock,1,timeout,2.009487126,124,-9,1,timeout,exceeded 2 seconds,,,"[""/net/scratch/hscra/plgrid/plgnasqret/codex-control/projects/euf-viper/runs/20260727T073625Z-staged-qg7-e9fef17/target/release/euf-viper"",""fabric-solve"",""--engine"",""quotient-portfolio"",""/net/scratch/hscra/plgrid/plgnasqret/codex-control/projects/euf-viper/corpora/9b39c70a794d52277a4e5d83731f0ebc50a2f3b804eb1dfc8cf32766a5ebeadc/smtlib-2025/QF_UF/QF_UF/QG-classification/qg7/iso_brn_nogen_sk004.smt2""]"
64,1,7122,QF_UF/QG-classification/qg7/iso_brn_nogen_sk004.smt2,df3f3c709bd1e6d29c102a1545f270dcd646bd89261b447e0021d231bac34b20,6009838,sat,1,williams_first_order_carryover,a5b163da70f7a4b586276cec20529dcaf9a596daf59a01894d95ec3f4fd69c3e,4,4,0,4,4,4,staged-10,staged-10,"[""staged-1000"",""staged-10000"",""staged-100"",""baseline"",""staged-10"",""staged-0""]",parser_inclusive_subprocess_wall_clock,1,timeout,2.029931947,124,-9,1,timeout,exceeded 2 seconds,,,"[""/net/scratch/hscra/plgrid/plgnasqret/codex-control/projects/euf-viper/runs/20260727T073625Z-staged-qg7-e9fef17/target/release/euf-viper"",""fabric-solve"",""--engine"",""quotient-portfolio"",""/net/scratch/hscra/plgrid/plgnasqret/codex-control/projects/euf-viper/corpora/9b39c70a794d52277a4e5d83731f0ebc50a2f3b804eb1dfc8cf32766a5ebeadc/smtlib-2025/QF_UF/QF_UF/QG-classification/qg7/iso_brn_nogen_sk004.smt2""]"
65,1,7122,QF_UF/QG-classification/qg7/iso_brn_nogen_sk004.smt2,df3f3c709bd1e6d29c102a1545f270dcd646bd89261b447e0021d231bac34b20,6009838,sat,1,williams_first_order_carryover,a5b163da70f7a4b586276cec20529dcaf9a596daf59a01894d95ec3f4fd69c3e,4,4,0,4,5,5,staged-0,staged-0,"[""staged-1000"",""staged-10000"",""staged-100"",""baseline"",""staged-10"",""staged-0""]",parser_inclusive_subprocess_wall_clock,1,timeout,2.020745226,124,-9,1,timeout,exceeded 2 seconds,,,"[""/net/scratch/hscra/plgrid/plgnasqret/codex-control/projects/euf-viper/runs/20260727T073625Z-staged-qg7-e9fef17/target/release/euf-viper"",""fabric-solve"",""--engine"",""quotient-portfolio"",""/net/scratch/hscra/plgrid/plgnasqret/codex-control/projects/euf-viper/corpora/9b39c70a794d52277a4e5d83731f0ebc50a2f3b804eb1dfc8cf32766a5ebeadc/smtlib-2025/QF_UF/QF_UF/QG-classification/qg7/iso_brn_nogen_sk004.smt2""]"
66,1,7122,QF_UF/QG-classification/qg7/iso_brn_nogen_sk004.smt2,df3f3c709bd1e6d29c102a1545f270dcd646bd89261b447e0021d231bac34b20,6009838,sat,1,williams_first_order_carryover,a5b163da70f7a4b586276cec20529dcaf9a596daf59a01894d95ec3f4fd69c3e,5,5,0,5,0,0,staged-10000,staged-10000,"[""staged-10000"",""baseline"",""staged-1000"",""staged-0"",""staged-100"",""staged-10""]",parser_inclusive_subprocess_wall_clock,1,timeout,2.009677910,124,-9,1,timeout,exceeded 2 seconds,,,"[""/net/scratch/hscra/plgrid/plgnasqret/codex-control/projects/euf-viper/runs/20260727T073625Z-staged-qg7-e9fef17/target/release/euf-viper"",""fabric-solve"",""--engine"",""quotient-portfolio"",""/net/scratch/hscra/plgrid/plgnasqret/codex-control/projects/euf-viper/corpora/9b39c70a794d52277a4e5d83731f0ebc50a2f3b804eb1dfc8cf32766a5ebeadc/smtlib-2025/QF_UF/QF_UF/QG-classification/qg7/iso_brn_nogen_sk004.smt2""]"
67,1,7122,QF_UF/QG-classification/qg7/iso_brn_nogen_sk004.smt2,df3f3c709bd1e6d29c102a1545f270dcd646bd89261b447e0021d231bac34b20,6009838,sat,1,williams_first_order_carryover,a5b163da70f7a4b586276cec20529dcaf9a596daf59a01894d95ec3f4fd69c3e,5,5,0,5,1,1,baseline,baseline,"[""staged-10000"",""baseline"",""staged-1000"",""staged-0"",""staged-100"",""staged-10""]",parser_inclusive_subprocess_wall_clock,1,timeout,2.015875402,124,-9,1,timeout,exceeded 2 seconds,,,"[""/net/scratch/hscra/plgrid/plgnasqret/codex-control/projects/euf-viper/runs/20260727T073625Z-staged-qg7-e9fef17/target/release/euf-viper"",""fabric-solve"",""--engine"",""quotient-portfolio"",""/net/scratch/hscra/plgrid/plgnasqret/codex-control/projects/euf-viper/corpora/9b39c70a794d52277a4e5d83731f0ebc50a2f3b804eb1dfc8cf32766a5ebeadc/smtlib-2025/QF_UF/QF_UF/QG-classification/qg7/iso_brn_nogen_sk004.smt2""]"
68,1,7122,QF_UF/QG-classification/qg7/iso_brn_nogen_sk004.smt2,df3f3c709bd1e6d29c102a1545f270dcd646bd89261b447e0021d231bac34b20,6009838,sat,1,williams_first_order_carryover,a5b163da70f7a4b586276cec20529dcaf9a596daf59a01894d95ec3f4fd69c3e,5,5,0,5,2,2,staged-1000,staged-1000,"[""staged-10000"",""baseline"",""staged-1000"",""staged-0"",""staged-100"",""staged-10""]",parser_inclusive_subprocess_wall_clock,1,timeout,2.014519659,124,-9,1,timeout,exceeded 2 seconds,,,"[""/net/scratch/hscra/plgrid/plgnasqret/codex-control/projects/euf-viper/runs/20260727T073625Z-staged-qg7-e9fef17/target/release/euf-viper"",""fabric-solve"",""--engine"",""quotient-portfolio"",""/net/scratch/hscra/plgrid/plgnasqret/codex-control/projects/euf-viper/corpora/9b39c70a794d52277a4e5d83731f0ebc50a2f3b804eb1dfc8cf32766a5ebeadc/smtlib-2025/QF_UF/QF_UF/QG-classification/qg7/iso_brn_nogen_sk004.smt2""]"
69,1,7122,QF_UF/QG-classification/qg7/iso_brn_nogen_sk004.smt2,df3f3c709bd1e6d29c102a1545f270dcd646bd89261b447e0021d231bac34b20,6009838,sat,1,williams_first_order_carryover,a5b163da70f7a4b586276cec20529dcaf9a596daf59a01894d95ec3f4fd69c3e,5,5,0,5,3,3,staged-0,staged-0,"[""staged-10000"",""baseline"",""staged-1000"",""staged-0"",""staged-100"",""staged-10""]",parser_inclusive_subprocess_wall_clock,1,timeout,2.026355626,124,-9,1,timeout,exceeded 2 seconds,,,"[""/net/scratch/hscra/plgrid/plgnasqret/codex-control/projects/euf-viper/runs/20260727T073625Z-staged-qg7-e9fef17/target/release/euf-viper"",""fabric-solve"",""--engine"",""quotient-portfolio"",""/net/scratch/hscra/plgrid/plgnasqret/codex-control/projects/euf-viper/corpora/9b39c70a794d52277a4e5d83731f0ebc50a2f3b804eb1dfc8cf32766a5ebeadc/smtlib-2025/QF_UF/QF_UF/QG-classification/qg7/iso_brn_nogen_sk004.smt2""]"
70,1,7122,QF_UF/QG-classification/qg7/iso_brn_nogen_sk004.smt2,df3f3c709bd1e6d29c102a1545f270dcd646bd89261b447e0021d231bac34b20,6009838,sat,1,williams_first_order_carryover,a5b163da70f7a4b586276cec20529dcaf9a596daf59a01894d95ec3f4fd69c3e,5,5,0,5,4,4,staged-100,staged-100,"[""staged-10000"",""baseline"",""staged-1000"",""staged-0"",""staged-100"",""staged-10""]",parser_inclusive_subprocess_wall_clock,1,timeout,2.029291149,124,-9,1,timeout,exceeded 2 seconds,,,"[""/net/scratch/hscra/plgrid/plgnasqret/codex-control/projects/euf-viper/runs/20260727T073625Z-staged-qg7-e9fef17/target/release/euf-viper"",""fabric-solve"",""--engine"",""quotient-portfolio"",""/net/scratch/hscra/plgrid/plgnasqret/codex-control/projects/euf-viper/corpora/9b39c70a794d52277a4e5d83731f0ebc50a2f3b804eb1dfc8cf32766a5ebeadc/smtlib-2025/QF_UF/QF_UF/QG-classification/qg7/iso_brn_nogen_sk004.smt2""]"
71,1,7122,QF_UF/QG-classification/qg7/iso_brn_nogen_sk004.smt2,df3f3c709bd1e6d29c102a1545f270dcd646bd89261b447e0021d231bac34b20,6009838,sat,1,williams_first_order_carryover,a5b163da70f7a4b586276cec20529dcaf9a596daf59a01894d95ec3f4fd69c3e,5,5,0,5,5,5,staged-10,staged-10,"[""staged-10000"",""baseline"",""staged-1000"",""staged-0"",""staged-100"",""staged-10""]",parser_inclusive_subprocess_wall_clock,1,timeout,2.026279996,124,-9,1,timeout,exceeded 2 seconds,,,"[""/net/scratch/hscra/plgrid/plgnasqret/codex-control/projects/euf-viper/runs/20260727T073625Z-staged-qg7-e9fef17/target/release/euf-viper"",""fabric-solve"",""--engine"",""quotient-portfolio"",""/net/scratch/hscra/plgrid/plgnasqret/codex-control/projects/euf-viper/corpora/9b39c70a794d52277a4e5d83731f0ebc50a2f3b804eb1dfc8cf32766a5ebeadc/smtlib-2025/QF_UF/QF_UF/QG-classification/qg7/iso_brn_nogen_sk004.smt2""]"
72,2,7133,QF_UF/QG-classification/qg7/iso_brn_nogen_sk015.smt2,9192909faddf3987576853cb6c4de32331dd7a294dbb905cd69f5eb3fe8f09d1,6012718,sat,1,williams_first_order_carryover,a5b163da70f7a4b586276cec20529dcaf9a596daf59a01894d95ec3f4fd69c3e,0,0,0,0,0,0,baseline,baseline,"[""baseline"",""staged-0"",""staged-10000"",""staged-10"",""staged-1000"",""staged-100""]",parser_inclusive_subprocess_wall_clock,1,timeout,2.009429505,124,-9,1,timeout,exceeded 2 seconds,,,"[""/net/scratch/hscra/plgrid/plgnasqret/codex-control/projects/euf-viper/runs/20260727T073625Z-staged-qg7-e9fef17/target/release/euf-viper"",""fabric-solve"",""--engine"",""quotient-portfolio"",""/net/scratch/hscra/plgrid/plgnasqret/codex-control/projects/euf-viper/corpora/9b39c70a794d52277a4e5d83731f0ebc50a2f3b804eb1dfc8cf32766a5ebeadc/smtlib-2025/QF_UF/QF_UF/QG-classification/qg7/iso_brn_nogen_sk015.smt2""]"
73,2,7133,QF_UF/QG-classification/qg7/iso_brn_nogen_sk015.smt2,9192909faddf3987576853cb6c4de32331dd7a294dbb905cd69f5eb3fe8f09d1,6012718,sat,1,williams_first_order_carryover,a5b163da70f7a4b586276cec20529dcaf9a596daf59a01894d95ec3f4fd69c3e,0,0,0,0,1,1,staged-0,staged-0,"[""baseline"",""staged-0"",""staged-10000"",""staged-10"",""staged-1000"",""staged-100""]",parser_inclusive_subprocess_wall_clock,1,timeout,2.020734169,124,-9,1,timeout,exceeded 2 seconds,,,"[""/net/scratch/hscra/plgrid/plgnasqret/codex-control/projects/euf-viper/runs/20260727T073625Z-staged-qg7-e9fef17/target/release/euf-viper"",""fabric-solve"",""--engine"",""quotient-portfolio"",""/net/scratch/hscra/plgrid/plgnasqret/codex-control/projects/euf-viper/corpora/9b39c70a794d52277a4e5d83731f0ebc50a2f3b804eb1dfc8cf32766a5ebeadc/smtlib-2025/QF_UF/QF_UF/QG-classification/qg7/iso_brn_nogen_sk015.smt2""]"
74,2,7133,QF_UF/QG-classification/qg7/iso_brn_nogen_sk015.smt2,9192909faddf3987576853cb6c4de32331dd7a294dbb905cd69f5eb3fe8f09d1,6012718,sat,1,williams_first_order_carryover,a5b163da70f7a4b586276cec20529dcaf9a596daf59a01894d95ec3f4fd69c3e,0,0,0,0,2,2,staged-10000,staged-10000,"[""baseline"",""staged-0"",""staged-10000"",""staged-10"",""staged-1000"",""staged-100""]",parser_inclusive_subprocess_wall_clock,1,timeout,2.012931713,124,-9,1,timeout,exceeded 2 seconds,,,"[""/net/scratch/hscra/plgrid/plgnasqret/codex-control/projects/euf-viper/runs/20260727T073625Z-staged-qg7-e9fef17/target/release/euf-viper"",""fabric-solve"",""--engine"",""quotient-portfolio"",""/net/scratch/hscra/plgrid/plgnasqret/codex-control/projects/euf-viper/corpora/9b39c70a794d52277a4e5d83731f0ebc50a2f3b804eb1dfc8cf32766a5ebeadc/smtlib-2025/QF_UF/QF_UF/QG-classification/qg7/iso_brn_nogen_sk015.smt2""]"
75,2,7133,QF_UF/QG-classification/qg7/iso_brn_nogen_sk015.smt2,9192909faddf3987576853cb6c4de32331dd7a294dbb905cd69f5eb3fe8f09d1,6012718,sat,1,williams_first_order_carryover,a5b163da70f7a4b586276cec20529dcaf9a596daf59a01894d95ec3f4fd69c3e,0,0,0,0,3,3,staged-10,staged-10,"[""baseline"",""staged-0"",""staged-10000"",""staged-10"",""staged-1000"",""staged-100""]",parser_inclusive_subprocess_wall_clock,1,timeout,2.022037425,124,-9,1,timeout,exceeded 2 seconds,,,"[""/net/scratch/hscra/plgrid/plgnasqret/codex-control/projects/euf-viper/runs/20260727T073625Z-staged-qg7-e9fef17/target/release/euf-viper"",""fabric-solve"",""--engine"",""quotient-portfolio"",""/net/scratch/hscra/plgrid/plgnasqret/codex-control/projects/euf-viper/corpora/9b39c70a794d52277a4e5d83731f0ebc50a2f3b804eb1dfc8cf32766a5ebeadc/smtlib-2025/QF_UF/QF_UF/QG-classification/qg7/iso_brn_nogen_sk015.smt2""]"
76,2,7133,QF_UF/QG-classification/qg7/iso_brn_nogen_sk015.smt2,9192909faddf3987576853cb6c4de32331dd7a294dbb905cd69f5eb3fe8f09d1,6012718,sat,1,williams_first_order_carryover,a5b163da70f7a4b586276cec20529dcaf9a596daf59a01894d95ec3f4fd69c3e,0,0,0,0,4,4,staged-1000,staged-1000,"[""baseline"",""staged-0"",""staged-10000"",""staged-10"",""staged-1000"",""staged-100""]",parser_inclusive_subprocess_wall_clock,1,timeout,2.012676208,124,-9,1,timeout,exceeded 2 seconds,,,"[""/net/scratch/hscra/plgrid/plgnasqret/codex-control/projects/euf-viper/runs/20260727T073625Z-staged-qg7-e9fef17/target/release/euf-viper"",""fabric-solve"",""--engine"",""quotient-portfolio"",""/net/scratch/hscra/plgrid/plgnasqret/codex-control/projects/euf-viper/corpora/9b39c70a794d52277a4e5d83731f0ebc50a2f3b804eb1dfc8cf32766a5ebeadc/smtlib-2025/QF_UF/QF_UF/QG-classification/qg7/iso_brn_nogen_sk015.smt2""]"
77,2,7133,QF_UF/QG-classification/qg7/iso_brn_nogen_sk015.smt2,9192909faddf3987576853cb6c4de32331dd7a294dbb905cd69f5eb3fe8f09d1,6012718,sat,1,williams_first_order_carryover,a5b163da70f7a4b586276cec20529dcaf9a596daf59a01894d95ec3f4fd69c3e,0,0,0,0,5,5,staged-100,staged-100,"[""baseline"",""staged-0"",""staged-10000"",""staged-10"",""staged-1000"",""staged-100""]",parser_inclusive_subprocess_wall_clock,1,timeout,2.019591029,124,-9,1,timeout,exceeded 2 seconds,,,"[""/net/scratch/hscra/plgrid/plgnasqret/codex-control/projects/euf-viper/runs/20260727T073625Z-staged-qg7-e9fef17/target/release/euf-viper"",""fabric-solve"",""--engine"",""quotient-portfolio"",""/net/scratch/hscra/plgrid/plgnasqret/codex-control/projects/euf-viper/corpora/9b39c70a794d52277a4e5d83731f0ebc50a2f3b804eb1dfc8cf32766a5ebeadc/smtlib-2025/QF_UF/QF_UF/QG-classification/qg7/iso_brn_nogen_sk015.smt2""]"
78,2,7133,QF_UF/QG-classification/qg7/iso_brn_nogen_sk015.smt2,9192909faddf3987576853cb6c4de32331dd7a294dbb905cd69f5eb3fe8f09d1,6012718,sat,1,williams_first_order_carryover,a5b163da70f7a4b586276cec20529dcaf9a596daf59a01894d95ec3f4fd69c3e,1,1,0,1,0,0,staged-0,staged-0,"[""staged-0"",""staged-10"",""baseline"",""staged-100"",""staged-10000"",""staged-1000""]",parser_inclusive_subprocess_wall_clock,1,timeout,2.024323626,124,-9,1,timeout,exceeded 2 seconds,,,"[""/net/scratch/hscra/plgrid/plgnasqret/codex-control/projects/euf-viper/runs/20260727T073625Z-staged-qg7-e9fef17/target/release/euf-viper"",""fabric-solve"",""--engine"",""quotient-portfolio"",""/net/scratch/hscra/plgrid/plgnasqret/codex-control/projects/euf-viper/corpora/9b39c70a794d52277a4e5d83731f0ebc50a2f3b804eb1dfc8cf32766a5ebeadc/smtlib-2025/QF_UF/QF_UF/QG-classification/qg7/iso_brn_nogen_sk015.smt2""]"
79,2,7133,QF_UF/QG-classification/qg7/iso_brn_nogen_sk015.smt2,9192909faddf3987576853cb6c4de32331dd7a294dbb905cd69f5eb3fe8f09d1,6012718,sat,1,williams_first_order_carryover,a5b163da70f7a4b586276cec20529dcaf9a596daf59a01894d95ec3f4fd69c3e,1,1,0,1,1,1,staged-10,staged-10,"[""staged-0"",""staged-10"",""baseline"",""staged-100"",""staged-10000"",""staged-1000""]",parser_inclusive_subprocess_wall_clock,1,timeout,2.024404583,124,-9,1,timeout,exceeded 2 seconds,,,"[""/net/scratch/hscra/plgrid/plgnasqret/codex-control/projects/euf-viper/runs/20260727T073625Z-staged-qg7-e9fef17/target/release/euf-viper"",""fabric-solve"",""--engine"",""quotient-portfolio"",""/net/scratch/hscra/plgrid/plgnasqret/codex-control/projects/euf-viper/corpora/9b39c70a794d52277a4e5d83731f0ebc50a2f3b804eb1dfc8cf32766a5ebeadc/smtlib-2025/QF_UF/QF_UF/QG-classification/qg7/iso_brn_nogen_sk015.smt2""]"
80,2,7133,QF_UF/QG-classification/qg7/iso_brn_nogen_sk015.smt2,9192909faddf3987576853cb6c4de32331dd7a294dbb905cd69f5eb3fe8f09d1,6012718,sat,1,williams_first_order_carryover,a5b163da70f7a4b586276cec20529dcaf9a596daf59a01894d95ec3f4fd69c3e,1,1,0,1,2,2,baseline,baseline,"[""staged-0"",""staged-10"",""baseline"",""staged-100"",""staged-10000"",""staged-1000""]",parser_inclusive_subprocess_wall_clock,1,timeout,2.014065955,124,-9,1,timeout,exceeded 2 seconds,,,"[""/net/scratch/hscra/plgrid/plgnasqret/codex-control/projects/euf-viper/runs/20260727T073625Z-staged-qg7-e9fef17/target/release/euf-viper"",""fabric-solve"",""--engine"",""quotient-portfolio"",""/net/scratch/hscra/plgrid/plgnasqret/codex-control/projects/euf-viper/corpora/9b39c70a794d52277a4e5d83731f0ebc50a2f3b804eb1dfc8cf32766a5ebeadc/smtlib-2025/QF_UF/QF_UF/QG-classification/qg7/iso_brn_nogen_sk015.smt2""]"
81,2,7133,QF_UF/QG-classification/qg7/iso_brn_nogen_sk015.smt2,9192909faddf3987576853cb6c4de32331dd7a294dbb905cd69f5eb3fe8f09d1,6012718,sat,1,williams_first_order_carryover,a5b163da70f7a4b586276cec20529dcaf9a596daf59a01894d95ec3f4fd69c3e,1,1,0,1,3,3,staged-100,staged-100,"[""staged-0"",""staged-10"",""baseline"",""staged-100"",""staged-10000"",""staged-1000""]",parser_inclusive_subprocess_wall_clock,1,timeout,2.028182855,124,-9,1,timeout,exceeded 2 seconds,,,"[""/net/scratch/hscra/plgrid/plgnasqret/codex-control/projects/euf-viper/runs/20260727T073625Z-staged-qg7-e9fef17/target/release/euf-viper"",""fabric-solve"",""--engine"",""quotient-portfolio"",""/net/scratch/hscra/plgrid/plgnasqret/codex-control/projects/euf-viper/corpora/9b39c70a794d52277a4e5d83731f0ebc50a2f3b804eb1dfc8cf32766a5ebeadc/smtlib-2025/QF_UF/QF_UF/QG-classification/qg7/iso_brn_nogen_sk015.smt2""]"
82,2,7133,QF_UF/QG-classification/qg7/iso_brn_nogen_sk015.smt2,9192909faddf3987576853cb6c4de32331dd7a294dbb905cd69f5eb3fe8f09d1,6012718,sat,1,williams_first_order_carryover,a5b163da70f7a4b586276cec20529dcaf9a596daf59a01894d95ec3f4fd69c3e,1,1,0,1,4,4,staged-10000,staged-10000,"[""staged-0"",""staged-10"",""baseline"",""staged-100"",""staged-10000"",""staged-1000""]",parser_inclusive_subprocess_wall_clock,1,timeout,2.015848125,124,-9,1,timeout,exceeded 2 seconds,,,"[""/net/scratch/hscra/plgrid/plgnasqret/codex-control/projects/euf-viper/runs/20260727T073625Z-staged-qg7-e9fef17/target/release/euf-viper"",""fabric-solve"",""--engine"",""quotient-portfolio"",""/net/scratch/hscra/plgrid/plgnasqret/codex-control/projects/euf-viper/corpora/9b39c70a794d52277a4e5d83731f0ebc50a2f3b804eb1dfc8cf32766a5ebeadc/smtlib-2025/QF_UF/QF_UF/QG-classification/qg7/iso_brn_nogen_sk015.smt2""]"
83,2,7133,QF_UF/QG-classification/qg7/iso_brn_nogen_sk015.smt2,9192909faddf3987576853cb6c4de32331dd7a294dbb905cd69f5eb3fe8f09d1,6012718,sat,1,williams_first_order_carryover,a5b163da70f7a4b586276cec20529dcaf9a596daf59a01894d95ec3f4fd69c3e,1,1,0,1,5,5,staged-1000,staged-1000,"[""staged-0"",""staged-10"",""baseline"",""staged-100"",""staged-10000"",""staged-1000""]",parser_inclusive_subprocess_wall_clock,1,timeout,2.013718332,124,-9,1,timeout,exceeded 2 seconds,,,"[""/net/scratch/hscra/plgrid/plgnasqret/codex-control/projects/euf-viper/runs/20260727T073625Z-staged-qg7-e9fef17/target/release/euf-viper"",""fabric-solve"",""--engine"",""quotient-portfolio"",""/net/scratch/hscra/plgrid/plgnasqret/codex-control/projects/euf-viper/corpora/9b39c70a794d52277a4e5d83731f0ebc50a2f3b804eb1dfc8cf32766a5ebeadc/smtlib-2025/QF_UF/QF_UF/QG-classification/qg7/iso_brn_nogen_sk015.smt2""]"
84,2,7133,QF_UF/QG-classification/qg7/iso_brn_nogen_sk015.smt2,9192909faddf3987576853cb6c4de32331dd7a294dbb905cd69f5eb3fe8f09d1,6012718,sat,1,williams_first_order_carryover,a5b163da70f7a4b586276cec20529dcaf9a596daf59a01894d95ec3f4fd69c3e,2,2,0,2,0,0,staged-10,staged-10,"[""staged-10"",""staged-100"",""staged-0"",""staged-1000"",""baseline"",""staged-10000""]",parser_inclusive_subprocess_wall_clock,1,timeout,2.028702190,124,-9,1,timeout,exceeded 2 seconds,,,"[""/net/scratch/hscra/plgrid/plgnasqret/codex-control/projects/euf-viper/runs/20260727T073625Z-staged-qg7-e9fef17/target/release/euf-viper"",""fabric-solve"",""--engine"",""quotient-portfolio"",""/net/scratch/hscra/plgrid/plgnasqret/codex-control/projects/euf-viper/corpora/9b39c70a794d52277a4e5d83731f0ebc50a2f3b804eb1dfc8cf32766a5ebeadc/smtlib-2025/QF_UF/QF_UF/QG-classification/qg7/iso_brn_nogen_sk015.smt2""]"
85,2,7133,QF_UF/QG-classification/qg7/iso_brn_nogen_sk015.smt2,9192909faddf3987576853cb6c4de32331dd7a294dbb905cd69f5eb3fe8f09d1,6012718,sat,1,williams_first_order_carryover,a5b163da70f7a4b586276cec20529dcaf9a596daf59a01894d95ec3f4fd69c3e,2,2,0,2,1,1,staged-100,staged-100,"[""staged-10"",""staged-100"",""staged-0"",""staged-1000"",""baseline"",""staged-10000""]",parser_inclusive_subprocess_wall_clock,1,timeout,2.023451290,124,-9,1,timeout,exceeded 2 seconds,,,"[""/net/scratch/hscra/plgrid/plgnasqret/codex-control/projects/euf-viper/runs/20260727T073625Z-staged-qg7-e9fef17/target/release/euf-viper"",""fabric-solve"",""--engine"",""quotient-portfolio"",""/net/scratch/hscra/plgrid/plgnasqret/codex-control/projects/euf-viper/corpora/9b39c70a794d52277a4e5d83731f0ebc50a2f3b804eb1dfc8cf32766a5ebeadc/smtlib-2025/QF_UF/QF_UF/QG-classification/qg7/iso_brn_nogen_sk015.smt2""]"
86,2,7133,QF_UF/QG-classification/qg7/iso_brn_nogen_sk015.smt2,9192909faddf3987576853cb6c4de32331dd7a294dbb905cd69f5eb3fe8f09d1,6012718,sat,1,williams_first_order_carryover,a5b163da70f7a4b586276cec20529dcaf9a596daf59a01894d95ec3f4fd69c3e,2,2,0,2,2,2,staged-0,staged-0,"[""staged-10"",""staged-100"",""staged-0"",""staged-1000"",""baseline"",""staged-10000""]",parser_inclusive_subprocess_wall_clock,1,timeout,2.022523276,124,-9,1,timeout,exceeded 2 seconds,,,"[""/net/scratch/hscra/plgrid/plgnasqret/codex-control/projects/euf-viper/runs/20260727T073625Z-staged-qg7-e9fef17/target/release/euf-viper"",""fabric-solve"",""--engine"",""quotient-portfolio"",""/net/scratch/hscra/plgrid/plgnasqret/codex-control/projects/euf-viper/corpora/9b39c70a794d52277a4e5d83731f0ebc50a2f3b804eb1dfc8cf32766a5ebeadc/smtlib-2025/QF_UF/QF_UF/QG-classification/qg7/iso_brn_nogen_sk015.smt2""]"
87,2,7133,QF_UF/QG-classification/qg7/iso_brn_nogen_sk015.smt2,9192909faddf3987576853cb6c4de32331dd7a294dbb905cd69f5eb3fe8f09d1,6012718,sat,1,williams_first_order_carryover,a5b163da70f7a4b586276cec20529dcaf9a596daf59a01894d95ec3f4fd69c3e,2,2,0,2,3,3,staged-1000,staged-1000,"[""staged-10"",""staged-100"",""staged-0"",""staged-1000"",""baseline"",""staged-10000""]",parser_inclusive_subprocess_wall_clock,1,timeout,2.014416692,124,-9,1,timeout,exceeded 2 seconds,,,"[""/net/scratch/hscra/plgrid/plgnasqret/codex-control/projects/euf-viper/runs/20260727T073625Z-staged-qg7-e9fef17/target/release/euf-viper"",""fabric-solve"",""--engine"",""quotient-portfolio"",""/net/scratch/hscra/plgrid/plgnasqret/codex-control/projects/euf-viper/corpora/9b39c70a794d52277a4e5d83731f0ebc50a2f3b804eb1dfc8cf32766a5ebeadc/smtlib-2025/QF_UF/QF_UF/QG-classification/qg7/iso_brn_nogen_sk015.smt2""]"
88,2,7133,QF_UF/QG-classification/qg7/iso_brn_nogen_sk015.smt2,9192909faddf3987576853cb6c4de32331dd7a294dbb905cd69f5eb3fe8f09d1,6012718,sat,1,williams_first_order_carryover,a5b163da70f7a4b586276cec20529dcaf9a596daf59a01894d95ec3f4fd69c3e,2,2,0,2,4,4,baseline,baseline,"[""staged-10"",""staged-100"",""staged-0"",""staged-1000"",""baseline"",""staged-10000""]",parser_inclusive_subprocess_wall_clock,1,timeout,2.009890162,124,-9,1,timeout,exceeded 2 seconds,,,"[""/net/scratch/hscra/plgrid/plgnasqret/codex-control/projects/euf-viper/runs/20260727T073625Z-staged-qg7-e9fef17/target/release/euf-viper"",""fabric-solve"",""--engine"",""quotient-portfolio"",""/net/scratch/hscra/plgrid/plgnasqret/codex-control/projects/euf-viper/corpora/9b39c70a794d52277a4e5d83731f0ebc50a2f3b804eb1dfc8cf32766a5ebeadc/smtlib-2025/QF_UF/QF_UF/QG-classification/qg7/iso_brn_nogen_sk015.smt2""]"
89,2,7133,QF_UF/QG-classification/qg7/iso_brn_nogen_sk015.smt2,9192909faddf3987576853cb6c4de32331dd7a294dbb905cd69f5eb3fe8f09d1,6012718,sat,1,williams_first_order_carryover,a5b163da70f7a4b586276cec20529dcaf9a596daf59a01894d95ec3f4fd69c3e,2,2,0,2,5,5,staged-10000,staged-10000,"[""staged-10"",""staged-100"",""staged-0"",""staged-1000"",""baseline"",""staged-10000""]",parser_inclusive_subprocess_wall_clock,1,timeout,2.008027835,124,-9,1,timeout,exceeded 2 seconds,,,"[""/net/scratch/hscra/plgrid/plgnasqret/codex-control/projects/euf-viper/runs/20260727T073625Z-staged-qg7-e9fef17/target/release/euf-viper"",""fabric-solve"",""--engine"",""quotient-portfolio"",""/net/scratch/hscra/plgrid/plgnasqret/codex-control/projects/euf-viper/corpora/9b39c70a794d52277a4e5d83731f0ebc50a2f3b804eb1dfc8cf32766a5ebeadc/smtlib-2025/QF_UF/QF_UF/QG-classification/qg7/iso_brn_nogen_sk015.smt2""]"
90,2,7133,QF_UF/QG-classification/qg7/iso_brn_nogen_sk015.smt2,9192909faddf3987576853cb6c4de32331dd7a294dbb905cd69f5eb3fe8f09d1,6012718,sat,1,williams_first_order_carryover,a5b163da70f7a4b586276cec20529dcaf9a596daf59a01894d95ec3f4fd69c3e,3,3,0,3,0,0,staged-100,staged-100,"[""staged-100"",""staged-1000"",""staged-10"",""staged-10000"",""staged-0"",""baseline""]",parser_inclusive_subprocess_wall_clock,1,timeout,2.021615103,124,-9,1,timeout,exceeded 2 seconds,,,"[""/net/scratch/hscra/plgrid/plgnasqret/codex-control/projects/euf-viper/runs/20260727T073625Z-staged-qg7-e9fef17/target/release/euf-viper"",""fabric-solve"",""--engine"",""quotient-portfolio"",""/net/scratch/hscra/plgrid/plgnasqret/codex-control/projects/euf-viper/corpora/9b39c70a794d52277a4e5d83731f0ebc50a2f3b804eb1dfc8cf32766a5ebeadc/smtlib-2025/QF_UF/QF_UF/QG-classification/qg7/iso_brn_nogen_sk015.smt2""]"
91,2,7133,QF_UF/QG-classification/qg7/iso_brn_nogen_sk015.smt2,9192909faddf3987576853cb6c4de32331dd7a294dbb905cd69f5eb3fe8f09d1,6012718,sat,1,williams_first_order_carryover,a5b163da70f7a4b586276cec20529dcaf9a596daf59a01894d95ec3f4fd69c3e,3,3,0,3,1,1,staged-1000,staged-1000,"[""staged-100"",""staged-1000"",""staged-10"",""staged-10000"",""staged-0"",""baseline""]",parser_inclusive_subprocess_wall_clock,1,timeout,2.014615497,124,-9,1,timeout,exceeded 2 seconds,,,"[""/net/scratch/hscra/plgrid/plgnasqret/codex-control/projects/euf-viper/runs/20260727T073625Z-staged-qg7-e9fef17/target/release/euf-viper"",""fabric-solve"",""--engine"",""quotient-portfolio"",""/net/scratch/hscra/plgrid/plgnasqret/codex-control/projects/euf-viper/corpora/9b39c70a794d52277a4e5d83731f0ebc50a2f3b804eb1dfc8cf32766a5ebeadc/smtlib-2025/QF_UF/QF_UF/QG-classification/qg7/iso_brn_nogen_sk015.smt2""]"
92,2,7133,QF_UF/QG-classification/qg7/iso_brn_nogen_sk015.smt2,9192909faddf3987576853cb6c4de32331dd7a294dbb905cd69f5eb3fe8f09d1,6012718,sat,1,williams_first_order_carryover,a5b163da70f7a4b586276cec20529dcaf9a596daf59a01894d95ec3f4fd69c3e,3,3,0,3,2,2,staged-10,staged-10,"[""staged-100"",""staged-1000"",""staged-10"",""staged-10000"",""staged-0"",""baseline""]",parser_inclusive_subprocess_wall_clock,1,timeout,2.023309795,124,-9,1,timeout,exceeded 2 seconds,,,"[""/net/scratch/hscra/plgrid/plgnasqret/codex-control/projects/euf-viper/runs/20260727T073625Z-staged-qg7-e9fef17/target/release/euf-viper"",""fabric-solve"",""--engine"",""quotient-portfolio"",""/net/scratch/hscra/plgrid/plgnasqret/codex-control/projects/euf-viper/corpora/9b39c70a794d52277a4e5d83731f0ebc50a2f3b804eb1dfc8cf32766a5ebeadc/smtlib-2025/QF_UF/QF_UF/QG-classification/qg7/iso_brn_nogen_sk015.smt2""]"
93,2,7133,QF_UF/QG-classification/qg7/iso_brn_nogen_sk015.smt2,9192909faddf3987576853cb6c4de32331dd7a294dbb905cd69f5eb3fe8f09d1,6012718,sat,1,williams_first_order_carryover,a5b163da70f7a4b586276cec20529dcaf9a596daf59a01894d95ec3f4fd69c3e,3,3,0,3,3,3,staged-10000,staged-10000,"[""staged-100"",""staged-1000"",""staged-10"",""staged-10000"",""staged-0"",""baseline""]",parser_inclusive_subprocess_wall_clock,1,timeout,2.012619287,124,-9,1,timeout,exceeded 2 seconds,,,"[""/net/scratch/hscra/plgrid/plgnasqret/codex-control/projects/euf-viper/runs/20260727T073625Z-staged-qg7-e9fef17/target/release/euf-viper"",""fabric-solve"",""--engine"",""quotient-portfolio"",""/net/scratch/hscra/plgrid/plgnasqret/codex-control/projects/euf-viper/corpora/9b39c70a794d52277a4e5d83731f0ebc50a2f3b804eb1dfc8cf32766a5ebeadc/smtlib-2025/QF_UF/QF_UF/QG-classification/qg7/iso_brn_nogen_sk015.smt2""]"
94,2,7133,QF_UF/QG-classification/qg7/iso_brn_nogen_sk015.smt2,9192909faddf3987576853cb6c4de32331dd7a294dbb905cd69f5eb3fe8f09d1,6012718,sat,1,williams_first_order_carryover,a5b163da70f7a4b586276cec20529dcaf9a596daf59a01894d95ec3f4fd69c3e,3,3,0,3,4,4,staged-0,staged-0,"[""staged-100"",""staged-1000"",""staged-10"",""staged-10000"",""staged-0"",""baseline""]",parser_inclusive_subprocess_wall_clock,1,timeout,2.019877424,124,-9,1,timeout,exceeded 2 seconds,,,"[""/net/scratch/hscra/plgrid/plgnasqret/codex-control/projects/euf-viper/runs/20260727T073625Z-staged-qg7-e9fef17/target/release/euf-viper"",""fabric-solve"",""--engine"",""quotient-portfolio"",""/net/scratch/hscra/plgrid/plgnasqret/codex-control/projects/euf-viper/corpora/9b39c70a794d52277a4e5d83731f0ebc50a2f3b804eb1dfc8cf32766a5ebeadc/smtlib-2025/QF_UF/QF_UF/QG-classification/qg7/iso_brn_nogen_sk015.smt2""]"
95,2,7133,QF_UF/QG-classification/qg7/iso_brn_nogen_sk015.smt2,9192909faddf3987576853cb6c4de32331dd7a294dbb905cd69f5eb3fe8f09d1,6012718,sat,1,williams_first_order_carryover,a5b163da70f7a4b586276cec20529dcaf9a596daf59a01894d95ec3f4fd69c3e,3,3,0,3,5,5,baseline,baseline,"[""staged-100"",""staged-1000"",""staged-10"",""staged-10000"",""staged-0"",""baseline""]",parser_inclusive_subprocess_wall_clock,1,timeout,2.009154714,124,-9,1,timeout,exceeded 2 seconds,,,"[""/net/scratch/hscra/plgrid/plgnasqret/codex-control/projects/euf-viper/runs/20260727T073625Z-staged-qg7-e9fef17/target/release/euf-viper"",""fabric-solve"",""--engine"",""quotient-portfolio"",""/net/scratch/hscra/plgrid/plgnasqret/codex-control/projects/euf-viper/corpora/9b39c70a794d52277a4e5d83731f0ebc50a2f3b804eb1dfc8cf32766a5ebeadc/smtlib-2025/QF_UF/QF_UF/QG-classification/qg7/iso_brn_nogen_sk015.smt2""]"
96,2,7133,QF_UF/QG-classification/qg7/iso_brn_nogen_sk015.smt2,9192909faddf3987576853cb6c4de32331dd7a294dbb905cd69f5eb3fe8f09d1,6012718,sat,1,williams_first_order_carryover,a5b163da70f7a4b586276cec20529dcaf9a596daf59a01894d95ec3f4fd69c3e,4,4,0,4,0,0,staged-1000,staged-1000,"[""staged-1000"",""staged-10000"",""staged-100"",""baseline"",""staged-10"",""staged-0""]",parser_inclusive_subprocess_wall_clock,1,timeout,2.013671098,124,-9,1,timeout,exceeded 2 seconds,,,"[""/net/scratch/hscra/plgrid/plgnasqret/codex-control/projects/euf-viper/runs/20260727T073625Z-staged-qg7-e9fef17/target/release/euf-viper"",""fabric-solve"",""--engine"",""quotient-portfolio"",""/net/scratch/hscra/plgrid/plgnasqret/codex-control/projects/euf-viper/corpora/9b39c70a794d52277a4e5d83731f0ebc50a2f3b804eb1dfc8cf32766a5ebeadc/smtlib-2025/QF_UF/QF_UF/QG-classification/qg7/iso_brn_nogen_sk015.smt2""]"
97,2,7133,QF_UF/QG-classification/qg7/iso_brn_nogen_sk015.smt2,9192909faddf3987576853cb6c4de32331dd7a294dbb905cd69f5eb3fe8f09d1,6012718,sat,1,williams_first_order_carryover,a5b163da70f7a4b586276cec20529dcaf9a596daf59a01894d95ec3f4fd69c3e,4,4,0,4,1,1,staged-10000,staged-10000,"[""staged-1000"",""staged-10000"",""staged-100"",""baseline"",""staged-10"",""staged-0""]",parser_inclusive_subprocess_wall_clock,1,timeout,2.011887474,124,-9,1,timeout,exceeded 2 seconds,,,"[""/net/scratch/hscra/plgrid/plgnasqret/codex-control/projects/euf-viper/runs/20260727T073625Z-staged-qg7-e9fef17/target/release/euf-viper"",""fabric-solve"",""--engine"",""quotient-portfolio"",""/net/scratch/hscra/plgrid/plgnasqret/codex-control/projects/euf-viper/corpora/9b39c70a794d52277a4e5d83731f0ebc50a2f3b804eb1dfc8cf32766a5ebeadc/smtlib-2025/QF_UF/QF_UF/QG-classification/qg7/iso_brn_nogen_sk015.smt2""]"
98,2,7133,QF_UF/QG-classification/qg7/iso_brn_nogen_sk015.smt2,9192909faddf3987576853cb6c4de32331dd7a294dbb905cd69f5eb3fe8f09d1,6012718,sat,1,williams_first_order_carryover,a5b163da70f7a4b586276cec20529dcaf9a596daf59a01894d95ec3f4fd69c3e,4,4,0,4,2,2,staged-100,staged-100,"[""staged-1000"",""staged-10000"",""staged-100"",""baseline"",""staged-10"",""staged-0""]",parser_inclusive_subprocess_wall_clock,1,timeout,2.026518841,124,-9,1,timeout,exceeded 2 seconds,,,"[""/net/scratch/hscra/plgrid/plgnasqret/codex-control/projects/euf-viper/runs/20260727T073625Z-staged-qg7-e9fef17/target/release/euf-viper"",""fabric-solve"",""--engine"",""quotient-portfolio"",""/net/scratch/hscra/plgrid/plgnasqret/codex-control/projects/euf-viper/corpora/9b39c70a794d52277a4e5d83731f0ebc50a2f3b804eb1dfc8cf32766a5ebeadc/smtlib-2025/QF_UF/QF_UF/QG-classification/qg7/iso_brn_nogen_sk015.smt2""]"
99,2,7133,QF_UF/QG-classification/qg7/iso_brn_nogen_sk015.smt2,9192909faddf3987576853cb6c4de32331dd7a294dbb905cd69f5eb3fe8f09d1,6012718,sat,1,williams_first_order_carryover,a5b163da70f7a4b586276cec20529dcaf9a596daf59a01894d95ec3f4fd69c3e,4,4,0,4,3,3,baseline,baseline,"[""staged-1000"",""staged-10000"",""staged-100"",""baseline"",""staged-10"",""staged-0""]",parser_inclusive_subprocess_wall_clock,1,timeout,2.009609817,124,-9,1,timeout,exceeded 2 seconds,,,"[""/net/scratch/hscra/plgrid/plgnasqret/codex-control/projects/euf-viper/runs/20260727T073625Z-staged-qg7-e9fef17/target/release/euf-viper"",""fabric-solve"",""--engine"",""quotient-portfolio"",""/net/scratch/hscra/plgrid/plgnasqret/codex-control/projects/euf-viper/corpora/9b39c70a794d52277a4e5d83731f0ebc50a2f3b804eb1dfc8cf32766a5ebeadc/smtlib-2025/QF_UF/QF_UF/QG-classification/qg7/iso_brn_nogen_sk015.smt2""]"
100,2,7133,QF_UF/QG-classification/qg7/iso_brn_nogen_sk015.smt2,9192909faddf3987576853cb6c4de32331dd7a294dbb905cd69f5eb3fe8f09d1,6012718,sat,1,williams_first_order_carryover,a5b163da70f7a4b586276cec20529dcaf9a596daf59a01894d95ec3f4fd69c3e,4,4,0,4,4,4,staged-10,staged-10,"[""staged-1000"",""staged-10000"",""staged-100"",""baseline"",""staged-10"",""staged-0""]",parser_inclusive_subprocess_wall_clock,1,timeout,2.024640739,124,-9,1,timeout,exceeded 2 seconds,,,"[""/net/scratch/hscra/plgrid/plgnasqret/codex-control/projects/euf-viper/runs/20260727T073625Z-staged-qg7-e9fef17/target/release/euf-viper"",""fabric-solve"",""--engine"",""quotient-portfolio"",""/net/scratch/hscra/plgrid/plgnasqret/codex-control/projects/euf-viper/corpora/9b39c70a794d52277a4e5d83731f0ebc50a2f3b804eb1dfc8cf32766a5ebeadc/smtlib-2025/QF_UF/QF_UF/QG-classification/qg7/iso_brn_nogen_sk015.smt2""]"
101,2,7133,QF_UF/QG-classification/qg7/iso_brn_nogen_sk015.smt2,9192909faddf3987576853cb6c4de32331dd7a294dbb905cd69f5eb3fe8f09d1,6012718,sat,1,williams_first_order_carryover,a5b163da70f7a4b586276cec20529dcaf9a596daf59a01894d95ec3f4fd69c3e,4,4,0,4,5,5,staged-0,staged-0,"[""staged-1000"",""staged-10000"",""staged-100"",""baseline"",""staged-10"",""staged-0""]",parser_inclusive_subprocess_wall_clock,1,timeout,2.027802560,124,-9,1,timeout,exceeded 2 seconds,,,"[""/net/scratch/hscra/plgrid/plgnasqret/codex-control/projects/euf-viper/runs/20260727T073625Z-staged-qg7-e9fef17/target/release/euf-viper"",""fabric-solve"",""--engine"",""quotient-portfolio"",""/net/scratch/hscra/plgrid/plgnasqret/codex-control/projects/euf-viper/corpora/9b39c70a794d52277a4e5d83731f0ebc50a2f3b804eb1dfc8cf32766a5ebeadc/smtlib-2025/QF_UF/QF_UF/QG-classification/qg7/iso_brn_nogen_sk015.smt2""]"
102,2,7133,QF_UF/QG-classification/qg7/iso_brn_nogen_sk015.smt2,9192909faddf3987576853cb6c4de32331dd7a294dbb905cd69f5eb3fe8f09d1,6012718,sat,1,williams_first_order_carryover,a5b163da70f7a4b586276cec20529dcaf9a596daf59a01894d95ec3f4fd69c3e,5,5,0,5,0,0,staged-10000,staged-10000,"[""staged-10000"",""baseline"",""staged-1000"",""staged-0"",""staged-100"",""staged-10""]",parser_inclusive_subprocess_wall_clock,1,timeout,2.012026366,124,-9,1,timeout,exceeded 2 seconds,,,"[""/net/scratch/hscra/plgrid/plgnasqret/codex-control/projects/euf-viper/runs/20260727T073625Z-staged-qg7-e9fef17/target/release/euf-viper"",""fabric-solve"",""--engine"",""quotient-portfolio"",""/net/scratch/hscra/plgrid/plgnasqret/codex-control/projects/euf-viper/corpora/9b39c70a794d52277a4e5d83731f0ebc50a2f3b804eb1dfc8cf32766a5ebeadc/smtlib-2025/QF_UF/QF_UF/QG-classification/qg7/iso_brn_nogen_sk015.smt2""]"
103,2,7133,QF_UF/QG-classification/qg7/iso_brn_nogen_sk015.smt2,9192909faddf3987576853cb6c4de32331dd7a294dbb905cd69f5eb3fe8f09d1,6012718,sat,1,williams_first_order_carryover,a5b163da70f7a4b586276cec20529dcaf9a596daf59a01894d95ec3f4fd69c3e,5,5,0,5,1,1,baseline,baseline,"[""staged-10000"",""baseline"",""staged-1000"",""staged-0"",""staged-100"",""staged-10""]",parser_inclusive_subprocess_wall_clock,1,timeout,2.016533423,124,-9,1,timeout,exceeded 2 seconds,,,"[""/net/scratch/hscra/plgrid/plgnasqret/codex-control/projects/euf-viper/runs/20260727T073625Z-staged-qg7-e9fef17/target/release/euf-viper"",""fabric-solve"",""--engine"",""quotient-portfolio"",""/net/scratch/hscra/plgrid/plgnasqret/codex-control/projects/euf-viper/corpora/9b39c70a794d52277a4e5d83731f0ebc50a2f3b804eb1dfc8cf32766a5ebeadc/smtlib-2025/QF_UF/QF_UF/QG-classification/qg7/iso_brn_nogen_sk015.smt2""]"
104,2,7133,QF_UF/QG-classification/qg7/iso_brn_nogen_sk015.smt2,9192909faddf3987576853cb6c4de32331dd7a294dbb905cd69f5eb3fe8f09d1,6012718,sat,1,williams_first_order_carryover,a5b163da70f7a4b586276cec20529dcaf9a596daf59a01894d95ec3f4fd69c3e,5,5,0,5,2,2,staged-1000,staged-1000,"[""staged-10000"",""baseline"",""staged-1000"",""staged-0"",""staged-100"",""staged-10""]",parser_inclusive_subprocess_wall_clock,1,timeout,2.016692105,124,-9,1,timeout,exceeded 2 seconds,,,"[""/net/scratch/hscra/plgrid/plgnasqret/codex-control/projects/euf-viper/runs/20260727T073625Z-staged-qg7-e9fef17/target/release/euf-viper"",""fabric-solve"",""--engine"",""quotient-portfolio"",""/net/scratch/hscra/plgrid/plgnasqret/codex-control/projects/euf-viper/corpora/9b39c70a794d52277a4e5d83731f0ebc50a2f3b804eb1dfc8cf32766a5ebeadc/smtlib-2025/QF_UF/QF_UF/QG-classification/qg7/iso_brn_nogen_sk015.smt2""]"
105,2,7133,QF_UF/QG-classification/qg7/iso_brn_nogen_sk015.smt2,9192909faddf3987576853cb6c4de32331dd7a294dbb905cd69f5eb3fe8f09d1,6012718,sat,1,williams_first_order_carryover,a5b163da70f7a4b586276cec20529dcaf9a596daf59a01894d95ec3f4fd69c3e,5,5,0,5,3,3,staged-0,staged-0,"[""staged-10000"",""baseline"",""staged-1000"",""staged-0"",""staged-100"",""staged-10""]",parser_inclusive_subprocess_wall_clock,1,timeout,2.021443541,124,-9,1,timeout,exceeded 2 seconds,,,"[""/net/scratch/hscra/plgrid/plgnasqret/codex-control/projects/euf-viper/runs/20260727T073625Z-staged-qg7-e9fef17/target/release/euf-viper"",""fabric-solve"",""--engine"",""quotient-portfolio"",""/net/scratch/hscra/plgrid/plgnasqret/codex-control/projects/euf-viper/corpora/9b39c70a794d52277a4e5d83731f0ebc50a2f3b804eb1dfc8cf32766a5ebeadc/smtlib-2025/QF_UF/QF_UF/QG-classification/qg7/iso_brn_nogen_sk015.smt2""]"
106,2,7133,QF_UF/QG-classification/qg7/iso_brn_nogen_sk015.smt2,9192909faddf3987576853cb6c4de32331dd7a294dbb905cd69f5eb3fe8f09d1,6012718,sat,1,williams_first_order_carryover,a5b163da70f7a4b586276cec20529dcaf9a596daf59a01894d95ec3f4fd69c3e,5,5,0,5,4,4,staged-100,staged-100,"[""staged-10000"",""baseline"",""staged-1000"",""staged-0"",""staged-100"",""staged-10""]",parser_inclusive_subprocess_wall_clock,1,timeout,2.025235443,124,-9,1,timeout,exceeded 2 seconds,,,"[""/net/scratch/hscra/plgrid/plgnasqret/codex-control/projects/euf-viper/runs/20260727T073625Z-staged-qg7-e9fef17/target/release/euf-viper"",""fabric-solve"",""--engine"",""quotient-portfolio"",""/net/scratch/hscra/plgrid/plgnasqret/codex-control/projects/euf-viper/corpora/9b39c70a794d52277a4e5d83731f0ebc50a2f3b804eb1dfc8cf32766a5ebeadc/smtlib-2025/QF_UF/QF_UF/QG-classification/qg7/iso_brn_nogen_sk015.smt2""]"
107,2,7133,QF_UF/QG-classification/qg7/iso_brn_nogen_sk015.smt2,9192909faddf3987576853cb6c4de32331dd7a294dbb905cd69f5eb3fe8f09d1,6012718,sat,1,williams_first_order_carryover,a5b163da70f7a4b586276cec20529dcaf9a596daf59a01894d95ec3f4fd69c3e,5,5,0,5,5,5,staged-10,staged-10,"[""staged-10000"",""baseline"",""staged-1000"",""staged-0"",""staged-100"",""staged-10""]",parser_inclusive_subprocess_wall_clock,1,timeout,2.018704722,124,-9,1,timeout,exceeded 2 seconds,,,"[""/net/scratch/hscra/plgrid/plgnasqret/codex-control/projects/euf-viper/runs/20260727T073625Z-staged-qg7-e9fef17/target/release/euf-viper"",""fabric-solve"",""--engine"",""quotient-portfolio"",""/net/scratch/hscra/plgrid/plgnasqret/codex-control/projects/euf-viper/corpora/9b39c70a794d52277a4e5d83731f0ebc50a2f3b804eb1dfc8cf32766a5ebeadc/smtlib-2025/QF_UF/QF_UF/QG-classification/qg7/iso_brn_nogen_sk015.smt2""]"
108,3,7319,QF_UF/QG-classification/qg7/iso_icl_nogen_sk004.smt2,72b5e5242f0de636f031840d9e04e4d1cf55203ac1d0653c10e3576d7561e1b8,6013902,unsat,1,williams_first_order_carryover,a5b163da70f7a4b586276cec20529dcaf9a596daf59a01894d95ec3f4fd69c3e,0,0,0,0,0,0,baseline,baseline,"[""baseline"",""staged-0"",""staged-10000"",""staged-10"",""staged-1000"",""staged-100""]",parser_inclusive_subprocess_wall_clock,1,timeout,2.008779579,124,-9,1,timeout,exceeded 2 seconds,,,"[""/net/scratch/hscra/plgrid/plgnasqret/codex-control/projects/euf-viper/runs/20260727T073625Z-staged-qg7-e9fef17/target/release/euf-viper"",""fabric-solve"",""--engine"",""quotient-portfolio"",""/net/scratch/hscra/plgrid/plgnasqret/codex-control/projects/euf-viper/corpora/9b39c70a794d52277a4e5d83731f0ebc50a2f3b804eb1dfc8cf32766a5ebeadc/smtlib-2025/QF_UF/QF_UF/QG-classification/qg7/iso_icl_nogen_sk004.smt2""]"
109,3,7319,QF_UF/QG-classification/qg7/iso_icl_nogen_sk004.smt2,72b5e5242f0de636f031840d9e04e4d1cf55203ac1d0653c10e3576d7561e1b8,6013902,unsat,1,williams_first_order_carryover,a5b163da70f7a4b586276cec20529dcaf9a596daf59a01894d95ec3f4fd69c3e,0,0,0,0,1,1,staged-0,staged-0,"[""baseline"",""staged-0"",""staged-10000"",""staged-10"",""staged-1000"",""staged-100""]",parser_inclusive_subprocess_wall_clock,1,timeout,2.024503060,124,-9,1,timeout,exceeded 2 seconds,,,"[""/net/scratch/hscra/plgrid/plgnasqret/codex-control/projects/euf-viper/runs/20260727T073625Z-staged-qg7-e9fef17/target/release/euf-viper"",""fabric-solve"",""--engine"",""quotient-portfolio"",""/net/scratch/hscra/plgrid/plgnasqret/codex-control/projects/euf-viper/corpora/9b39c70a794d52277a4e5d83731f0ebc50a2f3b804eb1dfc8cf32766a5ebeadc/smtlib-2025/QF_UF/QF_UF/QG-classification/qg7/iso_icl_nogen_sk004.smt2""]"
110,3,7319,QF_UF/QG-classification/qg7/iso_icl_nogen_sk004.smt2,72b5e5242f0de636f031840d9e04e4d1cf55203ac1d0653c10e3576d7561e1b8,6013902,unsat,1,williams_first_order_carryover,a5b163da70f7a4b586276cec20529dcaf9a596daf59a01894d95ec3f4fd69c3e,0,0,0,0,2,2,staged-10000,staged-10000,"[""baseline"",""staged-0"",""staged-10000"",""staged-10"",""staged-1000"",""staged-100""]",parser_inclusive_subprocess_wall_clock,1,timeout,2.011886743,124,-9,1,timeout,exceeded 2 seconds,,,"[""/net/scratch/hscra/plgrid/plgnasqret/codex-control/projects/euf-viper/runs/20260727T073625Z-staged-qg7-e9fef17/target/release/euf-viper"",""fabric-solve"",""--engine"",""quotient-portfolio"",""/net/scratch/hscra/plgrid/plgnasqret/codex-control/projects/euf-viper/corpora/9b39c70a794d52277a4e5d83731f0ebc50a2f3b804eb1dfc8cf32766a5ebeadc/smtlib-2025/QF_UF/QF_UF/QG-classification/qg7/iso_icl_nogen_sk004.smt2""]"
111,3,7319,QF_UF/QG-classification/qg7/iso_icl_nogen_sk004.smt2,72b5e5242f0de636f031840d9e04e4d1cf55203ac1d0653c10e3576d7561e1b8,6013902,unsat,1,williams_first_order_carryover,a5b163da70f7a4b586276cec20529dcaf9a596daf59a01894d95ec3f4fd69c3e,0,0,0,0,3,3,staged-10,staged-10,"[""baseline"",""staged-0"",""staged-10000"",""staged-10"",""staged-1000"",""staged-100""]",parser_inclusive_subprocess_wall_clock,1,timeout,2.020970250,124,-9,1,timeout,exceeded 2 seconds,,,"[""/net/scratch/hscra/plgrid/plgnasqret/codex-control/projects/euf-viper/runs/20260727T073625Z-staged-qg7-e9fef17/target/release/euf-viper"",""fabric-solve"",""--engine"",""quotient-portfolio"",""/net/scratch/hscra/plgrid/plgnasqret/codex-control/projects/euf-viper/corpora/9b39c70a794d52277a4e5d83731f0ebc50a2f3b804eb1dfc8cf32766a5ebeadc/smtlib-2025/QF_UF/QF_UF/QG-classification/qg7/iso_icl_nogen_sk004.smt2""]"
112,3,7319,QF_UF/QG-classification/qg7/iso_icl_nogen_sk004.smt2,72b5e5242f0de636f031840d9e04e4d1cf55203ac1d0653c10e3576d7561e1b8,6013902,unsat,1,williams_first_order_carryover,a5b163da70f7a4b586276cec20529dcaf9a596daf59a01894d95ec3f4fd69c3e,0,0,0,0,4,4,staged-1000,staged-1000,"[""baseline"",""staged-0"",""staged-10000"",""staged-10"",""staged-1000"",""staged-100""]",parser_inclusive_subprocess_wall_clock,1,timeout,2.010707671,124,-9,1,timeout,exceeded 2 seconds,,,"[""/net/scratch/hscra/plgrid/plgnasqret/codex-control/projects/euf-viper/runs/20260727T073625Z-staged-qg7-e9fef17/target/release/euf-viper"",""fabric-solve"",""--engine"",""quotient-portfolio"",""/net/scratch/hscra/plgrid/plgnasqret/codex-control/projects/euf-viper/corpora/9b39c70a794d52277a4e5d83731f0ebc50a2f3b804eb1dfc8cf32766a5ebeadc/smtlib-2025/QF_UF/QF_UF/QG-classification/qg7/iso_icl_nogen_sk004.smt2""]"
113,3,7319,QF_UF/QG-classification/qg7/iso_icl_nogen_sk004.smt2,72b5e5242f0de636f031840d9e04e4d1cf55203ac1d0653c10e3576d7561e1b8,6013902,unsat,1,williams_first_order_carryover,a5b163da70f7a4b586276cec20529dcaf9a596daf59a01894d95ec3f4fd69c3e,0,0,0,0,5,5,staged-100,staged-100,"[""baseline"",""staged-0"",""staged-10000"",""staged-10"",""staged-1000"",""staged-100""]",parser_inclusive_subprocess_wall_clock,1,timeout,2.018877036,124,-9,1,timeout,exceeded 2 seconds,,,"[""/net/scratch/hscra/plgrid/plgnasqret/codex-control/projects/euf-viper/runs/20260727T073625Z-staged-qg7-e9fef17/target/release/euf-viper"",""fabric-solve"",""--engine"",""quotient-portfolio"",""/net/scratch/hscra/plgrid/plgnasqret/codex-control/projects/euf-viper/corpora/9b39c70a794d52277a4e5d83731f0ebc50a2f3b804eb1dfc8cf32766a5ebeadc/smtlib-2025/QF_UF/QF_UF/QG-classification/qg7/iso_icl_nogen_sk004.smt2""]"
114,3,7319,QF_UF/QG-classification/qg7/iso_icl_nogen_sk004.smt2,72b5e5242f0de636f031840d9e04e4d1cf55203ac1d0653c10e3576d7561e1b8,6013902,unsat,1,williams_first_order_carryover,a5b163da70f7a4b586276cec20529dcaf9a596daf59a01894d95ec3f4fd69c3e,1,1,0,1,0,0,staged-0,staged-0,"[""staged-0"",""staged-10"",""baseline"",""staged-100"",""staged-10000"",""staged-1000""]",parser_inclusive_subprocess_wall_clock,1,timeout,2.023637977,124,-9,1,timeout,exceeded 2 seconds,,,"[""/net/scratch/hscra/plgrid/plgnasqret/codex-control/projects/euf-viper/runs/20260727T073625Z-staged-qg7-e9fef17/target/release/euf-viper"",""fabric-solve"",""--engine"",""quotient-portfolio"",""/net/scratch/hscra/plgrid/plgnasqret/codex-control/projects/euf-viper/corpora/9b39c70a794d52277a4e5d83731f0ebc50a2f3b804eb1dfc8cf32766a5ebeadc/smtlib-2025/QF_UF/QF_UF/QG-classification/qg7/iso_icl_nogen_sk004.smt2""]"
115,3,7319,QF_UF/QG-classification/qg7/iso_icl_nogen_sk004.smt2,72b5e5242f0de636f031840d9e04e4d1cf55203ac1d0653c10e3576d7561e1b8,6013902,unsat,1,williams_first_order_carryover,a5b163da70f7a4b586276cec20529dcaf9a596daf59a01894d95ec3f4fd69c3e,1,1,0,1,1,1,staged-10,staged-10,"[""staged-0"",""staged-10"",""baseline"",""staged-100"",""staged-10000"",""staged-1000""]",parser_inclusive_subprocess_wall_clock,1,timeout,2.023513999,124,-9,1,timeout,exceeded 2 seconds,,,"[""/net/scratch/hscra/plgrid/plgnasqret/codex-control/projects/euf-viper/runs/20260727T073625Z-staged-qg7-e9fef17/target/release/euf-viper"",""fabric-solve"",""--engine"",""quotient-portfolio"",""/net/scratch/hscra/plgrid/plgnasqret/codex-control/projects/euf-viper/corpora/9b39c70a794d52277a4e5d83731f0ebc50a2f3b804eb1dfc8cf32766a5ebeadc/smtlib-2025/QF_UF/QF_UF/QG-classification/qg7/iso_icl_nogen_sk004.smt2""]"
116,3,7319,QF_UF/QG-classification/qg7/iso_icl_nogen_sk004.smt2,72b5e5242f0de636f031840d9e04e4d1cf55203ac1d0653c10e3576d7561e1b8,6013902,unsat,1,williams_first_order_carryover,a5b163da70f7a4b586276cec20529dcaf9a596daf59a01894d95ec3f4fd69c3e,1,1,0,1,2,2,baseline,baseline,"[""staged-0"",""staged-10"",""baseline"",""staged-100"",""staged-10000"",""staged-1000""]",parser_inclusive_subprocess_wall_clock,1,timeout,2.013688325,124,-9,1,timeout,exceeded 2 seconds,,,"[""/net/scratch/hscra/plgrid/plgnasqret/codex-control/projects/euf-viper/runs/20260727T073625Z-staged-qg7-e9fef17/target/release/euf-viper"",""fabric-solve"",""--engine"",""quotient-portfolio"",""/net/scratch/hscra/plgrid/plgnasqret/codex-control/projects/euf-viper/corpora/9b39c70a794d52277a4e5d83731f0ebc50a2f3b804eb1dfc8cf32766a5ebeadc/smtlib-2025/QF_UF/QF_UF/QG-classification/qg7/iso_icl_nogen_sk004.smt2""]"
117,3,7319,QF_UF/QG-classification/qg7/iso_icl_nogen_sk004.smt2,72b5e5242f0de636f031840d9e04e4d1cf55203ac1d0653c10e3576d7561e1b8,6013902,unsat,1,williams_first_order_carryover,a5b163da70f7a4b586276cec20529dcaf9a596daf59a01894d95ec3f4fd69c3e,1,1,0,1,3,3,staged-100,staged-100,"[""staged-0"",""staged-10"",""baseline"",""staged-100"",""staged-10000"",""staged-1000""]",parser_inclusive_subprocess_wall_clock,1,timeout,2.022892442,124,-9,1,timeout,exceeded 2 seconds,,,"[""/net/scratch/hscra/plgrid/plgnasqret/codex-control/projects/euf-viper/runs/20260727T073625Z-staged-qg7-e9fef17/target/release/euf-viper"",""fabric-solve"",""--engine"",""quotient-portfolio"",""/net/scratch/hscra/plgrid/plgnasqret/codex-control/projects/euf-viper/corpora/9b39c70a794d52277a4e5d83731f0ebc50a2f3b804eb1dfc8cf32766a5ebeadc/smtlib-2025/QF_UF/QF_UF/QG-classification/qg7/iso_icl_nogen_sk004.smt2""]"
118,3,7319,QF_UF/QG-classification/qg7/iso_icl_nogen_sk004.smt2,72b5e5242f0de636f031840d9e04e4d1cf55203ac1d0653c10e3576d7561e1b8,6013902,unsat,1,williams_first_order_carryover,a5b163da70f7a4b586276cec20529dcaf9a596daf59a01894d95ec3f4fd69c3e,1,1,0,1,4,4,staged-10000,staged-10000,"[""staged-0"",""staged-10"",""baseline"",""staged-100"",""staged-10000"",""staged-1000""]",parser_inclusive_subprocess_wall_clock,1,timeout,2.011270425,124,-9,1,timeout,exceeded 2 seconds,,,"[""/net/scratch/hscra/plgrid/plgnasqret/codex-control/projects/euf-viper/runs/20260727T073625Z-staged-qg7-e9fef17/target/release/euf-viper"",""fabric-solve"",""--engine"",""quotient-portfolio"",""/net/scratch/hscra/plgrid/plgnasqret/codex-control/projects/euf-viper/corpora/9b39c70a794d52277a4e5d83731f0ebc50a2f3b804eb1dfc8cf32766a5ebeadc/smtlib-2025/QF_UF/QF_UF/QG-classification/qg7/iso_icl_nogen_sk004.smt2""]"
119,3,7319,QF_UF/QG-classification/qg7/iso_icl_nogen_sk004.smt2,72b5e5242f0de636f031840d9e04e4d1cf55203ac1d0653c10e3576d7561e1b8,6013902,unsat,1,williams_first_order_carryover,a5b163da70f7a4b586276cec20529dcaf9a596daf59a01894d95ec3f4fd69c3e,1,1,0,1,5,5,staged-1000,staged-1000,"[""staged-0"",""staged-10"",""baseline"",""staged-100"",""staged-10000"",""staged-1000""]",parser_inclusive_subprocess_wall_clock,1,timeout,2.011504617,124,-9,1,timeout,exceeded 2 seconds,,,"[""/net/scratch/hscra/plgrid/plgnasqret/codex-control/projects/euf-viper/runs/20260727T073625Z-staged-qg7-e9fef17/target/release/euf-viper"",""fabric-solve"",""--engine"",""quotient-portfolio"",""/net/scratch/hscra/plgrid/plgnasqret/codex-control/projects/euf-viper/corpora/9b39c70a794d52277a4e5d83731f0ebc50a2f3b804eb1dfc8cf32766a5ebeadc/smtlib-2025/QF_UF/QF_UF/QG-classification/qg7/iso_icl_nogen_sk004.smt2""]"
120,3,7319,QF_UF/QG-classification/qg7/iso_icl_nogen_sk004.smt2,72b5e5242f0de636f031840d9e04e4d1cf55203ac1d0653c10e3576d7561e1b8,6013902,unsat,1,williams_first_order_carryover,a5b163da70f7a4b586276cec20529dcaf9a596daf59a01894d95ec3f4fd69c3e,2,2,0,2,0,0,staged-10,staged-10,"[""staged-10"",""staged-100"",""staged-0"",""staged-1000"",""baseline"",""staged-10000""]",parser_inclusive_subprocess_wall_clock,1,timeout,2.029623042,124,-9,1,timeout,exceeded 2 seconds,,,"[""/net/scratch/hscra/plgrid/plgnasqret/codex-control/projects/euf-viper/runs/20260727T073625Z-staged-qg7-e9fef17/target/release/euf-viper"",""fabric-solve"",""--engine"",""quotient-portfolio"",""/net/scratch/hscra/plgrid/plgnasqret/codex-control/projects/euf-viper/corpora/9b39c70a794d52277a4e5d83731f0ebc50a2f3b804eb1dfc8cf32766a5ebeadc/smtlib-2025/QF_UF/QF_UF/QG-classification/qg7/iso_icl_nogen_sk004.smt2""]"
121,3,7319,QF_UF/QG-classification/qg7/iso_icl_nogen_sk004.smt2,72b5e5242f0de636f031840d9e04e4d1cf55203ac1d0653c10e3576d7561e1b8,6013902,unsat,1,williams_first_order_carryover,a5b163da70f7a4b586276cec20529dcaf9a596daf59a01894d95ec3f4fd69c3e,2,2,0,2,1,1,staged-100,staged-100,"[""staged-10"",""staged-100"",""staged-0"",""staged-1000"",""baseline"",""staged-10000""]",parser_inclusive_subprocess_wall_clock,1,timeout,2.019601747,124,-9,1,timeout,exceeded 2 seconds,,,"[""/net/scratch/hscra/plgrid/plgnasqret/codex-control/projects/euf-viper/runs/20260727T073625Z-staged-qg7-e9fef17/target/release/euf-viper"",""fabric-solve"",""--engine"",""quotient-portfolio"",""/net/scratch/hscra/plgrid/plgnasqret/codex-control/projects/euf-viper/corpora/9b39c70a794d52277a4e5d83731f0ebc50a2f3b804eb1dfc8cf32766a5ebeadc/smtlib-2025/QF_UF/QF_UF/QG-classification/qg7/iso_icl_nogen_sk004.smt2""]"
122,3,7319,QF_UF/QG-classification/qg7/iso_icl_nogen_sk004.smt2,72b5e5242f0de636f031840d9e04e4d1cf55203ac1d0653c10e3576d7561e1b8,6013902,unsat,1,williams_first_order_carryover,a5b163da70f7a4b586276cec20529dcaf9a596daf59a01894d95ec3f4fd69c3e,2,2,0,2,2,2,staged-0,staged-0,"[""staged-10"",""staged-100"",""staged-0"",""staged-1000"",""baseline"",""staged-10000""]",parser_inclusive_subprocess_wall_clock,1,timeout,2.018466773,124,-9,1,timeout,exceeded 2 seconds,,,"[""/net/scratch/hscra/plgrid/plgnasqret/codex-control/projects/euf-viper/runs/20260727T073625Z-staged-qg7-e9fef17/target/release/euf-viper"",""fabric-solve"",""--engine"",""quotient-portfolio"",""/net/scratch/hscra/plgrid/plgnasqret/codex-control/projects/euf-viper/corpora/9b39c70a794d52277a4e5d83731f0ebc50a2f3b804eb1dfc8cf32766a5ebeadc/smtlib-2025/QF_UF/QF_UF/QG-classification/qg7/iso_icl_nogen_sk004.smt2""]"
123,3,7319,QF_UF/QG-classification/qg7/iso_icl_nogen_sk004.smt2,72b5e5242f0de636f031840d9e04e4d1cf55203ac1d0653c10e3576d7561e1b8,6013902,unsat,1,williams_first_order_carryover,a5b163da70f7a4b586276cec20529dcaf9a596daf59a01894d95ec3f4fd69c3e,2,2,0,2,3,3,staged-1000,staged-1000,"[""staged-10"",""staged-100"",""staged-0"",""staged-1000"",""baseline"",""staged-10000""]",parser_inclusive_subprocess_wall_clock,1,timeout,2.010040802,124,-9,1,timeout,exceeded 2 seconds,,,"[""/net/scratch/hscra/plgrid/plgnasqret/codex-control/projects/euf-viper/runs/20260727T073625Z-staged-qg7-e9fef17/target/release/euf-viper"",""fabric-solve"",""--engine"",""quotient-portfolio"",""/net/scratch/hscra/plgrid/plgnasqret/codex-control/projects/euf-viper/corpora/9b39c70a794d52277a4e5d83731f0ebc50a2f3b804eb1dfc8cf32766a5ebeadc/smtlib-2025/QF_UF/QF_UF/QG-classification/qg7/iso_icl_nogen_sk004.smt2""]"
124,3,7319,QF_UF/QG-classification/qg7/iso_icl_nogen_sk004.smt2,72b5e5242f0de636f031840d9e04e4d1cf55203ac1d0653c10e3576d7561e1b8,6013902,unsat,1,williams_first_order_carryover,a5b163da70f7a4b586276cec20529dcaf9a596daf59a01894d95ec3f4fd69c3e,2,2,0,2,4,4,baseline,baseline,"[""staged-10"",""staged-100"",""staged-0"",""staged-1000"",""baseline"",""staged-10000""]",parser_inclusive_subprocess_wall_clock,1,timeout,2.016468140,124,-9,1,timeout,exceeded 2 seconds,,,"[""/net/scratch/hscra/plgrid/plgnasqret/codex-control/projects/euf-viper/runs/20260727T073625Z-staged-qg7-e9fef17/target/release/euf-viper"",""fabric-solve"",""--engine"",""quotient-portfolio"",""/net/scratch/hscra/plgrid/plgnasqret/codex-control/projects/euf-viper/corpora/9b39c70a794d52277a4e5d83731f0ebc50a2f3b804eb1dfc8cf32766a5ebeadc/smtlib-2025/QF_UF/QF_UF/QG-classification/qg7/iso_icl_nogen_sk004.smt2""]"
125,3,7319,QF_UF/QG-classification/qg7/iso_icl_nogen_sk004.smt2,72b5e5242f0de636f031840d9e04e4d1cf55203ac1d0653c10e3576d7561e1b8,6013902,unsat,1,williams_first_order_carryover,a5b163da70f7a4b586276cec20529dcaf9a596daf59a01894d95ec3f4fd69c3e,2,2,0,2,5,5,staged-10000,staged-10000,"[""staged-10"",""staged-100"",""staged-0"",""staged-1000"",""baseline"",""staged-10000""]",parser_inclusive_subprocess_wall_clock,1,timeout,2.011278558,124,-9,1,timeout,exceeded 2 seconds,,,"[""/net/scratch/hscra/plgrid/plgnasqret/codex-control/projects/euf-viper/runs/20260727T073625Z-staged-qg7-e9fef17/target/release/euf-viper"",""fabric-solve"",""--engine"",""quotient-portfolio"",""/net/scratch/hscra/plgrid/plgnasqret/codex-control/projects/euf-viper/corpora/9b39c70a794d52277a4e5d83731f0ebc50a2f3b804eb1dfc8cf32766a5ebeadc/smtlib-2025/QF_UF/QF_UF/QG-classification/qg7/iso_icl_nogen_sk004.smt2""]"
126,3,7319,QF_UF/QG-classification/qg7/iso_icl_nogen_sk004.smt2,72b5e5242f0de636f031840d9e04e4d1cf55203ac1d0653c10e3576d7561e1b8,6013902,unsat,1,williams_first_order_carryover,a5b163da70f7a4b586276cec20529dcaf9a596daf59a01894d95ec3f4fd69c3e,3,3,0,3,0,0,staged-100,staged-100,"[""staged-100"",""staged-1000"",""staged-10"",""staged-10000"",""staged-0"",""baseline""]",parser_inclusive_subprocess_wall_clock,1,timeout,2.024915075,124,-9,1,timeout,exceeded 2 seconds,,,"[""/net/scratch/hscra/plgrid/plgnasqret/codex-control/projects/euf-viper/runs/20260727T073625Z-staged-qg7-e9fef17/target/release/euf-viper"",""fabric-solve"",""--engine"",""quotient-portfolio"",""/net/scratch/hscra/plgrid/plgnasqret/codex-control/projects/euf-viper/corpora/9b39c70a794d52277a4e5d83731f0ebc50a2f3b804eb1dfc8cf32766a5ebeadc/smtlib-2025/QF_UF/QF_UF/QG-classification/qg7/iso_icl_nogen_sk004.smt2""]"
127,3,7319,QF_UF/QG-classification/qg7/iso_icl_nogen_sk004.smt2,72b5e5242f0de636f031840d9e04e4d1cf55203ac1d0653c10e3576d7561e1b8,6013902,unsat,1,williams_first_order_carryover,a5b163da70f7a4b586276cec20529dcaf9a596daf59a01894d95ec3f4fd69c3e,3,3,0,3,1,1,staged-1000,staged-1000,"[""staged-100"",""staged-1000"",""staged-10"",""staged-10000"",""staged-0"",""baseline""]",parser_inclusive_subprocess_wall_clock,1,timeout,2.016887145,124,-9,1,timeout,exceeded 2 seconds,,,"[""/net/scratch/hscra/plgrid/plgnasqret/codex-control/projects/euf-viper/runs/20260727T073625Z-staged-qg7-e9fef17/target/release/euf-viper"",""fabric-solve"",""--engine"",""quotient-portfolio"",""/net/scratch/hscra/plgrid/plgnasqret/codex-control/projects/euf-viper/corpora/9b39c70a794d52277a4e5d83731f0ebc50a2f3b804eb1dfc8cf32766a5ebeadc/smtlib-2025/QF_UF/QF_UF/QG-classification/qg7/iso_icl_nogen_sk004.smt2""]"
128,3,7319,QF_UF/QG-classification/qg7/iso_icl_nogen_sk004.smt2,72b5e5242f0de636f031840d9e04e4d1cf55203ac1d0653c10e3576d7561e1b8,6013902,unsat,1,williams_first_order_carryover,a5b163da70f7a4b586276cec20529dcaf9a596daf59a01894d95ec3f4fd69c3e,3,3,0,3,2,2,staged-10,staged-10,"[""staged-100"",""staged-1000"",""staged-10"",""staged-10000"",""staged-0"",""baseline""]",parser_inclusive_subprocess_wall_clock,1,timeout,2.023998609,124,-9,1,timeout,exceeded 2 seconds,,,"[""/net/scratch/hscra/plgrid/plgnasqret/codex-control/projects/euf-viper/runs/20260727T073625Z-staged-qg7-e9fef17/target/release/euf-viper"",""fabric-solve"",""--engine"",""quotient-portfolio"",""/net/scratch/hscra/plgrid/plgnasqret/codex-control/projects/euf-viper/corpora/9b39c70a794d52277a4e5d83731f0ebc50a2f3b804eb1dfc8cf32766a5ebeadc/smtlib-2025/QF_UF/QF_UF/QG-classification/qg7/iso_icl_nogen_sk004.smt2""]"
129,3,7319,QF_UF/QG-classification/qg7/iso_icl_nogen_sk004.smt2,72b5e5242f0de636f031840d9e04e4d1cf55203ac1d0653c10e3576d7561e1b8,6013902,unsat,1,williams_first_order_carryover,a5b163da70f7a4b586276cec20529dcaf9a596daf59a01894d95ec3f4fd69c3e,3,3,0,3,3,3,staged-10000,staged-10000,"[""staged-100"",""staged-1000"",""staged-10"",""staged-10000"",""staged-0"",""baseline""]",parser_inclusive_subprocess_wall_clock,1,timeout,2.008384701,124,-9,1,timeout,exceeded 2 seconds,,,"[""/net/scratch/hscra/plgrid/plgnasqret/codex-control/projects/euf-viper/runs/20260727T073625Z-staged-qg7-e9fef17/target/release/euf-viper"",""fabric-solve"",""--engine"",""quotient-portfolio"",""/net/scratch/hscra/plgrid/plgnasqret/codex-control/projects/euf-viper/corpora/9b39c70a794d52277a4e5d83731f0ebc50a2f3b804eb1dfc8cf32766a5ebeadc/smtlib-2025/QF_UF/QF_UF/QG-classification/qg7/iso_icl_nogen_sk004.smt2""]"
130,3,7319,QF_UF/QG-classification/qg7/iso_icl_nogen_sk004.smt2,72b5e5242f0de636f031840d9e04e4d1cf55203ac1d0653c10e3576d7561e1b8,6013902,unsat,1,williams_first_order_carryover,a5b163da70f7a4b586276cec20529dcaf9a596daf59a01894d95ec3f4fd69c3e,3,3,0,3,4,4,staged-0,staged-0,"[""staged-100"",""staged-1000"",""staged-10"",""staged-10000"",""staged-0"",""baseline""]",parser_inclusive_subprocess_wall_clock,1,timeout,2.024584811,124,-9,1,timeout,exceeded 2 seconds,,,"[""/net/scratch/hscra/plgrid/plgnasqret/codex-control/projects/euf-viper/runs/20260727T073625Z-staged-qg7-e9fef17/target/release/euf-viper"",""fabric-solve"",""--engine"",""quotient-portfolio"",""/net/scratch/hscra/plgrid/plgnasqret/codex-control/projects/euf-viper/corpora/9b39c70a794d52277a4e5d83731f0ebc50a2f3b804eb1dfc8cf32766a5ebeadc/smtlib-2025/QF_UF/QF_UF/QG-classification/qg7/iso_icl_nogen_sk004.smt2""]"
131,3,7319,QF_UF/QG-classification/qg7/iso_icl_nogen_sk004.smt2,72b5e5242f0de636f031840d9e04e4d1cf55203ac1d0653c10e3576d7561e1b8,6013902,unsat,1,williams_first_order_carryover,a5b163da70f7a4b586276cec20529dcaf9a596daf59a01894d95ec3f4fd69c3e,3,3,0,3,5,5,baseline,baseline,"[""staged-100"",""staged-1000"",""staged-10"",""staged-10000"",""staged-0"",""baseline""]",parser_inclusive_subprocess_wall_clock,1,timeout,2.014638243,124,-9,1,timeout,exceeded 2 seconds,,,"[""/net/scratch/hscra/plgrid/plgnasqret/codex-control/projects/euf-viper/runs/20260727T073625Z-staged-qg7-e9fef17/target/release/euf-viper"",""fabric-solve"",""--engine"",""quotient-portfolio"",""/net/scratch/hscra/plgrid/plgnasqret/codex-control/projects/euf-viper/corpora/9b39c70a794d52277a4e5d83731f0ebc50a2f3b804eb1dfc8cf32766a5ebeadc/smtlib-2025/QF_UF/QF_UF/QG-classification/qg7/iso_icl_nogen_sk004.smt2""]"
132,3,7319,QF_UF/QG-classification/qg7/iso_icl_nogen_sk004.smt2,72b5e5242f0de636f031840d9e04e4d1cf55203ac1d0653c10e3576d7561e1b8,6013902,unsat,1,williams_first_order_carryover,a5b163da70f7a4b586276cec20529dcaf9a596daf59a01894d95ec3f4fd69c3e,4,4,0,4,0,0,staged-1000,staged-1000,"[""staged-1000"",""staged-10000"",""staged-100"",""baseline"",""staged-10"",""staged-0""]",parser_inclusive_subprocess_wall_clock,1,timeout,2.015237616,124,-9,1,timeout,exceeded 2 seconds,,,"[""/net/scratch/hscra/plgrid/plgnasqret/codex-control/projects/euf-viper/runs/20260727T073625Z-staged-qg7-e9fef17/target/release/euf-viper"",""fabric-solve"",""--engine"",""quotient-portfolio"",""/net/scratch/hscra/plgrid/plgnasqret/codex-control/projects/euf-viper/corpora/9b39c70a794d52277a4e5d83731f0ebc50a2f3b804eb1dfc8cf32766a5ebeadc/smtlib-2025/QF_UF/QF_UF/QG-classification/qg7/iso_icl_nogen_sk004.smt2""]"
133,3,7319,QF_UF/QG-classification/qg7/iso_icl_nogen_sk004.smt2,72b5e5242f0de636f031840d9e04e4d1cf55203ac1d0653c10e3576d7561e1b8,6013902,unsat,1,williams_first_order_carryover,a5b163da70f7a4b586276cec20529dcaf9a596daf59a01894d95ec3f4fd69c3e,4,4,0,4,1,1,staged-10000,staged-10000,"[""staged-1000"",""staged-10000"",""staged-100"",""baseline"",""staged-10"",""staged-0""]",parser_inclusive_subprocess_wall_clock,1,timeout,2.010594361,124,-9,1,timeout,exceeded 2 seconds,,,"[""/net/scratch/hscra/plgrid/plgnasqret/codex-control/projects/euf-viper/runs/20260727T073625Z-staged-qg7-e9fef17/target/release/euf-viper"",""fabric-solve"",""--engine"",""quotient-portfolio"",""/net/scratch/hscra/plgrid/plgnasqret/codex-control/projects/euf-viper/corpora/9b39c70a794d52277a4e5d83731f0ebc50a2f3b804eb1dfc8cf32766a5ebeadc/smtlib-2025/QF_UF/QF_UF/QG-classification/qg7/iso_icl_nogen_sk004.smt2""]"
134,3,7319,QF_UF/QG-classification/qg7/iso_icl_nogen_sk004.smt2,72b5e5242f0de636f031840d9e04e4d1cf55203ac1d0653c10e3576d7561e1b8,6013902,unsat,1,williams_first_order_carryover,a5b163da70f7a4b586276cec20529dcaf9a596daf59a01894d95ec3f4fd69c3e,4,4,0,4,2,2,staged-100,staged-100,"[""staged-1000"",""staged-10000"",""staged-100"",""baseline"",""staged-10"",""staged-0""]",parser_inclusive_subprocess_wall_clock,1,timeout,2.027386138,124,-9,1,timeout,exceeded 2 seconds,,,"[""/net/scratch/hscra/plgrid/plgnasqret/codex-control/projects/euf-viper/runs/20260727T073625Z-staged-qg7-e9fef17/target/release/euf-viper"",""fabric-solve"",""--engine"",""quotient-portfolio"",""/net/scratch/hscra/plgrid/plgnasqret/codex-control/projects/euf-viper/corpora/9b39c70a794d52277a4e5d83731f0ebc50a2f3b804eb1dfc8cf32766a5ebeadc/smtlib-2025/QF_UF/QF_UF/QG-classification/qg7/iso_icl_nogen_sk004.smt2""]"
135,3,7319,QF_UF/QG-classification/qg7/iso_icl_nogen_sk004.smt2,72b5e5242f0de636f031840d9e04e4d1cf55203ac1d0653c10e3576d7561e1b8,6013902,unsat,1,williams_first_order_carryover,a5b163da70f7a4b586276cec20529dcaf9a596daf59a01894d95ec3f4fd69c3e,4,4,0,4,3,3,baseline,baseline,"[""staged-1000"",""staged-10000"",""staged-100"",""baseline"",""staged-10"",""staged-0""]",parser_inclusive_subprocess_wall_clock,1,timeout,2.009248193,124,-9,1,timeout,exceeded 2 seconds,,,"[""/net/scratch/hscra/plgrid/plgnasqret/codex-control/projects/euf-viper/runs/20260727T073625Z-staged-qg7-e9fef17/target/release/euf-viper"",""fabric-solve"",""--engine"",""quotient-portfolio"",""/net/scratch/hscra/plgrid/plgnasqret/codex-control/projects/euf-viper/corpora/9b39c70a794d52277a4e5d83731f0ebc50a2f3b804eb1dfc8cf32766a5ebeadc/smtlib-2025/QF_UF/QF_UF/QG-classification/qg7/iso_icl_nogen_sk004.smt2""]"
136,3,7319,QF_UF/QG-classification/qg7/iso_icl_nogen_sk004.smt2,72b5e5242f0de636f031840d9e04e4d1cf55203ac1d0653c10e3576d7561e1b8,6013902,unsat,1,williams_first_order_carryover,a5b163da70f7a4b586276cec20529dcaf9a596daf59a01894d95ec3f4fd69c3e,4,4,0,4,4,4,staged-10,staged-10,"[""staged-1000"",""staged-10000"",""staged-100"",""baseline"",""staged-10"",""staged-0""]",parser_inclusive_subprocess_wall_clock,1,timeout,2.019374446,124,-9,1,timeout,exceeded 2 seconds,,,"[""/net/scratch/hscra/plgrid/plgnasqret/codex-control/projects/euf-viper/runs/20260727T073625Z-staged-qg7-e9fef17/target/release/euf-viper"",""fabric-solve"",""--engine"",""quotient-portfolio"",""/net/scratch/hscra/plgrid/plgnasqret/codex-control/projects/euf-viper/corpora/9b39c70a794d52277a4e5d83731f0ebc50a2f3b804eb1dfc8cf32766a5ebeadc/smtlib-2025/QF_UF/QF_UF/QG-classification/qg7/iso_icl_nogen_sk004.smt2""]"
137,3,7319,QF_UF/QG-classification/qg7/iso_icl_nogen_sk004.smt2,72b5e5242f0de636f031840d9e04e4d1cf55203ac1d0653c10e3576d7561e1b8,6013902,unsat,1,williams_first_order_carryover,a5b163da70f7a4b586276cec20529dcaf9a596daf59a01894d95ec3f4fd69c3e,4,4,0,4,5,5,staged-0,staged-0,"[""staged-1000"",""staged-10000"",""staged-100"",""baseline"",""staged-10"",""staged-0""]",parser_inclusive_subprocess_wall_clock,1,timeout,2.024948768,124,-9,1,timeout,exceeded 2 seconds,,,"[""/net/scratch/hscra/plgrid/plgnasqret/codex-control/projects/euf-viper/runs/20260727T073625Z-staged-qg7-e9fef17/target/release/euf-viper"",""fabric-solve"",""--engine"",""quotient-portfolio"",""/net/scratch/hscra/plgrid/plgnasqret/codex-control/projects/euf-viper/corpora/9b39c70a794d52277a4e5d83731f0ebc50a2f3b804eb1dfc8cf32766a5ebeadc/smtlib-2025/QF_UF/QF_UF/QG-classification/qg7/iso_icl_nogen_sk004.smt2""]"
138,3,7319,QF_UF/QG-classification/qg7/iso_icl_nogen_sk004.smt2,72b5e5242f0de636f031840d9e04e4d1cf55203ac1d0653c10e3576d7561e1b8,6013902,unsat,1,williams_first_order_carryover,a5b163da70f7a4b586276cec20529dcaf9a596daf59a01894d95ec3f4fd69c3e,5,5,0,5,0,0,staged-10000,staged-10000,"[""staged-10000"",""baseline"",""staged-1000"",""staged-0"",""staged-100"",""staged-10""]",parser_inclusive_subprocess_wall_clock,1,timeout,2.009603277,124,-9,1,timeout,exceeded 2 seconds,,,"[""/net/scratch/hscra/plgrid/plgnasqret/codex-control/projects/euf-viper/runs/20260727T073625Z-staged-qg7-e9fef17/target/release/euf-viper"",""fabric-solve"",""--engine"",""quotient-portfolio"",""/net/scratch/hscra/plgrid/plgnasqret/codex-control/projects/euf-viper/corpora/9b39c70a794d52277a4e5d83731f0ebc50a2f3b804eb1dfc8cf32766a5ebeadc/smtlib-2025/QF_UF/QF_UF/QG-classification/qg7/iso_icl_nogen_sk004.smt2""]"
139,3,7319,QF_UF/QG-classification/qg7/iso_icl_nogen_sk004.smt2,72b5e5242f0de636f031840d9e04e4d1cf55203ac1d0653c10e3576d7561e1b8,6013902,unsat,1,williams_first_order_carryover,a5b163da70f7a4b586276cec20529dcaf9a596daf59a01894d95ec3f4fd69c3e,5,5,0,5,1,1,baseline,baseline,"[""staged-10000"",""baseline"",""staged-1000"",""staged-0"",""staged-100"",""staged-10""]",parser_inclusive_subprocess_wall_clock,1,timeout,2.009279160,124,-9,1,timeout,exceeded 2 seconds,,,"[""/net/scratch/hscra/plgrid/plgnasqret/codex-control/projects/euf-viper/runs/20260727T073625Z-staged-qg7-e9fef17/target/release/euf-viper"",""fabric-solve"",""--engine"",""quotient-portfolio"",""/net/scratch/hscra/plgrid/plgnasqret/codex-control/projects/euf-viper/corpora/9b39c70a794d52277a4e5d83731f0ebc50a2f3b804eb1dfc8cf32766a5ebeadc/smtlib-2025/QF_UF/QF_UF/QG-classification/qg7/iso_icl_nogen_sk004.smt2""]"
140,3,7319,QF_UF/QG-classification/qg7/iso_icl_nogen_sk004.smt2,72b5e5242f0de636f031840d9e04e4d1cf55203ac1d0653c10e3576d7561e1b8,6013902,unsat,1,williams_first_order_carryover,a5b163da70f7a4b586276cec20529dcaf9a596daf59a01894d95ec3f4fd69c3e,5,5,0,5,2,2,staged-1000,staged-1000,"[""staged-10000"",""baseline"",""staged-1000"",""staged-0"",""staged-100"",""staged-10""]",parser_inclusive_subprocess_wall_clock,1,timeout,2.010149192,124,-9,1,timeout,exceeded 2 seconds,,,"[""/net/scratch/hscra/plgrid/plgnasqret/codex-control/projects/euf-viper/runs/20260727T073625Z-staged-qg7-e9fef17/target/release/euf-viper"",""fabric-solve"",""--engine"",""quotient-portfolio"",""/net/scratch/hscra/plgrid/plgnasqret/codex-control/projects/euf-viper/corpora/9b39c70a794d52277a4e5d83731f0ebc50a2f3b804eb1dfc8cf32766a5ebeadc/smtlib-2025/QF_UF/QF_UF/QG-classification/qg7/iso_icl_nogen_sk004.smt2""]"
141,3,7319,QF_UF/QG-classification/qg7/iso_icl_nogen_sk004.smt2,72b5e5242f0de636f031840d9e04e4d1cf55203ac1d0653c10e3576d7561e1b8,6013902,unsat,1,williams_first_order_carryover,a5b163da70f7a4b586276cec20529dcaf9a596daf59a01894d95ec3f4fd69c3e,5,5,0,5,3,3,staged-0,staged-0,"[""staged-10000"",""baseline"",""staged-1000"",""staged-0"",""staged-100"",""staged-10""]",parser_inclusive_subprocess_wall_clock,1,timeout,2.021770357,124,-9,1,timeout,exceeded 2 seconds,,,"[""/net/scratch/hscra/plgrid/plgnasqret/codex-control/projects/euf-viper/runs/20260727T073625Z-staged-qg7-e9fef17/target/release/euf-viper"",""fabric-solve"",""--engine"",""quotient-portfolio"",""/net/scratch/hscra/plgrid/plgnasqret/codex-control/projects/euf-viper/corpora/9b39c70a794d52277a4e5d83731f0ebc50a2f3b804eb1dfc8cf32766a5ebeadc/smtlib-2025/QF_UF/QF_UF/QG-classification/qg7/iso_icl_nogen_sk004.smt2""]"
142,3,7319,QF_UF/QG-classification/qg7/iso_icl_nogen_sk004.smt2,72b5e5242f0de636f031840d9e04e4d1cf55203ac1d0653c10e3576d7561e1b8,6013902,unsat,1,williams_first_order_carryover,a5b163da70f7a4b586276cec20529dcaf9a596daf59a01894d95ec3f4fd69c3e,5,5,0,5,4,4,staged-100,staged-100,"[""staged-10000"",""baseline"",""staged-1000"",""staged-0"",""staged-100"",""staged-10""]",parser_inclusive_subprocess_wall_clock,1,timeout,2.020413853,124,-9,1,timeout,exceeded 2 seconds,,,"[""/net/scratch/hscra/plgrid/plgnasqret/codex-control/projects/euf-viper/runs/20260727T073625Z-staged-qg7-e9fef17/target/release/euf-viper"",""fabric-solve"",""--engine"",""quotient-portfolio"",""/net/scratch/hscra/plgrid/plgnasqret/codex-control/projects/euf-viper/corpora/9b39c70a794d52277a4e5d83731f0ebc50a2f3b804eb1dfc8cf32766a5ebeadc/smtlib-2025/QF_UF/QF_UF/QG-classification/qg7/iso_icl_nogen_sk004.smt2""]"
143,3,7319,QF_UF/QG-classification/qg7/iso_icl_nogen_sk004.smt2,72b5e5242f0de636f031840d9e04e4d1cf55203ac1d0653c10e3576d7561e1b8,6013902,unsat,1,williams_first_order_carryover,a5b163da70f7a4b586276cec20529dcaf9a596daf59a01894d95ec3f4fd69c3e,5,5,0,5,5,5,staged-10,staged-10,"[""staged-10000"",""baseline"",""staged-1000"",""staged-0"",""staged-100"",""staged-10""]",parser_inclusive_subprocess_wall_clock,1,timeout,2.030485319,124,-9,1,timeout,exceeded 2 seconds,,,"[""/net/scratch/hscra/plgrid/plgnasqret/codex-control/projects/euf-viper/runs/20260727T073625Z-staged-qg7-e9fef17/target/release/euf-viper"",""fabric-solve"",""--engine"",""quotient-portfolio"",""/net/scratch/hscra/plgrid/plgnasqret/codex-control/projects/euf-viper/corpora/9b39c70a794d52277a4e5d83731f0ebc50a2f3b804eb1dfc8cf32766a5ebeadc/smtlib-2025/QF_UF/QF_UF/QG-classification/qg7/iso_icl_nogen_sk004.smt2""]"
144,4,7326,QF_UF/QG-classification/qg7/iso_icl_repgen004.smt2,3f56debf9e8234388b9ee6ab746c0a95ebd3393dc890a1fd752f8ed937fc4d1c,59497,unsat,1,williams_first_order_carryover,a5b163da70f7a4b586276cec20529dcaf9a596daf59a01894d95ec3f4fd69c3e,0,0,0,0,0,0,baseline,baseline,"[""baseline"",""staged-0"",""staged-10000"",""staged-10"",""staged-1000"",""staged-100""]",parser_inclusive_subprocess_wall_clock,1,timeout,2.007201289,124,-9,1,timeout,exceeded 2 seconds,,,"[""/net/scratch/hscra/plgrid/plgnasqret/codex-control/projects/euf-viper/runs/20260727T073625Z-staged-qg7-e9fef17/target/release/euf-viper"",""fabric-solve"",""--engine"",""quotient-portfolio"",""/net/scratch/hscra/plgrid/plgnasqret/codex-control/projects/euf-viper/corpora/9b39c70a794d52277a4e5d83731f0ebc50a2f3b804eb1dfc8cf32766a5ebeadc/smtlib-2025/QF_UF/QF_UF/QG-classification/qg7/iso_icl_repgen004.smt2""]"
145,4,7326,QF_UF/QG-classification/qg7/iso_icl_repgen004.smt2,3f56debf9e8234388b9ee6ab746c0a95ebd3393dc890a1fd752f8ed937fc4d1c,59497,unsat,1,williams_first_order_carryover,a5b163da70f7a4b586276cec20529dcaf9a596daf59a01894d95ec3f4fd69c3e,0,0,0,0,1,1,staged-0,staged-0,"[""baseline"",""staged-0"",""staged-10000"",""staged-10"",""staged-1000"",""staged-100""]",parser_inclusive_subprocess_wall_clock,1,timeout,2.014476323,124,-9,1,timeout,exceeded 2 seconds,,,"[""/net/scratch/hscra/plgrid/plgnasqret/codex-control/projects/euf-viper/runs/20260727T073625Z-staged-qg7-e9fef17/target/release/euf-viper"",""fabric-solve"",""--engine"",""quotient-portfolio"",""/net/scratch/hscra/plgrid/plgnasqret/codex-control/projects/euf-viper/corpora/9b39c70a794d52277a4e5d83731f0ebc50a2f3b804eb1dfc8cf32766a5ebeadc/smtlib-2025/QF_UF/QF_UF/QG-classification/qg7/iso_icl_repgen004.smt2""]"
146,4,7326,QF_UF/QG-classification/qg7/iso_icl_repgen004.smt2,3f56debf9e8234388b9ee6ab746c0a95ebd3393dc890a1fd752f8ed937fc4d1c,59497,unsat,1,williams_first_order_carryover,a5b163da70f7a4b586276cec20529dcaf9a596daf59a01894d95ec3f4fd69c3e,0,0,0,0,2,2,staged-10000,staged-10000,"[""baseline"",""staged-0"",""staged-10000"",""staged-10"",""staged-1000"",""staged-100""]",parser_inclusive_subprocess_wall_clock,1,timeout,2.009569260,124,-9,1,timeout,exceeded 2 seconds,,,"[""/net/scratch/hscra/plgrid/plgnasqret/codex-control/projects/euf-viper/runs/20260727T073625Z-staged-qg7-e9fef17/target/release/euf-viper"",""fabric-solve"",""--engine"",""quotient-portfolio"",""/net/scratch/hscra/plgrid/plgnasqret/codex-control/projects/euf-viper/corpora/9b39c70a794d52277a4e5d83731f0ebc50a2f3b804eb1dfc8cf32766a5ebeadc/smtlib-2025/QF_UF/QF_UF/QG-classification/qg7/iso_icl_repgen004.smt2""]"
147,4,7326,QF_UF/QG-classification/qg7/iso_icl_repgen004.smt2,3f56debf9e8234388b9ee6ab746c0a95ebd3393dc890a1fd752f8ed937fc4d1c,59497,unsat,1,williams_first_order_carryover,a5b163da70f7a4b586276cec20529dcaf9a596daf59a01894d95ec3f4fd69c3e,0,0,0,0,3,3,staged-10,staged-10,"[""baseline"",""staged-0"",""staged-10000"",""staged-10"",""staged-1000"",""staged-100""]",parser_inclusive_subprocess_wall_clock,1,timeout,2.012179266,124,-9,1,timeout,exceeded 2 seconds,,,"[""/net/scratch/hscra/plgrid/plgnasqret/codex-control/projects/euf-viper/runs/20260727T073625Z-staged-qg7-e9fef17/target/release/euf-viper"",""fabric-solve"",""--engine"",""quotient-portfolio"",""/net/scratch/hscra/plgrid/plgnasqret/codex-control/projects/euf-viper/corpora/9b39c70a794d52277a4e5d83731f0ebc50a2f3b804eb1dfc8cf32766a5ebeadc/smtlib-2025/QF_UF/QF_UF/QG-classification/qg7/iso_icl_repgen004.smt2""]"
148,4,7326,QF_UF/QG-classification/qg7/iso_icl_repgen004.smt2,3f56debf9e8234388b9ee6ab746c0a95ebd3393dc890a1fd752f8ed937fc4d1c,59497,unsat,1,williams_first_order_carryover,a5b163da70f7a4b586276cec20529dcaf9a596daf59a01894d95ec3f4fd69c3e,0,0,0,0,4,4,staged-1000,staged-1000,"[""baseline"",""staged-0"",""staged-10000"",""staged-10"",""staged-1000"",""staged-100""]",parser_inclusive_subprocess_wall_clock,1,timeout,2.012822838,124,-9,1,timeout,exceeded 2 seconds,,,"[""/net/scratch/hscra/plgrid/plgnasqret/codex-control/projects/euf-viper/runs/20260727T073625Z-staged-qg7-e9fef17/target/release/euf-viper"",""fabric-solve"",""--engine"",""quotient-portfolio"",""/net/scratch/hscra/plgrid/plgnasqret/codex-control/projects/euf-viper/corpora/9b39c70a794d52277a4e5d83731f0ebc50a2f3b804eb1dfc8cf32766a5ebeadc/smtlib-2025/QF_UF/QF_UF/QG-classification/qg7/iso_icl_repgen004.smt2""]"
149,4,7326,QF_UF/QG-classification/qg7/iso_icl_repgen004.smt2,3f56debf9e8234388b9ee6ab746c0a95ebd3393dc890a1fd752f8ed937fc4d1c,59497,unsat,1,williams_first_order_carryover,a5b163da70f7a4b586276cec20529dcaf9a596daf59a01894d95ec3f4fd69c3e,0,0,0,0,5,5,staged-100,staged-100,"[""baseline"",""staged-0"",""staged-10000"",""staged-10"",""staged-1000"",""staged-100""]",parser_inclusive_subprocess_wall_clock,1,timeout,2.011077355,124,-9,1,timeout,exceeded 2 seconds,,,"[""/net/scratch/hscra/plgrid/plgnasqret/codex-control/projects/euf-viper/runs/20260727T073625Z-staged-qg7-e9fef17/target/release/euf-viper"",""fabric-solve"",""--engine"",""quotient-portfolio"",""/net/scratch/hscra/plgrid/plgnasqret/codex-control/projects/euf-viper/corpora/9b39c70a794d52277a4e5d83731f0ebc50a2f3b804eb1dfc8cf32766a5ebeadc/smtlib-2025/QF_UF/QF_UF/QG-classification/qg7/iso_icl_repgen004.smt2""]"
150,4,7326,QF_UF/QG-classification/qg7/iso_icl_repgen004.smt2,3f56debf9e8234388b9ee6ab746c0a95ebd3393dc890a1fd752f8ed937fc4d1c,59497,unsat,1,williams_first_order_carryover,a5b163da70f7a4b586276cec20529dcaf9a596daf59a01894d95ec3f4fd69c3e,1,1,0,1,0,0,staged-0,staged-0,"[""staged-0"",""staged-10"",""baseline"",""staged-100"",""staged-10000"",""staged-1000""]",parser_inclusive_subprocess_wall_clock,1,timeout,2.010425190,124,-9,1,timeout,exceeded 2 seconds,,,"[""/net/scratch/hscra/plgrid/plgnasqret/codex-control/projects/euf-viper/runs/20260727T073625Z-staged-qg7-e9fef17/target/release/euf-viper"",""fabric-solve"",""--engine"",""quotient-portfolio"",""/net/scratch/hscra/plgrid/plgnasqret/codex-control/projects/euf-viper/corpora/9b39c70a794d52277a4e5d83731f0ebc50a2f3b804eb1dfc8cf32766a5ebeadc/smtlib-2025/QF_UF/QF_UF/QG-classification/qg7/iso_icl_repgen004.smt2""]"
151,4,7326,QF_UF/QG-classification/qg7/iso_icl_repgen004.smt2,3f56debf9e8234388b9ee6ab746c0a95ebd3393dc890a1fd752f8ed937fc4d1c,59497,unsat,1,williams_first_order_carryover,a5b163da70f7a4b586276cec20529dcaf9a596daf59a01894d95ec3f4fd69c3e,1,1,0,1,1,1,staged-10,staged-10,"[""staged-0"",""staged-10"",""baseline"",""staged-100"",""staged-10000"",""staged-1000""]",parser_inclusive_subprocess_wall_clock,1,timeout,2.009883509,124,-9,1,timeout,exceeded 2 seconds,,,"[""/net/scratch/hscra/plgrid/plgnasqret/codex-control/projects/euf-viper/runs/20260727T073625Z-staged-qg7-e9fef17/target/release/euf-viper"",""fabric-solve"",""--engine"",""quotient-portfolio"",""/net/scratch/hscra/plgrid/plgnasqret/codex-control/projects/euf-viper/corpora/9b39c70a794d52277a4e5d83731f0ebc50a2f3b804eb1dfc8cf32766a5ebeadc/smtlib-2025/QF_UF/QF_UF/QG-classification/qg7/iso_icl_repgen004.smt2""]"
152,4,7326,QF_UF/QG-classification/qg7/iso_icl_repgen004.smt2,3f56debf9e8234388b9ee6ab746c0a95ebd3393dc890a1fd752f8ed937fc4d1c,59497,unsat,1,williams_first_order_carryover,a5b163da70f7a4b586276cec20529dcaf9a596daf59a01894d95ec3f4fd69c3e,1,1,0,1,2,2,baseline,baseline,"[""staged-0"",""staged-10"",""baseline"",""staged-100"",""staged-10000"",""staged-1000""]",parser_inclusive_subprocess_wall_clock,1,timeout,2.006282311,124,-9,1,timeout,exceeded 2 seconds,,,"[""/net/scratch/hscra/plgrid/plgnasqret/codex-control/projects/euf-viper/runs/20260727T073625Z-staged-qg7-e9fef17/target/release/euf-viper"",""fabric-solve"",""--engine"",""quotient-portfolio"",""/net/scratch/hscra/plgrid/plgnasqret/codex-control/projects/euf-viper/corpora/9b39c70a794d52277a4e5d83731f0ebc50a2f3b804eb1dfc8cf32766a5ebeadc/smtlib-2025/QF_UF/QF_UF/QG-classification/qg7/iso_icl_repgen004.smt2""]"
153,4,7326,QF_UF/QG-classification/qg7/iso_icl_repgen004.smt2,3f56debf9e8234388b9ee6ab746c0a95ebd3393dc890a1fd752f8ed937fc4d1c,59497,unsat,1,williams_first_order_carryover,a5b163da70f7a4b586276cec20529dcaf9a596daf59a01894d95ec3f4fd69c3e,1,1,0,1,3,3,staged-100,staged-100,"[""staged-0"",""staged-10"",""baseline"",""staged-100"",""staged-10000"",""staged-1000""]",parser_inclusive_subprocess_wall_clock,1,timeout,2.009522456,124,-9,1,timeout,exceeded 2 seconds,,,"[""/net/scratch/hscra/plgrid/plgnasqret/codex-control/projects/euf-viper/runs/20260727T073625Z-staged-qg7-e9fef17/target/release/euf-viper"",""fabric-solve"",""--engine"",""quotient-portfolio"",""/net/scratch/hscra/plgrid/plgnasqret/codex-control/projects/euf-viper/corpora/9b39c70a794d52277a4e5d83731f0ebc50a2f3b804eb1dfc8cf32766a5ebeadc/smtlib-2025/QF_UF/QF_UF/QG-classification/qg7/iso_icl_repgen004.smt2""]"
154,4,7326,QF_UF/QG-classification/qg7/iso_icl_repgen004.smt2,3f56debf9e8234388b9ee6ab746c0a95ebd3393dc890a1fd752f8ed937fc4d1c,59497,unsat,1,williams_first_order_carryover,a5b163da70f7a4b586276cec20529dcaf9a596daf59a01894d95ec3f4fd69c3e,1,1,0,1,4,4,staged-10000,staged-10000,"[""staged-0"",""staged-10"",""baseline"",""staged-100"",""staged-10000"",""staged-1000""]",parser_inclusive_subprocess_wall_clock,1,timeout,2.009077560,124,-9,1,timeout,exceeded 2 seconds,,,"[""/net/scratch/hscra/plgrid/plgnasqret/codex-control/projects/euf-viper/runs/20260727T073625Z-staged-qg7-e9fef17/target/release/euf-viper"",""fabric-solve"",""--engine"",""quotient-portfolio"",""/net/scratch/hscra/plgrid/plgnasqret/codex-control/projects/euf-viper/corpora/9b39c70a794d52277a4e5d83731f0ebc50a2f3b804eb1dfc8cf32766a5ebeadc/smtlib-2025/QF_UF/QF_UF/QG-classification/qg7/iso_icl_repgen004.smt2""]"
155,4,7326,QF_UF/QG-classification/qg7/iso_icl_repgen004.smt2,3f56debf9e8234388b9ee6ab746c0a95ebd3393dc890a1fd752f8ed937fc4d1c,59497,unsat,1,williams_first_order_carryover,a5b163da70f7a4b586276cec20529dcaf9a596daf59a01894d95ec3f4fd69c3e,1,1,0,1,5,5,staged-1000,staged-1000,"[""staged-0"",""staged-10"",""baseline"",""staged-100"",""staged-10000"",""staged-1000""]",parser_inclusive_subprocess_wall_clock,1,timeout,2.010356030,124,-9,1,timeout,exceeded 2 seconds,,,"[""/net/scratch/hscra/plgrid/plgnasqret/codex-control/projects/euf-viper/runs/20260727T073625Z-staged-qg7-e9fef17/target/release/euf-viper"",""fabric-solve"",""--engine"",""quotient-portfolio"",""/net/scratch/hscra/plgrid/plgnasqret/codex-control/projects/euf-viper/corpora/9b39c70a794d52277a4e5d83731f0ebc50a2f3b804eb1dfc8cf32766a5ebeadc/smtlib-2025/QF_UF/QF_UF/QG-classification/qg7/iso_icl_repgen004.smt2""]"
156,4,7326,QF_UF/QG-classification/qg7/iso_icl_repgen004.smt2,3f56debf9e8234388b9ee6ab746c0a95ebd3393dc890a1fd752f8ed937fc4d1c,59497,unsat,1,williams_first_order_carryover,a5b163da70f7a4b586276cec20529dcaf9a596daf59a01894d95ec3f4fd69c3e,2,2,0,2,0,0,staged-10,staged-10,"[""staged-10"",""staged-100"",""staged-0"",""staged-1000"",""baseline"",""staged-10000""]",parser_inclusive_subprocess_wall_clock,1,timeout,2.007474764,124,-9,1,timeout,exceeded 2 seconds,,,"[""/net/scratch/hscra/plgrid/plgnasqret/codex-control/projects/euf-viper/runs/20260727T073625Z-staged-qg7-e9fef17/target/release/euf-viper"",""fabric-solve"",""--engine"",""quotient-portfolio"",""/net/scratch/hscra/plgrid/plgnasqret/codex-control/projects/euf-viper/corpora/9b39c70a794d52277a4e5d83731f0ebc50a2f3b804eb1dfc8cf32766a5ebeadc/smtlib-2025/QF_UF/QF_UF/QG-classification/qg7/iso_icl_repgen004.smt2""]"
157,4,7326,QF_UF/QG-classification/qg7/iso_icl_repgen004.smt2,3f56debf9e8234388b9ee6ab746c0a95ebd3393dc890a1fd752f8ed937fc4d1c,59497,unsat,1,williams_first_order_carryover,a5b163da70f7a4b586276cec20529dcaf9a596daf59a01894d95ec3f4fd69c3e,2,2,0,2,1,1,staged-100,staged-100,"[""staged-10"",""staged-100"",""staged-0"",""staged-1000"",""baseline"",""staged-10000""]",parser_inclusive_subprocess_wall_clock,1,timeout,2.007449634,124,-9,1,timeout,exceeded 2 seconds,,,"[""/net/scratch/hscra/plgrid/plgnasqret/codex-control/projects/euf-viper/runs/20260727T073625Z-staged-qg7-e9fef17/target/release/euf-viper"",""fabric-solve"",""--engine"",""quotient-portfolio"",""/net/scratch/hscra/plgrid/plgnasqret/codex-control/projects/euf-viper/corpora/9b39c70a794d52277a4e5d83731f0ebc50a2f3b804eb1dfc8cf32766a5ebeadc/smtlib-2025/QF_UF/QF_UF/QG-classification/qg7/iso_icl_repgen004.smt2""]"
158,4,7326,QF_UF/QG-classification/qg7/iso_icl_repgen004.smt2,3f56debf9e8234388b9ee6ab746c0a95ebd3393dc890a1fd752f8ed937fc4d1c,59497,unsat,1,williams_first_order_carryover,a5b163da70f7a4b586276cec20529dcaf9a596daf59a01894d95ec3f4fd69c3e,2,2,0,2,2,2,staged-0,staged-0,"[""staged-10"",""staged-100"",""staged-0"",""staged-1000"",""baseline"",""staged-10000""]",parser_inclusive_subprocess_wall_clock,1,timeout,2.007104055,124,-9,1,timeout,exceeded 2 seconds,,,"[""/net/scratch/hscra/plgrid/plgnasqret/codex-control/projects/euf-viper/runs/20260727T073625Z-staged-qg7-e9fef17/target/release/euf-viper"",""fabric-solve"",""--engine"",""quotient-portfolio"",""/net/scratch/hscra/plgrid/plgnasqret/codex-control/projects/euf-viper/corpora/9b39c70a794d52277a4e5d83731f0ebc50a2f3b804eb1dfc8cf32766a5ebeadc/smtlib-2025/QF_UF/QF_UF/QG-classification/qg7/iso_icl_repgen004.smt2""]"
159,4,7326,QF_UF/QG-classification/qg7/iso_icl_repgen004.smt2,3f56debf9e8234388b9ee6ab746c0a95ebd3393dc890a1fd752f8ed937fc4d1c,59497,unsat,1,williams_first_order_carryover,a5b163da70f7a4b586276cec20529dcaf9a596daf59a01894d95ec3f4fd69c3e,2,2,0,2,3,3,staged-1000,staged-1000,"[""staged-10"",""staged-100"",""staged-0"",""staged-1000"",""baseline"",""staged-10000""]",parser_inclusive_subprocess_wall_clock,1,timeout,2.008942786,124,-9,1,timeout,exceeded 2 seconds,,,"[""/net/scratch/hscra/plgrid/plgnasqret/codex-control/projects/euf-viper/runs/20260727T073625Z-staged-qg7-e9fef17/target/release/euf-viper"",""fabric-solve"",""--engine"",""quotient-portfolio"",""/net/scratch/hscra/plgrid/plgnasqret/codex-control/projects/euf-viper/corpora/9b39c70a794d52277a4e5d83731f0ebc50a2f3b804eb1dfc8cf32766a5ebeadc/smtlib-2025/QF_UF/QF_UF/QG-classification/qg7/iso_icl_repgen004.smt2""]"
160,4,7326,QF_UF/QG-classification/qg7/iso_icl_repgen004.smt2,3f56debf9e8234388b9ee6ab746c0a95ebd3393dc890a1fd752f8ed937fc4d1c,59497,unsat,1,williams_first_order_carryover,a5b163da70f7a4b586276cec20529dcaf9a596daf59a01894d95ec3f4fd69c3e,2,2,0,2,4,4,baseline,baseline,"[""staged-10"",""staged-100"",""staged-0"",""staged-1000"",""baseline"",""staged-10000""]",parser_inclusive_subprocess_wall_clock,1,timeout,2.006409382,124,-9,1,timeout,exceeded 2 seconds,,,"[""/net/scratch/hscra/plgrid/plgnasqret/codex-control/projects/euf-viper/runs/20260727T073625Z-staged-qg7-e9fef17/target/release/euf-viper"",""fabric-solve"",""--engine"",""quotient-portfolio"",""/net/scratch/hscra/plgrid/plgnasqret/codex-control/projects/euf-viper/corpora/9b39c70a794d52277a4e5d83731f0ebc50a2f3b804eb1dfc8cf32766a5ebeadc/smtlib-2025/QF_UF/QF_UF/QG-classification/qg7/iso_icl_repgen004.smt2""]"
161,4,7326,QF_UF/QG-classification/qg7/iso_icl_repgen004.smt2,3f56debf9e8234388b9ee6ab746c0a95ebd3393dc890a1fd752f8ed937fc4d1c,59497,unsat,1,williams_first_order_carryover,a5b163da70f7a4b586276cec20529dcaf9a596daf59a01894d95ec3f4fd69c3e,2,2,0,2,5,5,staged-10000,staged-10000,"[""staged-10"",""staged-100"",""staged-0"",""staged-1000"",""baseline"",""staged-10000""]",parser_inclusive_subprocess_wall_clock,1,timeout,2.008987446,124,-9,1,timeout,exceeded 2 seconds,,,"[""/net/scratch/hscra/plgrid/plgnasqret/codex-control/projects/euf-viper/runs/20260727T073625Z-staged-qg7-e9fef17/target/release/euf-viper"",""fabric-solve"",""--engine"",""quotient-portfolio"",""/net/scratch/hscra/plgrid/plgnasqret/codex-control/projects/euf-viper/corpora/9b39c70a794d52277a4e5d83731f0ebc50a2f3b804eb1dfc8cf32766a5ebeadc/smtlib-2025/QF_UF/QF_UF/QG-classification/qg7/iso_icl_repgen004.smt2""]"
162,4,7326,QF_UF/QG-classification/qg7/iso_icl_repgen004.smt2,3f56debf9e8234388b9ee6ab746c0a95ebd3393dc890a1fd752f8ed937fc4d1c,59497,unsat,1,williams_first_order_carryover,a5b163da70f7a4b586276cec20529dcaf9a596daf59a01894d95ec3f4fd69c3e,3,3,0,3,0,0,staged-100,staged-100,"[""staged-100"",""staged-1000"",""staged-10"",""staged-10000"",""staged-0"",""baseline""]",parser_inclusive_subprocess_wall_clock,1,timeout,2.011067060,124,-9,1,timeout,exceeded 2 seconds,,,"[""/net/scratch/hscra/plgrid/plgnasqret/codex-control/projects/euf-viper/runs/20260727T073625Z-staged-qg7-e9fef17/target/release/euf-viper"",""fabric-solve"",""--engine"",""quotient-portfolio"",""/net/scratch/hscra/plgrid/plgnasqret/codex-control/projects/euf-viper/corpora/9b39c70a794d52277a4e5d83731f0ebc50a2f3b804eb1dfc8cf32766a5ebeadc/smtlib-2025/QF_UF/QF_UF/QG-classification/qg7/iso_icl_repgen004.smt2""]"
163,4,7326,QF_UF/QG-classification/qg7/iso_icl_repgen004.smt2,3f56debf9e8234388b9ee6ab746c0a95ebd3393dc890a1fd752f8ed937fc4d1c,59497,unsat,1,williams_first_order_carryover,a5b163da70f7a4b586276cec20529dcaf9a596daf59a01894d95ec3f4fd69c3e,3,3,0,3,1,1,staged-1000,staged-1000,"[""staged-100"",""staged-1000"",""staged-10"",""staged-10000"",""staged-0"",""baseline""]",parser_inclusive_subprocess_wall_clock,1,timeout,2.006653199,124,-9,1,timeout,exceeded 2 seconds,,,"[""/net/scratch/hscra/plgrid/plgnasqret/codex-control/projects/euf-viper/runs/20260727T073625Z-staged-qg7-e9fef17/target/release/euf-viper"",""fabric-solve"",""--engine"",""quotient-portfolio"",""/net/scratch/hscra/plgrid/plgnasqret/codex-control/projects/euf-viper/corpora/9b39c70a794d52277a4e5d83731f0ebc50a2f3b804eb1dfc8cf32766a5ebeadc/smtlib-2025/QF_UF/QF_UF/QG-classification/qg7/iso_icl_repgen004.smt2""]"
164,4,7326,QF_UF/QG-classification/qg7/iso_icl_repgen004.smt2,3f56debf9e8234388b9ee6ab746c0a95ebd3393dc890a1fd752f8ed937fc4d1c,59497,unsat,1,williams_first_order_carryover,a5b163da70f7a4b586276cec20529dcaf9a596daf59a01894d95ec3f4fd69c3e,3,3,0,3,2,2,staged-10,staged-10,"[""staged-100"",""staged-1000"",""staged-10"",""staged-10000"",""staged-0"",""baseline""]",parser_inclusive_subprocess_wall_clock,1,timeout,2.009341819,124,-9,1,timeout,exceeded 2 seconds,,,"[""/net/scratch/hscra/plgrid/plgnasqret/codex-control/projects/euf-viper/runs/20260727T073625Z-staged-qg7-e9fef17/target/release/euf-viper"",""fabric-solve"",""--engine"",""quotient-portfolio"",""/net/scratch/hscra/plgrid/plgnasqret/codex-control/projects/euf-viper/corpora/9b39c70a794d52277a4e5d83731f0ebc50a2f3b804eb1dfc8cf32766a5ebeadc/smtlib-2025/QF_UF/QF_UF/QG-classification/qg7/iso_icl_repgen004.smt2""]"
165,4,7326,QF_UF/QG-classification/qg7/iso_icl_repgen004.smt2,3f56debf9e8234388b9ee6ab746c0a95ebd3393dc890a1fd752f8ed937fc4d1c,59497,unsat,1,williams_first_order_carryover,a5b163da70f7a4b586276cec20529dcaf9a596daf59a01894d95ec3f4fd69c3e,3,3,0,3,3,3,staged-10000,staged-10000,"[""staged-100"",""staged-1000"",""staged-10"",""staged-10000"",""staged-0"",""baseline""]",parser_inclusive_subprocess_wall_clock,1,timeout,2.012024119,124,-9,1,timeout,exceeded 2 seconds,,,"[""/net/scratch/hscra/plgrid/plgnasqret/codex-control/projects/euf-viper/runs/20260727T073625Z-staged-qg7-e9fef17/target/release/euf-viper"",""fabric-solve"",""--engine"",""quotient-portfolio"",""/net/scratch/hscra/plgrid/plgnasqret/codex-control/projects/euf-viper/corpora/9b39c70a794d52277a4e5d83731f0ebc50a2f3b804eb1dfc8cf32766a5ebeadc/smtlib-2025/QF_UF/QF_UF/QG-classification/qg7/iso_icl_repgen004.smt2""]"
166,4,7326,QF_UF/QG-classification/qg7/iso_icl_repgen004.smt2,3f56debf9e8234388b9ee6ab746c0a95ebd3393dc890a1fd752f8ed937fc4d1c,59497,unsat,1,williams_first_order_carryover,a5b163da70f7a4b586276cec20529dcaf9a596daf59a01894d95ec3f4fd69c3e,3,3,0,3,4,4,staged-0,staged-0,"[""staged-100"",""staged-1000"",""staged-10"",""staged-10000"",""staged-0"",""baseline""]",parser_inclusive_subprocess_wall_clock,1,timeout,2.012967257,124,-9,1,timeout,exceeded 2 seconds,,,"[""/net/scratch/hscra/plgrid/plgnasqret/codex-control/projects/euf-viper/runs/20260727T073625Z-staged-qg7-e9fef17/target/release/euf-viper"",""fabric-solve"",""--engine"",""quotient-portfolio"",""/net/scratch/hscra/plgrid/plgnasqret/codex-control/projects/euf-viper/corpora/9b39c70a794d52277a4e5d83731f0ebc50a2f3b804eb1dfc8cf32766a5ebeadc/smtlib-2025/QF_UF/QF_UF/QG-classification/qg7/iso_icl_repgen004.smt2""]"
167,4,7326,QF_UF/QG-classification/qg7/iso_icl_repgen004.smt2,3f56debf9e8234388b9ee6ab746c0a95ebd3393dc890a1fd752f8ed937fc4d1c,59497,unsat,1,williams_first_order_carryover,a5b163da70f7a4b586276cec20529dcaf9a596daf59a01894d95ec3f4fd69c3e,3,3,0,3,5,5,baseline,baseline,"[""staged-100"",""staged-1000"",""staged-10"",""staged-10000"",""staged-0"",""baseline""]",parser_inclusive_subprocess_wall_clock,1,timeout,2.009162695,124,-9,1,timeout,exceeded 2 seconds,,,"[""/net/scratch/hscra/plgrid/plgnasqret/codex-control/projects/euf-viper/runs/20260727T073625Z-staged-qg7-e9fef17/target/release/euf-viper"",""fabric-solve"",""--engine"",""quotient-portfolio"",""/net/scratch/hscra/plgrid/plgnasqret/codex-control/projects/euf-viper/corpora/9b39c70a794d52277a4e5d83731f0ebc50a2f3b804eb1dfc8cf32766a5ebeadc/smtlib-2025/QF_UF/QF_UF/QG-classification/qg7/iso_icl_repgen004.smt2""]"
168,4,7326,QF_UF/QG-classification/qg7/iso_icl_repgen004.smt2,3f56debf9e8234388b9ee6ab746c0a95ebd3393dc890a1fd752f8ed937fc4d1c,59497,unsat,1,williams_first_order_carryover,a5b163da70f7a4b586276cec20529dcaf9a596daf59a01894d95ec3f4fd69c3e,4,4,0,4,0,0,staged-1000,staged-1000,"[""staged-1000"",""staged-10000"",""staged-100"",""baseline"",""staged-10"",""staged-0""]",parser_inclusive_subprocess_wall_clock,1,timeout,2.010241639,124,-9,1,timeout,exceeded 2 seconds,,,"[""/net/scratch/hscra/plgrid/plgnasqret/codex-control/projects/euf-viper/runs/20260727T073625Z-staged-qg7-e9fef17/target/release/euf-viper"",""fabric-solve"",""--engine"",""quotient-portfolio"",""/net/scratch/hscra/plgrid/plgnasqret/codex-control/projects/euf-viper/corpora/9b39c70a794d52277a4e5d83731f0ebc50a2f3b804eb1dfc8cf32766a5ebeadc/smtlib-2025/QF_UF/QF_UF/QG-classification/qg7/iso_icl_repgen004.smt2""]"
169,4,7326,QF_UF/QG-classification/qg7/iso_icl_repgen004.smt2,3f56debf9e8234388b9ee6ab746c0a95ebd3393dc890a1fd752f8ed937fc4d1c,59497,unsat,1,williams_first_order_carryover,a5b163da70f7a4b586276cec20529dcaf9a596daf59a01894d95ec3f4fd69c3e,4,4,0,4,1,1,staged-10000,staged-10000,"[""staged-1000"",""staged-10000"",""staged-100"",""baseline"",""staged-10"",""staged-0""]",parser_inclusive_subprocess_wall_clock,1,timeout,2.013094730,124,-9,1,timeout,exceeded 2 seconds,,,"[""/net/scratch/hscra/plgrid/plgnasqret/codex-control/projects/euf-viper/runs/20260727T073625Z-staged-qg7-e9fef17/target/release/euf-viper"",""fabric-solve"",""--engine"",""quotient-portfolio"",""/net/scratch/hscra/plgrid/plgnasqret/codex-control/projects/euf-viper/corpora/9b39c70a794d52277a4e5d83731f0ebc50a2f3b804eb1dfc8cf32766a5ebeadc/smtlib-2025/QF_UF/QF_UF/QG-classification/qg7/iso_icl_repgen004.smt2""]"
170,4,7326,QF_UF/QG-classification/qg7/iso_icl_repgen004.smt2,3f56debf9e8234388b9ee6ab746c0a95ebd3393dc890a1fd752f8ed937fc4d1c,59497,unsat,1,williams_first_order_carryover,a5b163da70f7a4b586276cec20529dcaf9a596daf59a01894d95ec3f4fd69c3e,4,4,0,4,2,2,staged-100,staged-100,"[""staged-1000"",""staged-10000"",""staged-100"",""baseline"",""staged-10"",""staged-0""]",parser_inclusive_subprocess_wall_clock,1,timeout,2.009396506,124,-9,1,timeout,exceeded 2 seconds,,,"[""/net/scratch/hscra/plgrid/plgnasqret/codex-control/projects/euf-viper/runs/20260727T073625Z-staged-qg7-e9fef17/target/release/euf-viper"",""fabric-solve"",""--engine"",""quotient-portfolio"",""/net/scratch/hscra/plgrid/plgnasqret/codex-control/projects/euf-viper/corpora/9b39c70a794d52277a4e5d83731f0ebc50a2f3b804eb1dfc8cf32766a5ebeadc/smtlib-2025/QF_UF/QF_UF/QG-classification/qg7/iso_icl_repgen004.smt2""]"
171,4,7326,QF_UF/QG-classification/qg7/iso_icl_repgen004.smt2,3f56debf9e8234388b9ee6ab746c0a95ebd3393dc890a1fd752f8ed937fc4d1c,59497,unsat,1,williams_first_order_carryover,a5b163da70f7a4b586276cec20529dcaf9a596daf59a01894d95ec3f4fd69c3e,4,4,0,4,3,3,baseline,baseline,"[""staged-1000"",""staged-10000"",""staged-100"",""baseline"",""staged-10"",""staged-0""]",parser_inclusive_subprocess_wall_clock,1,timeout,2.008443062,124,-9,1,timeout,exceeded 2 seconds,,,"[""/net/scratch/hscra/plgrid/plgnasqret/codex-control/projects/euf-viper/runs/20260727T073625Z-staged-qg7-e9fef17/target/release/euf-viper"",""fabric-solve"",""--engine"",""quotient-portfolio"",""/net/scratch/hscra/plgrid/plgnasqret/codex-control/projects/euf-viper/corpora/9b39c70a794d52277a4e5d83731f0ebc50a2f3b804eb1dfc8cf32766a5ebeadc/smtlib-2025/QF_UF/QF_UF/QG-classification/qg7/iso_icl_repgen004.smt2""]"
172,4,7326,QF_UF/QG-classification/qg7/iso_icl_repgen004.smt2,3f56debf9e8234388b9ee6ab746c0a95ebd3393dc890a1fd752f8ed937fc4d1c,59497,unsat,1,williams_first_order_carryover,a5b163da70f7a4b586276cec20529dcaf9a596daf59a01894d95ec3f4fd69c3e,4,4,0,4,4,4,staged-10,staged-10,"[""staged-1000"",""staged-10000"",""staged-100"",""baseline"",""staged-10"",""staged-0""]",parser_inclusive_subprocess_wall_clock,1,timeout,2.009341339,124,-9,1,timeout,exceeded 2 seconds,,,"[""/net/scratch/hscra/plgrid/plgnasqret/codex-control/projects/euf-viper/runs/20260727T073625Z-staged-qg7-e9fef17/target/release/euf-viper"",""fabric-solve"",""--engine"",""quotient-portfolio"",""/net/scratch/hscra/plgrid/plgnasqret/codex-control/projects/euf-viper/corpora/9b39c70a794d52277a4e5d83731f0ebc50a2f3b804eb1dfc8cf32766a5ebeadc/smtlib-2025/QF_UF/QF_UF/QG-classification/qg7/iso_icl_repgen004.smt2""]"
173,4,7326,QF_UF/QG-classification/qg7/iso_icl_repgen004.smt2,3f56debf9e8234388b9ee6ab746c0a95ebd3393dc890a1fd752f8ed937fc4d1c,59497,unsat,1,williams_first_order_carryover,a5b163da70f7a4b586276cec20529dcaf9a596daf59a01894d95ec3f4fd69c3e,4,4,0,4,5,5,staged-0,staged-0,"[""staged-1000"",""staged-10000"",""staged-100"",""baseline"",""staged-10"",""staged-0""]",parser_inclusive_subprocess_wall_clock,1,timeout,2.013382667,124,-9,1,timeout,exceeded 2 seconds,,,"[""/net/scratch/hscra/plgrid/plgnasqret/codex-control/projects/euf-viper/runs/20260727T073625Z-staged-qg7-e9fef17/target/release/euf-viper"",""fabric-solve"",""--engine"",""quotient-portfolio"",""/net/scratch/hscra/plgrid/plgnasqret/codex-control/projects/euf-viper/corpora/9b39c70a794d52277a4e5d83731f0ebc50a2f3b804eb1dfc8cf32766a5ebeadc/smtlib-2025/QF_UF/QF_UF/QG-classification/qg7/iso_icl_repgen004.smt2""]"
174,4,7326,QF_UF/QG-classification/qg7/iso_icl_repgen004.smt2,3f56debf9e8234388b9ee6ab746c0a95ebd3393dc890a1fd752f8ed937fc4d1c,59497,unsat,1,williams_first_order_carryover,a5b163da70f7a4b586276cec20529dcaf9a596daf59a01894d95ec3f4fd69c3e,5,5,0,5,0,0,staged-10000,staged-10000,"[""staged-10000"",""baseline"",""staged-1000"",""staged-0"",""staged-100"",""staged-10""]",parser_inclusive_subprocess_wall_clock,1,timeout,2.011406468,124,-9,1,timeout,exceeded 2 seconds,,,"[""/net/scratch/hscra/plgrid/plgnasqret/codex-control/projects/euf-viper/runs/20260727T073625Z-staged-qg7-e9fef17/target/release/euf-viper"",""fabric-solve"",""--engine"",""quotient-portfolio"",""/net/scratch/hscra/plgrid/plgnasqret/codex-control/projects/euf-viper/corpora/9b39c70a794d52277a4e5d83731f0ebc50a2f3b804eb1dfc8cf32766a5ebeadc/smtlib-2025/QF_UF/QF_UF/QG-classification/qg7/iso_icl_repgen004.smt2""]"
175,4,7326,QF_UF/QG-classification/qg7/iso_icl_repgen004.smt2,3f56debf9e8234388b9ee6ab746c0a95ebd3393dc890a1fd752f8ed937fc4d1c,59497,unsat,1,williams_first_order_carryover,a5b163da70f7a4b586276cec20529dcaf9a596daf59a01894d95ec3f4fd69c3e,5,5,0,5,1,1,baseline,baseline,"[""staged-10000"",""baseline"",""staged-1000"",""staged-0"",""staged-100"",""staged-10""]",parser_inclusive_subprocess_wall_clock,1,timeout,2.007542502,124,-9,1,timeout,exceeded 2 seconds,,,"[""/net/scratch/hscra/plgrid/plgnasqret/codex-control/projects/euf-viper/runs/20260727T073625Z-staged-qg7-e9fef17/target/release/euf-viper"",""fabric-solve"",""--engine"",""quotient-portfolio"",""/net/scratch/hscra/plgrid/plgnasqret/codex-control/projects/euf-viper/corpora/9b39c70a794d52277a4e5d83731f0ebc50a2f3b804eb1dfc8cf32766a5ebeadc/smtlib-2025/QF_UF/QF_UF/QG-classification/qg7/iso_icl_repgen004.smt2""]"
176,4,7326,QF_UF/QG-classification/qg7/iso_icl_repgen004.smt2,3f56debf9e8234388b9ee6ab746c0a95ebd3393dc890a1fd752f8ed937fc4d1c,59497,unsat,1,williams_first_order_carryover,a5b163da70f7a4b586276cec20529dcaf9a596daf59a01894d95ec3f4fd69c3e,5,5,0,5,2,2,staged-1000,staged-1000,"[""staged-10000"",""baseline"",""staged-1000"",""staged-0"",""staged-100"",""staged-10""]",parser_inclusive_subprocess_wall_clock,1,timeout,2.006739236,124,-9,1,timeout,exceeded 2 seconds,,,"[""/net/scratch/hscra/plgrid/plgnasqret/codex-control/projects/euf-viper/runs/20260727T073625Z-staged-qg7-e9fef17/target/release/euf-viper"",""fabric-solve"",""--engine"",""quotient-portfolio"",""/net/scratch/hscra/plgrid/plgnasqret/codex-control/projects/euf-viper/corpora/9b39c70a794d52277a4e5d83731f0ebc50a2f3b804eb1dfc8cf32766a5ebeadc/smtlib-2025/QF_UF/QF_UF/QG-classification/qg7/iso_icl_repgen004.smt2""]"
177,4,7326,QF_UF/QG-classification/qg7/iso_icl_repgen004.smt2,3f56debf9e8234388b9ee6ab746c0a95ebd3393dc890a1fd752f8ed937fc4d1c,59497,unsat,1,williams_first_order_carryover,a5b163da70f7a4b586276cec20529dcaf9a596daf59a01894d95ec3f4fd69c3e,5,5,0,5,3,3,staged-0,staged-0,"[""staged-10000"",""baseline"",""staged-1000"",""staged-0"",""staged-100"",""staged-10""]",parser_inclusive_subprocess_wall_clock,1,timeout,2.007396800,124,-9,1,timeout,exceeded 2 seconds,,,"[""/net/scratch/hscra/plgrid/plgnasqret/codex-control/projects/euf-viper/runs/20260727T073625Z-staged-qg7-e9fef17/target/release/euf-viper"",""fabric-solve"",""--engine"",""quotient-portfolio"",""/net/scratch/hscra/plgrid/plgnasqret/codex-control/projects/euf-viper/corpora/9b39c70a794d52277a4e5d83731f0ebc50a2f3b804eb1dfc8cf32766a5ebeadc/smtlib-2025/QF_UF/QF_UF/QG-classification/qg7/iso_icl_repgen004.smt2""]"
178,4,7326,QF_UF/QG-classification/qg7/iso_icl_repgen004.smt2,3f56debf9e8234388b9ee6ab746c0a95ebd3393dc890a1fd752f8ed937fc4d1c,59497,unsat,1,williams_first_order_carryover,a5b163da70f7a4b586276cec20529dcaf9a596daf59a01894d95ec3f4fd69c3e,5,5,0,5,4,4,staged-100,staged-100,"[""staged-10000"",""baseline"",""staged-1000"",""staged-0"",""staged-100"",""staged-10""]",parser_inclusive_subprocess_wall_clock,1,timeout,2.010143753,124,-9,1,timeout,exceeded 2 seconds,,,"[""/net/scratch/hscra/plgrid/plgnasqret/codex-control/projects/euf-viper/runs/20260727T073625Z-staged-qg7-e9fef17/target/release/euf-viper"",""fabric-solve"",""--engine"",""quotient-portfolio"",""/net/scratch/hscra/plgrid/plgnasqret/codex-control/projects/euf-viper/corpora/9b39c70a794d52277a4e5d83731f0ebc50a2f3b804eb1dfc8cf32766a5ebeadc/smtlib-2025/QF_UF/QF_UF/QG-classification/qg7/iso_icl_repgen004.smt2""]"
179,4,7326,QF_UF/QG-classification/qg7/iso_icl_repgen004.smt2,3f56debf9e8234388b9ee6ab746c0a95ebd3393dc890a1fd752f8ed937fc4d1c,59497,unsat,1,williams_first_order_carryover,a5b163da70f7a4b586276cec20529dcaf9a596daf59a01894d95ec3f4fd69c3e,5,5,0,5,5,5,staged-10,staged-10,"[""staged-10000"",""baseline"",""staged-1000"",""staged-0"",""staged-100"",""staged-10""]",parser_inclusive_subprocess_wall_clock,1,timeout,2.010278387,124,-9,1,timeout,exceeded 2 seconds,,,"[""/net/scratch/hscra/plgrid/plgnasqret/codex-control/projects/euf-viper/runs/20260727T073625Z-staged-qg7-e9fef17/target/release/euf-viper"",""fabric-solve"",""--engine"",""quotient-portfolio"",""/net/scratch/hscra/plgrid/plgnasqret/codex-control/projects/euf-viper/corpora/9b39c70a794d52277a4e5d83731f0ebc50a2f3b804eb1dfc8cf32766a5ebeadc/smtlib-2025/QF_UF/QF_UF/QG-classification/qg7/iso_icl_repgen004.smt2""]"
180,5,7336,QF_UF/QG-classification/qg7/iso_icl_repgen_sk007.smt2,b4c16684d9445c48f03af3b92dab7048e68add96c0ad0ca5dee4014380aaad30,58818,unsat,1,williams_first_order_carryover,a5b163da70f7a4b586276cec20529dcaf9a596daf59a01894d95ec3f4fd69c3e,0,0,0,0,0,0,baseline,baseline,"[""baseline"",""staged-0"",""staged-10000"",""staged-10"",""staged-1000"",""staged-100""]",parser_inclusive_subprocess_wall_clock,1,timeout,2.005783649,124,-9,1,timeout,exceeded 2 seconds,,,"[""/net/scratch/hscra/plgrid/plgnasqret/codex-control/projects/euf-viper/runs/20260727T073625Z-staged-qg7-e9fef17/target/release/euf-viper"",""fabric-solve"",""--engine"",""quotient-portfolio"",""/net/scratch/hscra/plgrid/plgnasqret/codex-control/projects/euf-viper/corpora/9b39c70a794d52277a4e5d83731f0ebc50a2f3b804eb1dfc8cf32766a5ebeadc/smtlib-2025/QF_UF/QF_UF/QG-classification/qg7/iso_icl_repgen_sk007.smt2""]"
181,5,7336,QF_UF/QG-classification/qg7/iso_icl_repgen_sk007.smt2,b4c16684d9445c48f03af3b92dab7048e68add96c0ad0ca5dee4014380aaad30,58818,unsat,1,williams_first_order_carryover,a5b163da70f7a4b586276cec20529dcaf9a596daf59a01894d95ec3f4fd69c3e,0,0,0,0,1,1,staged-0,staged-0,"[""baseline"",""staged-0"",""staged-10000"",""staged-10"",""staged-1000"",""staged-100""]",parser_inclusive_subprocess_wall_clock,1,timeout,2.009007448,124,-9,1,timeout,exceeded 2 seconds,,,"[""/net/scratch/hscra/plgrid/plgnasqret/codex-control/projects/euf-viper/runs/20260727T073625Z-staged-qg7-e9fef17/target/release/euf-viper"",""fabric-solve"",""--engine"",""quotient-portfolio"",""/net/scratch/hscra/plgrid/plgnasqret/codex-control/projects/euf-viper/corpora/9b39c70a794d52277a4e5d83731f0ebc50a2f3b804eb1dfc8cf32766a5ebeadc/smtlib-2025/QF_UF/QF_UF/QG-classification/qg7/iso_icl_repgen_sk007.smt2""]"
182,5,7336,QF_UF/QG-classification/qg7/iso_icl_repgen_sk007.smt2,b4c16684d9445c48f03af3b92dab7048e68add96c0ad0ca5dee4014380aaad30,58818,unsat,1,williams_first_order_carryover,a5b163da70f7a4b586276cec20529dcaf9a596daf59a01894d95ec3f4fd69c3e,0,0,0,0,2,2,staged-10000,staged-10000,"[""baseline"",""staged-0"",""staged-10000"",""staged-10"",""staged-1000"",""staged-100""]",parser_inclusive_subprocess_wall_clock,1,timeout,2.010208055,124,-9,1,timeout,exceeded 2 seconds,,,"[""/net/scratch/hscra/plgrid/plgnasqret/codex-control/projects/euf-viper/runs/20260727T073625Z-staged-qg7-e9fef17/target/release/euf-viper"",""fabric-solve"",""--engine"",""quotient-portfolio"",""/net/scratch/hscra/plgrid/plgnasqret/codex-control/projects/euf-viper/corpora/9b39c70a794d52277a4e5d83731f0ebc50a2f3b804eb1dfc8cf32766a5ebeadc/smtlib-2025/QF_UF/QF_UF/QG-classification/qg7/iso_icl_repgen_sk007.smt2""]"
183,5,7336,QF_UF/QG-classification/qg7/iso_icl_repgen_sk007.smt2,b4c16684d9445c48f03af3b92dab7048e68add96c0ad0ca5dee4014380aaad30,58818,unsat,1,williams_first_order_carryover,a5b163da70f7a4b586276cec20529dcaf9a596daf59a01894d95ec3f4fd69c3e,0,0,0,0,3,3,staged-10,staged-10,"[""baseline"",""staged-0"",""staged-10000"",""staged-10"",""staged-1000"",""staged-100""]",parser_inclusive_subprocess_wall_clock,1,timeout,2.008300776,124,-9,1,timeout,exceeded 2 seconds,,,"[""/net/scratch/hscra/plgrid/plgnasqret/codex-control/projects/euf-viper/runs/20260727T073625Z-staged-qg7-e9fef17/target/release/euf-viper"",""fabric-solve"",""--engine"",""quotient-portfolio"",""/net/scratch/hscra/plgrid/plgnasqret/codex-control/projects/euf-viper/corpora/9b39c70a794d52277a4e5d83731f0ebc50a2f3b804eb1dfc8cf32766a5ebeadc/smtlib-2025/QF_UF/QF_UF/QG-classification/qg7/iso_icl_repgen_sk007.smt2""]"
184,5,7336,QF_UF/QG-classification/qg7/iso_icl_repgen_sk007.smt2,b4c16684d9445c48f03af3b92dab7048e68add96c0ad0ca5dee4014380aaad30,58818,unsat,1,williams_first_order_carryover,a5b163da70f7a4b586276cec20529dcaf9a596daf59a01894d95ec3f4fd69c3e,0,0,0,0,4,4,staged-1000,staged-1000,"[""baseline"",""staged-0"",""staged-10000"",""staged-10"",""staged-1000"",""staged-100""]",parser_inclusive_subprocess_wall_clock,1,timeout,2.007167957,124,-9,1,timeout,exceeded 2 seconds,,,"[""/net/scratch/hscra/plgrid/plgnasqret/codex-control/projects/euf-viper/runs/20260727T073625Z-staged-qg7-e9fef17/target/release/euf-viper"",""fabric-solve"",""--engine"",""quotient-portfolio"",""/net/scratch/hscra/plgrid/plgnasqret/codex-control/projects/euf-viper/corpora/9b39c70a794d52277a4e5d83731f0ebc50a2f3b804eb1dfc8cf32766a5ebeadc/smtlib-2025/QF_UF/QF_UF/QG-classification/qg7/iso_icl_repgen_sk007.smt2""]"
185,5,7336,QF_UF/QG-classification/qg7/iso_icl_repgen_sk007.smt2,b4c16684d9445c48f03af3b92dab7048e68add96c0ad0ca5dee4014380aaad30,58818,unsat,1,williams_first_order_carryover,a5b163da70f7a4b586276cec20529dcaf9a596daf59a01894d95ec3f4fd69c3e,0,0,0,0,5,5,staged-100,staged-100,"[""baseline"",""staged-0"",""staged-10000"",""staged-10"",""staged-1000"",""staged-100""]",parser_inclusive_subprocess_wall_clock,1,timeout,2.007767258,124,-9,1,timeout,exceeded 2 seconds,,,"[""/net/scratch/hscra/plgrid/plgnasqret/codex-control/projects/euf-viper/runs/20260727T073625Z-staged-qg7-e9fef17/target/release/euf-viper"",""fabric-solve"",""--engine"",""quotient-portfolio"",""/net/scratch/hscra/plgrid/plgnasqret/codex-control/projects/euf-viper/corpora/9b39c70a794d52277a4e5d83731f0ebc50a2f3b804eb1dfc8cf32766a5ebeadc/smtlib-2025/QF_UF/QF_UF/QG-classification/qg7/iso_icl_repgen_sk007.smt2""]"
186,5,7336,QF_UF/QG-classification/qg7/iso_icl_repgen_sk007.smt2,b4c16684d9445c48f03af3b92dab7048e68add96c0ad0ca5dee4014380aaad30,58818,unsat,1,williams_first_order_carryover,a5b163da70f7a4b586276cec20529dcaf9a596daf59a01894d95ec3f4fd69c3e,1,1,0,1,0,0,staged-0,staged-0,"[""staged-0"",""staged-10"",""baseline"",""staged-100"",""staged-10000"",""staged-1000""]",parser_inclusive_subprocess_wall_clock,1,timeout,2.007312957,124,-9,1,timeout,exceeded 2 seconds,,,"[""/net/scratch/hscra/plgrid/plgnasqret/codex-control/projects/euf-viper/runs/20260727T073625Z-staged-qg7-e9fef17/target/release/euf-viper"",""fabric-solve"",""--engine"",""quotient-portfolio"",""/net/scratch/hscra/plgrid/plgnasqret/codex-control/projects/euf-viper/corpora/9b39c70a794d52277a4e5d83731f0ebc50a2f3b804eb1dfc8cf32766a5ebeadc/smtlib-2025/QF_UF/QF_UF/QG-classification/qg7/iso_icl_repgen_sk007.smt2""]"
187,5,7336,QF_UF/QG-classification/qg7/iso_icl_repgen_sk007.smt2,b4c16684d9445c48f03af3b92dab7048e68add96c0ad0ca5dee4014380aaad30,58818,unsat,1,williams_first_order_carryover,a5b163da70f7a4b586276cec20529dcaf9a596daf59a01894d95ec3f4fd69c3e,1,1,0,1,1,1,staged-10,staged-10,"[""staged-0"",""staged-10"",""baseline"",""staged-100"",""staged-10000"",""staged-1000""]",parser_inclusive_subprocess_wall_clock,1,timeout,2.010831355,124,-9,1,timeout,exceeded 2 seconds,,,"[""/net/scratch/hscra/plgrid/plgnasqret/codex-control/projects/euf-viper/runs/20260727T073625Z-staged-qg7-e9fef17/target/release/euf-viper"",""fabric-solve"",""--engine"",""quotient-portfolio"",""/net/scratch/hscra/plgrid/plgnasqret/codex-control/projects/euf-viper/corpora/9b39c70a794d52277a4e5d83731f0ebc50a2f3b804eb1dfc8cf32766a5ebeadc/smtlib-2025/QF_UF/QF_UF/QG-classification/qg7/iso_icl_repgen_sk007.smt2""]"
188,5,7336,QF_UF/QG-classification/qg7/iso_icl_repgen_sk007.smt2,b4c16684d9445c48f03af3b92dab7048e68add96c0ad0ca5dee4014380aaad30,58818,unsat,1,williams_first_order_carryover,a5b163da70f7a4b586276cec20529dcaf9a596daf59a01894d95ec3f4fd69c3e,1,1,0,1,2,2,baseline,baseline,"[""staged-0"",""staged-10"",""baseline"",""staged-100"",""staged-10000"",""staged-1000""]",parser_inclusive_subprocess_wall_clock,1,timeout,2.009854544,124,-9,1,timeout,exceeded 2 seconds,,,"[""/net/scratch/hscra/plgrid/plgnasqret/codex-control/projects/euf-viper/runs/20260727T073625Z-staged-qg7-e9fef17/target/release/euf-viper"",""fabric-solve"",""--engine"",""quotient-portfolio"",""/net/scratch/hscra/plgrid/plgnasqret/codex-control/projects/euf-viper/corpora/9b39c70a794d52277a4e5d83731f0ebc50a2f3b804eb1dfc8cf32766a5ebeadc/smtlib-2025/QF_UF/QF_UF/QG-classification/qg7/iso_icl_repgen_sk007.smt2""]"
189,5,7336,QF_UF/QG-classification/qg7/iso_icl_repgen_sk007.smt2,b4c16684d9445c48f03af3b92dab7048e68add96c0ad0ca5dee4014380aaad30,58818,unsat,1,williams_first_order_carryover,a5b163da70f7a4b586276cec20529dcaf9a596daf59a01894d95ec3f4fd69c3e,1,1,0,1,3,3,staged-100,staged-100,"[""staged-0"",""staged-10"",""baseline"",""staged-100"",""staged-10000"",""staged-1000""]",parser_inclusive_subprocess_wall_clock,1,timeout,2.006824872,124,-9,1,timeout,exceeded 2 seconds,,,"[""/net/scratch/hscra/plgrid/plgnasqret/codex-control/projects/euf-viper/runs/20260727T073625Z-staged-qg7-e9fef17/target/release/euf-viper"",""fabric-solve"",""--engine"",""quotient-portfolio"",""/net/scratch/hscra/plgrid/plgnasqret/codex-control/projects/euf-viper/corpora/9b39c70a794d52277a4e5d83731f0ebc50a2f3b804eb1dfc8cf32766a5ebeadc/smtlib-2025/QF_UF/QF_UF/QG-classification/qg7/iso_icl_repgen_sk007.smt2""]"
190,5,7336,QF_UF/QG-classification/qg7/iso_icl_repgen_sk007.smt2,b4c16684d9445c48f03af3b92dab7048e68add96c0ad0ca5dee4014380aaad30,58818,unsat,1,williams_first_order_carryover,a5b163da70f7a4b586276cec20529dcaf9a596daf59a01894d95ec3f4fd69c3e,1,1,0,1,4,4,staged-10000,staged-10000,"[""staged-0"",""staged-10"",""baseline"",""staged-100"",""staged-10000"",""staged-1000""]",parser_inclusive_subprocess_wall_clock,1,timeout,2.007737581,124,-9,1,timeout,exceeded 2 seconds,,,"[""/net/scratch/hscra/plgrid/plgnasqret/codex-control/projects/euf-viper/runs/20260727T073625Z-staged-qg7-e9fef17/target/release/euf-viper"",""fabric-solve"",""--engine"",""quotient-portfolio"",""/net/scratch/hscra/plgrid/plgnasqret/codex-control/projects/euf-viper/corpora/9b39c70a794d52277a4e5d83731f0ebc50a2f3b804eb1dfc8cf32766a5ebeadc/smtlib-2025/QF_UF/QF_UF/QG-classification/qg7/iso_icl_repgen_sk007.smt2""]"
191,5,7336,QF_UF/QG-classification/qg7/iso_icl_repgen_sk007.smt2,b4c16684d9445c48f03af3b92dab7048e68add96c0ad0ca5dee4014380aaad30,58818,unsat,1,williams_first_order_carryover,a5b163da70f7a4b586276cec20529dcaf9a596daf59a01894d95ec3f4fd69c3e,1,1,0,1,5,5,staged-1000,staged-1000,"[""staged-0"",""staged-10"",""baseline"",""staged-100"",""staged-10000"",""staged-1000""]",parser_inclusive_subprocess_wall_clock,1,timeout,2.011610002,124,-9,1,timeout,exceeded 2 seconds,,,"[""/net/scratch/hscra/plgrid/plgnasqret/codex-control/projects/euf-viper/runs/20260727T073625Z-staged-qg7-e9fef17/target/release/euf-viper"",""fabric-solve"",""--engine"",""quotient-portfolio"",""/net/scratch/hscra/plgrid/plgnasqret/codex-control/projects/euf-viper/corpora/9b39c70a794d52277a4e5d83731f0ebc50a2f3b804eb1dfc8cf32766a5ebeadc/smtlib-2025/QF_UF/QF_UF/QG-classification/qg7/iso_icl_repgen_sk007.smt2""]"
192,5,7336,QF_UF/QG-classification/qg7/iso_icl_repgen_sk007.smt2,b4c16684d9445c48f03af3b92dab7048e68add96c0ad0ca5dee4014380aaad30,58818,unsat,1,williams_first_order_carryover,a5b163da70f7a4b586276cec20529dcaf9a596daf59a01894d95ec3f4fd69c3e,2,2,0,2,0,0,staged-10,staged-10,"[""staged-10"",""staged-100"",""staged-0"",""staged-1000"",""baseline"",""staged-10000""]",parser_inclusive_subprocess_wall_clock,1,timeout,2.010930512,124,-9,1,timeout,exceeded 2 seconds,,,"[""/net/scratch/hscra/plgrid/plgnasqret/codex-control/projects/euf-viper/runs/20260727T073625Z-staged-qg7-e9fef17/target/release/euf-viper"",""fabric-solve"",""--engine"",""quotient-portfolio"",""/net/scratch/hscra/plgrid/plgnasqret/codex-control/projects/euf-viper/corpora/9b39c70a794d52277a4e5d83731f0ebc50a2f3b804eb1dfc8cf32766a5ebeadc/smtlib-2025/QF_UF/QF_UF/QG-classification/qg7/iso_icl_repgen_sk007.smt2""]"
193,5,7336,QF_UF/QG-classification/qg7/iso_icl_repgen_sk007.smt2,b4c16684d9445c48f03af3b92dab7048e68add96c0ad0ca5dee4014380aaad30,58818,unsat,1,williams_first_order_carryover,a5b163da70f7a4b586276cec20529dcaf9a596daf59a01894d95ec3f4fd69c3e,2,2,0,2,1,1,staged-100,staged-100,"[""staged-10"",""staged-100"",""staged-0"",""staged-1000"",""baseline"",""staged-10000""]",parser_inclusive_subprocess_wall_clock,1,timeout,2.009922271,124,-9,1,timeout,exceeded 2 seconds,,,"[""/net/scratch/hscra/plgrid/plgnasqret/codex-control/projects/euf-viper/runs/20260727T073625Z-staged-qg7-e9fef17/target/release/euf-viper"",""fabric-solve"",""--engine"",""quotient-portfolio"",""/net/scratch/hscra/plgrid/plgnasqret/codex-control/projects/euf-viper/corpora/9b39c70a794d52277a4e5d83731f0ebc50a2f3b804eb1dfc8cf32766a5ebeadc/smtlib-2025/QF_UF/QF_UF/QG-classification/qg7/iso_icl_repgen_sk007.smt2""]"
194,5,7336,QF_UF/QG-classification/qg7/iso_icl_repgen_sk007.smt2,b4c16684d9445c48f03af3b92dab7048e68add96c0ad0ca5dee4014380aaad30,58818,unsat,1,williams_first_order_carryover,a5b163da70f7a4b586276cec20529dcaf9a596daf59a01894d95ec3f4fd69c3e,2,2,0,2,2,2,staged-0,staged-0,"[""staged-10"",""staged-100"",""staged-0"",""staged-1000"",""baseline"",""staged-10000""]",parser_inclusive_subprocess_wall_clock,1,timeout,2.011690610,124,-9,1,timeout,exceeded 2 seconds,,,"[""/net/scratch/hscra/plgrid/plgnasqret/codex-control/projects/euf-viper/runs/20260727T073625Z-staged-qg7-e9fef17/target/release/euf-viper"",""fabric-solve"",""--engine"",""quotient-portfolio"",""/net/scratch/hscra/plgrid/plgnasqret/codex-control/projects/euf-viper/corpora/9b39c70a794d52277a4e5d83731f0ebc50a2f3b804eb1dfc8cf32766a5ebeadc/smtlib-2025/QF_UF/QF_UF/QG-classification/qg7/iso_icl_repgen_sk007.smt2""]"
195,5,7336,QF_UF/QG-classification/qg7/iso_icl_repgen_sk007.smt2,b4c16684d9445c48f03af3b92dab7048e68add96c0ad0ca5dee4014380aaad30,58818,unsat,1,williams_first_order_carryover,a5b163da70f7a4b586276cec20529dcaf9a596daf59a01894d95ec3f4fd69c3e,2,2,0,2,3,3,staged-1000,staged-1000,"[""staged-10"",""staged-100"",""staged-0"",""staged-1000"",""baseline"",""staged-10000""]",parser_inclusive_subprocess_wall_clock,1,timeout,2.009897802,124,-9,1,timeout,exceeded 2 seconds,,,"[""/net/scratch/hscra/plgrid/plgnasqret/codex-control/projects/euf-viper/runs/20260727T073625Z-staged-qg7-e9fef17/target/release/euf-viper"",""fabric-solve"",""--engine"",""quotient-portfolio"",""/net/scratch/hscra/plgrid/plgnasqret/codex-control/projects/euf-viper/corpora/9b39c70a794d52277a4e5d83731f0ebc50a2f3b804eb1dfc8cf32766a5ebeadc/smtlib-2025/QF_UF/QF_UF/QG-classification/qg7/iso_icl_repgen_sk007.smt2""]"
196,5,7336,QF_UF/QG-classification/qg7/iso_icl_repgen_sk007.smt2,b4c16684d9445c48f03af3b92dab7048e68add96c0ad0ca5dee4014380aaad30,58818,unsat,1,williams_first_order_carryover,a5b163da70f7a4b586276cec20529dcaf9a596daf59a01894d95ec3f4fd69c3e,2,2,0,2,4,4,baseline,baseline,"[""staged-10"",""staged-100"",""staged-0"",""staged-1000"",""baseline"",""staged-10000""]",parser_inclusive_subprocess_wall_clock,1,timeout,2.008170039,124,-9,1,timeout,exceeded 2 seconds,,,"[""/net/scratch/hscra/plgrid/plgnasqret/codex-control/projects/euf-viper/runs/20260727T073625Z-staged-qg7-e9fef17/target/release/euf-viper"",""fabric-solve"",""--engine"",""quotient-portfolio"",""/net/scratch/hscra/plgrid/plgnasqret/codex-control/projects/euf-viper/corpora/9b39c70a794d52277a4e5d83731f0ebc50a2f3b804eb1dfc8cf32766a5ebeadc/smtlib-2025/QF_UF/QF_UF/QG-classification/qg7/iso_icl_repgen_sk007.smt2""]"
197,5,7336,QF_UF/QG-classification/qg7/iso_icl_repgen_sk007.smt2,b4c16684d9445c48f03af3b92dab7048e68add96c0ad0ca5dee4014380aaad30,58818,unsat,1,williams_first_order_carryover,a5b163da70f7a4b586276cec20529dcaf9a596daf59a01894d95ec3f4fd69c3e,2,2,0,2,5,5,staged-10000,staged-10000,"[""staged-10"",""staged-100"",""staged-0"",""staged-1000"",""baseline"",""staged-10000""]",parser_inclusive_subprocess_wall_clock,1,timeout,2.008886045,124,-9,1,timeout,exceeded 2 seconds,,,"[""/net/scratch/hscra/plgrid/plgnasqret/codex-control/projects/euf-viper/runs/20260727T073625Z-staged-qg7-e9fef17/target/release/euf-viper"",""fabric-solve"",""--engine"",""quotient-portfolio"",""/net/scratch/hscra/plgrid/plgnasqret/codex-control/projects/euf-viper/corpora/9b39c70a794d52277a4e5d83731f0ebc50a2f3b804eb1dfc8cf32766a5ebeadc/smtlib-2025/QF_UF/QF_UF/QG-classification/qg7/iso_icl_repgen_sk007.smt2""]"
198,5,7336,QF_UF/QG-classification/qg7/iso_icl_repgen_sk007.smt2,b4c16684d9445c48f03af3b92dab7048e68add96c0ad0ca5dee4014380aaad30,58818,unsat,1,williams_first_order_carryover,a5b163da70f7a4b586276cec20529dcaf9a596daf59a01894d95ec3f4fd69c3e,3,3,0,3,0,0,staged-100,staged-100,"[""staged-100"",""staged-1000"",""staged-10"",""staged-10000"",""staged-0"",""baseline""]",parser_inclusive_subprocess_wall_clock,1,timeout,2.010996677,124,-9,1,timeout,exceeded 2 seconds,,,"[""/net/scratch/hscra/plgrid/plgnasqret/codex-control/projects/euf-viper/runs/20260727T073625Z-staged-qg7-e9fef17/target/release/euf-viper"",""fabric-solve"",""--engine"",""quotient-portfolio"",""/net/scratch/hscra/plgrid/plgnasqret/codex-control/projects/euf-viper/corpora/9b39c70a794d52277a4e5d83731f0ebc50a2f3b804eb1dfc8cf32766a5ebeadc/smtlib-2025/QF_UF/QF_UF/QG-classification/qg7/iso_icl_repgen_sk007.smt2""]"
199,5,7336,QF_UF/QG-classification/qg7/iso_icl_repgen_sk007.smt2,b4c16684d9445c48f03af3b92dab7048e68add96c0ad0ca5dee4014380aaad30,58818,unsat,1,williams_first_order_carryover,a5b163da70f7a4b586276cec20529dcaf9a596daf59a01894d95ec3f4fd69c3e,3,3,0,3,1,1,staged-1000,staged-1000,"[""staged-100"",""staged-1000"",""staged-10"",""staged-10000"",""staged-0"",""baseline""]",parser_inclusive_subprocess_wall_clock,1,timeout,2.010997689,124,-9,1,timeout,exceeded 2 seconds,,,"[""/net/scratch/hscra/plgrid/plgnasqret/codex-control/projects/euf-viper/runs/20260727T073625Z-staged-qg7-e9fef17/target/release/euf-viper"",""fabric-solve"",""--engine"",""quotient-portfolio"",""/net/scratch/hscra/plgrid/plgnasqret/codex-control/projects/euf-viper/corpora/9b39c70a794d52277a4e5d83731f0ebc50a2f3b804eb1dfc8cf32766a5ebeadc/smtlib-2025/QF_UF/QF_UF/QG-classification/qg7/iso_icl_repgen_sk007.smt2""]"
200,5,7336,QF_UF/QG-classification/qg7/iso_icl_repgen_sk007.smt2,b4c16684d9445c48f03af3b92dab7048e68add96c0ad0ca5dee4014380aaad30,58818,unsat,1,williams_first_order_carryover,a5b163da70f7a4b586276cec20529dcaf9a596daf59a01894d95ec3f4fd69c3e,3,3,0,3,2,2,staged-10,staged-10,"[""staged-100"",""staged-1000"",""staged-10"",""staged-10000"",""staged-0"",""baseline""]",parser_inclusive_subprocess_wall_clock,1,timeout,2.011283854,124,-9,1,timeout,exceeded 2 seconds,,,"[""/net/scratch/hscra/plgrid/plgnasqret/codex-control/projects/euf-viper/runs/20260727T073625Z-staged-qg7-e9fef17/target/release/euf-viper"",""fabric-solve"",""--engine"",""quotient-portfolio"",""/net/scratch/hscra/plgrid/plgnasqret/codex-control/projects/euf-viper/corpora/9b39c70a794d52277a4e5d83731f0ebc50a2f3b804eb1dfc8cf32766a5ebeadc/smtlib-2025/QF_UF/QF_UF/QG-classification/qg7/iso_icl_repgen_sk007.smt2""]"
201,5,7336,QF_UF/QG-classification/qg7/iso_icl_repgen_sk007.smt2,b4c16684d9445c48f03af3b92dab7048e68add96c0ad0ca5dee4014380aaad30,58818,unsat,1,williams_first_order_carryover,a5b163da70f7a4b586276cec20529dcaf9a596daf59a01894d95ec3f4fd69c3e,3,3,0,3,3,3,staged-10000,staged-10000,"[""staged-100"",""staged-1000"",""staged-10"",""staged-10000"",""staged-0"",""baseline""]",parser_inclusive_subprocess_wall_clock,1,timeout,2.008733393,124,-9,1,timeout,exceeded 2 seconds,,,"[""/net/scratch/hscra/plgrid/plgnasqret/codex-control/projects/euf-viper/runs/20260727T073625Z-staged-qg7-e9fef17/target/release/euf-viper"",""fabric-solve"",""--engine"",""quotient-portfolio"",""/net/scratch/hscra/plgrid/plgnasqret/codex-control/projects/euf-viper/corpora/9b39c70a794d52277a4e5d83731f0ebc50a2f3b804eb1dfc8cf32766a5ebeadc/smtlib-2025/QF_UF/QF_UF/QG-classification/qg7/iso_icl_repgen_sk007.smt2""]"
202,5,7336,QF_UF/QG-classification/qg7/iso_icl_repgen_sk007.smt2,b4c16684d9445c48f03af3b92dab7048e68add96c0ad0ca5dee4014380aaad30,58818,unsat,1,williams_first_order_carryover,a5b163da70f7a4b586276cec20529dcaf9a596daf59a01894d95ec3f4fd69c3e,3,3,0,3,4,4,staged-0,staged-0,"[""staged-100"",""staged-1000"",""staged-10"",""staged-10000"",""staged-0"",""baseline""]",parser_inclusive_subprocess_wall_clock,1,timeout,2.007692510,124,-9,1,timeout,exceeded 2 seconds,,,"[""/net/scratch/hscra/plgrid/plgnasqret/codex-control/projects/euf-viper/runs/20260727T073625Z-staged-qg7-e9fef17/target/release/euf-viper"",""fabric-solve"",""--engine"",""quotient-portfolio"",""/net/scratch/hscra/plgrid/plgnasqret/codex-control/projects/euf-viper/corpora/9b39c70a794d52277a4e5d83731f0ebc50a2f3b804eb1dfc8cf32766a5ebeadc/smtlib-2025/QF_UF/QF_UF/QG-classification/qg7/iso_icl_repgen_sk007.smt2""]"
203,5,7336,QF_UF/QG-classification/qg7/iso_icl_repgen_sk007.smt2,b4c16684d9445c48f03af3b92dab7048e68add96c0ad0ca5dee4014380aaad30,58818,unsat,1,williams_first_order_carryover,a5b163da70f7a4b586276cec20529dcaf9a596daf59a01894d95ec3f4fd69c3e,3,3,0,3,5,5,baseline,baseline,"[""staged-100"",""staged-1000"",""staged-10"",""staged-10000"",""staged-0"",""baseline""]",parser_inclusive_subprocess_wall_clock,1,timeout,2.007081198,124,-9,1,timeout,exceeded 2 seconds,,,"[""/net/scratch/hscra/plgrid/plgnasqret/codex-control/projects/euf-viper/runs/20260727T073625Z-staged-qg7-e9fef17/target/release/euf-viper"",""fabric-solve"",""--engine"",""quotient-portfolio"",""/net/scratch/hscra/plgrid/plgnasqret/codex-control/projects/euf-viper/corpora/9b39c70a794d52277a4e5d83731f0ebc50a2f3b804eb1dfc8cf32766a5ebeadc/smtlib-2025/QF_UF/QF_UF/QG-classification/qg7/iso_icl_repgen_sk007.smt2""]"
204,5,7336,QF_UF/QG-classification/qg7/iso_icl_repgen_sk007.smt2,b4c16684d9445c48f03af3b92dab7048e68add96c0ad0ca5dee4014380aaad30,58818,unsat,1,williams_first_order_carryover,a5b163da70f7a4b586276cec20529dcaf9a596daf59a01894d95ec3f4fd69c3e,4,4,0,4,0,0,staged-1000,staged-1000,"[""staged-1000"",""staged-10000"",""staged-100"",""baseline"",""staged-10"",""staged-0""]",parser_inclusive_subprocess_wall_clock,1,timeout,2.008544817,124,-9,1,timeout,exceeded 2 seconds,,,"[""/net/scratch/hscra/plgrid/plgnasqret/codex-control/projects/euf-viper/runs/20260727T073625Z-staged-qg7-e9fef17/target/release/euf-viper"",""fabric-solve"",""--engine"",""quotient-portfolio"",""/net/scratch/hscra/plgrid/plgnasqret/codex-control/projects/euf-viper/corpora/9b39c70a794d52277a4e5d83731f0ebc50a2f3b804eb1dfc8cf32766a5ebeadc/smtlib-2025/QF_UF/QF_UF/QG-classification/qg7/iso_icl_repgen_sk007.smt2""]"
205,5,7336,QF_UF/QG-classification/qg7/iso_icl_repgen_sk007.smt2,b4c16684d9445c48f03af3b92dab7048e68add96c0ad0ca5dee4014380aaad30,58818,unsat,1,williams_first_order_carryover,a5b163da70f7a4b586276cec20529dcaf9a596daf59a01894d95ec3f4fd69c3e,4,4,0,4,1,1,staged-10000,staged-10000,"[""staged-1000"",""staged-10000"",""staged-100"",""baseline"",""staged-10"",""staged-0""]",parser_inclusive_subprocess_wall_clock,1,timeout,2.009365721,124,-9,1,timeout,exceeded 2 seconds,,,"[""/net/scratch/hscra/plgrid/plgnasqret/codex-control/projects/euf-viper/runs/20260727T073625Z-staged-qg7-e9fef17/target/release/euf-viper"",""fabric-solve"",""--engine"",""quotient-portfolio"",""/net/scratch/hscra/plgrid/plgnasqret/codex-control/projects/euf-viper/corpora/9b39c70a794d52277a4e5d83731f0ebc50a2f3b804eb1dfc8cf32766a5ebeadc/smtlib-2025/QF_UF/QF_UF/QG-classification/qg7/iso_icl_repgen_sk007.smt2""]"
206,5,7336,QF_UF/QG-classification/qg7/iso_icl_repgen_sk007.smt2,b4c16684d9445c48f03af3b92dab7048e68add96c0ad0ca5dee4014380aaad30,58818,unsat,1,williams_first_order_carryover,a5b163da70f7a4b586276cec20529dcaf9a596daf59a01894d95ec3f4fd69c3e,4,4,0,4,2,2,staged-100,staged-100,"[""staged-1000"",""staged-10000"",""staged-100"",""baseline"",""staged-10"",""staged-0""]",parser_inclusive_subprocess_wall_clock,1,timeout,2.009755070,124,-9,1,timeout,exceeded 2 seconds,,,"[""/net/scratch/hscra/plgrid/plgnasqret/codex-control/projects/euf-viper/runs/20260727T073625Z-staged-qg7-e9fef17/target/release/euf-viper"",""fabric-solve"",""--engine"",""quotient-portfolio"",""/net/scratch/hscra/plgrid/plgnasqret/codex-control/projects/euf-viper/corpora/9b39c70a794d52277a4e5d83731f0ebc50a2f3b804eb1dfc8cf32766a5ebeadc/smtlib-2025/QF_UF/QF_UF/QG-classification/qg7/iso_icl_repgen_sk007.smt2""]"
207,5,7336,QF_UF/QG-classification/qg7/iso_icl_repgen_sk007.smt2,b4c16684d9445c48f03af3b92dab7048e68add96c0ad0ca5dee4014380aaad30,58818,unsat,1,williams_first_order_carryover,a5b163da70f7a4b586276cec20529dcaf9a596daf59a01894d95ec3f4fd69c3e,4,4,0,4,3,3,baseline,baseline,"[""staged-1000"",""staged-10000"",""staged-100"",""baseline"",""staged-10"",""staged-0""]",parser_inclusive_subprocess_wall_clock,1,timeout,2.006440554,124,-9,1,timeout,exceeded 2 seconds,,,"[""/net/scratch/hscra/plgrid/plgnasqret/codex-control/projects/euf-viper/runs/20260727T073625Z-staged-qg7-e9fef17/target/release/euf-viper"",""fabric-solve"",""--engine"",""quotient-portfolio"",""/net/scratch/hscra/plgrid/plgnasqret/codex-control/projects/euf-viper/corpora/9b39c70a794d52277a4e5d83731f0ebc50a2f3b804eb1dfc8cf32766a5ebeadc/smtlib-2025/QF_UF/QF_UF/QG-classification/qg7/iso_icl_repgen_sk007.smt2""]"
208,5,7336,QF_UF/QG-classification/qg7/iso_icl_repgen_sk007.smt2,b4c16684d9445c48f03af3b92dab7048e68add96c0ad0ca5dee4014380aaad30,58818,unsat,1,williams_first_order_carryover,a5b163da70f7a4b586276cec20529dcaf9a596daf59a01894d95ec3f4fd69c3e,4,4,0,4,4,4,staged-10,staged-10,"[""staged-1000"",""staged-10000"",""staged-100"",""baseline"",""staged-10"",""staged-0""]",parser_inclusive_subprocess_wall_clock,1,timeout,2.007863294,124,-9,1,timeout,exceeded 2 seconds,,,"[""/net/scratch/hscra/plgrid/plgnasqret/codex-control/projects/euf-viper/runs/20260727T073625Z-staged-qg7-e9fef17/target/release/euf-viper"",""fabric-solve"",""--engine"",""quotient-portfolio"",""/net/scratch/hscra/plgrid/plgnasqret/codex-control/projects/euf-viper/corpora/9b39c70a794d52277a4e5d83731f0ebc50a2f3b804eb1dfc8cf32766a5ebeadc/smtlib-2025/QF_UF/QF_UF/QG-classification/qg7/iso_icl_repgen_sk007.smt2""]"
209,5,7336,QF_UF/QG-classification/qg7/iso_icl_repgen_sk007.smt2,b4c16684d9445c48f03af3b92dab7048e68add96c0ad0ca5dee4014380aaad30,58818,unsat,1,williams_first_order_carryover,a5b163da70f7a4b586276cec20529dcaf9a596daf59a01894d95ec3f4fd69c3e,4,4,0,4,5,5,staged-0,staged-0,"[""staged-1000"",""staged-10000"",""staged-100"",""baseline"",""staged-10"",""staged-0""]",parser_inclusive_subprocess_wall_clock,1,timeout,2.007415082,124,-9,1,timeout,exceeded 2 seconds,,,"[""/net/scratch/hscra/plgrid/plgnasqret/codex-control/projects/euf-viper/runs/20260727T073625Z-staged-qg7-e9fef17/target/release/euf-viper"",""fabric-solve"",""--engine"",""quotient-portfolio"",""/net/scratch/hscra/plgrid/plgnasqret/codex-control/projects/euf-viper/corpora/9b39c70a794d52277a4e5d83731f0ebc50a2f3b804eb1dfc8cf32766a5ebeadc/smtlib-2025/QF_UF/QF_UF/QG-classification/qg7/iso_icl_repgen_sk007.smt2""]"
210,5,7336,QF_UF/QG-classification/qg7/iso_icl_repgen_sk007.smt2,b4c16684d9445c48f03af3b92dab7048e68add96c0ad0ca5dee4014380aaad30,58818,unsat,1,williams_first_order_carryover,a5b163da70f7a4b586276cec20529dcaf9a596daf59a01894d95ec3f4fd69c3e,5,5,0,5,0,0,staged-10000,staged-10000,"[""staged-10000"",""baseline"",""staged-1000"",""staged-0"",""staged-100"",""staged-10""]",parser_inclusive_subprocess_wall_clock,1,timeout,2.006709492,124,-9,1,timeout,exceeded 2 seconds,,,"[""/net/scratch/hscra/plgrid/plgnasqret/codex-control/projects/euf-viper/runs/20260727T073625Z-staged-qg7-e9fef17/target/release/euf-viper"",""fabric-solve"",""--engine"",""quotient-portfolio"",""/net/scratch/hscra/plgrid/plgnasqret/codex-control/projects/euf-viper/corpora/9b39c70a794d52277a4e5d83731f0ebc50a2f3b804eb1dfc8cf32766a5ebeadc/smtlib-2025/QF_UF/QF_UF/QG-classification/qg7/iso_icl_repgen_sk007.smt2""]"
211,5,7336,QF_UF/QG-classification/qg7/iso_icl_repgen_sk007.smt2,b4c16684d9445c48f03af3b92dab7048e68add96c0ad0ca5dee4014380aaad30,58818,unsat,1,williams_first_order_carryover,a5b163da70f7a4b586276cec20529dcaf9a596daf59a01894d95ec3f4fd69c3e,5,5,0,5,1,1,baseline,baseline,"[""staged-10000"",""baseline"",""staged-1000"",""staged-0"",""staged-100"",""staged-10""]",parser_inclusive_subprocess_wall_clock,1,timeout,2.005739871,124,-9,1,timeout,exceeded 2 seconds,,,"[""/net/scratch/hscra/plgrid/plgnasqret/codex-control/projects/euf-viper/runs/20260727T073625Z-staged-qg7-e9fef17/target/release/euf-viper"",""fabric-solve"",""--engine"",""quotient-portfolio"",""/net/scratch/hscra/plgrid/plgnasqret/codex-control/projects/euf-viper/corpora/9b39c70a794d52277a4e5d83731f0ebc50a2f3b804eb1dfc8cf32766a5ebeadc/smtlib-2025/QF_UF/QF_UF/QG-classification/qg7/iso_icl_repgen_sk007.smt2""]"
212,5,7336,QF_UF/QG-classification/qg7/iso_icl_repgen_sk007.smt2,b4c16684d9445c48f03af3b92dab7048e68add96c0ad0ca5dee4014380aaad30,58818,unsat,1,williams_first_order_carryover,a5b163da70f7a4b586276cec20529dcaf9a596daf59a01894d95ec3f4fd69c3e,5,5,0,5,2,2,staged-1000,staged-1000,"[""staged-10000"",""baseline"",""staged-1000"",""staged-0"",""staged-100"",""staged-10""]",parser_inclusive_subprocess_wall_clock,1,timeout,2.017655529,124,-9,1,timeout,exceeded 2 seconds,,,"[""/net/scratch/hscra/plgrid/plgnasqret/codex-control/projects/euf-viper/runs/20260727T073625Z-staged-qg7-e9fef17/target/release/euf-viper"",""fabric-solve"",""--engine"",""quotient-portfolio"",""/net/scratch/hscra/plgrid/plgnasqret/codex-control/projects/euf-viper/corpora/9b39c70a794d52277a4e5d83731f0ebc50a2f3b804eb1dfc8cf32766a5ebeadc/smtlib-2025/QF_UF/QF_UF/QG-classification/qg7/iso_icl_repgen_sk007.smt2""]"
213,5,7336,QF_UF/QG-classification/qg7/iso_icl_repgen_sk007.smt2,b4c16684d9445c48f03af3b92dab7048e68add96c0ad0ca5dee4014380aaad30,58818,unsat,1,williams_first_order_carryover,a5b163da70f7a4b586276cec20529dcaf9a596daf59a01894d95ec3f4fd69c3e,5,5,0,5,3,3,staged-0,staged-0,"[""staged-10000"",""baseline"",""staged-1000"",""staged-0"",""staged-100"",""staged-10""]",parser_inclusive_subprocess_wall_clock,1,timeout,2.008322183,124,-9,1,timeout,exceeded 2 seconds,,,"[""/net/scratch/hscra/plgrid/plgnasqret/codex-control/projects/euf-viper/runs/20260727T073625Z-staged-qg7-e9fef17/target/release/euf-viper"",""fabric-solve"",""--engine"",""quotient-portfolio"",""/net/scratch/hscra/plgrid/plgnasqret/codex-control/projects/euf-viper/corpora/9b39c70a794d52277a4e5d83731f0ebc50a2f3b804eb1dfc8cf32766a5ebeadc/smtlib-2025/QF_UF/QF_UF/QG-classification/qg7/iso_icl_repgen_sk007.smt2""]"
214,5,7336,QF_UF/QG-classification/qg7/iso_icl_repgen_sk007.smt2,b4c16684d9445c48f03af3b92dab7048e68add96c0ad0ca5dee4014380aaad30,58818,unsat,1,williams_first_order_carryover,a5b163da70f7a4b586276cec20529dcaf9a596daf59a01894d95ec3f4fd69c3e,5,5,0,5,4,4,staged-100,staged-100,"[""staged-10000"",""baseline"",""staged-1000"",""staged-0"",""staged-100"",""staged-10""]",parser_inclusive_subprocess_wall_clock,1,timeout,2.009639556,124,-9,1,timeout,exceeded 2 seconds,,,"[""/net/scratch/hscra/plgrid/plgnasqret/codex-control/projects/euf-viper/runs/20260727T073625Z-staged-qg7-e9fef17/target/release/euf-viper"",""fabric-solve"",""--engine"",""quotient-portfolio"",""/net/scratch/hscra/plgrid/plgnasqret/codex-control/projects/euf-viper/corpora/9b39c70a794d52277a4e5d83731f0ebc50a2f3b804eb1dfc8cf32766a5ebeadc/smtlib-2025/QF_UF/QF_UF/QG-classification/qg7/iso_icl_repgen_sk007.smt2""]"
215,5,7336,QF_UF/QG-classification/qg7/iso_icl_repgen_sk007.smt2,b4c16684d9445c48f03af3b92dab7048e68add96c0ad0ca5dee4014380aaad30,58818,unsat,1,williams_first_order_carryover,a5b163da70f7a4b586276cec20529dcaf9a596daf59a01894d95ec3f4fd69c3e,5,5,0,5,5,5,staged-10,staged-10,"[""staged-10000"",""baseline"",""staged-1000"",""staged-0"",""staged-100"",""staged-10""]",parser_inclusive_subprocess_wall_clock,1,timeout,2.015551066,124,-9,1,timeout,exceeded 2 seconds,,,"[""/net/scratch/hscra/plgrid/plgnasqret/codex-control/projects/euf-viper/runs/20260727T073625Z-staged-qg7-e9fef17/target/release/euf-viper"",""fabric-solve"",""--engine"",""quotient-portfolio"",""/net/scratch/hscra/plgrid/plgnasqret/codex-control/projects/euf-viper/corpora/9b39c70a794d52277a4e5d83731f0ebc50a2f3b804eb1dfc8cf32766a5ebeadc/smtlib-2025/QF_UF/QF_UF/QG-classification/qg7/iso_icl_repgen_sk007.smt2""]"
