sequence,row_index,id,relative_path,source_sha256,source_size_bytes,expected_status,schedule_schema_version,schedule_design,schedule_sha256,repeat,schedule_row,complete_block,row_in_block,order_in_repeat,arm_position,label,arm,schedule_order_json,timing_scope,parser_inclusive,result,time_s,exit_code,process_returncode,timed_out,error_kind,error_detail,stdout,stderr,argv_json
0,0,6927,QF_UF/QG-classification/qg7/gensys_brn004.smt2,aa3607cc8a57998edf083281c84580657a4b56b86dbcec7f51818a3d00913058,810804,sat,1,williams_first_order_carryover,6ad653227c3c19559c94ff26e7c6827f5db285b786b909d8b494bd463f6fcf84,0,0,0,0,0,0,baseline,baseline,"[""baseline"",""braid-0"",""braid-10000"",""braid-10"",""braid-1000"",""braid-100""]",parser_inclusive_subprocess_wall_clock,1,sat,0.140196771,0,0,0,,,"sat
",,"[""/net/scratch/hscra/plgrid/plgnasqret/codex-control/projects/euf-viper/runs/20260727T090821Z-braid-qg7-b89c8eb/target/release/euf-viper"",""fabric-solve"",""--engine"",""quotient-portfolio"",""/net/scratch/hscra/plgrid/plgnasqret/codex-control/projects/euf-viper/corpora/9b39c70a794d52277a4e5d83731f0ebc50a2f3b804eb1dfc8cf32766a5ebeadc/smtlib-2025/QF_UF/QF_UF/QG-classification/qg7/gensys_brn004.smt2""]"
1,0,6927,QF_UF/QG-classification/qg7/gensys_brn004.smt2,aa3607cc8a57998edf083281c84580657a4b56b86dbcec7f51818a3d00913058,810804,sat,1,williams_first_order_carryover,6ad653227c3c19559c94ff26e7c6827f5db285b786b909d8b494bd463f6fcf84,0,0,0,0,1,1,braid-0,braid-0,"[""baseline"",""braid-0"",""braid-10000"",""braid-10"",""braid-1000"",""braid-100""]",parser_inclusive_subprocess_wall_clock,1,sat,0.296979289,0,0,0,,,"sat
",,"[""/net/scratch/hscra/plgrid/plgnasqret/codex-control/projects/euf-viper/runs/20260727T090821Z-braid-qg7-b89c8eb/target/release/euf-viper"",""fabric-solve"",""--engine"",""quotient-portfolio"",""/net/scratch/hscra/plgrid/plgnasqret/codex-control/projects/euf-viper/corpora/9b39c70a794d52277a4e5d83731f0ebc50a2f3b804eb1dfc8cf32766a5ebeadc/smtlib-2025/QF_UF/QF_UF/QG-classification/qg7/gensys_brn004.smt2""]"
2,0,6927,QF_UF/QG-classification/qg7/gensys_brn004.smt2,aa3607cc8a57998edf083281c84580657a4b56b86dbcec7f51818a3d00913058,810804,sat,1,williams_first_order_carryover,6ad653227c3c19559c94ff26e7c6827f5db285b786b909d8b494bd463f6fcf84,0,0,0,0,2,2,braid-10000,braid-10000,"[""baseline"",""braid-0"",""braid-10000"",""braid-10"",""braid-1000"",""braid-100""]",parser_inclusive_subprocess_wall_clock,1,sat,0.296755475,0,0,0,,,"sat
",,"[""/net/scratch/hscra/plgrid/plgnasqret/codex-control/projects/euf-viper/runs/20260727T090821Z-braid-qg7-b89c8eb/target/release/euf-viper"",""fabric-solve"",""--engine"",""quotient-portfolio"",""/net/scratch/hscra/plgrid/plgnasqret/codex-control/projects/euf-viper/corpora/9b39c70a794d52277a4e5d83731f0ebc50a2f3b804eb1dfc8cf32766a5ebeadc/smtlib-2025/QF_UF/QF_UF/QG-classification/qg7/gensys_brn004.smt2""]"
3,0,6927,QF_UF/QG-classification/qg7/gensys_brn004.smt2,aa3607cc8a57998edf083281c84580657a4b56b86dbcec7f51818a3d00913058,810804,sat,1,williams_first_order_carryover,6ad653227c3c19559c94ff26e7c6827f5db285b786b909d8b494bd463f6fcf84,0,0,0,0,3,3,braid-10,braid-10,"[""baseline"",""braid-0"",""braid-10000"",""braid-10"",""braid-1000"",""braid-100""]",parser_inclusive_subprocess_wall_clock,1,sat,0.319134165,0,0,0,,,"sat
",,"[""/net/scratch/hscra/plgrid/plgnasqret/codex-control/projects/euf-viper/runs/20260727T090821Z-braid-qg7-b89c8eb/target/release/euf-viper"",""fabric-solve"",""--engine"",""quotient-portfolio"",""/net/scratch/hscra/plgrid/plgnasqret/codex-control/projects/euf-viper/corpora/9b39c70a794d52277a4e5d83731f0ebc50a2f3b804eb1dfc8cf32766a5ebeadc/smtlib-2025/QF_UF/QF_UF/QG-classification/qg7/gensys_brn004.smt2""]"
4,0,6927,QF_UF/QG-classification/qg7/gensys_brn004.smt2,aa3607cc8a57998edf083281c84580657a4b56b86dbcec7f51818a3d00913058,810804,sat,1,williams_first_order_carryover,6ad653227c3c19559c94ff26e7c6827f5db285b786b909d8b494bd463f6fcf84,0,0,0,0,4,4,braid-1000,braid-1000,"[""baseline"",""braid-0"",""braid-10000"",""braid-10"",""braid-1000"",""braid-100""]",parser_inclusive_subprocess_wall_clock,1,sat,0.306480276,0,0,0,,,"sat
",,"[""/net/scratch/hscra/plgrid/plgnasqret/codex-control/projects/euf-viper/runs/20260727T090821Z-braid-qg7-b89c8eb/target/release/euf-viper"",""fabric-solve"",""--engine"",""quotient-portfolio"",""/net/scratch/hscra/plgrid/plgnasqret/codex-control/projects/euf-viper/corpora/9b39c70a794d52277a4e5d83731f0ebc50a2f3b804eb1dfc8cf32766a5ebeadc/smtlib-2025/QF_UF/QF_UF/QG-classification/qg7/gensys_brn004.smt2""]"
5,0,6927,QF_UF/QG-classification/qg7/gensys_brn004.smt2,aa3607cc8a57998edf083281c84580657a4b56b86dbcec7f51818a3d00913058,810804,sat,1,williams_first_order_carryover,6ad653227c3c19559c94ff26e7c6827f5db285b786b909d8b494bd463f6fcf84,0,0,0,0,5,5,braid-100,braid-100,"[""baseline"",""braid-0"",""braid-10000"",""braid-10"",""braid-1000"",""braid-100""]",parser_inclusive_subprocess_wall_clock,1,sat,0.284364581,0,0,0,,,"sat
",,"[""/net/scratch/hscra/plgrid/plgnasqret/codex-control/projects/euf-viper/runs/20260727T090821Z-braid-qg7-b89c8eb/target/release/euf-viper"",""fabric-solve"",""--engine"",""quotient-portfolio"",""/net/scratch/hscra/plgrid/plgnasqret/codex-control/projects/euf-viper/corpora/9b39c70a794d52277a4e5d83731f0ebc50a2f3b804eb1dfc8cf32766a5ebeadc/smtlib-2025/QF_UF/QF_UF/QG-classification/qg7/gensys_brn004.smt2""]"
6,0,6927,QF_UF/QG-classification/qg7/gensys_brn004.smt2,aa3607cc8a57998edf083281c84580657a4b56b86dbcec7f51818a3d00913058,810804,sat,1,williams_first_order_carryover,6ad653227c3c19559c94ff26e7c6827f5db285b786b909d8b494bd463f6fcf84,1,1,0,1,0,0,braid-0,braid-0,"[""braid-0"",""braid-10"",""baseline"",""braid-100"",""braid-10000"",""braid-1000""]",parser_inclusive_subprocess_wall_clock,1,sat,0.216987815,0,0,0,,,"sat
",,"[""/net/scratch/hscra/plgrid/plgnasqret/codex-control/projects/euf-viper/runs/20260727T090821Z-braid-qg7-b89c8eb/target/release/euf-viper"",""fabric-solve"",""--engine"",""quotient-portfolio"",""/net/scratch/hscra/plgrid/plgnasqret/codex-control/projects/euf-viper/corpora/9b39c70a794d52277a4e5d83731f0ebc50a2f3b804eb1dfc8cf32766a5ebeadc/smtlib-2025/QF_UF/QF_UF/QG-classification/qg7/gensys_brn004.smt2""]"
7,0,6927,QF_UF/QG-classification/qg7/gensys_brn004.smt2,aa3607cc8a57998edf083281c84580657a4b56b86dbcec7f51818a3d00913058,810804,sat,1,williams_first_order_carryover,6ad653227c3c19559c94ff26e7c6827f5db285b786b909d8b494bd463f6fcf84,1,1,0,1,1,1,braid-10,braid-10,"[""braid-0"",""braid-10"",""baseline"",""braid-100"",""braid-10000"",""braid-1000""]",parser_inclusive_subprocess_wall_clock,1,sat,0.191578214,0,0,0,,,"sat
",,"[""/net/scratch/hscra/plgrid/plgnasqret/codex-control/projects/euf-viper/runs/20260727T090821Z-braid-qg7-b89c8eb/target/release/euf-viper"",""fabric-solve"",""--engine"",""quotient-portfolio"",""/net/scratch/hscra/plgrid/plgnasqret/codex-control/projects/euf-viper/corpora/9b39c70a794d52277a4e5d83731f0ebc50a2f3b804eb1dfc8cf32766a5ebeadc/smtlib-2025/QF_UF/QF_UF/QG-classification/qg7/gensys_brn004.smt2""]"
8,0,6927,QF_UF/QG-classification/qg7/gensys_brn004.smt2,aa3607cc8a57998edf083281c84580657a4b56b86dbcec7f51818a3d00913058,810804,sat,1,williams_first_order_carryover,6ad653227c3c19559c94ff26e7c6827f5db285b786b909d8b494bd463f6fcf84,1,1,0,1,2,2,baseline,baseline,"[""braid-0"",""braid-10"",""baseline"",""braid-100"",""braid-10000"",""braid-1000""]",parser_inclusive_subprocess_wall_clock,1,sat,0.123162283,0,0,0,,,"sat
",,"[""/net/scratch/hscra/plgrid/plgnasqret/codex-control/projects/euf-viper/runs/20260727T090821Z-braid-qg7-b89c8eb/target/release/euf-viper"",""fabric-solve"",""--engine"",""quotient-portfolio"",""/net/scratch/hscra/plgrid/plgnasqret/codex-control/projects/euf-viper/corpora/9b39c70a794d52277a4e5d83731f0ebc50a2f3b804eb1dfc8cf32766a5ebeadc/smtlib-2025/QF_UF/QF_UF/QG-classification/qg7/gensys_brn004.smt2""]"
9,0,6927,QF_UF/QG-classification/qg7/gensys_brn004.smt2,aa3607cc8a57998edf083281c84580657a4b56b86dbcec7f51818a3d00913058,810804,sat,1,williams_first_order_carryover,6ad653227c3c19559c94ff26e7c6827f5db285b786b909d8b494bd463f6fcf84,1,1,0,1,3,3,braid-100,braid-100,"[""braid-0"",""braid-10"",""baseline"",""braid-100"",""braid-10000"",""braid-1000""]",parser_inclusive_subprocess_wall_clock,1,sat,0.207519831,0,0,0,,,"sat
",,"[""/net/scratch/hscra/plgrid/plgnasqret/codex-control/projects/euf-viper/runs/20260727T090821Z-braid-qg7-b89c8eb/target/release/euf-viper"",""fabric-solve"",""--engine"",""quotient-portfolio"",""/net/scratch/hscra/plgrid/plgnasqret/codex-control/projects/euf-viper/corpora/9b39c70a794d52277a4e5d83731f0ebc50a2f3b804eb1dfc8cf32766a5ebeadc/smtlib-2025/QF_UF/QF_UF/QG-classification/qg7/gensys_brn004.smt2""]"
10,0,6927,QF_UF/QG-classification/qg7/gensys_brn004.smt2,aa3607cc8a57998edf083281c84580657a4b56b86dbcec7f51818a3d00913058,810804,sat,1,williams_first_order_carryover,6ad653227c3c19559c94ff26e7c6827f5db285b786b909d8b494bd463f6fcf84,1,1,0,1,4,4,braid-10000,braid-10000,"[""braid-0"",""braid-10"",""baseline"",""braid-100"",""braid-10000"",""braid-1000""]",parser_inclusive_subprocess_wall_clock,1,sat,0.182796216,0,0,0,,,"sat
",,"[""/net/scratch/hscra/plgrid/plgnasqret/codex-control/projects/euf-viper/runs/20260727T090821Z-braid-qg7-b89c8eb/target/release/euf-viper"",""fabric-solve"",""--engine"",""quotient-portfolio"",""/net/scratch/hscra/plgrid/plgnasqret/codex-control/projects/euf-viper/corpora/9b39c70a794d52277a4e5d83731f0ebc50a2f3b804eb1dfc8cf32766a5ebeadc/smtlib-2025/QF_UF/QF_UF/QG-classification/qg7/gensys_brn004.smt2""]"
11,0,6927,QF_UF/QG-classification/qg7/gensys_brn004.smt2,aa3607cc8a57998edf083281c84580657a4b56b86dbcec7f51818a3d00913058,810804,sat,1,williams_first_order_carryover,6ad653227c3c19559c94ff26e7c6827f5db285b786b909d8b494bd463f6fcf84,1,1,0,1,5,5,braid-1000,braid-1000,"[""braid-0"",""braid-10"",""baseline"",""braid-100"",""braid-10000"",""braid-1000""]",parser_inclusive_subprocess_wall_clock,1,sat,0.183176378,0,0,0,,,"sat
",,"[""/net/scratch/hscra/plgrid/plgnasqret/codex-control/projects/euf-viper/runs/20260727T090821Z-braid-qg7-b89c8eb/target/release/euf-viper"",""fabric-solve"",""--engine"",""quotient-portfolio"",""/net/scratch/hscra/plgrid/plgnasqret/codex-control/projects/euf-viper/corpora/9b39c70a794d52277a4e5d83731f0ebc50a2f3b804eb1dfc8cf32766a5ebeadc/smtlib-2025/QF_UF/QF_UF/QG-classification/qg7/gensys_brn004.smt2""]"
12,0,6927,QF_UF/QG-classification/qg7/gensys_brn004.smt2,aa3607cc8a57998edf083281c84580657a4b56b86dbcec7f51818a3d00913058,810804,sat,1,williams_first_order_carryover,6ad653227c3c19559c94ff26e7c6827f5db285b786b909d8b494bd463f6fcf84,2,2,0,2,0,0,braid-10,braid-10,"[""braid-10"",""braid-100"",""braid-0"",""braid-1000"",""baseline"",""braid-10000""]",parser_inclusive_subprocess_wall_clock,1,sat,0.189049630,0,0,0,,,"sat
",,"[""/net/scratch/hscra/plgrid/plgnasqret/codex-control/projects/euf-viper/runs/20260727T090821Z-braid-qg7-b89c8eb/target/release/euf-viper"",""fabric-solve"",""--engine"",""quotient-portfolio"",""/net/scratch/hscra/plgrid/plgnasqret/codex-control/projects/euf-viper/corpora/9b39c70a794d52277a4e5d83731f0ebc50a2f3b804eb1dfc8cf32766a5ebeadc/smtlib-2025/QF_UF/QF_UF/QG-classification/qg7/gensys_brn004.smt2""]"
13,0,6927,QF_UF/QG-classification/qg7/gensys_brn004.smt2,aa3607cc8a57998edf083281c84580657a4b56b86dbcec7f51818a3d00913058,810804,sat,1,williams_first_order_carryover,6ad653227c3c19559c94ff26e7c6827f5db285b786b909d8b494bd463f6fcf84,2,2,0,2,1,1,braid-100,braid-100,"[""braid-10"",""braid-100"",""braid-0"",""braid-1000"",""baseline"",""braid-10000""]",parser_inclusive_subprocess_wall_clock,1,sat,0.202760153,0,0,0,,,"sat
",,"[""/net/scratch/hscra/plgrid/plgnasqret/codex-control/projects/euf-viper/runs/20260727T090821Z-braid-qg7-b89c8eb/target/release/euf-viper"",""fabric-solve"",""--engine"",""quotient-portfolio"",""/net/scratch/hscra/plgrid/plgnasqret/codex-control/projects/euf-viper/corpora/9b39c70a794d52277a4e5d83731f0ebc50a2f3b804eb1dfc8cf32766a5ebeadc/smtlib-2025/QF_UF/QF_UF/QG-classification/qg7/gensys_brn004.smt2""]"
14,0,6927,QF_UF/QG-classification/qg7/gensys_brn004.smt2,aa3607cc8a57998edf083281c84580657a4b56b86dbcec7f51818a3d00913058,810804,sat,1,williams_first_order_carryover,6ad653227c3c19559c94ff26e7c6827f5db285b786b909d8b494bd463f6fcf84,2,2,0,2,2,2,braid-0,braid-0,"[""braid-10"",""braid-100"",""braid-0"",""braid-1000"",""baseline"",""braid-10000""]",parser_inclusive_subprocess_wall_clock,1,sat,0.181660508,0,0,0,,,"sat
",,"[""/net/scratch/hscra/plgrid/plgnasqret/codex-control/projects/euf-viper/runs/20260727T090821Z-braid-qg7-b89c8eb/target/release/euf-viper"",""fabric-solve"",""--engine"",""quotient-portfolio"",""/net/scratch/hscra/plgrid/plgnasqret/codex-control/projects/euf-viper/corpora/9b39c70a794d52277a4e5d83731f0ebc50a2f3b804eb1dfc8cf32766a5ebeadc/smtlib-2025/QF_UF/QF_UF/QG-classification/qg7/gensys_brn004.smt2""]"
15,0,6927,QF_UF/QG-classification/qg7/gensys_brn004.smt2,aa3607cc8a57998edf083281c84580657a4b56b86dbcec7f51818a3d00913058,810804,sat,1,williams_first_order_carryover,6ad653227c3c19559c94ff26e7c6827f5db285b786b909d8b494bd463f6fcf84,2,2,0,2,3,3,braid-1000,braid-1000,"[""braid-10"",""braid-100"",""braid-0"",""braid-1000"",""baseline"",""braid-10000""]",parser_inclusive_subprocess_wall_clock,1,sat,0.187558258,0,0,0,,,"sat
",,"[""/net/scratch/hscra/plgrid/plgnasqret/codex-control/projects/euf-viper/runs/20260727T090821Z-braid-qg7-b89c8eb/target/release/euf-viper"",""fabric-solve"",""--engine"",""quotient-portfolio"",""/net/scratch/hscra/plgrid/plgnasqret/codex-control/projects/euf-viper/corpora/9b39c70a794d52277a4e5d83731f0ebc50a2f3b804eb1dfc8cf32766a5ebeadc/smtlib-2025/QF_UF/QF_UF/QG-classification/qg7/gensys_brn004.smt2""]"
16,0,6927,QF_UF/QG-classification/qg7/gensys_brn004.smt2,aa3607cc8a57998edf083281c84580657a4b56b86dbcec7f51818a3d00913058,810804,sat,1,williams_first_order_carryover,6ad653227c3c19559c94ff26e7c6827f5db285b786b909d8b494bd463f6fcf84,2,2,0,2,4,4,baseline,baseline,"[""braid-10"",""braid-100"",""braid-0"",""braid-1000"",""baseline"",""braid-10000""]",parser_inclusive_subprocess_wall_clock,1,sat,0.120285357,0,0,0,,,"sat
",,"[""/net/scratch/hscra/plgrid/plgnasqret/codex-control/projects/euf-viper/runs/20260727T090821Z-braid-qg7-b89c8eb/target/release/euf-viper"",""fabric-solve"",""--engine"",""quotient-portfolio"",""/net/scratch/hscra/plgrid/plgnasqret/codex-control/projects/euf-viper/corpora/9b39c70a794d52277a4e5d83731f0ebc50a2f3b804eb1dfc8cf32766a5ebeadc/smtlib-2025/QF_UF/QF_UF/QG-classification/qg7/gensys_brn004.smt2""]"
17,0,6927,QF_UF/QG-classification/qg7/gensys_brn004.smt2,aa3607cc8a57998edf083281c84580657a4b56b86dbcec7f51818a3d00913058,810804,sat,1,williams_first_order_carryover,6ad653227c3c19559c94ff26e7c6827f5db285b786b909d8b494bd463f6fcf84,2,2,0,2,5,5,braid-10000,braid-10000,"[""braid-10"",""braid-100"",""braid-0"",""braid-1000"",""baseline"",""braid-10000""]",parser_inclusive_subprocess_wall_clock,1,sat,0.187278064,0,0,0,,,"sat
",,"[""/net/scratch/hscra/plgrid/plgnasqret/codex-control/projects/euf-viper/runs/20260727T090821Z-braid-qg7-b89c8eb/target/release/euf-viper"",""fabric-solve"",""--engine"",""quotient-portfolio"",""/net/scratch/hscra/plgrid/plgnasqret/codex-control/projects/euf-viper/corpora/9b39c70a794d52277a4e5d83731f0ebc50a2f3b804eb1dfc8cf32766a5ebeadc/smtlib-2025/QF_UF/QF_UF/QG-classification/qg7/gensys_brn004.smt2""]"
18,0,6927,QF_UF/QG-classification/qg7/gensys_brn004.smt2,aa3607cc8a57998edf083281c84580657a4b56b86dbcec7f51818a3d00913058,810804,sat,1,williams_first_order_carryover,6ad653227c3c19559c94ff26e7c6827f5db285b786b909d8b494bd463f6fcf84,3,3,0,3,0,0,braid-100,braid-100,"[""braid-100"",""braid-1000"",""braid-10"",""braid-10000"",""braid-0"",""baseline""]",parser_inclusive_subprocess_wall_clock,1,sat,0.208906306,0,0,0,,,"sat
",,"[""/net/scratch/hscra/plgrid/plgnasqret/codex-control/projects/euf-viper/runs/20260727T090821Z-braid-qg7-b89c8eb/target/release/euf-viper"",""fabric-solve"",""--engine"",""quotient-portfolio"",""/net/scratch/hscra/plgrid/plgnasqret/codex-control/projects/euf-viper/corpora/9b39c70a794d52277a4e5d83731f0ebc50a2f3b804eb1dfc8cf32766a5ebeadc/smtlib-2025/QF_UF/QF_UF/QG-classification/qg7/gensys_brn004.smt2""]"
19,0,6927,QF_UF/QG-classification/qg7/gensys_brn004.smt2,aa3607cc8a57998edf083281c84580657a4b56b86dbcec7f51818a3d00913058,810804,sat,1,williams_first_order_carryover,6ad653227c3c19559c94ff26e7c6827f5db285b786b909d8b494bd463f6fcf84,3,3,0,3,1,1,braid-1000,braid-1000,"[""braid-100"",""braid-1000"",""braid-10"",""braid-10000"",""braid-0"",""baseline""]",parser_inclusive_subprocess_wall_clock,1,sat,0.184869209,0,0,0,,,"sat
",,"[""/net/scratch/hscra/plgrid/plgnasqret/codex-control/projects/euf-viper/runs/20260727T090821Z-braid-qg7-b89c8eb/target/release/euf-viper"",""fabric-solve"",""--engine"",""quotient-portfolio"",""/net/scratch/hscra/plgrid/plgnasqret/codex-control/projects/euf-viper/corpora/9b39c70a794d52277a4e5d83731f0ebc50a2f3b804eb1dfc8cf32766a5ebeadc/smtlib-2025/QF_UF/QF_UF/QG-classification/qg7/gensys_brn004.smt2""]"
20,0,6927,QF_UF/QG-classification/qg7/gensys_brn004.smt2,aa3607cc8a57998edf083281c84580657a4b56b86dbcec7f51818a3d00913058,810804,sat,1,williams_first_order_carryover,6ad653227c3c19559c94ff26e7c6827f5db285b786b909d8b494bd463f6fcf84,3,3,0,3,2,2,braid-10,braid-10,"[""braid-100"",""braid-1000"",""braid-10"",""braid-10000"",""braid-0"",""baseline""]",parser_inclusive_subprocess_wall_clock,1,sat,0.193280500,0,0,0,,,"sat
",,"[""/net/scratch/hscra/plgrid/plgnasqret/codex-control/projects/euf-viper/runs/20260727T090821Z-braid-qg7-b89c8eb/target/release/euf-viper"",""fabric-solve"",""--engine"",""quotient-portfolio"",""/net/scratch/hscra/plgrid/plgnasqret/codex-control/projects/euf-viper/corpora/9b39c70a794d52277a4e5d83731f0ebc50a2f3b804eb1dfc8cf32766a5ebeadc/smtlib-2025/QF_UF/QF_UF/QG-classification/qg7/gensys_brn004.smt2""]"
21,0,6927,QF_UF/QG-classification/qg7/gensys_brn004.smt2,aa3607cc8a57998edf083281c84580657a4b56b86dbcec7f51818a3d00913058,810804,sat,1,williams_first_order_carryover,6ad653227c3c19559c94ff26e7c6827f5db285b786b909d8b494bd463f6fcf84,3,3,0,3,3,3,braid-10000,braid-10000,"[""braid-100"",""braid-1000"",""braid-10"",""braid-10000"",""braid-0"",""baseline""]",parser_inclusive_subprocess_wall_clock,1,sat,0.218745039,0,0,0,,,"sat
",,"[""/net/scratch/hscra/plgrid/plgnasqret/codex-control/projects/euf-viper/runs/20260727T090821Z-braid-qg7-b89c8eb/target/release/euf-viper"",""fabric-solve"",""--engine"",""quotient-portfolio"",""/net/scratch/hscra/plgrid/plgnasqret/codex-control/projects/euf-viper/corpora/9b39c70a794d52277a4e5d83731f0ebc50a2f3b804eb1dfc8cf32766a5ebeadc/smtlib-2025/QF_UF/QF_UF/QG-classification/qg7/gensys_brn004.smt2""]"
22,0,6927,QF_UF/QG-classification/qg7/gensys_brn004.smt2,aa3607cc8a57998edf083281c84580657a4b56b86dbcec7f51818a3d00913058,810804,sat,1,williams_first_order_carryover,6ad653227c3c19559c94ff26e7c6827f5db285b786b909d8b494bd463f6fcf84,3,3,0,3,4,4,braid-0,braid-0,"[""braid-100"",""braid-1000"",""braid-10"",""braid-10000"",""braid-0"",""baseline""]",parser_inclusive_subprocess_wall_clock,1,sat,0.216444696,0,0,0,,,"sat
",,"[""/net/scratch/hscra/plgrid/plgnasqret/codex-control/projects/euf-viper/runs/20260727T090821Z-braid-qg7-b89c8eb/target/release/euf-viper"",""fabric-solve"",""--engine"",""quotient-portfolio"",""/net/scratch/hscra/plgrid/plgnasqret/codex-control/projects/euf-viper/corpora/9b39c70a794d52277a4e5d83731f0ebc50a2f3b804eb1dfc8cf32766a5ebeadc/smtlib-2025/QF_UF/QF_UF/QG-classification/qg7/gensys_brn004.smt2""]"
23,0,6927,QF_UF/QG-classification/qg7/gensys_brn004.smt2,aa3607cc8a57998edf083281c84580657a4b56b86dbcec7f51818a3d00913058,810804,sat,1,williams_first_order_carryover,6ad653227c3c19559c94ff26e7c6827f5db285b786b909d8b494bd463f6fcf84,3,3,0,3,5,5,baseline,baseline,"[""braid-100"",""braid-1000"",""braid-10"",""braid-10000"",""braid-0"",""baseline""]",parser_inclusive_subprocess_wall_clock,1,sat,0.120087554,0,0,0,,,"sat
",,"[""/net/scratch/hscra/plgrid/plgnasqret/codex-control/projects/euf-viper/runs/20260727T090821Z-braid-qg7-b89c8eb/target/release/euf-viper"",""fabric-solve"",""--engine"",""quotient-portfolio"",""/net/scratch/hscra/plgrid/plgnasqret/codex-control/projects/euf-viper/corpora/9b39c70a794d52277a4e5d83731f0ebc50a2f3b804eb1dfc8cf32766a5ebeadc/smtlib-2025/QF_UF/QF_UF/QG-classification/qg7/gensys_brn004.smt2""]"
24,0,6927,QF_UF/QG-classification/qg7/gensys_brn004.smt2,aa3607cc8a57998edf083281c84580657a4b56b86dbcec7f51818a3d00913058,810804,sat,1,williams_first_order_carryover,6ad653227c3c19559c94ff26e7c6827f5db285b786b909d8b494bd463f6fcf84,4,4,0,4,0,0,braid-1000,braid-1000,"[""braid-1000"",""braid-10000"",""braid-100"",""baseline"",""braid-10"",""braid-0""]",parser_inclusive_subprocess_wall_clock,1,sat,0.244039668,0,0,0,,,"sat
",,"[""/net/scratch/hscra/plgrid/plgnasqret/codex-control/projects/euf-viper/runs/20260727T090821Z-braid-qg7-b89c8eb/target/release/euf-viper"",""fabric-solve"",""--engine"",""quotient-portfolio"",""/net/scratch/hscra/plgrid/plgnasqret/codex-control/projects/euf-viper/corpora/9b39c70a794d52277a4e5d83731f0ebc50a2f3b804eb1dfc8cf32766a5ebeadc/smtlib-2025/QF_UF/QF_UF/QG-classification/qg7/gensys_brn004.smt2""]"
25,0,6927,QF_UF/QG-classification/qg7/gensys_brn004.smt2,aa3607cc8a57998edf083281c84580657a4b56b86dbcec7f51818a3d00913058,810804,sat,1,williams_first_order_carryover,6ad653227c3c19559c94ff26e7c6827f5db285b786b909d8b494bd463f6fcf84,4,4,0,4,1,1,braid-10000,braid-10000,"[""braid-1000"",""braid-10000"",""braid-100"",""baseline"",""braid-10"",""braid-0""]",parser_inclusive_subprocess_wall_clock,1,sat,0.285710161,0,0,0,,,"sat
",,"[""/net/scratch/hscra/plgrid/plgnasqret/codex-control/projects/euf-viper/runs/20260727T090821Z-braid-qg7-b89c8eb/target/release/euf-viper"",""fabric-solve"",""--engine"",""quotient-portfolio"",""/net/scratch/hscra/plgrid/plgnasqret/codex-control/projects/euf-viper/corpora/9b39c70a794d52277a4e5d83731f0ebc50a2f3b804eb1dfc8cf32766a5ebeadc/smtlib-2025/QF_UF/QF_UF/QG-classification/qg7/gensys_brn004.smt2""]"
26,0,6927,QF_UF/QG-classification/qg7/gensys_brn004.smt2,aa3607cc8a57998edf083281c84580657a4b56b86dbcec7f51818a3d00913058,810804,sat,1,williams_first_order_carryover,6ad653227c3c19559c94ff26e7c6827f5db285b786b909d8b494bd463f6fcf84,4,4,0,4,2,2,braid-100,braid-100,"[""braid-1000"",""braid-10000"",""braid-100"",""baseline"",""braid-10"",""braid-0""]",parser_inclusive_subprocess_wall_clock,1,sat,0.346027427,0,0,0,,,"sat
",,"[""/net/scratch/hscra/plgrid/plgnasqret/codex-control/projects/euf-viper/runs/20260727T090821Z-braid-qg7-b89c8eb/target/release/euf-viper"",""fabric-solve"",""--engine"",""quotient-portfolio"",""/net/scratch/hscra/plgrid/plgnasqret/codex-control/projects/euf-viper/corpora/9b39c70a794d52277a4e5d83731f0ebc50a2f3b804eb1dfc8cf32766a5ebeadc/smtlib-2025/QF_UF/QF_UF/QG-classification/qg7/gensys_brn004.smt2""]"
27,0,6927,QF_UF/QG-classification/qg7/gensys_brn004.smt2,aa3607cc8a57998edf083281c84580657a4b56b86dbcec7f51818a3d00913058,810804,sat,1,williams_first_order_carryover,6ad653227c3c19559c94ff26e7c6827f5db285b786b909d8b494bd463f6fcf84,4,4,0,4,3,3,baseline,baseline,"[""braid-1000"",""braid-10000"",""braid-100"",""baseline"",""braid-10"",""braid-0""]",parser_inclusive_subprocess_wall_clock,1,sat,0.187194292,0,0,0,,,"sat
",,"[""/net/scratch/hscra/plgrid/plgnasqret/codex-control/projects/euf-viper/runs/20260727T090821Z-braid-qg7-b89c8eb/target/release/euf-viper"",""fabric-solve"",""--engine"",""quotient-portfolio"",""/net/scratch/hscra/plgrid/plgnasqret/codex-control/projects/euf-viper/corpora/9b39c70a794d52277a4e5d83731f0ebc50a2f3b804eb1dfc8cf32766a5ebeadc/smtlib-2025/QF_UF/QF_UF/QG-classification/qg7/gensys_brn004.smt2""]"
28,0,6927,QF_UF/QG-classification/qg7/gensys_brn004.smt2,aa3607cc8a57998edf083281c84580657a4b56b86dbcec7f51818a3d00913058,810804,sat,1,williams_first_order_carryover,6ad653227c3c19559c94ff26e7c6827f5db285b786b909d8b494bd463f6fcf84,4,4,0,4,4,4,braid-10,braid-10,"[""braid-1000"",""braid-10000"",""braid-100"",""baseline"",""braid-10"",""braid-0""]",parser_inclusive_subprocess_wall_clock,1,sat,0.379417727,0,0,0,,,"sat
",,"[""/net/scratch/hscra/plgrid/plgnasqret/codex-control/projects/euf-viper/runs/20260727T090821Z-braid-qg7-b89c8eb/target/release/euf-viper"",""fabric-solve"",""--engine"",""quotient-portfolio"",""/net/scratch/hscra/plgrid/plgnasqret/codex-control/projects/euf-viper/corpora/9b39c70a794d52277a4e5d83731f0ebc50a2f3b804eb1dfc8cf32766a5ebeadc/smtlib-2025/QF_UF/QF_UF/QG-classification/qg7/gensys_brn004.smt2""]"
29,0,6927,QF_UF/QG-classification/qg7/gensys_brn004.smt2,aa3607cc8a57998edf083281c84580657a4b56b86dbcec7f51818a3d00913058,810804,sat,1,williams_first_order_carryover,6ad653227c3c19559c94ff26e7c6827f5db285b786b909d8b494bd463f6fcf84,4,4,0,4,5,5,braid-0,braid-0,"[""braid-1000"",""braid-10000"",""braid-100"",""baseline"",""braid-10"",""braid-0""]",parser_inclusive_subprocess_wall_clock,1,sat,0.403124271,0,0,0,,,"sat
",,"[""/net/scratch/hscra/plgrid/plgnasqret/codex-control/projects/euf-viper/runs/20260727T090821Z-braid-qg7-b89c8eb/target/release/euf-viper"",""fabric-solve"",""--engine"",""quotient-portfolio"",""/net/scratch/hscra/plgrid/plgnasqret/codex-control/projects/euf-viper/corpora/9b39c70a794d52277a4e5d83731f0ebc50a2f3b804eb1dfc8cf32766a5ebeadc/smtlib-2025/QF_UF/QF_UF/QG-classification/qg7/gensys_brn004.smt2""]"
30,0,6927,QF_UF/QG-classification/qg7/gensys_brn004.smt2,aa3607cc8a57998edf083281c84580657a4b56b86dbcec7f51818a3d00913058,810804,sat,1,williams_first_order_carryover,6ad653227c3c19559c94ff26e7c6827f5db285b786b909d8b494bd463f6fcf84,5,5,0,5,0,0,braid-10000,braid-10000,"[""braid-10000"",""baseline"",""braid-1000"",""braid-0"",""braid-100"",""braid-10""]",parser_inclusive_subprocess_wall_clock,1,sat,0.447314677,0,0,0,,,"sat
",,"[""/net/scratch/hscra/plgrid/plgnasqret/codex-control/projects/euf-viper/runs/20260727T090821Z-braid-qg7-b89c8eb/target/release/euf-viper"",""fabric-solve"",""--engine"",""quotient-portfolio"",""/net/scratch/hscra/plgrid/plgnasqret/codex-control/projects/euf-viper/corpora/9b39c70a794d52277a4e5d83731f0ebc50a2f3b804eb1dfc8cf32766a5ebeadc/smtlib-2025/QF_UF/QF_UF/QG-classification/qg7/gensys_brn004.smt2""]"
31,0,6927,QF_UF/QG-classification/qg7/gensys_brn004.smt2,aa3607cc8a57998edf083281c84580657a4b56b86dbcec7f51818a3d00913058,810804,sat,1,williams_first_order_carryover,6ad653227c3c19559c94ff26e7c6827f5db285b786b909d8b494bd463f6fcf84,5,5,0,5,1,1,baseline,baseline,"[""braid-10000"",""baseline"",""braid-1000"",""braid-0"",""braid-100"",""braid-10""]",parser_inclusive_subprocess_wall_clock,1,sat,0.149430825,0,0,0,,,"sat
",,"[""/net/scratch/hscra/plgrid/plgnasqret/codex-control/projects/euf-viper/runs/20260727T090821Z-braid-qg7-b89c8eb/target/release/euf-viper"",""fabric-solve"",""--engine"",""quotient-portfolio"",""/net/scratch/hscra/plgrid/plgnasqret/codex-control/projects/euf-viper/corpora/9b39c70a794d52277a4e5d83731f0ebc50a2f3b804eb1dfc8cf32766a5ebeadc/smtlib-2025/QF_UF/QF_UF/QG-classification/qg7/gensys_brn004.smt2""]"
32,0,6927,QF_UF/QG-classification/qg7/gensys_brn004.smt2,aa3607cc8a57998edf083281c84580657a4b56b86dbcec7f51818a3d00913058,810804,sat,1,williams_first_order_carryover,6ad653227c3c19559c94ff26e7c6827f5db285b786b909d8b494bd463f6fcf84,5,5,0,5,2,2,braid-1000,braid-1000,"[""braid-10000"",""baseline"",""braid-1000"",""braid-0"",""braid-100"",""braid-10""]",parser_inclusive_subprocess_wall_clock,1,sat,0.203932229,0,0,0,,,"sat
",,"[""/net/scratch/hscra/plgrid/plgnasqret/codex-control/projects/euf-viper/runs/20260727T090821Z-braid-qg7-b89c8eb/target/release/euf-viper"",""fabric-solve"",""--engine"",""quotient-portfolio"",""/net/scratch/hscra/plgrid/plgnasqret/codex-control/projects/euf-viper/corpora/9b39c70a794d52277a4e5d83731f0ebc50a2f3b804eb1dfc8cf32766a5ebeadc/smtlib-2025/QF_UF/QF_UF/QG-classification/qg7/gensys_brn004.smt2""]"
33,0,6927,QF_UF/QG-classification/qg7/gensys_brn004.smt2,aa3607cc8a57998edf083281c84580657a4b56b86dbcec7f51818a3d00913058,810804,sat,1,williams_first_order_carryover,6ad653227c3c19559c94ff26e7c6827f5db285b786b909d8b494bd463f6fcf84,5,5,0,5,3,3,braid-0,braid-0,"[""braid-10000"",""baseline"",""braid-1000"",""braid-0"",""braid-100"",""braid-10""]",parser_inclusive_subprocess_wall_clock,1,sat,0.195932540,0,0,0,,,"sat
",,"[""/net/scratch/hscra/plgrid/plgnasqret/codex-control/projects/euf-viper/runs/20260727T090821Z-braid-qg7-b89c8eb/target/release/euf-viper"",""fabric-solve"",""--engine"",""quotient-portfolio"",""/net/scratch/hscra/plgrid/plgnasqret/codex-control/projects/euf-viper/corpora/9b39c70a794d52277a4e5d83731f0ebc50a2f3b804eb1dfc8cf32766a5ebeadc/smtlib-2025/QF_UF/QF_UF/QG-classification/qg7/gensys_brn004.smt2""]"
34,0,6927,QF_UF/QG-classification/qg7/gensys_brn004.smt2,aa3607cc8a57998edf083281c84580657a4b56b86dbcec7f51818a3d00913058,810804,sat,1,williams_first_order_carryover,6ad653227c3c19559c94ff26e7c6827f5db285b786b909d8b494bd463f6fcf84,5,5,0,5,4,4,braid-100,braid-100,"[""braid-10000"",""baseline"",""braid-1000"",""braid-0"",""braid-100"",""braid-10""]",parser_inclusive_subprocess_wall_clock,1,sat,0.245248402,0,0,0,,,"sat
",,"[""/net/scratch/hscra/plgrid/plgnasqret/codex-control/projects/euf-viper/runs/20260727T090821Z-braid-qg7-b89c8eb/target/release/euf-viper"",""fabric-solve"",""--engine"",""quotient-portfolio"",""/net/scratch/hscra/plgrid/plgnasqret/codex-control/projects/euf-viper/corpora/9b39c70a794d52277a4e5d83731f0ebc50a2f3b804eb1dfc8cf32766a5ebeadc/smtlib-2025/QF_UF/QF_UF/QG-classification/qg7/gensys_brn004.smt2""]"
35,0,6927,QF_UF/QG-classification/qg7/gensys_brn004.smt2,aa3607cc8a57998edf083281c84580657a4b56b86dbcec7f51818a3d00913058,810804,sat,1,williams_first_order_carryover,6ad653227c3c19559c94ff26e7c6827f5db285b786b909d8b494bd463f6fcf84,5,5,0,5,5,5,braid-10,braid-10,"[""braid-10000"",""baseline"",""braid-1000"",""braid-0"",""braid-100"",""braid-10""]",parser_inclusive_subprocess_wall_clock,1,sat,0.260960125,0,0,0,,,"sat
",,"[""/net/scratch/hscra/plgrid/plgnasqret/codex-control/projects/euf-viper/runs/20260727T090821Z-braid-qg7-b89c8eb/target/release/euf-viper"",""fabric-solve"",""--engine"",""quotient-portfolio"",""/net/scratch/hscra/plgrid/plgnasqret/codex-control/projects/euf-viper/corpora/9b39c70a794d52277a4e5d83731f0ebc50a2f3b804eb1dfc8cf32766a5ebeadc/smtlib-2025/QF_UF/QF_UF/QG-classification/qg7/gensys_brn004.smt2""]"
36,1,7036,QF_UF/QG-classification/qg7/gensys_icl003.smt2,a57fafad05d0b8b6e2d39cb37b8c1a190462d8daf4b9edefe08fcc0275a121f3,812658,unsat,1,williams_first_order_carryover,6ad653227c3c19559c94ff26e7c6827f5db285b786b909d8b494bd463f6fcf84,0,0,0,0,0,0,baseline,baseline,"[""baseline"",""braid-0"",""braid-10000"",""braid-10"",""braid-1000"",""braid-100""]",parser_inclusive_subprocess_wall_clock,1,timeout,2.006450504,124,-9,1,timeout,exceeded 2 seconds,,,"[""/net/scratch/hscra/plgrid/plgnasqret/codex-control/projects/euf-viper/runs/20260727T090821Z-braid-qg7-b89c8eb/target/release/euf-viper"",""fabric-solve"",""--engine"",""quotient-portfolio"",""/net/scratch/hscra/plgrid/plgnasqret/codex-control/projects/euf-viper/corpora/9b39c70a794d52277a4e5d83731f0ebc50a2f3b804eb1dfc8cf32766a5ebeadc/smtlib-2025/QF_UF/QF_UF/QG-classification/qg7/gensys_icl003.smt2""]"
37,1,7036,QF_UF/QG-classification/qg7/gensys_icl003.smt2,a57fafad05d0b8b6e2d39cb37b8c1a190462d8daf4b9edefe08fcc0275a121f3,812658,unsat,1,williams_first_order_carryover,6ad653227c3c19559c94ff26e7c6827f5db285b786b909d8b494bd463f6fcf84,0,0,0,0,1,1,braid-0,braid-0,"[""baseline"",""braid-0"",""braid-10000"",""braid-10"",""braid-1000"",""braid-100""]",parser_inclusive_subprocess_wall_clock,1,timeout,2.007493646,124,-9,1,timeout,exceeded 2 seconds,,,"[""/net/scratch/hscra/plgrid/plgnasqret/codex-control/projects/euf-viper/runs/20260727T090821Z-braid-qg7-b89c8eb/target/release/euf-viper"",""fabric-solve"",""--engine"",""quotient-portfolio"",""/net/scratch/hscra/plgrid/plgnasqret/codex-control/projects/euf-viper/corpora/9b39c70a794d52277a4e5d83731f0ebc50a2f3b804eb1dfc8cf32766a5ebeadc/smtlib-2025/QF_UF/QF_UF/QG-classification/qg7/gensys_icl003.smt2""]"
38,1,7036,QF_UF/QG-classification/qg7/gensys_icl003.smt2,a57fafad05d0b8b6e2d39cb37b8c1a190462d8daf4b9edefe08fcc0275a121f3,812658,unsat,1,williams_first_order_carryover,6ad653227c3c19559c94ff26e7c6827f5db285b786b909d8b494bd463f6fcf84,0,0,0,0,2,2,braid-10000,braid-10000,"[""baseline"",""braid-0"",""braid-10000"",""braid-10"",""braid-1000"",""braid-100""]",parser_inclusive_subprocess_wall_clock,1,timeout,2.008161683,124,-9,1,timeout,exceeded 2 seconds,,,"[""/net/scratch/hscra/plgrid/plgnasqret/codex-control/projects/euf-viper/runs/20260727T090821Z-braid-qg7-b89c8eb/target/release/euf-viper"",""fabric-solve"",""--engine"",""quotient-portfolio"",""/net/scratch/hscra/plgrid/plgnasqret/codex-control/projects/euf-viper/corpora/9b39c70a794d52277a4e5d83731f0ebc50a2f3b804eb1dfc8cf32766a5ebeadc/smtlib-2025/QF_UF/QF_UF/QG-classification/qg7/gensys_icl003.smt2""]"
39,1,7036,QF_UF/QG-classification/qg7/gensys_icl003.smt2,a57fafad05d0b8b6e2d39cb37b8c1a190462d8daf4b9edefe08fcc0275a121f3,812658,unsat,1,williams_first_order_carryover,6ad653227c3c19559c94ff26e7c6827f5db285b786b909d8b494bd463f6fcf84,0,0,0,0,3,3,braid-10,braid-10,"[""baseline"",""braid-0"",""braid-10000"",""braid-10"",""braid-1000"",""braid-100""]",parser_inclusive_subprocess_wall_clock,1,timeout,2.007805910,124,-9,1,timeout,exceeded 2 seconds,,,"[""/net/scratch/hscra/plgrid/plgnasqret/codex-control/projects/euf-viper/runs/20260727T090821Z-braid-qg7-b89c8eb/target/release/euf-viper"",""fabric-solve"",""--engine"",""quotient-portfolio"",""/net/scratch/hscra/plgrid/plgnasqret/codex-control/projects/euf-viper/corpora/9b39c70a794d52277a4e5d83731f0ebc50a2f3b804eb1dfc8cf32766a5ebeadc/smtlib-2025/QF_UF/QF_UF/QG-classification/qg7/gensys_icl003.smt2""]"
40,1,7036,QF_UF/QG-classification/qg7/gensys_icl003.smt2,a57fafad05d0b8b6e2d39cb37b8c1a190462d8daf4b9edefe08fcc0275a121f3,812658,unsat,1,williams_first_order_carryover,6ad653227c3c19559c94ff26e7c6827f5db285b786b909d8b494bd463f6fcf84,0,0,0,0,4,4,braid-1000,braid-1000,"[""baseline"",""braid-0"",""braid-10000"",""braid-10"",""braid-1000"",""braid-100""]",parser_inclusive_subprocess_wall_clock,1,timeout,2.007749781,124,-9,1,timeout,exceeded 2 seconds,,,"[""/net/scratch/hscra/plgrid/plgnasqret/codex-control/projects/euf-viper/runs/20260727T090821Z-braid-qg7-b89c8eb/target/release/euf-viper"",""fabric-solve"",""--engine"",""quotient-portfolio"",""/net/scratch/hscra/plgrid/plgnasqret/codex-control/projects/euf-viper/corpora/9b39c70a794d52277a4e5d83731f0ebc50a2f3b804eb1dfc8cf32766a5ebeadc/smtlib-2025/QF_UF/QF_UF/QG-classification/qg7/gensys_icl003.smt2""]"
41,1,7036,QF_UF/QG-classification/qg7/gensys_icl003.smt2,a57fafad05d0b8b6e2d39cb37b8c1a190462d8daf4b9edefe08fcc0275a121f3,812658,unsat,1,williams_first_order_carryover,6ad653227c3c19559c94ff26e7c6827f5db285b786b909d8b494bd463f6fcf84,0,0,0,0,5,5,braid-100,braid-100,"[""baseline"",""braid-0"",""braid-10000"",""braid-10"",""braid-1000"",""braid-100""]",parser_inclusive_subprocess_wall_clock,1,timeout,2.008071260,124,-9,1,timeout,exceeded 2 seconds,,,"[""/net/scratch/hscra/plgrid/plgnasqret/codex-control/projects/euf-viper/runs/20260727T090821Z-braid-qg7-b89c8eb/target/release/euf-viper"",""fabric-solve"",""--engine"",""quotient-portfolio"",""/net/scratch/hscra/plgrid/plgnasqret/codex-control/projects/euf-viper/corpora/9b39c70a794d52277a4e5d83731f0ebc50a2f3b804eb1dfc8cf32766a5ebeadc/smtlib-2025/QF_UF/QF_UF/QG-classification/qg7/gensys_icl003.smt2""]"
42,1,7036,QF_UF/QG-classification/qg7/gensys_icl003.smt2,a57fafad05d0b8b6e2d39cb37b8c1a190462d8daf4b9edefe08fcc0275a121f3,812658,unsat,1,williams_first_order_carryover,6ad653227c3c19559c94ff26e7c6827f5db285b786b909d8b494bd463f6fcf84,1,1,0,1,0,0,braid-0,braid-0,"[""braid-0"",""braid-10"",""baseline"",""braid-100"",""braid-10000"",""braid-1000""]",parser_inclusive_subprocess_wall_clock,1,timeout,2.008663879,124,-9,1,timeout,exceeded 2 seconds,,,"[""/net/scratch/hscra/plgrid/plgnasqret/codex-control/projects/euf-viper/runs/20260727T090821Z-braid-qg7-b89c8eb/target/release/euf-viper"",""fabric-solve"",""--engine"",""quotient-portfolio"",""/net/scratch/hscra/plgrid/plgnasqret/codex-control/projects/euf-viper/corpora/9b39c70a794d52277a4e5d83731f0ebc50a2f3b804eb1dfc8cf32766a5ebeadc/smtlib-2025/QF_UF/QF_UF/QG-classification/qg7/gensys_icl003.smt2""]"
43,1,7036,QF_UF/QG-classification/qg7/gensys_icl003.smt2,a57fafad05d0b8b6e2d39cb37b8c1a190462d8daf4b9edefe08fcc0275a121f3,812658,unsat,1,williams_first_order_carryover,6ad653227c3c19559c94ff26e7c6827f5db285b786b909d8b494bd463f6fcf84,1,1,0,1,1,1,braid-10,braid-10,"[""braid-0"",""braid-10"",""baseline"",""braid-100"",""braid-10000"",""braid-1000""]",parser_inclusive_subprocess_wall_clock,1,timeout,2.010378044,124,-9,1,timeout,exceeded 2 seconds,,,"[""/net/scratch/hscra/plgrid/plgnasqret/codex-control/projects/euf-viper/runs/20260727T090821Z-braid-qg7-b89c8eb/target/release/euf-viper"",""fabric-solve"",""--engine"",""quotient-portfolio"",""/net/scratch/hscra/plgrid/plgnasqret/codex-control/projects/euf-viper/corpora/9b39c70a794d52277a4e5d83731f0ebc50a2f3b804eb1dfc8cf32766a5ebeadc/smtlib-2025/QF_UF/QF_UF/QG-classification/qg7/gensys_icl003.smt2""]"
44,1,7036,QF_UF/QG-classification/qg7/gensys_icl003.smt2,a57fafad05d0b8b6e2d39cb37b8c1a190462d8daf4b9edefe08fcc0275a121f3,812658,unsat,1,williams_first_order_carryover,6ad653227c3c19559c94ff26e7c6827f5db285b786b909d8b494bd463f6fcf84,1,1,0,1,2,2,baseline,baseline,"[""braid-0"",""braid-10"",""baseline"",""braid-100"",""braid-10000"",""braid-1000""]",parser_inclusive_subprocess_wall_clock,1,timeout,2.007731021,124,-9,1,timeout,exceeded 2 seconds,,,"[""/net/scratch/hscra/plgrid/plgnasqret/codex-control/projects/euf-viper/runs/20260727T090821Z-braid-qg7-b89c8eb/target/release/euf-viper"",""fabric-solve"",""--engine"",""quotient-portfolio"",""/net/scratch/hscra/plgrid/plgnasqret/codex-control/projects/euf-viper/corpora/9b39c70a794d52277a4e5d83731f0ebc50a2f3b804eb1dfc8cf32766a5ebeadc/smtlib-2025/QF_UF/QF_UF/QG-classification/qg7/gensys_icl003.smt2""]"
45,1,7036,QF_UF/QG-classification/qg7/gensys_icl003.smt2,a57fafad05d0b8b6e2d39cb37b8c1a190462d8daf4b9edefe08fcc0275a121f3,812658,unsat,1,williams_first_order_carryover,6ad653227c3c19559c94ff26e7c6827f5db285b786b909d8b494bd463f6fcf84,1,1,0,1,3,3,braid-100,braid-100,"[""braid-0"",""braid-10"",""baseline"",""braid-100"",""braid-10000"",""braid-1000""]",parser_inclusive_subprocess_wall_clock,1,timeout,2.008287443,124,-9,1,timeout,exceeded 2 seconds,,,"[""/net/scratch/hscra/plgrid/plgnasqret/codex-control/projects/euf-viper/runs/20260727T090821Z-braid-qg7-b89c8eb/target/release/euf-viper"",""fabric-solve"",""--engine"",""quotient-portfolio"",""/net/scratch/hscra/plgrid/plgnasqret/codex-control/projects/euf-viper/corpora/9b39c70a794d52277a4e5d83731f0ebc50a2f3b804eb1dfc8cf32766a5ebeadc/smtlib-2025/QF_UF/QF_UF/QG-classification/qg7/gensys_icl003.smt2""]"
46,1,7036,QF_UF/QG-classification/qg7/gensys_icl003.smt2,a57fafad05d0b8b6e2d39cb37b8c1a190462d8daf4b9edefe08fcc0275a121f3,812658,unsat,1,williams_first_order_carryover,6ad653227c3c19559c94ff26e7c6827f5db285b786b909d8b494bd463f6fcf84,1,1,0,1,4,4,braid-10000,braid-10000,"[""braid-0"",""braid-10"",""baseline"",""braid-100"",""braid-10000"",""braid-1000""]",parser_inclusive_subprocess_wall_clock,1,timeout,2.007244701,124,-9,1,timeout,exceeded 2 seconds,,,"[""/net/scratch/hscra/plgrid/plgnasqret/codex-control/projects/euf-viper/runs/20260727T090821Z-braid-qg7-b89c8eb/target/release/euf-viper"",""fabric-solve"",""--engine"",""quotient-portfolio"",""/net/scratch/hscra/plgrid/plgnasqret/codex-control/projects/euf-viper/corpora/9b39c70a794d52277a4e5d83731f0ebc50a2f3b804eb1dfc8cf32766a5ebeadc/smtlib-2025/QF_UF/QF_UF/QG-classification/qg7/gensys_icl003.smt2""]"
47,1,7036,QF_UF/QG-classification/qg7/gensys_icl003.smt2,a57fafad05d0b8b6e2d39cb37b8c1a190462d8daf4b9edefe08fcc0275a121f3,812658,unsat,1,williams_first_order_carryover,6ad653227c3c19559c94ff26e7c6827f5db285b786b909d8b494bd463f6fcf84,1,1,0,1,5,5,braid-1000,braid-1000,"[""braid-0"",""braid-10"",""baseline"",""braid-100"",""braid-10000"",""braid-1000""]",parser_inclusive_subprocess_wall_clock,1,timeout,2.009238989,124,-9,1,timeout,exceeded 2 seconds,,,"[""/net/scratch/hscra/plgrid/plgnasqret/codex-control/projects/euf-viper/runs/20260727T090821Z-braid-qg7-b89c8eb/target/release/euf-viper"",""fabric-solve"",""--engine"",""quotient-portfolio"",""/net/scratch/hscra/plgrid/plgnasqret/codex-control/projects/euf-viper/corpora/9b39c70a794d52277a4e5d83731f0ebc50a2f3b804eb1dfc8cf32766a5ebeadc/smtlib-2025/QF_UF/QF_UF/QG-classification/qg7/gensys_icl003.smt2""]"
48,1,7036,QF_UF/QG-classification/qg7/gensys_icl003.smt2,a57fafad05d0b8b6e2d39cb37b8c1a190462d8daf4b9edefe08fcc0275a121f3,812658,unsat,1,williams_first_order_carryover,6ad653227c3c19559c94ff26e7c6827f5db285b786b909d8b494bd463f6fcf84,2,2,0,2,0,0,braid-10,braid-10,"[""braid-10"",""braid-100"",""braid-0"",""braid-1000"",""baseline"",""braid-10000""]",parser_inclusive_subprocess_wall_clock,1,timeout,2.008819075,124,-9,1,timeout,exceeded 2 seconds,,,"[""/net/scratch/hscra/plgrid/plgnasqret/codex-control/projects/euf-viper/runs/20260727T090821Z-braid-qg7-b89c8eb/target/release/euf-viper"",""fabric-solve"",""--engine"",""quotient-portfolio"",""/net/scratch/hscra/plgrid/plgnasqret/codex-control/projects/euf-viper/corpora/9b39c70a794d52277a4e5d83731f0ebc50a2f3b804eb1dfc8cf32766a5ebeadc/smtlib-2025/QF_UF/QF_UF/QG-classification/qg7/gensys_icl003.smt2""]"
49,1,7036,QF_UF/QG-classification/qg7/gensys_icl003.smt2,a57fafad05d0b8b6e2d39cb37b8c1a190462d8daf4b9edefe08fcc0275a121f3,812658,unsat,1,williams_first_order_carryover,6ad653227c3c19559c94ff26e7c6827f5db285b786b909d8b494bd463f6fcf84,2,2,0,2,1,1,braid-100,braid-100,"[""braid-10"",""braid-100"",""braid-0"",""braid-1000"",""baseline"",""braid-10000""]",parser_inclusive_subprocess_wall_clock,1,timeout,2.007569475,124,-9,1,timeout,exceeded 2 seconds,,,"[""/net/scratch/hscra/plgrid/plgnasqret/codex-control/projects/euf-viper/runs/20260727T090821Z-braid-qg7-b89c8eb/target/release/euf-viper"",""fabric-solve"",""--engine"",""quotient-portfolio"",""/net/scratch/hscra/plgrid/plgnasqret/codex-control/projects/euf-viper/corpora/9b39c70a794d52277a4e5d83731f0ebc50a2f3b804eb1dfc8cf32766a5ebeadc/smtlib-2025/QF_UF/QF_UF/QG-classification/qg7/gensys_icl003.smt2""]"
50,1,7036,QF_UF/QG-classification/qg7/gensys_icl003.smt2,a57fafad05d0b8b6e2d39cb37b8c1a190462d8daf4b9edefe08fcc0275a121f3,812658,unsat,1,williams_first_order_carryover,6ad653227c3c19559c94ff26e7c6827f5db285b786b909d8b494bd463f6fcf84,2,2,0,2,2,2,braid-0,braid-0,"[""braid-10"",""braid-100"",""braid-0"",""braid-1000"",""baseline"",""braid-10000""]",parser_inclusive_subprocess_wall_clock,1,timeout,2.007996812,124,-9,1,timeout,exceeded 2 seconds,,,"[""/net/scratch/hscra/plgrid/plgnasqret/codex-control/projects/euf-viper/runs/20260727T090821Z-braid-qg7-b89c8eb/target/release/euf-viper"",""fabric-solve"",""--engine"",""quotient-portfolio"",""/net/scratch/hscra/plgrid/plgnasqret/codex-control/projects/euf-viper/corpora/9b39c70a794d52277a4e5d83731f0ebc50a2f3b804eb1dfc8cf32766a5ebeadc/smtlib-2025/QF_UF/QF_UF/QG-classification/qg7/gensys_icl003.smt2""]"
51,1,7036,QF_UF/QG-classification/qg7/gensys_icl003.smt2,a57fafad05d0b8b6e2d39cb37b8c1a190462d8daf4b9edefe08fcc0275a121f3,812658,unsat,1,williams_first_order_carryover,6ad653227c3c19559c94ff26e7c6827f5db285b786b909d8b494bd463f6fcf84,2,2,0,2,3,3,braid-1000,braid-1000,"[""braid-10"",""braid-100"",""braid-0"",""braid-1000"",""baseline"",""braid-10000""]",parser_inclusive_subprocess_wall_clock,1,timeout,2.008147440,124,-9,1,timeout,exceeded 2 seconds,,,"[""/net/scratch/hscra/plgrid/plgnasqret/codex-control/projects/euf-viper/runs/20260727T090821Z-braid-qg7-b89c8eb/target/release/euf-viper"",""fabric-solve"",""--engine"",""quotient-portfolio"",""/net/scratch/hscra/plgrid/plgnasqret/codex-control/projects/euf-viper/corpora/9b39c70a794d52277a4e5d83731f0ebc50a2f3b804eb1dfc8cf32766a5ebeadc/smtlib-2025/QF_UF/QF_UF/QG-classification/qg7/gensys_icl003.smt2""]"
52,1,7036,QF_UF/QG-classification/qg7/gensys_icl003.smt2,a57fafad05d0b8b6e2d39cb37b8c1a190462d8daf4b9edefe08fcc0275a121f3,812658,unsat,1,williams_first_order_carryover,6ad653227c3c19559c94ff26e7c6827f5db285b786b909d8b494bd463f6fcf84,2,2,0,2,4,4,baseline,baseline,"[""braid-10"",""braid-100"",""braid-0"",""braid-1000"",""baseline"",""braid-10000""]",parser_inclusive_subprocess_wall_clock,1,timeout,2.007556955,124,-9,1,timeout,exceeded 2 seconds,,,"[""/net/scratch/hscra/plgrid/plgnasqret/codex-control/projects/euf-viper/runs/20260727T090821Z-braid-qg7-b89c8eb/target/release/euf-viper"",""fabric-solve"",""--engine"",""quotient-portfolio"",""/net/scratch/hscra/plgrid/plgnasqret/codex-control/projects/euf-viper/corpora/9b39c70a794d52277a4e5d83731f0ebc50a2f3b804eb1dfc8cf32766a5ebeadc/smtlib-2025/QF_UF/QF_UF/QG-classification/qg7/gensys_icl003.smt2""]"
53,1,7036,QF_UF/QG-classification/qg7/gensys_icl003.smt2,a57fafad05d0b8b6e2d39cb37b8c1a190462d8daf4b9edefe08fcc0275a121f3,812658,unsat,1,williams_first_order_carryover,6ad653227c3c19559c94ff26e7c6827f5db285b786b909d8b494bd463f6fcf84,2,2,0,2,5,5,braid-10000,braid-10000,"[""braid-10"",""braid-100"",""braid-0"",""braid-1000"",""baseline"",""braid-10000""]",parser_inclusive_subprocess_wall_clock,1,timeout,2.007792132,124,-9,1,timeout,exceeded 2 seconds,,,"[""/net/scratch/hscra/plgrid/plgnasqret/codex-control/projects/euf-viper/runs/20260727T090821Z-braid-qg7-b89c8eb/target/release/euf-viper"",""fabric-solve"",""--engine"",""quotient-portfolio"",""/net/scratch/hscra/plgrid/plgnasqret/codex-control/projects/euf-viper/corpora/9b39c70a794d52277a4e5d83731f0ebc50a2f3b804eb1dfc8cf32766a5ebeadc/smtlib-2025/QF_UF/QF_UF/QG-classification/qg7/gensys_icl003.smt2""]"
54,1,7036,QF_UF/QG-classification/qg7/gensys_icl003.smt2,a57fafad05d0b8b6e2d39cb37b8c1a190462d8daf4b9edefe08fcc0275a121f3,812658,unsat,1,williams_first_order_carryover,6ad653227c3c19559c94ff26e7c6827f5db285b786b909d8b494bd463f6fcf84,3,3,0,3,0,0,braid-100,braid-100,"[""braid-100"",""braid-1000"",""braid-10"",""braid-10000"",""braid-0"",""baseline""]",parser_inclusive_subprocess_wall_clock,1,timeout,2.007654820,124,-9,1,timeout,exceeded 2 seconds,,,"[""/net/scratch/hscra/plgrid/plgnasqret/codex-control/projects/euf-viper/runs/20260727T090821Z-braid-qg7-b89c8eb/target/release/euf-viper"",""fabric-solve"",""--engine"",""quotient-portfolio"",""/net/scratch/hscra/plgrid/plgnasqret/codex-control/projects/euf-viper/corpora/9b39c70a794d52277a4e5d83731f0ebc50a2f3b804eb1dfc8cf32766a5ebeadc/smtlib-2025/QF_UF/QF_UF/QG-classification/qg7/gensys_icl003.smt2""]"
55,1,7036,QF_UF/QG-classification/qg7/gensys_icl003.smt2,a57fafad05d0b8b6e2d39cb37b8c1a190462d8daf4b9edefe08fcc0275a121f3,812658,unsat,1,williams_first_order_carryover,6ad653227c3c19559c94ff26e7c6827f5db285b786b909d8b494bd463f6fcf84,3,3,0,3,1,1,braid-1000,braid-1000,"[""braid-100"",""braid-1000"",""braid-10"",""braid-10000"",""braid-0"",""baseline""]",parser_inclusive_subprocess_wall_clock,1,timeout,2.007157853,124,-9,1,timeout,exceeded 2 seconds,,,"[""/net/scratch/hscra/plgrid/plgnasqret/codex-control/projects/euf-viper/runs/20260727T090821Z-braid-qg7-b89c8eb/target/release/euf-viper"",""fabric-solve"",""--engine"",""quotient-portfolio"",""/net/scratch/hscra/plgrid/plgnasqret/codex-control/projects/euf-viper/corpora/9b39c70a794d52277a4e5d83731f0ebc50a2f3b804eb1dfc8cf32766a5ebeadc/smtlib-2025/QF_UF/QF_UF/QG-classification/qg7/gensys_icl003.smt2""]"
56,1,7036,QF_UF/QG-classification/qg7/gensys_icl003.smt2,a57fafad05d0b8b6e2d39cb37b8c1a190462d8daf4b9edefe08fcc0275a121f3,812658,unsat,1,williams_first_order_carryover,6ad653227c3c19559c94ff26e7c6827f5db285b786b909d8b494bd463f6fcf84,3,3,0,3,2,2,braid-10,braid-10,"[""braid-100"",""braid-1000"",""braid-10"",""braid-10000"",""braid-0"",""baseline""]",parser_inclusive_subprocess_wall_clock,1,timeout,2.008947658,124,-9,1,timeout,exceeded 2 seconds,,,"[""/net/scratch/hscra/plgrid/plgnasqret/codex-control/projects/euf-viper/runs/20260727T090821Z-braid-qg7-b89c8eb/target/release/euf-viper"",""fabric-solve"",""--engine"",""quotient-portfolio"",""/net/scratch/hscra/plgrid/plgnasqret/codex-control/projects/euf-viper/corpora/9b39c70a794d52277a4e5d83731f0ebc50a2f3b804eb1dfc8cf32766a5ebeadc/smtlib-2025/QF_UF/QF_UF/QG-classification/qg7/gensys_icl003.smt2""]"
57,1,7036,QF_UF/QG-classification/qg7/gensys_icl003.smt2,a57fafad05d0b8b6e2d39cb37b8c1a190462d8daf4b9edefe08fcc0275a121f3,812658,unsat,1,williams_first_order_carryover,6ad653227c3c19559c94ff26e7c6827f5db285b786b909d8b494bd463f6fcf84,3,3,0,3,3,3,braid-10000,braid-10000,"[""braid-100"",""braid-1000"",""braid-10"",""braid-10000"",""braid-0"",""baseline""]",parser_inclusive_subprocess_wall_clock,1,timeout,2.008018216,124,-9,1,timeout,exceeded 2 seconds,,,"[""/net/scratch/hscra/plgrid/plgnasqret/codex-control/projects/euf-viper/runs/20260727T090821Z-braid-qg7-b89c8eb/target/release/euf-viper"",""fabric-solve"",""--engine"",""quotient-portfolio"",""/net/scratch/hscra/plgrid/plgnasqret/codex-control/projects/euf-viper/corpora/9b39c70a794d52277a4e5d83731f0ebc50a2f3b804eb1dfc8cf32766a5ebeadc/smtlib-2025/QF_UF/QF_UF/QG-classification/qg7/gensys_icl003.smt2""]"
58,1,7036,QF_UF/QG-classification/qg7/gensys_icl003.smt2,a57fafad05d0b8b6e2d39cb37b8c1a190462d8daf4b9edefe08fcc0275a121f3,812658,unsat,1,williams_first_order_carryover,6ad653227c3c19559c94ff26e7c6827f5db285b786b909d8b494bd463f6fcf84,3,3,0,3,4,4,braid-0,braid-0,"[""braid-100"",""braid-1000"",""braid-10"",""braid-10000"",""braid-0"",""baseline""]",parser_inclusive_subprocess_wall_clock,1,timeout,2.008226595,124,-9,1,timeout,exceeded 2 seconds,,,"[""/net/scratch/hscra/plgrid/plgnasqret/codex-control/projects/euf-viper/runs/20260727T090821Z-braid-qg7-b89c8eb/target/release/euf-viper"",""fabric-solve"",""--engine"",""quotient-portfolio"",""/net/scratch/hscra/plgrid/plgnasqret/codex-control/projects/euf-viper/corpora/9b39c70a794d52277a4e5d83731f0ebc50a2f3b804eb1dfc8cf32766a5ebeadc/smtlib-2025/QF_UF/QF_UF/QG-classification/qg7/gensys_icl003.smt2""]"
59,1,7036,QF_UF/QG-classification/qg7/gensys_icl003.smt2,a57fafad05d0b8b6e2d39cb37b8c1a190462d8daf4b9edefe08fcc0275a121f3,812658,unsat,1,williams_first_order_carryover,6ad653227c3c19559c94ff26e7c6827f5db285b786b909d8b494bd463f6fcf84,3,3,0,3,5,5,baseline,baseline,"[""braid-100"",""braid-1000"",""braid-10"",""braid-10000"",""braid-0"",""baseline""]",parser_inclusive_subprocess_wall_clock,1,timeout,2.007384312,124,-9,1,timeout,exceeded 2 seconds,,,"[""/net/scratch/hscra/plgrid/plgnasqret/codex-control/projects/euf-viper/runs/20260727T090821Z-braid-qg7-b89c8eb/target/release/euf-viper"",""fabric-solve"",""--engine"",""quotient-portfolio"",""/net/scratch/hscra/plgrid/plgnasqret/codex-control/projects/euf-viper/corpora/9b39c70a794d52277a4e5d83731f0ebc50a2f3b804eb1dfc8cf32766a5ebeadc/smtlib-2025/QF_UF/QF_UF/QG-classification/qg7/gensys_icl003.smt2""]"
60,1,7036,QF_UF/QG-classification/qg7/gensys_icl003.smt2,a57fafad05d0b8b6e2d39cb37b8c1a190462d8daf4b9edefe08fcc0275a121f3,812658,unsat,1,williams_first_order_carryover,6ad653227c3c19559c94ff26e7c6827f5db285b786b909d8b494bd463f6fcf84,4,4,0,4,0,0,braid-1000,braid-1000,"[""braid-1000"",""braid-10000"",""braid-100"",""baseline"",""braid-10"",""braid-0""]",parser_inclusive_subprocess_wall_clock,1,timeout,2.009291963,124,-9,1,timeout,exceeded 2 seconds,,,"[""/net/scratch/hscra/plgrid/plgnasqret/codex-control/projects/euf-viper/runs/20260727T090821Z-braid-qg7-b89c8eb/target/release/euf-viper"",""fabric-solve"",""--engine"",""quotient-portfolio"",""/net/scratch/hscra/plgrid/plgnasqret/codex-control/projects/euf-viper/corpora/9b39c70a794d52277a4e5d83731f0ebc50a2f3b804eb1dfc8cf32766a5ebeadc/smtlib-2025/QF_UF/QF_UF/QG-classification/qg7/gensys_icl003.smt2""]"
61,1,7036,QF_UF/QG-classification/qg7/gensys_icl003.smt2,a57fafad05d0b8b6e2d39cb37b8c1a190462d8daf4b9edefe08fcc0275a121f3,812658,unsat,1,williams_first_order_carryover,6ad653227c3c19559c94ff26e7c6827f5db285b786b909d8b494bd463f6fcf84,4,4,0,4,1,1,braid-10000,braid-10000,"[""braid-1000"",""braid-10000"",""braid-100"",""baseline"",""braid-10"",""braid-0""]",parser_inclusive_subprocess_wall_clock,1,timeout,2.008497134,124,-9,1,timeout,exceeded 2 seconds,,,"[""/net/scratch/hscra/plgrid/plgnasqret/codex-control/projects/euf-viper/runs/20260727T090821Z-braid-qg7-b89c8eb/target/release/euf-viper"",""fabric-solve"",""--engine"",""quotient-portfolio"",""/net/scratch/hscra/plgrid/plgnasqret/codex-control/projects/euf-viper/corpora/9b39c70a794d52277a4e5d83731f0ebc50a2f3b804eb1dfc8cf32766a5ebeadc/smtlib-2025/QF_UF/QF_UF/QG-classification/qg7/gensys_icl003.smt2""]"
62,1,7036,QF_UF/QG-classification/qg7/gensys_icl003.smt2,a57fafad05d0b8b6e2d39cb37b8c1a190462d8daf4b9edefe08fcc0275a121f3,812658,unsat,1,williams_first_order_carryover,6ad653227c3c19559c94ff26e7c6827f5db285b786b909d8b494bd463f6fcf84,4,4,0,4,2,2,braid-100,braid-100,"[""braid-1000"",""braid-10000"",""braid-100"",""baseline"",""braid-10"",""braid-0""]",parser_inclusive_subprocess_wall_clock,1,timeout,2.006672796,124,-9,1,timeout,exceeded 2 seconds,,,"[""/net/scratch/hscra/plgrid/plgnasqret/codex-control/projects/euf-viper/runs/20260727T090821Z-braid-qg7-b89c8eb/target/release/euf-viper"",""fabric-solve"",""--engine"",""quotient-portfolio"",""/net/scratch/hscra/plgrid/plgnasqret/codex-control/projects/euf-viper/corpora/9b39c70a794d52277a4e5d83731f0ebc50a2f3b804eb1dfc8cf32766a5ebeadc/smtlib-2025/QF_UF/QF_UF/QG-classification/qg7/gensys_icl003.smt2""]"
63,1,7036,QF_UF/QG-classification/qg7/gensys_icl003.smt2,a57fafad05d0b8b6e2d39cb37b8c1a190462d8daf4b9edefe08fcc0275a121f3,812658,unsat,1,williams_first_order_carryover,6ad653227c3c19559c94ff26e7c6827f5db285b786b909d8b494bd463f6fcf84,4,4,0,4,3,3,baseline,baseline,"[""braid-1000"",""braid-10000"",""braid-100"",""baseline"",""braid-10"",""braid-0""]",parser_inclusive_subprocess_wall_clock,1,timeout,2.006219558,124,-9,1,timeout,exceeded 2 seconds,,,"[""/net/scratch/hscra/plgrid/plgnasqret/codex-control/projects/euf-viper/runs/20260727T090821Z-braid-qg7-b89c8eb/target/release/euf-viper"",""fabric-solve"",""--engine"",""quotient-portfolio"",""/net/scratch/hscra/plgrid/plgnasqret/codex-control/projects/euf-viper/corpora/9b39c70a794d52277a4e5d83731f0ebc50a2f3b804eb1dfc8cf32766a5ebeadc/smtlib-2025/QF_UF/QF_UF/QG-classification/qg7/gensys_icl003.smt2""]"
64,1,7036,QF_UF/QG-classification/qg7/gensys_icl003.smt2,a57fafad05d0b8b6e2d39cb37b8c1a190462d8daf4b9edefe08fcc0275a121f3,812658,unsat,1,williams_first_order_carryover,6ad653227c3c19559c94ff26e7c6827f5db285b786b909d8b494bd463f6fcf84,4,4,0,4,4,4,braid-10,braid-10,"[""braid-1000"",""braid-10000"",""braid-100"",""baseline"",""braid-10"",""braid-0""]",parser_inclusive_subprocess_wall_clock,1,timeout,2.008013298,124,-9,1,timeout,exceeded 2 seconds,,,"[""/net/scratch/hscra/plgrid/plgnasqret/codex-control/projects/euf-viper/runs/20260727T090821Z-braid-qg7-b89c8eb/target/release/euf-viper"",""fabric-solve"",""--engine"",""quotient-portfolio"",""/net/scratch/hscra/plgrid/plgnasqret/codex-control/projects/euf-viper/corpora/9b39c70a794d52277a4e5d83731f0ebc50a2f3b804eb1dfc8cf32766a5ebeadc/smtlib-2025/QF_UF/QF_UF/QG-classification/qg7/gensys_icl003.smt2""]"
65,1,7036,QF_UF/QG-classification/qg7/gensys_icl003.smt2,a57fafad05d0b8b6e2d39cb37b8c1a190462d8daf4b9edefe08fcc0275a121f3,812658,unsat,1,williams_first_order_carryover,6ad653227c3c19559c94ff26e7c6827f5db285b786b909d8b494bd463f6fcf84,4,4,0,4,5,5,braid-0,braid-0,"[""braid-1000"",""braid-10000"",""braid-100"",""baseline"",""braid-10"",""braid-0""]",parser_inclusive_subprocess_wall_clock,1,timeout,2.008665341,124,-9,1,timeout,exceeded 2 seconds,,,"[""/net/scratch/hscra/plgrid/plgnasqret/codex-control/projects/euf-viper/runs/20260727T090821Z-braid-qg7-b89c8eb/target/release/euf-viper"",""fabric-solve"",""--engine"",""quotient-portfolio"",""/net/scratch/hscra/plgrid/plgnasqret/codex-control/projects/euf-viper/corpora/9b39c70a794d52277a4e5d83731f0ebc50a2f3b804eb1dfc8cf32766a5ebeadc/smtlib-2025/QF_UF/QF_UF/QG-classification/qg7/gensys_icl003.smt2""]"
66,1,7036,QF_UF/QG-classification/qg7/gensys_icl003.smt2,a57fafad05d0b8b6e2d39cb37b8c1a190462d8daf4b9edefe08fcc0275a121f3,812658,unsat,1,williams_first_order_carryover,6ad653227c3c19559c94ff26e7c6827f5db285b786b909d8b494bd463f6fcf84,5,5,0,5,0,0,braid-10000,braid-10000,"[""braid-10000"",""baseline"",""braid-1000"",""braid-0"",""braid-100"",""braid-10""]",parser_inclusive_subprocess_wall_clock,1,timeout,2.007717330,124,-9,1,timeout,exceeded 2 seconds,,,"[""/net/scratch/hscra/plgrid/plgnasqret/codex-control/projects/euf-viper/runs/20260727T090821Z-braid-qg7-b89c8eb/target/release/euf-viper"",""fabric-solve"",""--engine"",""quotient-portfolio"",""/net/scratch/hscra/plgrid/plgnasqret/codex-control/projects/euf-viper/corpora/9b39c70a794d52277a4e5d83731f0ebc50a2f3b804eb1dfc8cf32766a5ebeadc/smtlib-2025/QF_UF/QF_UF/QG-classification/qg7/gensys_icl003.smt2""]"
67,1,7036,QF_UF/QG-classification/qg7/gensys_icl003.smt2,a57fafad05d0b8b6e2d39cb37b8c1a190462d8daf4b9edefe08fcc0275a121f3,812658,unsat,1,williams_first_order_carryover,6ad653227c3c19559c94ff26e7c6827f5db285b786b909d8b494bd463f6fcf84,5,5,0,5,1,1,baseline,baseline,"[""braid-10000"",""baseline"",""braid-1000"",""braid-0"",""braid-100"",""braid-10""]",parser_inclusive_subprocess_wall_clock,1,timeout,2.006331715,124,-9,1,timeout,exceeded 2 seconds,,,"[""/net/scratch/hscra/plgrid/plgnasqret/codex-control/projects/euf-viper/runs/20260727T090821Z-braid-qg7-b89c8eb/target/release/euf-viper"",""fabric-solve"",""--engine"",""quotient-portfolio"",""/net/scratch/hscra/plgrid/plgnasqret/codex-control/projects/euf-viper/corpora/9b39c70a794d52277a4e5d83731f0ebc50a2f3b804eb1dfc8cf32766a5ebeadc/smtlib-2025/QF_UF/QF_UF/QG-classification/qg7/gensys_icl003.smt2""]"
68,1,7036,QF_UF/QG-classification/qg7/gensys_icl003.smt2,a57fafad05d0b8b6e2d39cb37b8c1a190462d8daf4b9edefe08fcc0275a121f3,812658,unsat,1,williams_first_order_carryover,6ad653227c3c19559c94ff26e7c6827f5db285b786b909d8b494bd463f6fcf84,5,5,0,5,2,2,braid-1000,braid-1000,"[""braid-10000"",""baseline"",""braid-1000"",""braid-0"",""braid-100"",""braid-10""]",parser_inclusive_subprocess_wall_clock,1,timeout,2.008711624,124,-9,1,timeout,exceeded 2 seconds,,,"[""/net/scratch/hscra/plgrid/plgnasqret/codex-control/projects/euf-viper/runs/20260727T090821Z-braid-qg7-b89c8eb/target/release/euf-viper"",""fabric-solve"",""--engine"",""quotient-portfolio"",""/net/scratch/hscra/plgrid/plgnasqret/codex-control/projects/euf-viper/corpora/9b39c70a794d52277a4e5d83731f0ebc50a2f3b804eb1dfc8cf32766a5ebeadc/smtlib-2025/QF_UF/QF_UF/QG-classification/qg7/gensys_icl003.smt2""]"
69,1,7036,QF_UF/QG-classification/qg7/gensys_icl003.smt2,a57fafad05d0b8b6e2d39cb37b8c1a190462d8daf4b9edefe08fcc0275a121f3,812658,unsat,1,williams_first_order_carryover,6ad653227c3c19559c94ff26e7c6827f5db285b786b909d8b494bd463f6fcf84,5,5,0,5,3,3,braid-0,braid-0,"[""braid-10000"",""baseline"",""braid-1000"",""braid-0"",""braid-100"",""braid-10""]",parser_inclusive_subprocess_wall_clock,1,timeout,2.008281533,124,-9,1,timeout,exceeded 2 seconds,,,"[""/net/scratch/hscra/plgrid/plgnasqret/codex-control/projects/euf-viper/runs/20260727T090821Z-braid-qg7-b89c8eb/target/release/euf-viper"",""fabric-solve"",""--engine"",""quotient-portfolio"",""/net/scratch/hscra/plgrid/plgnasqret/codex-control/projects/euf-viper/corpora/9b39c70a794d52277a4e5d83731f0ebc50a2f3b804eb1dfc8cf32766a5ebeadc/smtlib-2025/QF_UF/QF_UF/QG-classification/qg7/gensys_icl003.smt2""]"
70,1,7036,QF_UF/QG-classification/qg7/gensys_icl003.smt2,a57fafad05d0b8b6e2d39cb37b8c1a190462d8daf4b9edefe08fcc0275a121f3,812658,unsat,1,williams_first_order_carryover,6ad653227c3c19559c94ff26e7c6827f5db285b786b909d8b494bd463f6fcf84,5,5,0,5,4,4,braid-100,braid-100,"[""braid-10000"",""baseline"",""braid-1000"",""braid-0"",""braid-100"",""braid-10""]",parser_inclusive_subprocess_wall_clock,1,timeout,2.008180423,124,-9,1,timeout,exceeded 2 seconds,,,"[""/net/scratch/hscra/plgrid/plgnasqret/codex-control/projects/euf-viper/runs/20260727T090821Z-braid-qg7-b89c8eb/target/release/euf-viper"",""fabric-solve"",""--engine"",""quotient-portfolio"",""/net/scratch/hscra/plgrid/plgnasqret/codex-control/projects/euf-viper/corpora/9b39c70a794d52277a4e5d83731f0ebc50a2f3b804eb1dfc8cf32766a5ebeadc/smtlib-2025/QF_UF/QF_UF/QG-classification/qg7/gensys_icl003.smt2""]"
71,1,7036,QF_UF/QG-classification/qg7/gensys_icl003.smt2,a57fafad05d0b8b6e2d39cb37b8c1a190462d8daf4b9edefe08fcc0275a121f3,812658,unsat,1,williams_first_order_carryover,6ad653227c3c19559c94ff26e7c6827f5db285b786b909d8b494bd463f6fcf84,5,5,0,5,5,5,braid-10,braid-10,"[""braid-10000"",""baseline"",""braid-1000"",""braid-0"",""braid-100"",""braid-10""]",parser_inclusive_subprocess_wall_clock,1,timeout,2.007963890,124,-9,1,timeout,exceeded 2 seconds,,,"[""/net/scratch/hscra/plgrid/plgnasqret/codex-control/projects/euf-viper/runs/20260727T090821Z-braid-qg7-b89c8eb/target/release/euf-viper"",""fabric-solve"",""--engine"",""quotient-portfolio"",""/net/scratch/hscra/plgrid/plgnasqret/codex-control/projects/euf-viper/corpora/9b39c70a794d52277a4e5d83731f0ebc50a2f3b804eb1dfc8cf32766a5ebeadc/smtlib-2025/QF_UF/QF_UF/QG-classification/qg7/gensys_icl003.smt2""]"
72,2,7102,QF_UF/QG-classification/qg7/iso_brn_nogen003.smt2,f8b7edd9a2a299c90a09146db1c699f5129e672debad40061a74e50bddd79ee1,6009433,sat,1,williams_first_order_carryover,6ad653227c3c19559c94ff26e7c6827f5db285b786b909d8b494bd463f6fcf84,0,0,0,0,0,0,baseline,baseline,"[""baseline"",""braid-0"",""braid-10000"",""braid-10"",""braid-1000"",""braid-100""]",parser_inclusive_subprocess_wall_clock,1,sat,0.332909004,0,0,0,,,"sat
",,"[""/net/scratch/hscra/plgrid/plgnasqret/codex-control/projects/euf-viper/runs/20260727T090821Z-braid-qg7-b89c8eb/target/release/euf-viper"",""fabric-solve"",""--engine"",""quotient-portfolio"",""/net/scratch/hscra/plgrid/plgnasqret/codex-control/projects/euf-viper/corpora/9b39c70a794d52277a4e5d83731f0ebc50a2f3b804eb1dfc8cf32766a5ebeadc/smtlib-2025/QF_UF/QF_UF/QG-classification/qg7/iso_brn_nogen003.smt2""]"
73,2,7102,QF_UF/QG-classification/qg7/iso_brn_nogen003.smt2,f8b7edd9a2a299c90a09146db1c699f5129e672debad40061a74e50bddd79ee1,6009433,sat,1,williams_first_order_carryover,6ad653227c3c19559c94ff26e7c6827f5db285b786b909d8b494bd463f6fcf84,0,0,0,0,1,1,braid-0,braid-0,"[""baseline"",""braid-0"",""braid-10000"",""braid-10"",""braid-1000"",""braid-100""]",parser_inclusive_subprocess_wall_clock,1,sat,0.319744747,0,0,0,,,"sat
",,"[""/net/scratch/hscra/plgrid/plgnasqret/codex-control/projects/euf-viper/runs/20260727T090821Z-braid-qg7-b89c8eb/target/release/euf-viper"",""fabric-solve"",""--engine"",""quotient-portfolio"",""/net/scratch/hscra/plgrid/plgnasqret/codex-control/projects/euf-viper/corpora/9b39c70a794d52277a4e5d83731f0ebc50a2f3b804eb1dfc8cf32766a5ebeadc/smtlib-2025/QF_UF/QF_UF/QG-classification/qg7/iso_brn_nogen003.smt2""]"
74,2,7102,QF_UF/QG-classification/qg7/iso_brn_nogen003.smt2,f8b7edd9a2a299c90a09146db1c699f5129e672debad40061a74e50bddd79ee1,6009433,sat,1,williams_first_order_carryover,6ad653227c3c19559c94ff26e7c6827f5db285b786b909d8b494bd463f6fcf84,0,0,0,0,2,2,braid-10000,braid-10000,"[""baseline"",""braid-0"",""braid-10000"",""braid-10"",""braid-1000"",""braid-100""]",parser_inclusive_subprocess_wall_clock,1,sat,0.319224033,0,0,0,,,"sat
",,"[""/net/scratch/hscra/plgrid/plgnasqret/codex-control/projects/euf-viper/runs/20260727T090821Z-braid-qg7-b89c8eb/target/release/euf-viper"",""fabric-solve"",""--engine"",""quotient-portfolio"",""/net/scratch/hscra/plgrid/plgnasqret/codex-control/projects/euf-viper/corpora/9b39c70a794d52277a4e5d83731f0ebc50a2f3b804eb1dfc8cf32766a5ebeadc/smtlib-2025/QF_UF/QF_UF/QG-classification/qg7/iso_brn_nogen003.smt2""]"
75,2,7102,QF_UF/QG-classification/qg7/iso_brn_nogen003.smt2,f8b7edd9a2a299c90a09146db1c699f5129e672debad40061a74e50bddd79ee1,6009433,sat,1,williams_first_order_carryover,6ad653227c3c19559c94ff26e7c6827f5db285b786b909d8b494bd463f6fcf84,0,0,0,0,3,3,braid-10,braid-10,"[""baseline"",""braid-0"",""braid-10000"",""braid-10"",""braid-1000"",""braid-100""]",parser_inclusive_subprocess_wall_clock,1,sat,0.325387393,0,0,0,,,"sat
",,"[""/net/scratch/hscra/plgrid/plgnasqret/codex-control/projects/euf-viper/runs/20260727T090821Z-braid-qg7-b89c8eb/target/release/euf-viper"",""fabric-solve"",""--engine"",""quotient-portfolio"",""/net/scratch/hscra/plgrid/plgnasqret/codex-control/projects/euf-viper/corpora/9b39c70a794d52277a4e5d83731f0ebc50a2f3b804eb1dfc8cf32766a5ebeadc/smtlib-2025/QF_UF/QF_UF/QG-classification/qg7/iso_brn_nogen003.smt2""]"
76,2,7102,QF_UF/QG-classification/qg7/iso_brn_nogen003.smt2,f8b7edd9a2a299c90a09146db1c699f5129e672debad40061a74e50bddd79ee1,6009433,sat,1,williams_first_order_carryover,6ad653227c3c19559c94ff26e7c6827f5db285b786b909d8b494bd463f6fcf84,0,0,0,0,4,4,braid-1000,braid-1000,"[""baseline"",""braid-0"",""braid-10000"",""braid-10"",""braid-1000"",""braid-100""]",parser_inclusive_subprocess_wall_clock,1,sat,0.325801759,0,0,0,,,"sat
",,"[""/net/scratch/hscra/plgrid/plgnasqret/codex-control/projects/euf-viper/runs/20260727T090821Z-braid-qg7-b89c8eb/target/release/euf-viper"",""fabric-solve"",""--engine"",""quotient-portfolio"",""/net/scratch/hscra/plgrid/plgnasqret/codex-control/projects/euf-viper/corpora/9b39c70a794d52277a4e5d83731f0ebc50a2f3b804eb1dfc8cf32766a5ebeadc/smtlib-2025/QF_UF/QF_UF/QG-classification/qg7/iso_brn_nogen003.smt2""]"
77,2,7102,QF_UF/QG-classification/qg7/iso_brn_nogen003.smt2,f8b7edd9a2a299c90a09146db1c699f5129e672debad40061a74e50bddd79ee1,6009433,sat,1,williams_first_order_carryover,6ad653227c3c19559c94ff26e7c6827f5db285b786b909d8b494bd463f6fcf84,0,0,0,0,5,5,braid-100,braid-100,"[""baseline"",""braid-0"",""braid-10000"",""braid-10"",""braid-1000"",""braid-100""]",parser_inclusive_subprocess_wall_clock,1,sat,0.353748636,0,0,0,,,"sat
",,"[""/net/scratch/hscra/plgrid/plgnasqret/codex-control/projects/euf-viper/runs/20260727T090821Z-braid-qg7-b89c8eb/target/release/euf-viper"",""fabric-solve"",""--engine"",""quotient-portfolio"",""/net/scratch/hscra/plgrid/plgnasqret/codex-control/projects/euf-viper/corpora/9b39c70a794d52277a4e5d83731f0ebc50a2f3b804eb1dfc8cf32766a5ebeadc/smtlib-2025/QF_UF/QF_UF/QG-classification/qg7/iso_brn_nogen003.smt2""]"
78,2,7102,QF_UF/QG-classification/qg7/iso_brn_nogen003.smt2,f8b7edd9a2a299c90a09146db1c699f5129e672debad40061a74e50bddd79ee1,6009433,sat,1,williams_first_order_carryover,6ad653227c3c19559c94ff26e7c6827f5db285b786b909d8b494bd463f6fcf84,1,1,0,1,0,0,braid-0,braid-0,"[""braid-0"",""braid-10"",""baseline"",""braid-100"",""braid-10000"",""braid-1000""]",parser_inclusive_subprocess_wall_clock,1,sat,0.330864407,0,0,0,,,"sat
",,"[""/net/scratch/hscra/plgrid/plgnasqret/codex-control/projects/euf-viper/runs/20260727T090821Z-braid-qg7-b89c8eb/target/release/euf-viper"",""fabric-solve"",""--engine"",""quotient-portfolio"",""/net/scratch/hscra/plgrid/plgnasqret/codex-control/projects/euf-viper/corpora/9b39c70a794d52277a4e5d83731f0ebc50a2f3b804eb1dfc8cf32766a5ebeadc/smtlib-2025/QF_UF/QF_UF/QG-classification/qg7/iso_brn_nogen003.smt2""]"
79,2,7102,QF_UF/QG-classification/qg7/iso_brn_nogen003.smt2,f8b7edd9a2a299c90a09146db1c699f5129e672debad40061a74e50bddd79ee1,6009433,sat,1,williams_first_order_carryover,6ad653227c3c19559c94ff26e7c6827f5db285b786b909d8b494bd463f6fcf84,1,1,0,1,1,1,braid-10,braid-10,"[""braid-0"",""braid-10"",""baseline"",""braid-100"",""braid-10000"",""braid-1000""]",parser_inclusive_subprocess_wall_clock,1,sat,0.344825786,0,0,0,,,"sat
",,"[""/net/scratch/hscra/plgrid/plgnasqret/codex-control/projects/euf-viper/runs/20260727T090821Z-braid-qg7-b89c8eb/target/release/euf-viper"",""fabric-solve"",""--engine"",""quotient-portfolio"",""/net/scratch/hscra/plgrid/plgnasqret/codex-control/projects/euf-viper/corpora/9b39c70a794d52277a4e5d83731f0ebc50a2f3b804eb1dfc8cf32766a5ebeadc/smtlib-2025/QF_UF/QF_UF/QG-classification/qg7/iso_brn_nogen003.smt2""]"
80,2,7102,QF_UF/QG-classification/qg7/iso_brn_nogen003.smt2,f8b7edd9a2a299c90a09146db1c699f5129e672debad40061a74e50bddd79ee1,6009433,sat,1,williams_first_order_carryover,6ad653227c3c19559c94ff26e7c6827f5db285b786b909d8b494bd463f6fcf84,1,1,0,1,2,2,baseline,baseline,"[""braid-0"",""braid-10"",""baseline"",""braid-100"",""braid-10000"",""braid-1000""]",parser_inclusive_subprocess_wall_clock,1,sat,0.363732848,0,0,0,,,"sat
",,"[""/net/scratch/hscra/plgrid/plgnasqret/codex-control/projects/euf-viper/runs/20260727T090821Z-braid-qg7-b89c8eb/target/release/euf-viper"",""fabric-solve"",""--engine"",""quotient-portfolio"",""/net/scratch/hscra/plgrid/plgnasqret/codex-control/projects/euf-viper/corpora/9b39c70a794d52277a4e5d83731f0ebc50a2f3b804eb1dfc8cf32766a5ebeadc/smtlib-2025/QF_UF/QF_UF/QG-classification/qg7/iso_brn_nogen003.smt2""]"
81,2,7102,QF_UF/QG-classification/qg7/iso_brn_nogen003.smt2,f8b7edd9a2a299c90a09146db1c699f5129e672debad40061a74e50bddd79ee1,6009433,sat,1,williams_first_order_carryover,6ad653227c3c19559c94ff26e7c6827f5db285b786b909d8b494bd463f6fcf84,1,1,0,1,3,3,braid-100,braid-100,"[""braid-0"",""braid-10"",""baseline"",""braid-100"",""braid-10000"",""braid-1000""]",parser_inclusive_subprocess_wall_clock,1,sat,0.368629322,0,0,0,,,"sat
",,"[""/net/scratch/hscra/plgrid/plgnasqret/codex-control/projects/euf-viper/runs/20260727T090821Z-braid-qg7-b89c8eb/target/release/euf-viper"",""fabric-solve"",""--engine"",""quotient-portfolio"",""/net/scratch/hscra/plgrid/plgnasqret/codex-control/projects/euf-viper/corpora/9b39c70a794d52277a4e5d83731f0ebc50a2f3b804eb1dfc8cf32766a5ebeadc/smtlib-2025/QF_UF/QF_UF/QG-classification/qg7/iso_brn_nogen003.smt2""]"
82,2,7102,QF_UF/QG-classification/qg7/iso_brn_nogen003.smt2,f8b7edd9a2a299c90a09146db1c699f5129e672debad40061a74e50bddd79ee1,6009433,sat,1,williams_first_order_carryover,6ad653227c3c19559c94ff26e7c6827f5db285b786b909d8b494bd463f6fcf84,1,1,0,1,4,4,braid-10000,braid-10000,"[""braid-0"",""braid-10"",""baseline"",""braid-100"",""braid-10000"",""braid-1000""]",parser_inclusive_subprocess_wall_clock,1,sat,0.389912567,0,0,0,,,"sat
",,"[""/net/scratch/hscra/plgrid/plgnasqret/codex-control/projects/euf-viper/runs/20260727T090821Z-braid-qg7-b89c8eb/target/release/euf-viper"",""fabric-solve"",""--engine"",""quotient-portfolio"",""/net/scratch/hscra/plgrid/plgnasqret/codex-control/projects/euf-viper/corpora/9b39c70a794d52277a4e5d83731f0ebc50a2f3b804eb1dfc8cf32766a5ebeadc/smtlib-2025/QF_UF/QF_UF/QG-classification/qg7/iso_brn_nogen003.smt2""]"
83,2,7102,QF_UF/QG-classification/qg7/iso_brn_nogen003.smt2,f8b7edd9a2a299c90a09146db1c699f5129e672debad40061a74e50bddd79ee1,6009433,sat,1,williams_first_order_carryover,6ad653227c3c19559c94ff26e7c6827f5db285b786b909d8b494bd463f6fcf84,1,1,0,1,5,5,braid-1000,braid-1000,"[""braid-0"",""braid-10"",""baseline"",""braid-100"",""braid-10000"",""braid-1000""]",parser_inclusive_subprocess_wall_clock,1,sat,0.328127412,0,0,0,,,"sat
",,"[""/net/scratch/hscra/plgrid/plgnasqret/codex-control/projects/euf-viper/runs/20260727T090821Z-braid-qg7-b89c8eb/target/release/euf-viper"",""fabric-solve"",""--engine"",""quotient-portfolio"",""/net/scratch/hscra/plgrid/plgnasqret/codex-control/projects/euf-viper/corpora/9b39c70a794d52277a4e5d83731f0ebc50a2f3b804eb1dfc8cf32766a5ebeadc/smtlib-2025/QF_UF/QF_UF/QG-classification/qg7/iso_brn_nogen003.smt2""]"
84,2,7102,QF_UF/QG-classification/qg7/iso_brn_nogen003.smt2,f8b7edd9a2a299c90a09146db1c699f5129e672debad40061a74e50bddd79ee1,6009433,sat,1,williams_first_order_carryover,6ad653227c3c19559c94ff26e7c6827f5db285b786b909d8b494bd463f6fcf84,2,2,0,2,0,0,braid-10,braid-10,"[""braid-10"",""braid-100"",""braid-0"",""braid-1000"",""baseline"",""braid-10000""]",parser_inclusive_subprocess_wall_clock,1,sat,0.319800876,0,0,0,,,"sat
",,"[""/net/scratch/hscra/plgrid/plgnasqret/codex-control/projects/euf-viper/runs/20260727T090821Z-braid-qg7-b89c8eb/target/release/euf-viper"",""fabric-solve"",""--engine"",""quotient-portfolio"",""/net/scratch/hscra/plgrid/plgnasqret/codex-control/projects/euf-viper/corpora/9b39c70a794d52277a4e5d83731f0ebc50a2f3b804eb1dfc8cf32766a5ebeadc/smtlib-2025/QF_UF/QF_UF/QG-classification/qg7/iso_brn_nogen003.smt2""]"
85,2,7102,QF_UF/QG-classification/qg7/iso_brn_nogen003.smt2,f8b7edd9a2a299c90a09146db1c699f5129e672debad40061a74e50bddd79ee1,6009433,sat,1,williams_first_order_carryover,6ad653227c3c19559c94ff26e7c6827f5db285b786b909d8b494bd463f6fcf84,2,2,0,2,1,1,braid-100,braid-100,"[""braid-10"",""braid-100"",""braid-0"",""braid-1000"",""baseline"",""braid-10000""]",parser_inclusive_subprocess_wall_clock,1,sat,0.328055469,0,0,0,,,"sat
",,"[""/net/scratch/hscra/plgrid/plgnasqret/codex-control/projects/euf-viper/runs/20260727T090821Z-braid-qg7-b89c8eb/target/release/euf-viper"",""fabric-solve"",""--engine"",""quotient-portfolio"",""/net/scratch/hscra/plgrid/plgnasqret/codex-control/projects/euf-viper/corpora/9b39c70a794d52277a4e5d83731f0ebc50a2f3b804eb1dfc8cf32766a5ebeadc/smtlib-2025/QF_UF/QF_UF/QG-classification/qg7/iso_brn_nogen003.smt2""]"
86,2,7102,QF_UF/QG-classification/qg7/iso_brn_nogen003.smt2,f8b7edd9a2a299c90a09146db1c699f5129e672debad40061a74e50bddd79ee1,6009433,sat,1,williams_first_order_carryover,6ad653227c3c19559c94ff26e7c6827f5db285b786b909d8b494bd463f6fcf84,2,2,0,2,2,2,braid-0,braid-0,"[""braid-10"",""braid-100"",""braid-0"",""braid-1000"",""baseline"",""braid-10000""]",parser_inclusive_subprocess_wall_clock,1,sat,0.329621669,0,0,0,,,"sat
",,"[""/net/scratch/hscra/plgrid/plgnasqret/codex-control/projects/euf-viper/runs/20260727T090821Z-braid-qg7-b89c8eb/target/release/euf-viper"",""fabric-solve"",""--engine"",""quotient-portfolio"",""/net/scratch/hscra/plgrid/plgnasqret/codex-control/projects/euf-viper/corpora/9b39c70a794d52277a4e5d83731f0ebc50a2f3b804eb1dfc8cf32766a5ebeadc/smtlib-2025/QF_UF/QF_UF/QG-classification/qg7/iso_brn_nogen003.smt2""]"
87,2,7102,QF_UF/QG-classification/qg7/iso_brn_nogen003.smt2,f8b7edd9a2a299c90a09146db1c699f5129e672debad40061a74e50bddd79ee1,6009433,sat,1,williams_first_order_carryover,6ad653227c3c19559c94ff26e7c6827f5db285b786b909d8b494bd463f6fcf84,2,2,0,2,3,3,braid-1000,braid-1000,"[""braid-10"",""braid-100"",""braid-0"",""braid-1000"",""baseline"",""braid-10000""]",parser_inclusive_subprocess_wall_clock,1,sat,0.334641448,0,0,0,,,"sat
",,"[""/net/scratch/hscra/plgrid/plgnasqret/codex-control/projects/euf-viper/runs/20260727T090821Z-braid-qg7-b89c8eb/target/release/euf-viper"",""fabric-solve"",""--engine"",""quotient-portfolio"",""/net/scratch/hscra/plgrid/plgnasqret/codex-control/projects/euf-viper/corpora/9b39c70a794d52277a4e5d83731f0ebc50a2f3b804eb1dfc8cf32766a5ebeadc/smtlib-2025/QF_UF/QF_UF/QG-classification/qg7/iso_brn_nogen003.smt2""]"
88,2,7102,QF_UF/QG-classification/qg7/iso_brn_nogen003.smt2,f8b7edd9a2a299c90a09146db1c699f5129e672debad40061a74e50bddd79ee1,6009433,sat,1,williams_first_order_carryover,6ad653227c3c19559c94ff26e7c6827f5db285b786b909d8b494bd463f6fcf84,2,2,0,2,4,4,baseline,baseline,"[""braid-10"",""braid-100"",""braid-0"",""braid-1000"",""baseline"",""braid-10000""]",parser_inclusive_subprocess_wall_clock,1,sat,0.339355614,0,0,0,,,"sat
",,"[""/net/scratch/hscra/plgrid/plgnasqret/codex-control/projects/euf-viper/runs/20260727T090821Z-braid-qg7-b89c8eb/target/release/euf-viper"",""fabric-solve"",""--engine"",""quotient-portfolio"",""/net/scratch/hscra/plgrid/plgnasqret/codex-control/projects/euf-viper/corpora/9b39c70a794d52277a4e5d83731f0ebc50a2f3b804eb1dfc8cf32766a5ebeadc/smtlib-2025/QF_UF/QF_UF/QG-classification/qg7/iso_brn_nogen003.smt2""]"
89,2,7102,QF_UF/QG-classification/qg7/iso_brn_nogen003.smt2,f8b7edd9a2a299c90a09146db1c699f5129e672debad40061a74e50bddd79ee1,6009433,sat,1,williams_first_order_carryover,6ad653227c3c19559c94ff26e7c6827f5db285b786b909d8b494bd463f6fcf84,2,2,0,2,5,5,braid-10000,braid-10000,"[""braid-10"",""braid-100"",""braid-0"",""braid-1000"",""baseline"",""braid-10000""]",parser_inclusive_subprocess_wall_clock,1,sat,0.355659202,0,0,0,,,"sat
",,"[""/net/scratch/hscra/plgrid/plgnasqret/codex-control/projects/euf-viper/runs/20260727T090821Z-braid-qg7-b89c8eb/target/release/euf-viper"",""fabric-solve"",""--engine"",""quotient-portfolio"",""/net/scratch/hscra/plgrid/plgnasqret/codex-control/projects/euf-viper/corpora/9b39c70a794d52277a4e5d83731f0ebc50a2f3b804eb1dfc8cf32766a5ebeadc/smtlib-2025/QF_UF/QF_UF/QG-classification/qg7/iso_brn_nogen003.smt2""]"
90,2,7102,QF_UF/QG-classification/qg7/iso_brn_nogen003.smt2,f8b7edd9a2a299c90a09146db1c699f5129e672debad40061a74e50bddd79ee1,6009433,sat,1,williams_first_order_carryover,6ad653227c3c19559c94ff26e7c6827f5db285b786b909d8b494bd463f6fcf84,3,3,0,3,0,0,braid-100,braid-100,"[""braid-100"",""braid-1000"",""braid-10"",""braid-10000"",""braid-0"",""baseline""]",parser_inclusive_subprocess_wall_clock,1,sat,0.356808042,0,0,0,,,"sat
",,"[""/net/scratch/hscra/plgrid/plgnasqret/codex-control/projects/euf-viper/runs/20260727T090821Z-braid-qg7-b89c8eb/target/release/euf-viper"",""fabric-solve"",""--engine"",""quotient-portfolio"",""/net/scratch/hscra/plgrid/plgnasqret/codex-control/projects/euf-viper/corpora/9b39c70a794d52277a4e5d83731f0ebc50a2f3b804eb1dfc8cf32766a5ebeadc/smtlib-2025/QF_UF/QF_UF/QG-classification/qg7/iso_brn_nogen003.smt2""]"
91,2,7102,QF_UF/QG-classification/qg7/iso_brn_nogen003.smt2,f8b7edd9a2a299c90a09146db1c699f5129e672debad40061a74e50bddd79ee1,6009433,sat,1,williams_first_order_carryover,6ad653227c3c19559c94ff26e7c6827f5db285b786b909d8b494bd463f6fcf84,3,3,0,3,1,1,braid-1000,braid-1000,"[""braid-100"",""braid-1000"",""braid-10"",""braid-10000"",""braid-0"",""baseline""]",parser_inclusive_subprocess_wall_clock,1,sat,0.340841707,0,0,0,,,"sat
",,"[""/net/scratch/hscra/plgrid/plgnasqret/codex-control/projects/euf-viper/runs/20260727T090821Z-braid-qg7-b89c8eb/target/release/euf-viper"",""fabric-solve"",""--engine"",""quotient-portfolio"",""/net/scratch/hscra/plgrid/plgnasqret/codex-control/projects/euf-viper/corpora/9b39c70a794d52277a4e5d83731f0ebc50a2f3b804eb1dfc8cf32766a5ebeadc/smtlib-2025/QF_UF/QF_UF/QG-classification/qg7/iso_brn_nogen003.smt2""]"
92,2,7102,QF_UF/QG-classification/qg7/iso_brn_nogen003.smt2,f8b7edd9a2a299c90a09146db1c699f5129e672debad40061a74e50bddd79ee1,6009433,sat,1,williams_first_order_carryover,6ad653227c3c19559c94ff26e7c6827f5db285b786b909d8b494bd463f6fcf84,3,3,0,3,2,2,braid-10,braid-10,"[""braid-100"",""braid-1000"",""braid-10"",""braid-10000"",""braid-0"",""baseline""]",parser_inclusive_subprocess_wall_clock,1,sat,0.325923892,0,0,0,,,"sat
",,"[""/net/scratch/hscra/plgrid/plgnasqret/codex-control/projects/euf-viper/runs/20260727T090821Z-braid-qg7-b89c8eb/target/release/euf-viper"",""fabric-solve"",""--engine"",""quotient-portfolio"",""/net/scratch/hscra/plgrid/plgnasqret/codex-control/projects/euf-viper/corpora/9b39c70a794d52277a4e5d83731f0ebc50a2f3b804eb1dfc8cf32766a5ebeadc/smtlib-2025/QF_UF/QF_UF/QG-classification/qg7/iso_brn_nogen003.smt2""]"
93,2,7102,QF_UF/QG-classification/qg7/iso_brn_nogen003.smt2,f8b7edd9a2a299c90a09146db1c699f5129e672debad40061a74e50bddd79ee1,6009433,sat,1,williams_first_order_carryover,6ad653227c3c19559c94ff26e7c6827f5db285b786b909d8b494bd463f6fcf84,3,3,0,3,3,3,braid-10000,braid-10000,"[""braid-100"",""braid-1000"",""braid-10"",""braid-10000"",""braid-0"",""baseline""]",parser_inclusive_subprocess_wall_clock,1,sat,0.327168213,0,0,0,,,"sat
",,"[""/net/scratch/hscra/plgrid/plgnasqret/codex-control/projects/euf-viper/runs/20260727T090821Z-braid-qg7-b89c8eb/target/release/euf-viper"",""fabric-solve"",""--engine"",""quotient-portfolio"",""/net/scratch/hscra/plgrid/plgnasqret/codex-control/projects/euf-viper/corpora/9b39c70a794d52277a4e5d83731f0ebc50a2f3b804eb1dfc8cf32766a5ebeadc/smtlib-2025/QF_UF/QF_UF/QG-classification/qg7/iso_brn_nogen003.smt2""]"
94,2,7102,QF_UF/QG-classification/qg7/iso_brn_nogen003.smt2,f8b7edd9a2a299c90a09146db1c699f5129e672debad40061a74e50bddd79ee1,6009433,sat,1,williams_first_order_carryover,6ad653227c3c19559c94ff26e7c6827f5db285b786b909d8b494bd463f6fcf84,3,3,0,3,4,4,braid-0,braid-0,"[""braid-100"",""braid-1000"",""braid-10"",""braid-10000"",""braid-0"",""baseline""]",parser_inclusive_subprocess_wall_clock,1,sat,0.320346651,0,0,0,,,"sat
",,"[""/net/scratch/hscra/plgrid/plgnasqret/codex-control/projects/euf-viper/runs/20260727T090821Z-braid-qg7-b89c8eb/target/release/euf-viper"",""fabric-solve"",""--engine"",""quotient-portfolio"",""/net/scratch/hscra/plgrid/plgnasqret/codex-control/projects/euf-viper/corpora/9b39c70a794d52277a4e5d83731f0ebc50a2f3b804eb1dfc8cf32766a5ebeadc/smtlib-2025/QF_UF/QF_UF/QG-classification/qg7/iso_brn_nogen003.smt2""]"
95,2,7102,QF_UF/QG-classification/qg7/iso_brn_nogen003.smt2,f8b7edd9a2a299c90a09146db1c699f5129e672debad40061a74e50bddd79ee1,6009433,sat,1,williams_first_order_carryover,6ad653227c3c19559c94ff26e7c6827f5db285b786b909d8b494bd463f6fcf84,3,3,0,3,5,5,baseline,baseline,"[""braid-100"",""braid-1000"",""braid-10"",""braid-10000"",""braid-0"",""baseline""]",parser_inclusive_subprocess_wall_clock,1,sat,0.320340150,0,0,0,,,"sat
",,"[""/net/scratch/hscra/plgrid/plgnasqret/codex-control/projects/euf-viper/runs/20260727T090821Z-braid-qg7-b89c8eb/target/release/euf-viper"",""fabric-solve"",""--engine"",""quotient-portfolio"",""/net/scratch/hscra/plgrid/plgnasqret/codex-control/projects/euf-viper/corpora/9b39c70a794d52277a4e5d83731f0ebc50a2f3b804eb1dfc8cf32766a5ebeadc/smtlib-2025/QF_UF/QF_UF/QG-classification/qg7/iso_brn_nogen003.smt2""]"
96,2,7102,QF_UF/QG-classification/qg7/iso_brn_nogen003.smt2,f8b7edd9a2a299c90a09146db1c699f5129e672debad40061a74e50bddd79ee1,6009433,sat,1,williams_first_order_carryover,6ad653227c3c19559c94ff26e7c6827f5db285b786b909d8b494bd463f6fcf84,4,4,0,4,0,0,braid-1000,braid-1000,"[""braid-1000"",""braid-10000"",""braid-100"",""baseline"",""braid-10"",""braid-0""]",parser_inclusive_subprocess_wall_clock,1,sat,0.320942153,0,0,0,,,"sat
",,"[""/net/scratch/hscra/plgrid/plgnasqret/codex-control/projects/euf-viper/runs/20260727T090821Z-braid-qg7-b89c8eb/target/release/euf-viper"",""fabric-solve"",""--engine"",""quotient-portfolio"",""/net/scratch/hscra/plgrid/plgnasqret/codex-control/projects/euf-viper/corpora/9b39c70a794d52277a4e5d83731f0ebc50a2f3b804eb1dfc8cf32766a5ebeadc/smtlib-2025/QF_UF/QF_UF/QG-classification/qg7/iso_brn_nogen003.smt2""]"
97,2,7102,QF_UF/QG-classification/qg7/iso_brn_nogen003.smt2,f8b7edd9a2a299c90a09146db1c699f5129e672debad40061a74e50bddd79ee1,6009433,sat,1,williams_first_order_carryover,6ad653227c3c19559c94ff26e7c6827f5db285b786b909d8b494bd463f6fcf84,4,4,0,4,1,1,braid-10000,braid-10000,"[""braid-1000"",""braid-10000"",""braid-100"",""baseline"",""braid-10"",""braid-0""]",parser_inclusive_subprocess_wall_clock,1,sat,0.320586840,0,0,0,,,"sat
",,"[""/net/scratch/hscra/plgrid/plgnasqret/codex-control/projects/euf-viper/runs/20260727T090821Z-braid-qg7-b89c8eb/target/release/euf-viper"",""fabric-solve"",""--engine"",""quotient-portfolio"",""/net/scratch/hscra/plgrid/plgnasqret/codex-control/projects/euf-viper/corpora/9b39c70a794d52277a4e5d83731f0ebc50a2f3b804eb1dfc8cf32766a5ebeadc/smtlib-2025/QF_UF/QF_UF/QG-classification/qg7/iso_brn_nogen003.smt2""]"
98,2,7102,QF_UF/QG-classification/qg7/iso_brn_nogen003.smt2,f8b7edd9a2a299c90a09146db1c699f5129e672debad40061a74e50bddd79ee1,6009433,sat,1,williams_first_order_carryover,6ad653227c3c19559c94ff26e7c6827f5db285b786b909d8b494bd463f6fcf84,4,4,0,4,2,2,braid-100,braid-100,"[""braid-1000"",""braid-10000"",""braid-100"",""baseline"",""braid-10"",""braid-0""]",parser_inclusive_subprocess_wall_clock,1,sat,0.324267349,0,0,0,,,"sat
",,"[""/net/scratch/hscra/plgrid/plgnasqret/codex-control/projects/euf-viper/runs/20260727T090821Z-braid-qg7-b89c8eb/target/release/euf-viper"",""fabric-solve"",""--engine"",""quotient-portfolio"",""/net/scratch/hscra/plgrid/plgnasqret/codex-control/projects/euf-viper/corpora/9b39c70a794d52277a4e5d83731f0ebc50a2f3b804eb1dfc8cf32766a5ebeadc/smtlib-2025/QF_UF/QF_UF/QG-classification/qg7/iso_brn_nogen003.smt2""]"
99,2,7102,QF_UF/QG-classification/qg7/iso_brn_nogen003.smt2,f8b7edd9a2a299c90a09146db1c699f5129e672debad40061a74e50bddd79ee1,6009433,sat,1,williams_first_order_carryover,6ad653227c3c19559c94ff26e7c6827f5db285b786b909d8b494bd463f6fcf84,4,4,0,4,3,3,baseline,baseline,"[""braid-1000"",""braid-10000"",""braid-100"",""baseline"",""braid-10"",""braid-0""]",parser_inclusive_subprocess_wall_clock,1,sat,0.320667107,0,0,0,,,"sat
",,"[""/net/scratch/hscra/plgrid/plgnasqret/codex-control/projects/euf-viper/runs/20260727T090821Z-braid-qg7-b89c8eb/target/release/euf-viper"",""fabric-solve"",""--engine"",""quotient-portfolio"",""/net/scratch/hscra/plgrid/plgnasqret/codex-control/projects/euf-viper/corpora/9b39c70a794d52277a4e5d83731f0ebc50a2f3b804eb1dfc8cf32766a5ebeadc/smtlib-2025/QF_UF/QF_UF/QG-classification/qg7/iso_brn_nogen003.smt2""]"
100,2,7102,QF_UF/QG-classification/qg7/iso_brn_nogen003.smt2,f8b7edd9a2a299c90a09146db1c699f5129e672debad40061a74e50bddd79ee1,6009433,sat,1,williams_first_order_carryover,6ad653227c3c19559c94ff26e7c6827f5db285b786b909d8b494bd463f6fcf84,4,4,0,4,4,4,braid-10,braid-10,"[""braid-1000"",""braid-10000"",""braid-100"",""baseline"",""braid-10"",""braid-0""]",parser_inclusive_subprocess_wall_clock,1,sat,0.343754009,0,0,0,,,"sat
",,"[""/net/scratch/hscra/plgrid/plgnasqret/codex-control/projects/euf-viper/runs/20260727T090821Z-braid-qg7-b89c8eb/target/release/euf-viper"",""fabric-solve"",""--engine"",""quotient-portfolio"",""/net/scratch/hscra/plgrid/plgnasqret/codex-control/projects/euf-viper/corpora/9b39c70a794d52277a4e5d83731f0ebc50a2f3b804eb1dfc8cf32766a5ebeadc/smtlib-2025/QF_UF/QF_UF/QG-classification/qg7/iso_brn_nogen003.smt2""]"
101,2,7102,QF_UF/QG-classification/qg7/iso_brn_nogen003.smt2,f8b7edd9a2a299c90a09146db1c699f5129e672debad40061a74e50bddd79ee1,6009433,sat,1,williams_first_order_carryover,6ad653227c3c19559c94ff26e7c6827f5db285b786b909d8b494bd463f6fcf84,4,4,0,4,5,5,braid-0,braid-0,"[""braid-1000"",""braid-10000"",""braid-100"",""baseline"",""braid-10"",""braid-0""]",parser_inclusive_subprocess_wall_clock,1,sat,0.334636921,0,0,0,,,"sat
",,"[""/net/scratch/hscra/plgrid/plgnasqret/codex-control/projects/euf-viper/runs/20260727T090821Z-braid-qg7-b89c8eb/target/release/euf-viper"",""fabric-solve"",""--engine"",""quotient-portfolio"",""/net/scratch/hscra/plgrid/plgnasqret/codex-control/projects/euf-viper/corpora/9b39c70a794d52277a4e5d83731f0ebc50a2f3b804eb1dfc8cf32766a5ebeadc/smtlib-2025/QF_UF/QF_UF/QG-classification/qg7/iso_brn_nogen003.smt2""]"
102,2,7102,QF_UF/QG-classification/qg7/iso_brn_nogen003.smt2,f8b7edd9a2a299c90a09146db1c699f5129e672debad40061a74e50bddd79ee1,6009433,sat,1,williams_first_order_carryover,6ad653227c3c19559c94ff26e7c6827f5db285b786b909d8b494bd463f6fcf84,5,5,0,5,0,0,braid-10000,braid-10000,"[""braid-10000"",""baseline"",""braid-1000"",""braid-0"",""braid-100"",""braid-10""]",parser_inclusive_subprocess_wall_clock,1,sat,0.374664219,0,0,0,,,"sat
",,"[""/net/scratch/hscra/plgrid/plgnasqret/codex-control/projects/euf-viper/runs/20260727T090821Z-braid-qg7-b89c8eb/target/release/euf-viper"",""fabric-solve"",""--engine"",""quotient-portfolio"",""/net/scratch/hscra/plgrid/plgnasqret/codex-control/projects/euf-viper/corpora/9b39c70a794d52277a4e5d83731f0ebc50a2f3b804eb1dfc8cf32766a5ebeadc/smtlib-2025/QF_UF/QF_UF/QG-classification/qg7/iso_brn_nogen003.smt2""]"
103,2,7102,QF_UF/QG-classification/qg7/iso_brn_nogen003.smt2,f8b7edd9a2a299c90a09146db1c699f5129e672debad40061a74e50bddd79ee1,6009433,sat,1,williams_first_order_carryover,6ad653227c3c19559c94ff26e7c6827f5db285b786b909d8b494bd463f6fcf84,5,5,0,5,1,1,baseline,baseline,"[""braid-10000"",""baseline"",""braid-1000"",""braid-0"",""braid-100"",""braid-10""]",parser_inclusive_subprocess_wall_clock,1,sat,0.373280738,0,0,0,,,"sat
",,"[""/net/scratch/hscra/plgrid/plgnasqret/codex-control/projects/euf-viper/runs/20260727T090821Z-braid-qg7-b89c8eb/target/release/euf-viper"",""fabric-solve"",""--engine"",""quotient-portfolio"",""/net/scratch/hscra/plgrid/plgnasqret/codex-control/projects/euf-viper/corpora/9b39c70a794d52277a4e5d83731f0ebc50a2f3b804eb1dfc8cf32766a5ebeadc/smtlib-2025/QF_UF/QF_UF/QG-classification/qg7/iso_brn_nogen003.smt2""]"
104,2,7102,QF_UF/QG-classification/qg7/iso_brn_nogen003.smt2,f8b7edd9a2a299c90a09146db1c699f5129e672debad40061a74e50bddd79ee1,6009433,sat,1,williams_first_order_carryover,6ad653227c3c19559c94ff26e7c6827f5db285b786b909d8b494bd463f6fcf84,5,5,0,5,2,2,braid-1000,braid-1000,"[""braid-10000"",""baseline"",""braid-1000"",""braid-0"",""braid-100"",""braid-10""]",parser_inclusive_subprocess_wall_clock,1,sat,0.372278581,0,0,0,,,"sat
",,"[""/net/scratch/hscra/plgrid/plgnasqret/codex-control/projects/euf-viper/runs/20260727T090821Z-braid-qg7-b89c8eb/target/release/euf-viper"",""fabric-solve"",""--engine"",""quotient-portfolio"",""/net/scratch/hscra/plgrid/plgnasqret/codex-control/projects/euf-viper/corpora/9b39c70a794d52277a4e5d83731f0ebc50a2f3b804eb1dfc8cf32766a5ebeadc/smtlib-2025/QF_UF/QF_UF/QG-classification/qg7/iso_brn_nogen003.smt2""]"
105,2,7102,QF_UF/QG-classification/qg7/iso_brn_nogen003.smt2,f8b7edd9a2a299c90a09146db1c699f5129e672debad40061a74e50bddd79ee1,6009433,sat,1,williams_first_order_carryover,6ad653227c3c19559c94ff26e7c6827f5db285b786b909d8b494bd463f6fcf84,5,5,0,5,3,3,braid-0,braid-0,"[""braid-10000"",""baseline"",""braid-1000"",""braid-0"",""braid-100"",""braid-10""]",parser_inclusive_subprocess_wall_clock,1,sat,0.365256420,0,0,0,,,"sat
",,"[""/net/scratch/hscra/plgrid/plgnasqret/codex-control/projects/euf-viper/runs/20260727T090821Z-braid-qg7-b89c8eb/target/release/euf-viper"",""fabric-solve"",""--engine"",""quotient-portfolio"",""/net/scratch/hscra/plgrid/plgnasqret/codex-control/projects/euf-viper/corpora/9b39c70a794d52277a4e5d83731f0ebc50a2f3b804eb1dfc8cf32766a5ebeadc/smtlib-2025/QF_UF/QF_UF/QG-classification/qg7/iso_brn_nogen003.smt2""]"
106,2,7102,QF_UF/QG-classification/qg7/iso_brn_nogen003.smt2,f8b7edd9a2a299c90a09146db1c699f5129e672debad40061a74e50bddd79ee1,6009433,sat,1,williams_first_order_carryover,6ad653227c3c19559c94ff26e7c6827f5db285b786b909d8b494bd463f6fcf84,5,5,0,5,4,4,braid-100,braid-100,"[""braid-10000"",""baseline"",""braid-1000"",""braid-0"",""braid-100"",""braid-10""]",parser_inclusive_subprocess_wall_clock,1,sat,0.360065830,0,0,0,,,"sat
",,"[""/net/scratch/hscra/plgrid/plgnasqret/codex-control/projects/euf-viper/runs/20260727T090821Z-braid-qg7-b89c8eb/target/release/euf-viper"",""fabric-solve"",""--engine"",""quotient-portfolio"",""/net/scratch/hscra/plgrid/plgnasqret/codex-control/projects/euf-viper/corpora/9b39c70a794d52277a4e5d83731f0ebc50a2f3b804eb1dfc8cf32766a5ebeadc/smtlib-2025/QF_UF/QF_UF/QG-classification/qg7/iso_brn_nogen003.smt2""]"
107,2,7102,QF_UF/QG-classification/qg7/iso_brn_nogen003.smt2,f8b7edd9a2a299c90a09146db1c699f5129e672debad40061a74e50bddd79ee1,6009433,sat,1,williams_first_order_carryover,6ad653227c3c19559c94ff26e7c6827f5db285b786b909d8b494bd463f6fcf84,5,5,0,5,5,5,braid-10,braid-10,"[""braid-10000"",""baseline"",""braid-1000"",""braid-0"",""braid-100"",""braid-10""]",parser_inclusive_subprocess_wall_clock,1,sat,0.355695860,0,0,0,,,"sat
",,"[""/net/scratch/hscra/plgrid/plgnasqret/codex-control/projects/euf-viper/runs/20260727T090821Z-braid-qg7-b89c8eb/target/release/euf-viper"",""fabric-solve"",""--engine"",""quotient-portfolio"",""/net/scratch/hscra/plgrid/plgnasqret/codex-control/projects/euf-viper/corpora/9b39c70a794d52277a4e5d83731f0ebc50a2f3b804eb1dfc8cf32766a5ebeadc/smtlib-2025/QF_UF/QF_UF/QG-classification/qg7/iso_brn_nogen003.smt2""]"
108,3,7310,QF_UF/QG-classification/qg7/iso_icl_nogen002.smt2,05295ac0b0b9d7757b3c2b68184ab0504fc90d56582fb97cc891b8a990bf23ac,6013089,unsat,1,williams_first_order_carryover,6ad653227c3c19559c94ff26e7c6827f5db285b786b909d8b494bd463f6fcf84,0,0,0,0,0,0,baseline,baseline,"[""baseline"",""braid-0"",""braid-10000"",""braid-10"",""braid-1000"",""braid-100""]",parser_inclusive_subprocess_wall_clock,1,unsat,0.393009041,0,0,0,,,"unsat
",,"[""/net/scratch/hscra/plgrid/plgnasqret/codex-control/projects/euf-viper/runs/20260727T090821Z-braid-qg7-b89c8eb/target/release/euf-viper"",""fabric-solve"",""--engine"",""quotient-portfolio"",""/net/scratch/hscra/plgrid/plgnasqret/codex-control/projects/euf-viper/corpora/9b39c70a794d52277a4e5d83731f0ebc50a2f3b804eb1dfc8cf32766a5ebeadc/smtlib-2025/QF_UF/QF_UF/QG-classification/qg7/iso_icl_nogen002.smt2""]"
109,3,7310,QF_UF/QG-classification/qg7/iso_icl_nogen002.smt2,05295ac0b0b9d7757b3c2b68184ab0504fc90d56582fb97cc891b8a990bf23ac,6013089,unsat,1,williams_first_order_carryover,6ad653227c3c19559c94ff26e7c6827f5db285b786b909d8b494bd463f6fcf84,0,0,0,0,1,1,braid-0,braid-0,"[""baseline"",""braid-0"",""braid-10000"",""braid-10"",""braid-1000"",""braid-100""]",parser_inclusive_subprocess_wall_clock,1,unsat,0.322885791,0,0,0,,,"unsat
",,"[""/net/scratch/hscra/plgrid/plgnasqret/codex-control/projects/euf-viper/runs/20260727T090821Z-braid-qg7-b89c8eb/target/release/euf-viper"",""fabric-solve"",""--engine"",""quotient-portfolio"",""/net/scratch/hscra/plgrid/plgnasqret/codex-control/projects/euf-viper/corpora/9b39c70a794d52277a4e5d83731f0ebc50a2f3b804eb1dfc8cf32766a5ebeadc/smtlib-2025/QF_UF/QF_UF/QG-classification/qg7/iso_icl_nogen002.smt2""]"
110,3,7310,QF_UF/QG-classification/qg7/iso_icl_nogen002.smt2,05295ac0b0b9d7757b3c2b68184ab0504fc90d56582fb97cc891b8a990bf23ac,6013089,unsat,1,williams_first_order_carryover,6ad653227c3c19559c94ff26e7c6827f5db285b786b909d8b494bd463f6fcf84,0,0,0,0,2,2,braid-10000,braid-10000,"[""baseline"",""braid-0"",""braid-10000"",""braid-10"",""braid-1000"",""braid-100""]",parser_inclusive_subprocess_wall_clock,1,unsat,0.324055904,0,0,0,,,"unsat
",,"[""/net/scratch/hscra/plgrid/plgnasqret/codex-control/projects/euf-viper/runs/20260727T090821Z-braid-qg7-b89c8eb/target/release/euf-viper"",""fabric-solve"",""--engine"",""quotient-portfolio"",""/net/scratch/hscra/plgrid/plgnasqret/codex-control/projects/euf-viper/corpora/9b39c70a794d52277a4e5d83731f0ebc50a2f3b804eb1dfc8cf32766a5ebeadc/smtlib-2025/QF_UF/QF_UF/QG-classification/qg7/iso_icl_nogen002.smt2""]"
111,3,7310,QF_UF/QG-classification/qg7/iso_icl_nogen002.smt2,05295ac0b0b9d7757b3c2b68184ab0504fc90d56582fb97cc891b8a990bf23ac,6013089,unsat,1,williams_first_order_carryover,6ad653227c3c19559c94ff26e7c6827f5db285b786b909d8b494bd463f6fcf84,0,0,0,0,3,3,braid-10,braid-10,"[""baseline"",""braid-0"",""braid-10000"",""braid-10"",""braid-1000"",""braid-100""]",parser_inclusive_subprocess_wall_clock,1,unsat,0.328307027,0,0,0,,,"unsat
",,"[""/net/scratch/hscra/plgrid/plgnasqret/codex-control/projects/euf-viper/runs/20260727T090821Z-braid-qg7-b89c8eb/target/release/euf-viper"",""fabric-solve"",""--engine"",""quotient-portfolio"",""/net/scratch/hscra/plgrid/plgnasqret/codex-control/projects/euf-viper/corpora/9b39c70a794d52277a4e5d83731f0ebc50a2f3b804eb1dfc8cf32766a5ebeadc/smtlib-2025/QF_UF/QF_UF/QG-classification/qg7/iso_icl_nogen002.smt2""]"
112,3,7310,QF_UF/QG-classification/qg7/iso_icl_nogen002.smt2,05295ac0b0b9d7757b3c2b68184ab0504fc90d56582fb97cc891b8a990bf23ac,6013089,unsat,1,williams_first_order_carryover,6ad653227c3c19559c94ff26e7c6827f5db285b786b909d8b494bd463f6fcf84,0,0,0,0,4,4,braid-1000,braid-1000,"[""baseline"",""braid-0"",""braid-10000"",""braid-10"",""braid-1000"",""braid-100""]",parser_inclusive_subprocess_wall_clock,1,unsat,0.326558527,0,0,0,,,"unsat
",,"[""/net/scratch/hscra/plgrid/plgnasqret/codex-control/projects/euf-viper/runs/20260727T090821Z-braid-qg7-b89c8eb/target/release/euf-viper"",""fabric-solve"",""--engine"",""quotient-portfolio"",""/net/scratch/hscra/plgrid/plgnasqret/codex-control/projects/euf-viper/corpora/9b39c70a794d52277a4e5d83731f0ebc50a2f3b804eb1dfc8cf32766a5ebeadc/smtlib-2025/QF_UF/QF_UF/QG-classification/qg7/iso_icl_nogen002.smt2""]"
113,3,7310,QF_UF/QG-classification/qg7/iso_icl_nogen002.smt2,05295ac0b0b9d7757b3c2b68184ab0504fc90d56582fb97cc891b8a990bf23ac,6013089,unsat,1,williams_first_order_carryover,6ad653227c3c19559c94ff26e7c6827f5db285b786b909d8b494bd463f6fcf84,0,0,0,0,5,5,braid-100,braid-100,"[""baseline"",""braid-0"",""braid-10000"",""braid-10"",""braid-1000"",""braid-100""]",parser_inclusive_subprocess_wall_clock,1,unsat,0.353972772,0,0,0,,,"unsat
",,"[""/net/scratch/hscra/plgrid/plgnasqret/codex-control/projects/euf-viper/runs/20260727T090821Z-braid-qg7-b89c8eb/target/release/euf-viper"",""fabric-solve"",""--engine"",""quotient-portfolio"",""/net/scratch/hscra/plgrid/plgnasqret/codex-control/projects/euf-viper/corpora/9b39c70a794d52277a4e5d83731f0ebc50a2f3b804eb1dfc8cf32766a5ebeadc/smtlib-2025/QF_UF/QF_UF/QG-classification/qg7/iso_icl_nogen002.smt2""]"
114,3,7310,QF_UF/QG-classification/qg7/iso_icl_nogen002.smt2,05295ac0b0b9d7757b3c2b68184ab0504fc90d56582fb97cc891b8a990bf23ac,6013089,unsat,1,williams_first_order_carryover,6ad653227c3c19559c94ff26e7c6827f5db285b786b909d8b494bd463f6fcf84,1,1,0,1,0,0,braid-0,braid-0,"[""braid-0"",""braid-10"",""baseline"",""braid-100"",""braid-10000"",""braid-1000""]",parser_inclusive_subprocess_wall_clock,1,unsat,0.350709974,0,0,0,,,"unsat
",,"[""/net/scratch/hscra/plgrid/plgnasqret/codex-control/projects/euf-viper/runs/20260727T090821Z-braid-qg7-b89c8eb/target/release/euf-viper"",""fabric-solve"",""--engine"",""quotient-portfolio"",""/net/scratch/hscra/plgrid/plgnasqret/codex-control/projects/euf-viper/corpora/9b39c70a794d52277a4e5d83731f0ebc50a2f3b804eb1dfc8cf32766a5ebeadc/smtlib-2025/QF_UF/QF_UF/QG-classification/qg7/iso_icl_nogen002.smt2""]"
115,3,7310,QF_UF/QG-classification/qg7/iso_icl_nogen002.smt2,05295ac0b0b9d7757b3c2b68184ab0504fc90d56582fb97cc891b8a990bf23ac,6013089,unsat,1,williams_first_order_carryover,6ad653227c3c19559c94ff26e7c6827f5db285b786b909d8b494bd463f6fcf84,1,1,0,1,1,1,braid-10,braid-10,"[""braid-0"",""braid-10"",""baseline"",""braid-100"",""braid-10000"",""braid-1000""]",parser_inclusive_subprocess_wall_clock,1,unsat,0.333526052,0,0,0,,,"unsat
",,"[""/net/scratch/hscra/plgrid/plgnasqret/codex-control/projects/euf-viper/runs/20260727T090821Z-braid-qg7-b89c8eb/target/release/euf-viper"",""fabric-solve"",""--engine"",""quotient-portfolio"",""/net/scratch/hscra/plgrid/plgnasqret/codex-control/projects/euf-viper/corpora/9b39c70a794d52277a4e5d83731f0ebc50a2f3b804eb1dfc8cf32766a5ebeadc/smtlib-2025/QF_UF/QF_UF/QG-classification/qg7/iso_icl_nogen002.smt2""]"
116,3,7310,QF_UF/QG-classification/qg7/iso_icl_nogen002.smt2,05295ac0b0b9d7757b3c2b68184ab0504fc90d56582fb97cc891b8a990bf23ac,6013089,unsat,1,williams_first_order_carryover,6ad653227c3c19559c94ff26e7c6827f5db285b786b909d8b494bd463f6fcf84,1,1,0,1,2,2,baseline,baseline,"[""braid-0"",""braid-10"",""baseline"",""braid-100"",""braid-10000"",""braid-1000""]",parser_inclusive_subprocess_wall_clock,1,unsat,0.327893412,0,0,0,,,"unsat
",,"[""/net/scratch/hscra/plgrid/plgnasqret/codex-control/projects/euf-viper/runs/20260727T090821Z-braid-qg7-b89c8eb/target/release/euf-viper"",""fabric-solve"",""--engine"",""quotient-portfolio"",""/net/scratch/hscra/plgrid/plgnasqret/codex-control/projects/euf-viper/corpora/9b39c70a794d52277a4e5d83731f0ebc50a2f3b804eb1dfc8cf32766a5ebeadc/smtlib-2025/QF_UF/QF_UF/QG-classification/qg7/iso_icl_nogen002.smt2""]"
117,3,7310,QF_UF/QG-classification/qg7/iso_icl_nogen002.smt2,05295ac0b0b9d7757b3c2b68184ab0504fc90d56582fb97cc891b8a990bf23ac,6013089,unsat,1,williams_first_order_carryover,6ad653227c3c19559c94ff26e7c6827f5db285b786b909d8b494bd463f6fcf84,1,1,0,1,3,3,braid-100,braid-100,"[""braid-0"",""braid-10"",""baseline"",""braid-100"",""braid-10000"",""braid-1000""]",parser_inclusive_subprocess_wall_clock,1,unsat,0.332825362,0,0,0,,,"unsat
",,"[""/net/scratch/hscra/plgrid/plgnasqret/codex-control/projects/euf-viper/runs/20260727T090821Z-braid-qg7-b89c8eb/target/release/euf-viper"",""fabric-solve"",""--engine"",""quotient-portfolio"",""/net/scratch/hscra/plgrid/plgnasqret/codex-control/projects/euf-viper/corpora/9b39c70a794d52277a4e5d83731f0ebc50a2f3b804eb1dfc8cf32766a5ebeadc/smtlib-2025/QF_UF/QF_UF/QG-classification/qg7/iso_icl_nogen002.smt2""]"
118,3,7310,QF_UF/QG-classification/qg7/iso_icl_nogen002.smt2,05295ac0b0b9d7757b3c2b68184ab0504fc90d56582fb97cc891b8a990bf23ac,6013089,unsat,1,williams_first_order_carryover,6ad653227c3c19559c94ff26e7c6827f5db285b786b909d8b494bd463f6fcf84,1,1,0,1,4,4,braid-10000,braid-10000,"[""braid-0"",""braid-10"",""baseline"",""braid-100"",""braid-10000"",""braid-1000""]",parser_inclusive_subprocess_wall_clock,1,unsat,0.321722449,0,0,0,,,"unsat
",,"[""/net/scratch/hscra/plgrid/plgnasqret/codex-control/projects/euf-viper/runs/20260727T090821Z-braid-qg7-b89c8eb/target/release/euf-viper"",""fabric-solve"",""--engine"",""quotient-portfolio"",""/net/scratch/hscra/plgrid/plgnasqret/codex-control/projects/euf-viper/corpora/9b39c70a794d52277a4e5d83731f0ebc50a2f3b804eb1dfc8cf32766a5ebeadc/smtlib-2025/QF_UF/QF_UF/QG-classification/qg7/iso_icl_nogen002.smt2""]"
119,3,7310,QF_UF/QG-classification/qg7/iso_icl_nogen002.smt2,05295ac0b0b9d7757b3c2b68184ab0504fc90d56582fb97cc891b8a990bf23ac,6013089,unsat,1,williams_first_order_carryover,6ad653227c3c19559c94ff26e7c6827f5db285b786b909d8b494bd463f6fcf84,1,1,0,1,5,5,braid-1000,braid-1000,"[""braid-0"",""braid-10"",""baseline"",""braid-100"",""braid-10000"",""braid-1000""]",parser_inclusive_subprocess_wall_clock,1,unsat,0.323714313,0,0,0,,,"unsat
",,"[""/net/scratch/hscra/plgrid/plgnasqret/codex-control/projects/euf-viper/runs/20260727T090821Z-braid-qg7-b89c8eb/target/release/euf-viper"",""fabric-solve"",""--engine"",""quotient-portfolio"",""/net/scratch/hscra/plgrid/plgnasqret/codex-control/projects/euf-viper/corpora/9b39c70a794d52277a4e5d83731f0ebc50a2f3b804eb1dfc8cf32766a5ebeadc/smtlib-2025/QF_UF/QF_UF/QG-classification/qg7/iso_icl_nogen002.smt2""]"
120,3,7310,QF_UF/QG-classification/qg7/iso_icl_nogen002.smt2,05295ac0b0b9d7757b3c2b68184ab0504fc90d56582fb97cc891b8a990bf23ac,6013089,unsat,1,williams_first_order_carryover,6ad653227c3c19559c94ff26e7c6827f5db285b786b909d8b494bd463f6fcf84,2,2,0,2,0,0,braid-10,braid-10,"[""braid-10"",""braid-100"",""braid-0"",""braid-1000"",""baseline"",""braid-10000""]",parser_inclusive_subprocess_wall_clock,1,unsat,0.321559230,0,0,0,,,"unsat
",,"[""/net/scratch/hscra/plgrid/plgnasqret/codex-control/projects/euf-viper/runs/20260727T090821Z-braid-qg7-b89c8eb/target/release/euf-viper"",""fabric-solve"",""--engine"",""quotient-portfolio"",""/net/scratch/hscra/plgrid/plgnasqret/codex-control/projects/euf-viper/corpora/9b39c70a794d52277a4e5d83731f0ebc50a2f3b804eb1dfc8cf32766a5ebeadc/smtlib-2025/QF_UF/QF_UF/QG-classification/qg7/iso_icl_nogen002.smt2""]"
121,3,7310,QF_UF/QG-classification/qg7/iso_icl_nogen002.smt2,05295ac0b0b9d7757b3c2b68184ab0504fc90d56582fb97cc891b8a990bf23ac,6013089,unsat,1,williams_first_order_carryover,6ad653227c3c19559c94ff26e7c6827f5db285b786b909d8b494bd463f6fcf84,2,2,0,2,1,1,braid-100,braid-100,"[""braid-10"",""braid-100"",""braid-0"",""braid-1000"",""baseline"",""braid-10000""]",parser_inclusive_subprocess_wall_clock,1,unsat,0.329974658,0,0,0,,,"unsat
",,"[""/net/scratch/hscra/plgrid/plgnasqret/codex-control/projects/euf-viper/runs/20260727T090821Z-braid-qg7-b89c8eb/target/release/euf-viper"",""fabric-solve"",""--engine"",""quotient-portfolio"",""/net/scratch/hscra/plgrid/plgnasqret/codex-control/projects/euf-viper/corpora/9b39c70a794d52277a4e5d83731f0ebc50a2f3b804eb1dfc8cf32766a5ebeadc/smtlib-2025/QF_UF/QF_UF/QG-classification/qg7/iso_icl_nogen002.smt2""]"
122,3,7310,QF_UF/QG-classification/qg7/iso_icl_nogen002.smt2,05295ac0b0b9d7757b3c2b68184ab0504fc90d56582fb97cc891b8a990bf23ac,6013089,unsat,1,williams_first_order_carryover,6ad653227c3c19559c94ff26e7c6827f5db285b786b909d8b494bd463f6fcf84,2,2,0,2,2,2,braid-0,braid-0,"[""braid-10"",""braid-100"",""braid-0"",""braid-1000"",""baseline"",""braid-10000""]",parser_inclusive_subprocess_wall_clock,1,unsat,0.324518037,0,0,0,,,"unsat
",,"[""/net/scratch/hscra/plgrid/plgnasqret/codex-control/projects/euf-viper/runs/20260727T090821Z-braid-qg7-b89c8eb/target/release/euf-viper"",""fabric-solve"",""--engine"",""quotient-portfolio"",""/net/scratch/hscra/plgrid/plgnasqret/codex-control/projects/euf-viper/corpora/9b39c70a794d52277a4e5d83731f0ebc50a2f3b804eb1dfc8cf32766a5ebeadc/smtlib-2025/QF_UF/QF_UF/QG-classification/qg7/iso_icl_nogen002.smt2""]"
123,3,7310,QF_UF/QG-classification/qg7/iso_icl_nogen002.smt2,05295ac0b0b9d7757b3c2b68184ab0504fc90d56582fb97cc891b8a990bf23ac,6013089,unsat,1,williams_first_order_carryover,6ad653227c3c19559c94ff26e7c6827f5db285b786b909d8b494bd463f6fcf84,2,2,0,2,3,3,braid-1000,braid-1000,"[""braid-10"",""braid-100"",""braid-0"",""braid-1000"",""baseline"",""braid-10000""]",parser_inclusive_subprocess_wall_clock,1,unsat,0.318284665,0,0,0,,,"unsat
",,"[""/net/scratch/hscra/plgrid/plgnasqret/codex-control/projects/euf-viper/runs/20260727T090821Z-braid-qg7-b89c8eb/target/release/euf-viper"",""fabric-solve"",""--engine"",""quotient-portfolio"",""/net/scratch/hscra/plgrid/plgnasqret/codex-control/projects/euf-viper/corpora/9b39c70a794d52277a4e5d83731f0ebc50a2f3b804eb1dfc8cf32766a5ebeadc/smtlib-2025/QF_UF/QF_UF/QG-classification/qg7/iso_icl_nogen002.smt2""]"
124,3,7310,QF_UF/QG-classification/qg7/iso_icl_nogen002.smt2,05295ac0b0b9d7757b3c2b68184ab0504fc90d56582fb97cc891b8a990bf23ac,6013089,unsat,1,williams_first_order_carryover,6ad653227c3c19559c94ff26e7c6827f5db285b786b909d8b494bd463f6fcf84,2,2,0,2,4,4,baseline,baseline,"[""braid-10"",""braid-100"",""braid-0"",""braid-1000"",""baseline"",""braid-10000""]",parser_inclusive_subprocess_wall_clock,1,unsat,0.319215859,0,0,0,,,"unsat
",,"[""/net/scratch/hscra/plgrid/plgnasqret/codex-control/projects/euf-viper/runs/20260727T090821Z-braid-qg7-b89c8eb/target/release/euf-viper"",""fabric-solve"",""--engine"",""quotient-portfolio"",""/net/scratch/hscra/plgrid/plgnasqret/codex-control/projects/euf-viper/corpora/9b39c70a794d52277a4e5d83731f0ebc50a2f3b804eb1dfc8cf32766a5ebeadc/smtlib-2025/QF_UF/QF_UF/QG-classification/qg7/iso_icl_nogen002.smt2""]"
125,3,7310,QF_UF/QG-classification/qg7/iso_icl_nogen002.smt2,05295ac0b0b9d7757b3c2b68184ab0504fc90d56582fb97cc891b8a990bf23ac,6013089,unsat,1,williams_first_order_carryover,6ad653227c3c19559c94ff26e7c6827f5db285b786b909d8b494bd463f6fcf84,2,2,0,2,5,5,braid-10000,braid-10000,"[""braid-10"",""braid-100"",""braid-0"",""braid-1000"",""baseline"",""braid-10000""]",parser_inclusive_subprocess_wall_clock,1,unsat,0.321120325,0,0,0,,,"unsat
",,"[""/net/scratch/hscra/plgrid/plgnasqret/codex-control/projects/euf-viper/runs/20260727T090821Z-braid-qg7-b89c8eb/target/release/euf-viper"",""fabric-solve"",""--engine"",""quotient-portfolio"",""/net/scratch/hscra/plgrid/plgnasqret/codex-control/projects/euf-viper/corpora/9b39c70a794d52277a4e5d83731f0ebc50a2f3b804eb1dfc8cf32766a5ebeadc/smtlib-2025/QF_UF/QF_UF/QG-classification/qg7/iso_icl_nogen002.smt2""]"
126,3,7310,QF_UF/QG-classification/qg7/iso_icl_nogen002.smt2,05295ac0b0b9d7757b3c2b68184ab0504fc90d56582fb97cc891b8a990bf23ac,6013089,unsat,1,williams_first_order_carryover,6ad653227c3c19559c94ff26e7c6827f5db285b786b909d8b494bd463f6fcf84,3,3,0,3,0,0,braid-100,braid-100,"[""braid-100"",""braid-1000"",""braid-10"",""braid-10000"",""braid-0"",""baseline""]",parser_inclusive_subprocess_wall_clock,1,unsat,0.321362178,0,0,0,,,"unsat
",,"[""/net/scratch/hscra/plgrid/plgnasqret/codex-control/projects/euf-viper/runs/20260727T090821Z-braid-qg7-b89c8eb/target/release/euf-viper"",""fabric-solve"",""--engine"",""quotient-portfolio"",""/net/scratch/hscra/plgrid/plgnasqret/codex-control/projects/euf-viper/corpora/9b39c70a794d52277a4e5d83731f0ebc50a2f3b804eb1dfc8cf32766a5ebeadc/smtlib-2025/QF_UF/QF_UF/QG-classification/qg7/iso_icl_nogen002.smt2""]"
127,3,7310,QF_UF/QG-classification/qg7/iso_icl_nogen002.smt2,05295ac0b0b9d7757b3c2b68184ab0504fc90d56582fb97cc891b8a990bf23ac,6013089,unsat,1,williams_first_order_carryover,6ad653227c3c19559c94ff26e7c6827f5db285b786b909d8b494bd463f6fcf84,3,3,0,3,1,1,braid-1000,braid-1000,"[""braid-100"",""braid-1000"",""braid-10"",""braid-10000"",""braid-0"",""baseline""]",parser_inclusive_subprocess_wall_clock,1,unsat,0.322620522,0,0,0,,,"unsat
",,"[""/net/scratch/hscra/plgrid/plgnasqret/codex-control/projects/euf-viper/runs/20260727T090821Z-braid-qg7-b89c8eb/target/release/euf-viper"",""fabric-solve"",""--engine"",""quotient-portfolio"",""/net/scratch/hscra/plgrid/plgnasqret/codex-control/projects/euf-viper/corpora/9b39c70a794d52277a4e5d83731f0ebc50a2f3b804eb1dfc8cf32766a5ebeadc/smtlib-2025/QF_UF/QF_UF/QG-classification/qg7/iso_icl_nogen002.smt2""]"
128,3,7310,QF_UF/QG-classification/qg7/iso_icl_nogen002.smt2,05295ac0b0b9d7757b3c2b68184ab0504fc90d56582fb97cc891b8a990bf23ac,6013089,unsat,1,williams_first_order_carryover,6ad653227c3c19559c94ff26e7c6827f5db285b786b909d8b494bd463f6fcf84,3,3,0,3,2,2,braid-10,braid-10,"[""braid-100"",""braid-1000"",""braid-10"",""braid-10000"",""braid-0"",""baseline""]",parser_inclusive_subprocess_wall_clock,1,unsat,0.320143038,0,0,0,,,"unsat
",,"[""/net/scratch/hscra/plgrid/plgnasqret/codex-control/projects/euf-viper/runs/20260727T090821Z-braid-qg7-b89c8eb/target/release/euf-viper"",""fabric-solve"",""--engine"",""quotient-portfolio"",""/net/scratch/hscra/plgrid/plgnasqret/codex-control/projects/euf-viper/corpora/9b39c70a794d52277a4e5d83731f0ebc50a2f3b804eb1dfc8cf32766a5ebeadc/smtlib-2025/QF_UF/QF_UF/QG-classification/qg7/iso_icl_nogen002.smt2""]"
129,3,7310,QF_UF/QG-classification/qg7/iso_icl_nogen002.smt2,05295ac0b0b9d7757b3c2b68184ab0504fc90d56582fb97cc891b8a990bf23ac,6013089,unsat,1,williams_first_order_carryover,6ad653227c3c19559c94ff26e7c6827f5db285b786b909d8b494bd463f6fcf84,3,3,0,3,3,3,braid-10000,braid-10000,"[""braid-100"",""braid-1000"",""braid-10"",""braid-10000"",""braid-0"",""baseline""]",parser_inclusive_subprocess_wall_clock,1,unsat,0.326483309,0,0,0,,,"unsat
",,"[""/net/scratch/hscra/plgrid/plgnasqret/codex-control/projects/euf-viper/runs/20260727T090821Z-braid-qg7-b89c8eb/target/release/euf-viper"",""fabric-solve"",""--engine"",""quotient-portfolio"",""/net/scratch/hscra/plgrid/plgnasqret/codex-control/projects/euf-viper/corpora/9b39c70a794d52277a4e5d83731f0ebc50a2f3b804eb1dfc8cf32766a5ebeadc/smtlib-2025/QF_UF/QF_UF/QG-classification/qg7/iso_icl_nogen002.smt2""]"
130,3,7310,QF_UF/QG-classification/qg7/iso_icl_nogen002.smt2,05295ac0b0b9d7757b3c2b68184ab0504fc90d56582fb97cc891b8a990bf23ac,6013089,unsat,1,williams_first_order_carryover,6ad653227c3c19559c94ff26e7c6827f5db285b786b909d8b494bd463f6fcf84,3,3,0,3,4,4,braid-0,braid-0,"[""braid-100"",""braid-1000"",""braid-10"",""braid-10000"",""braid-0"",""baseline""]",parser_inclusive_subprocess_wall_clock,1,unsat,0.327269082,0,0,0,,,"unsat
",,"[""/net/scratch/hscra/plgrid/plgnasqret/codex-control/projects/euf-viper/runs/20260727T090821Z-braid-qg7-b89c8eb/target/release/euf-viper"",""fabric-solve"",""--engine"",""quotient-portfolio"",""/net/scratch/hscra/plgrid/plgnasqret/codex-control/projects/euf-viper/corpora/9b39c70a794d52277a4e5d83731f0ebc50a2f3b804eb1dfc8cf32766a5ebeadc/smtlib-2025/QF_UF/QF_UF/QG-classification/qg7/iso_icl_nogen002.smt2""]"
131,3,7310,QF_UF/QG-classification/qg7/iso_icl_nogen002.smt2,05295ac0b0b9d7757b3c2b68184ab0504fc90d56582fb97cc891b8a990bf23ac,6013089,unsat,1,williams_first_order_carryover,6ad653227c3c19559c94ff26e7c6827f5db285b786b909d8b494bd463f6fcf84,3,3,0,3,5,5,baseline,baseline,"[""braid-100"",""braid-1000"",""braid-10"",""braid-10000"",""braid-0"",""baseline""]",parser_inclusive_subprocess_wall_clock,1,unsat,0.358950294,0,0,0,,,"unsat
",,"[""/net/scratch/hscra/plgrid/plgnasqret/codex-control/projects/euf-viper/runs/20260727T090821Z-braid-qg7-b89c8eb/target/release/euf-viper"",""fabric-solve"",""--engine"",""quotient-portfolio"",""/net/scratch/hscra/plgrid/plgnasqret/codex-control/projects/euf-viper/corpora/9b39c70a794d52277a4e5d83731f0ebc50a2f3b804eb1dfc8cf32766a5ebeadc/smtlib-2025/QF_UF/QF_UF/QG-classification/qg7/iso_icl_nogen002.smt2""]"
132,3,7310,QF_UF/QG-classification/qg7/iso_icl_nogen002.smt2,05295ac0b0b9d7757b3c2b68184ab0504fc90d56582fb97cc891b8a990bf23ac,6013089,unsat,1,williams_first_order_carryover,6ad653227c3c19559c94ff26e7c6827f5db285b786b909d8b494bd463f6fcf84,4,4,0,4,0,0,braid-1000,braid-1000,"[""braid-1000"",""braid-10000"",""braid-100"",""baseline"",""braid-10"",""braid-0""]",parser_inclusive_subprocess_wall_clock,1,unsat,0.438543048,0,0,0,,,"unsat
",,"[""/net/scratch/hscra/plgrid/plgnasqret/codex-control/projects/euf-viper/runs/20260727T090821Z-braid-qg7-b89c8eb/target/release/euf-viper"",""fabric-solve"",""--engine"",""quotient-portfolio"",""/net/scratch/hscra/plgrid/plgnasqret/codex-control/projects/euf-viper/corpora/9b39c70a794d52277a4e5d83731f0ebc50a2f3b804eb1dfc8cf32766a5ebeadc/smtlib-2025/QF_UF/QF_UF/QG-classification/qg7/iso_icl_nogen002.smt2""]"
133,3,7310,QF_UF/QG-classification/qg7/iso_icl_nogen002.smt2,05295ac0b0b9d7757b3c2b68184ab0504fc90d56582fb97cc891b8a990bf23ac,6013089,unsat,1,williams_first_order_carryover,6ad653227c3c19559c94ff26e7c6827f5db285b786b909d8b494bd463f6fcf84,4,4,0,4,1,1,braid-10000,braid-10000,"[""braid-1000"",""braid-10000"",""braid-100"",""baseline"",""braid-10"",""braid-0""]",parser_inclusive_subprocess_wall_clock,1,unsat,0.365356141,0,0,0,,,"unsat
",,"[""/net/scratch/hscra/plgrid/plgnasqret/codex-control/projects/euf-viper/runs/20260727T090821Z-braid-qg7-b89c8eb/target/release/euf-viper"",""fabric-solve"",""--engine"",""quotient-portfolio"",""/net/scratch/hscra/plgrid/plgnasqret/codex-control/projects/euf-viper/corpora/9b39c70a794d52277a4e5d83731f0ebc50a2f3b804eb1dfc8cf32766a5ebeadc/smtlib-2025/QF_UF/QF_UF/QG-classification/qg7/iso_icl_nogen002.smt2""]"
134,3,7310,QF_UF/QG-classification/qg7/iso_icl_nogen002.smt2,05295ac0b0b9d7757b3c2b68184ab0504fc90d56582fb97cc891b8a990bf23ac,6013089,unsat,1,williams_first_order_carryover,6ad653227c3c19559c94ff26e7c6827f5db285b786b909d8b494bd463f6fcf84,4,4,0,4,2,2,braid-100,braid-100,"[""braid-1000"",""braid-10000"",""braid-100"",""baseline"",""braid-10"",""braid-0""]",parser_inclusive_subprocess_wall_clock,1,unsat,0.345353852,0,0,0,,,"unsat
",,"[""/net/scratch/hscra/plgrid/plgnasqret/codex-control/projects/euf-viper/runs/20260727T090821Z-braid-qg7-b89c8eb/target/release/euf-viper"",""fabric-solve"",""--engine"",""quotient-portfolio"",""/net/scratch/hscra/plgrid/plgnasqret/codex-control/projects/euf-viper/corpora/9b39c70a794d52277a4e5d83731f0ebc50a2f3b804eb1dfc8cf32766a5ebeadc/smtlib-2025/QF_UF/QF_UF/QG-classification/qg7/iso_icl_nogen002.smt2""]"
135,3,7310,QF_UF/QG-classification/qg7/iso_icl_nogen002.smt2,05295ac0b0b9d7757b3c2b68184ab0504fc90d56582fb97cc891b8a990bf23ac,6013089,unsat,1,williams_first_order_carryover,6ad653227c3c19559c94ff26e7c6827f5db285b786b909d8b494bd463f6fcf84,4,4,0,4,3,3,baseline,baseline,"[""braid-1000"",""braid-10000"",""braid-100"",""baseline"",""braid-10"",""braid-0""]",parser_inclusive_subprocess_wall_clock,1,unsat,0.325424065,0,0,0,,,"unsat
",,"[""/net/scratch/hscra/plgrid/plgnasqret/codex-control/projects/euf-viper/runs/20260727T090821Z-braid-qg7-b89c8eb/target/release/euf-viper"",""fabric-solve"",""--engine"",""quotient-portfolio"",""/net/scratch/hscra/plgrid/plgnasqret/codex-control/projects/euf-viper/corpora/9b39c70a794d52277a4e5d83731f0ebc50a2f3b804eb1dfc8cf32766a5ebeadc/smtlib-2025/QF_UF/QF_UF/QG-classification/qg7/iso_icl_nogen002.smt2""]"
136,3,7310,QF_UF/QG-classification/qg7/iso_icl_nogen002.smt2,05295ac0b0b9d7757b3c2b68184ab0504fc90d56582fb97cc891b8a990bf23ac,6013089,unsat,1,williams_first_order_carryover,6ad653227c3c19559c94ff26e7c6827f5db285b786b909d8b494bd463f6fcf84,4,4,0,4,4,4,braid-10,braid-10,"[""braid-1000"",""braid-10000"",""braid-100"",""baseline"",""braid-10"",""braid-0""]",parser_inclusive_subprocess_wall_clock,1,unsat,0.347695160,0,0,0,,,"unsat
",,"[""/net/scratch/hscra/plgrid/plgnasqret/codex-control/projects/euf-viper/runs/20260727T090821Z-braid-qg7-b89c8eb/target/release/euf-viper"",""fabric-solve"",""--engine"",""quotient-portfolio"",""/net/scratch/hscra/plgrid/plgnasqret/codex-control/projects/euf-viper/corpora/9b39c70a794d52277a4e5d83731f0ebc50a2f3b804eb1dfc8cf32766a5ebeadc/smtlib-2025/QF_UF/QF_UF/QG-classification/qg7/iso_icl_nogen002.smt2""]"
137,3,7310,QF_UF/QG-classification/qg7/iso_icl_nogen002.smt2,05295ac0b0b9d7757b3c2b68184ab0504fc90d56582fb97cc891b8a990bf23ac,6013089,unsat,1,williams_first_order_carryover,6ad653227c3c19559c94ff26e7c6827f5db285b786b909d8b494bd463f6fcf84,4,4,0,4,5,5,braid-0,braid-0,"[""braid-1000"",""braid-10000"",""braid-100"",""baseline"",""braid-10"",""braid-0""]",parser_inclusive_subprocess_wall_clock,1,unsat,0.323157837,0,0,0,,,"unsat
",,"[""/net/scratch/hscra/plgrid/plgnasqret/codex-control/projects/euf-viper/runs/20260727T090821Z-braid-qg7-b89c8eb/target/release/euf-viper"",""fabric-solve"",""--engine"",""quotient-portfolio"",""/net/scratch/hscra/plgrid/plgnasqret/codex-control/projects/euf-viper/corpora/9b39c70a794d52277a4e5d83731f0ebc50a2f3b804eb1dfc8cf32766a5ebeadc/smtlib-2025/QF_UF/QF_UF/QG-classification/qg7/iso_icl_nogen002.smt2""]"
138,3,7310,QF_UF/QG-classification/qg7/iso_icl_nogen002.smt2,05295ac0b0b9d7757b3c2b68184ab0504fc90d56582fb97cc891b8a990bf23ac,6013089,unsat,1,williams_first_order_carryover,6ad653227c3c19559c94ff26e7c6827f5db285b786b909d8b494bd463f6fcf84,5,5,0,5,0,0,braid-10000,braid-10000,"[""braid-10000"",""baseline"",""braid-1000"",""braid-0"",""braid-100"",""braid-10""]",parser_inclusive_subprocess_wall_clock,1,unsat,0.325556355,0,0,0,,,"unsat
",,"[""/net/scratch/hscra/plgrid/plgnasqret/codex-control/projects/euf-viper/runs/20260727T090821Z-braid-qg7-b89c8eb/target/release/euf-viper"",""fabric-solve"",""--engine"",""quotient-portfolio"",""/net/scratch/hscra/plgrid/plgnasqret/codex-control/projects/euf-viper/corpora/9b39c70a794d52277a4e5d83731f0ebc50a2f3b804eb1dfc8cf32766a5ebeadc/smtlib-2025/QF_UF/QF_UF/QG-classification/qg7/iso_icl_nogen002.smt2""]"
139,3,7310,QF_UF/QG-classification/qg7/iso_icl_nogen002.smt2,05295ac0b0b9d7757b3c2b68184ab0504fc90d56582fb97cc891b8a990bf23ac,6013089,unsat,1,williams_first_order_carryover,6ad653227c3c19559c94ff26e7c6827f5db285b786b909d8b494bd463f6fcf84,5,5,0,5,1,1,baseline,baseline,"[""braid-10000"",""baseline"",""braid-1000"",""braid-0"",""braid-100"",""braid-10""]",parser_inclusive_subprocess_wall_clock,1,unsat,0.328180662,0,0,0,,,"unsat
",,"[""/net/scratch/hscra/plgrid/plgnasqret/codex-control/projects/euf-viper/runs/20260727T090821Z-braid-qg7-b89c8eb/target/release/euf-viper"",""fabric-solve"",""--engine"",""quotient-portfolio"",""/net/scratch/hscra/plgrid/plgnasqret/codex-control/projects/euf-viper/corpora/9b39c70a794d52277a4e5d83731f0ebc50a2f3b804eb1dfc8cf32766a5ebeadc/smtlib-2025/QF_UF/QF_UF/QG-classification/qg7/iso_icl_nogen002.smt2""]"
140,3,7310,QF_UF/QG-classification/qg7/iso_icl_nogen002.smt2,05295ac0b0b9d7757b3c2b68184ab0504fc90d56582fb97cc891b8a990bf23ac,6013089,unsat,1,williams_first_order_carryover,6ad653227c3c19559c94ff26e7c6827f5db285b786b909d8b494bd463f6fcf84,5,5,0,5,2,2,braid-1000,braid-1000,"[""braid-10000"",""baseline"",""braid-1000"",""braid-0"",""braid-100"",""braid-10""]",parser_inclusive_subprocess_wall_clock,1,unsat,0.330896533,0,0,0,,,"unsat
",,"[""/net/scratch/hscra/plgrid/plgnasqret/codex-control/projects/euf-viper/runs/20260727T090821Z-braid-qg7-b89c8eb/target/release/euf-viper"",""fabric-solve"",""--engine"",""quotient-portfolio"",""/net/scratch/hscra/plgrid/plgnasqret/codex-control/projects/euf-viper/corpora/9b39c70a794d52277a4e5d83731f0ebc50a2f3b804eb1dfc8cf32766a5ebeadc/smtlib-2025/QF_UF/QF_UF/QG-classification/qg7/iso_icl_nogen002.smt2""]"
141,3,7310,QF_UF/QG-classification/qg7/iso_icl_nogen002.smt2,05295ac0b0b9d7757b3c2b68184ab0504fc90d56582fb97cc891b8a990bf23ac,6013089,unsat,1,williams_first_order_carryover,6ad653227c3c19559c94ff26e7c6827f5db285b786b909d8b494bd463f6fcf84,5,5,0,5,3,3,braid-0,braid-0,"[""braid-10000"",""baseline"",""braid-1000"",""braid-0"",""braid-100"",""braid-10""]",parser_inclusive_subprocess_wall_clock,1,unsat,0.329746963,0,0,0,,,"unsat
",,"[""/net/scratch/hscra/plgrid/plgnasqret/codex-control/projects/euf-viper/runs/20260727T090821Z-braid-qg7-b89c8eb/target/release/euf-viper"",""fabric-solve"",""--engine"",""quotient-portfolio"",""/net/scratch/hscra/plgrid/plgnasqret/codex-control/projects/euf-viper/corpora/9b39c70a794d52277a4e5d83731f0ebc50a2f3b804eb1dfc8cf32766a5ebeadc/smtlib-2025/QF_UF/QF_UF/QG-classification/qg7/iso_icl_nogen002.smt2""]"
142,3,7310,QF_UF/QG-classification/qg7/iso_icl_nogen002.smt2,05295ac0b0b9d7757b3c2b68184ab0504fc90d56582fb97cc891b8a990bf23ac,6013089,unsat,1,williams_first_order_carryover,6ad653227c3c19559c94ff26e7c6827f5db285b786b909d8b494bd463f6fcf84,5,5,0,5,4,4,braid-100,braid-100,"[""braid-10000"",""baseline"",""braid-1000"",""braid-0"",""braid-100"",""braid-10""]",parser_inclusive_subprocess_wall_clock,1,unsat,0.334373019,0,0,0,,,"unsat
",,"[""/net/scratch/hscra/plgrid/plgnasqret/codex-control/projects/euf-viper/runs/20260727T090821Z-braid-qg7-b89c8eb/target/release/euf-viper"",""fabric-solve"",""--engine"",""quotient-portfolio"",""/net/scratch/hscra/plgrid/plgnasqret/codex-control/projects/euf-viper/corpora/9b39c70a794d52277a4e5d83731f0ebc50a2f3b804eb1dfc8cf32766a5ebeadc/smtlib-2025/QF_UF/QF_UF/QG-classification/qg7/iso_icl_nogen002.smt2""]"
143,3,7310,QF_UF/QG-classification/qg7/iso_icl_nogen002.smt2,05295ac0b0b9d7757b3c2b68184ab0504fc90d56582fb97cc891b8a990bf23ac,6013089,unsat,1,williams_first_order_carryover,6ad653227c3c19559c94ff26e7c6827f5db285b786b909d8b494bd463f6fcf84,5,5,0,5,5,5,braid-10,braid-10,"[""braid-10000"",""baseline"",""braid-1000"",""braid-0"",""braid-100"",""braid-10""]",parser_inclusive_subprocess_wall_clock,1,unsat,0.327151081,0,0,0,,,"unsat
",,"[""/net/scratch/hscra/plgrid/plgnasqret/codex-control/projects/euf-viper/runs/20260727T090821Z-braid-qg7-b89c8eb/target/release/euf-viper"",""fabric-solve"",""--engine"",""quotient-portfolio"",""/net/scratch/hscra/plgrid/plgnasqret/codex-control/projects/euf-viper/corpora/9b39c70a794d52277a4e5d83731f0ebc50a2f3b804eb1dfc8cf32766a5ebeadc/smtlib-2025/QF_UF/QF_UF/QG-classification/qg7/iso_icl_nogen002.smt2""]"
