sequence,row_index,id,relative_path,source_sha256,source_size_bytes,expected_status,schedule_schema_version,schedule_design,schedule_sha256,repeat,schedule_row,complete_block,row_in_block,order_in_repeat,arm_position,label,arm,schedule_order_json,timing_scope,parser_inclusive,result,time_s,exit_code,process_returncode,timed_out,error_kind,error_detail,stdout,stderr,argv_json
0,0,7036,QF_UF/QG-classification/qg7/gensys_icl003.smt2,a57fafad05d0b8b6e2d39cb37b8c1a190462d8daf4b9edefe08fcc0275a121f3,812658,unsat,1,williams_first_order_carryover,a5b163da70f7a4b586276cec20529dcaf9a596daf59a01894d95ec3f4fd69c3e,0,0,0,0,0,0,baseline,baseline,"[""baseline"",""staged-0"",""staged-10000"",""staged-10"",""staged-1000"",""staged-100""]",parser_inclusive_subprocess_wall_clock,1,timeout,2.007390548,124,-9,1,timeout,exceeded 2 seconds,,,"[""/net/scratch/hscra/plgrid/plgnasqret/codex-control/projects/euf-viper/runs/20260727T073625Z-staged-qg7-e9fef17/target/release/euf-viper"",""fabric-solve"",""--engine"",""quotient-portfolio"",""/net/scratch/hscra/plgrid/plgnasqret/codex-control/projects/euf-viper/corpora/9b39c70a794d52277a4e5d83731f0ebc50a2f3b804eb1dfc8cf32766a5ebeadc/smtlib-2025/QF_UF/QF_UF/QG-classification/qg7/gensys_icl003.smt2""]"
1,0,7036,QF_UF/QG-classification/qg7/gensys_icl003.smt2,a57fafad05d0b8b6e2d39cb37b8c1a190462d8daf4b9edefe08fcc0275a121f3,812658,unsat,1,williams_first_order_carryover,a5b163da70f7a4b586276cec20529dcaf9a596daf59a01894d95ec3f4fd69c3e,0,0,0,0,1,1,staged-0,staged-0,"[""baseline"",""staged-0"",""staged-10000"",""staged-10"",""staged-1000"",""staged-100""]",parser_inclusive_subprocess_wall_clock,1,timeout,2.008949493,124,-9,1,timeout,exceeded 2 seconds,,,"[""/net/scratch/hscra/plgrid/plgnasqret/codex-control/projects/euf-viper/runs/20260727T073625Z-staged-qg7-e9fef17/target/release/euf-viper"",""fabric-solve"",""--engine"",""quotient-portfolio"",""/net/scratch/hscra/plgrid/plgnasqret/codex-control/projects/euf-viper/corpora/9b39c70a794d52277a4e5d83731f0ebc50a2f3b804eb1dfc8cf32766a5ebeadc/smtlib-2025/QF_UF/QF_UF/QG-classification/qg7/gensys_icl003.smt2""]"
2,0,7036,QF_UF/QG-classification/qg7/gensys_icl003.smt2,a57fafad05d0b8b6e2d39cb37b8c1a190462d8daf4b9edefe08fcc0275a121f3,812658,unsat,1,williams_first_order_carryover,a5b163da70f7a4b586276cec20529dcaf9a596daf59a01894d95ec3f4fd69c3e,0,0,0,0,2,2,staged-10000,staged-10000,"[""baseline"",""staged-0"",""staged-10000"",""staged-10"",""staged-1000"",""staged-100""]",parser_inclusive_subprocess_wall_clock,1,timeout,2.007578856,124,-9,1,timeout,exceeded 2 seconds,,,"[""/net/scratch/hscra/plgrid/plgnasqret/codex-control/projects/euf-viper/runs/20260727T073625Z-staged-qg7-e9fef17/target/release/euf-viper"",""fabric-solve"",""--engine"",""quotient-portfolio"",""/net/scratch/hscra/plgrid/plgnasqret/codex-control/projects/euf-viper/corpora/9b39c70a794d52277a4e5d83731f0ebc50a2f3b804eb1dfc8cf32766a5ebeadc/smtlib-2025/QF_UF/QF_UF/QG-classification/qg7/gensys_icl003.smt2""]"
3,0,7036,QF_UF/QG-classification/qg7/gensys_icl003.smt2,a57fafad05d0b8b6e2d39cb37b8c1a190462d8daf4b9edefe08fcc0275a121f3,812658,unsat,1,williams_first_order_carryover,a5b163da70f7a4b586276cec20529dcaf9a596daf59a01894d95ec3f4fd69c3e,0,0,0,0,3,3,staged-10,staged-10,"[""baseline"",""staged-0"",""staged-10000"",""staged-10"",""staged-1000"",""staged-100""]",parser_inclusive_subprocess_wall_clock,1,timeout,2.006596276,124,-9,1,timeout,exceeded 2 seconds,,,"[""/net/scratch/hscra/plgrid/plgnasqret/codex-control/projects/euf-viper/runs/20260727T073625Z-staged-qg7-e9fef17/target/release/euf-viper"",""fabric-solve"",""--engine"",""quotient-portfolio"",""/net/scratch/hscra/plgrid/plgnasqret/codex-control/projects/euf-viper/corpora/9b39c70a794d52277a4e5d83731f0ebc50a2f3b804eb1dfc8cf32766a5ebeadc/smtlib-2025/QF_UF/QF_UF/QG-classification/qg7/gensys_icl003.smt2""]"
4,0,7036,QF_UF/QG-classification/qg7/gensys_icl003.smt2,a57fafad05d0b8b6e2d39cb37b8c1a190462d8daf4b9edefe08fcc0275a121f3,812658,unsat,1,williams_first_order_carryover,a5b163da70f7a4b586276cec20529dcaf9a596daf59a01894d95ec3f4fd69c3e,0,0,0,0,4,4,staged-1000,staged-1000,"[""baseline"",""staged-0"",""staged-10000"",""staged-10"",""staged-1000"",""staged-100""]",parser_inclusive_subprocess_wall_clock,1,timeout,2.007440096,124,-9,1,timeout,exceeded 2 seconds,,,"[""/net/scratch/hscra/plgrid/plgnasqret/codex-control/projects/euf-viper/runs/20260727T073625Z-staged-qg7-e9fef17/target/release/euf-viper"",""fabric-solve"",""--engine"",""quotient-portfolio"",""/net/scratch/hscra/plgrid/plgnasqret/codex-control/projects/euf-viper/corpora/9b39c70a794d52277a4e5d83731f0ebc50a2f3b804eb1dfc8cf32766a5ebeadc/smtlib-2025/QF_UF/QF_UF/QG-classification/qg7/gensys_icl003.smt2""]"
5,0,7036,QF_UF/QG-classification/qg7/gensys_icl003.smt2,a57fafad05d0b8b6e2d39cb37b8c1a190462d8daf4b9edefe08fcc0275a121f3,812658,unsat,1,williams_first_order_carryover,a5b163da70f7a4b586276cec20529dcaf9a596daf59a01894d95ec3f4fd69c3e,0,0,0,0,5,5,staged-100,staged-100,"[""baseline"",""staged-0"",""staged-10000"",""staged-10"",""staged-1000"",""staged-100""]",parser_inclusive_subprocess_wall_clock,1,timeout,2.007702924,124,-9,1,timeout,exceeded 2 seconds,,,"[""/net/scratch/hscra/plgrid/plgnasqret/codex-control/projects/euf-viper/runs/20260727T073625Z-staged-qg7-e9fef17/target/release/euf-viper"",""fabric-solve"",""--engine"",""quotient-portfolio"",""/net/scratch/hscra/plgrid/plgnasqret/codex-control/projects/euf-viper/corpora/9b39c70a794d52277a4e5d83731f0ebc50a2f3b804eb1dfc8cf32766a5ebeadc/smtlib-2025/QF_UF/QF_UF/QG-classification/qg7/gensys_icl003.smt2""]"
6,0,7036,QF_UF/QG-classification/qg7/gensys_icl003.smt2,a57fafad05d0b8b6e2d39cb37b8c1a190462d8daf4b9edefe08fcc0275a121f3,812658,unsat,1,williams_first_order_carryover,a5b163da70f7a4b586276cec20529dcaf9a596daf59a01894d95ec3f4fd69c3e,1,1,0,1,0,0,staged-0,staged-0,"[""staged-0"",""staged-10"",""baseline"",""staged-100"",""staged-10000"",""staged-1000""]",parser_inclusive_subprocess_wall_clock,1,timeout,2.008477424,124,-9,1,timeout,exceeded 2 seconds,,,"[""/net/scratch/hscra/plgrid/plgnasqret/codex-control/projects/euf-viper/runs/20260727T073625Z-staged-qg7-e9fef17/target/release/euf-viper"",""fabric-solve"",""--engine"",""quotient-portfolio"",""/net/scratch/hscra/plgrid/plgnasqret/codex-control/projects/euf-viper/corpora/9b39c70a794d52277a4e5d83731f0ebc50a2f3b804eb1dfc8cf32766a5ebeadc/smtlib-2025/QF_UF/QF_UF/QG-classification/qg7/gensys_icl003.smt2""]"
7,0,7036,QF_UF/QG-classification/qg7/gensys_icl003.smt2,a57fafad05d0b8b6e2d39cb37b8c1a190462d8daf4b9edefe08fcc0275a121f3,812658,unsat,1,williams_first_order_carryover,a5b163da70f7a4b586276cec20529dcaf9a596daf59a01894d95ec3f4fd69c3e,1,1,0,1,1,1,staged-10,staged-10,"[""staged-0"",""staged-10"",""baseline"",""staged-100"",""staged-10000"",""staged-1000""]",parser_inclusive_subprocess_wall_clock,1,timeout,2.007924626,124,-9,1,timeout,exceeded 2 seconds,,,"[""/net/scratch/hscra/plgrid/plgnasqret/codex-control/projects/euf-viper/runs/20260727T073625Z-staged-qg7-e9fef17/target/release/euf-viper"",""fabric-solve"",""--engine"",""quotient-portfolio"",""/net/scratch/hscra/plgrid/plgnasqret/codex-control/projects/euf-viper/corpora/9b39c70a794d52277a4e5d83731f0ebc50a2f3b804eb1dfc8cf32766a5ebeadc/smtlib-2025/QF_UF/QF_UF/QG-classification/qg7/gensys_icl003.smt2""]"
8,0,7036,QF_UF/QG-classification/qg7/gensys_icl003.smt2,a57fafad05d0b8b6e2d39cb37b8c1a190462d8daf4b9edefe08fcc0275a121f3,812658,unsat,1,williams_first_order_carryover,a5b163da70f7a4b586276cec20529dcaf9a596daf59a01894d95ec3f4fd69c3e,1,1,0,1,2,2,baseline,baseline,"[""staged-0"",""staged-10"",""baseline"",""staged-100"",""staged-10000"",""staged-1000""]",parser_inclusive_subprocess_wall_clock,1,timeout,2.007663751,124,-9,1,timeout,exceeded 2 seconds,,,"[""/net/scratch/hscra/plgrid/plgnasqret/codex-control/projects/euf-viper/runs/20260727T073625Z-staged-qg7-e9fef17/target/release/euf-viper"",""fabric-solve"",""--engine"",""quotient-portfolio"",""/net/scratch/hscra/plgrid/plgnasqret/codex-control/projects/euf-viper/corpora/9b39c70a794d52277a4e5d83731f0ebc50a2f3b804eb1dfc8cf32766a5ebeadc/smtlib-2025/QF_UF/QF_UF/QG-classification/qg7/gensys_icl003.smt2""]"
9,0,7036,QF_UF/QG-classification/qg7/gensys_icl003.smt2,a57fafad05d0b8b6e2d39cb37b8c1a190462d8daf4b9edefe08fcc0275a121f3,812658,unsat,1,williams_first_order_carryover,a5b163da70f7a4b586276cec20529dcaf9a596daf59a01894d95ec3f4fd69c3e,1,1,0,1,3,3,staged-100,staged-100,"[""staged-0"",""staged-10"",""baseline"",""staged-100"",""staged-10000"",""staged-1000""]",parser_inclusive_subprocess_wall_clock,1,timeout,2.009889747,124,-9,1,timeout,exceeded 2 seconds,,,"[""/net/scratch/hscra/plgrid/plgnasqret/codex-control/projects/euf-viper/runs/20260727T073625Z-staged-qg7-e9fef17/target/release/euf-viper"",""fabric-solve"",""--engine"",""quotient-portfolio"",""/net/scratch/hscra/plgrid/plgnasqret/codex-control/projects/euf-viper/corpora/9b39c70a794d52277a4e5d83731f0ebc50a2f3b804eb1dfc8cf32766a5ebeadc/smtlib-2025/QF_UF/QF_UF/QG-classification/qg7/gensys_icl003.smt2""]"
10,0,7036,QF_UF/QG-classification/qg7/gensys_icl003.smt2,a57fafad05d0b8b6e2d39cb37b8c1a190462d8daf4b9edefe08fcc0275a121f3,812658,unsat,1,williams_first_order_carryover,a5b163da70f7a4b586276cec20529dcaf9a596daf59a01894d95ec3f4fd69c3e,1,1,0,1,4,4,staged-10000,staged-10000,"[""staged-0"",""staged-10"",""baseline"",""staged-100"",""staged-10000"",""staged-1000""]",parser_inclusive_subprocess_wall_clock,1,timeout,2.010833104,124,-9,1,timeout,exceeded 2 seconds,,,"[""/net/scratch/hscra/plgrid/plgnasqret/codex-control/projects/euf-viper/runs/20260727T073625Z-staged-qg7-e9fef17/target/release/euf-viper"",""fabric-solve"",""--engine"",""quotient-portfolio"",""/net/scratch/hscra/plgrid/plgnasqret/codex-control/projects/euf-viper/corpora/9b39c70a794d52277a4e5d83731f0ebc50a2f3b804eb1dfc8cf32766a5ebeadc/smtlib-2025/QF_UF/QF_UF/QG-classification/qg7/gensys_icl003.smt2""]"
11,0,7036,QF_UF/QG-classification/qg7/gensys_icl003.smt2,a57fafad05d0b8b6e2d39cb37b8c1a190462d8daf4b9edefe08fcc0275a121f3,812658,unsat,1,williams_first_order_carryover,a5b163da70f7a4b586276cec20529dcaf9a596daf59a01894d95ec3f4fd69c3e,1,1,0,1,5,5,staged-1000,staged-1000,"[""staged-0"",""staged-10"",""baseline"",""staged-100"",""staged-10000"",""staged-1000""]",parser_inclusive_subprocess_wall_clock,1,timeout,2.008240059,124,-9,1,timeout,exceeded 2 seconds,,,"[""/net/scratch/hscra/plgrid/plgnasqret/codex-control/projects/euf-viper/runs/20260727T073625Z-staged-qg7-e9fef17/target/release/euf-viper"",""fabric-solve"",""--engine"",""quotient-portfolio"",""/net/scratch/hscra/plgrid/plgnasqret/codex-control/projects/euf-viper/corpora/9b39c70a794d52277a4e5d83731f0ebc50a2f3b804eb1dfc8cf32766a5ebeadc/smtlib-2025/QF_UF/QF_UF/QG-classification/qg7/gensys_icl003.smt2""]"
12,0,7036,QF_UF/QG-classification/qg7/gensys_icl003.smt2,a57fafad05d0b8b6e2d39cb37b8c1a190462d8daf4b9edefe08fcc0275a121f3,812658,unsat,1,williams_first_order_carryover,a5b163da70f7a4b586276cec20529dcaf9a596daf59a01894d95ec3f4fd69c3e,2,2,0,2,0,0,staged-10,staged-10,"[""staged-10"",""staged-100"",""staged-0"",""staged-1000"",""baseline"",""staged-10000""]",parser_inclusive_subprocess_wall_clock,1,timeout,2.007100399,124,-9,1,timeout,exceeded 2 seconds,,,"[""/net/scratch/hscra/plgrid/plgnasqret/codex-control/projects/euf-viper/runs/20260727T073625Z-staged-qg7-e9fef17/target/release/euf-viper"",""fabric-solve"",""--engine"",""quotient-portfolio"",""/net/scratch/hscra/plgrid/plgnasqret/codex-control/projects/euf-viper/corpora/9b39c70a794d52277a4e5d83731f0ebc50a2f3b804eb1dfc8cf32766a5ebeadc/smtlib-2025/QF_UF/QF_UF/QG-classification/qg7/gensys_icl003.smt2""]"
13,0,7036,QF_UF/QG-classification/qg7/gensys_icl003.smt2,a57fafad05d0b8b6e2d39cb37b8c1a190462d8daf4b9edefe08fcc0275a121f3,812658,unsat,1,williams_first_order_carryover,a5b163da70f7a4b586276cec20529dcaf9a596daf59a01894d95ec3f4fd69c3e,2,2,0,2,1,1,staged-100,staged-100,"[""staged-10"",""staged-100"",""staged-0"",""staged-1000"",""baseline"",""staged-10000""]",parser_inclusive_subprocess_wall_clock,1,timeout,2.008752592,124,-9,1,timeout,exceeded 2 seconds,,,"[""/net/scratch/hscra/plgrid/plgnasqret/codex-control/projects/euf-viper/runs/20260727T073625Z-staged-qg7-e9fef17/target/release/euf-viper"",""fabric-solve"",""--engine"",""quotient-portfolio"",""/net/scratch/hscra/plgrid/plgnasqret/codex-control/projects/euf-viper/corpora/9b39c70a794d52277a4e5d83731f0ebc50a2f3b804eb1dfc8cf32766a5ebeadc/smtlib-2025/QF_UF/QF_UF/QG-classification/qg7/gensys_icl003.smt2""]"
14,0,7036,QF_UF/QG-classification/qg7/gensys_icl003.smt2,a57fafad05d0b8b6e2d39cb37b8c1a190462d8daf4b9edefe08fcc0275a121f3,812658,unsat,1,williams_first_order_carryover,a5b163da70f7a4b586276cec20529dcaf9a596daf59a01894d95ec3f4fd69c3e,2,2,0,2,2,2,staged-0,staged-0,"[""staged-10"",""staged-100"",""staged-0"",""staged-1000"",""baseline"",""staged-10000""]",parser_inclusive_subprocess_wall_clock,1,timeout,2.009835312,124,-9,1,timeout,exceeded 2 seconds,,,"[""/net/scratch/hscra/plgrid/plgnasqret/codex-control/projects/euf-viper/runs/20260727T073625Z-staged-qg7-e9fef17/target/release/euf-viper"",""fabric-solve"",""--engine"",""quotient-portfolio"",""/net/scratch/hscra/plgrid/plgnasqret/codex-control/projects/euf-viper/corpora/9b39c70a794d52277a4e5d83731f0ebc50a2f3b804eb1dfc8cf32766a5ebeadc/smtlib-2025/QF_UF/QF_UF/QG-classification/qg7/gensys_icl003.smt2""]"
15,0,7036,QF_UF/QG-classification/qg7/gensys_icl003.smt2,a57fafad05d0b8b6e2d39cb37b8c1a190462d8daf4b9edefe08fcc0275a121f3,812658,unsat,1,williams_first_order_carryover,a5b163da70f7a4b586276cec20529dcaf9a596daf59a01894d95ec3f4fd69c3e,2,2,0,2,3,3,staged-1000,staged-1000,"[""staged-10"",""staged-100"",""staged-0"",""staged-1000"",""baseline"",""staged-10000""]",parser_inclusive_subprocess_wall_clock,1,timeout,2.010643996,124,-9,1,timeout,exceeded 2 seconds,,,"[""/net/scratch/hscra/plgrid/plgnasqret/codex-control/projects/euf-viper/runs/20260727T073625Z-staged-qg7-e9fef17/target/release/euf-viper"",""fabric-solve"",""--engine"",""quotient-portfolio"",""/net/scratch/hscra/plgrid/plgnasqret/codex-control/projects/euf-viper/corpora/9b39c70a794d52277a4e5d83731f0ebc50a2f3b804eb1dfc8cf32766a5ebeadc/smtlib-2025/QF_UF/QF_UF/QG-classification/qg7/gensys_icl003.smt2""]"
16,0,7036,QF_UF/QG-classification/qg7/gensys_icl003.smt2,a57fafad05d0b8b6e2d39cb37b8c1a190462d8daf4b9edefe08fcc0275a121f3,812658,unsat,1,williams_first_order_carryover,a5b163da70f7a4b586276cec20529dcaf9a596daf59a01894d95ec3f4fd69c3e,2,2,0,2,4,4,baseline,baseline,"[""staged-10"",""staged-100"",""staged-0"",""staged-1000"",""baseline"",""staged-10000""]",parser_inclusive_subprocess_wall_clock,1,timeout,2.008183309,124,-9,1,timeout,exceeded 2 seconds,,,"[""/net/scratch/hscra/plgrid/plgnasqret/codex-control/projects/euf-viper/runs/20260727T073625Z-staged-qg7-e9fef17/target/release/euf-viper"",""fabric-solve"",""--engine"",""quotient-portfolio"",""/net/scratch/hscra/plgrid/plgnasqret/codex-control/projects/euf-viper/corpora/9b39c70a794d52277a4e5d83731f0ebc50a2f3b804eb1dfc8cf32766a5ebeadc/smtlib-2025/QF_UF/QF_UF/QG-classification/qg7/gensys_icl003.smt2""]"
17,0,7036,QF_UF/QG-classification/qg7/gensys_icl003.smt2,a57fafad05d0b8b6e2d39cb37b8c1a190462d8daf4b9edefe08fcc0275a121f3,812658,unsat,1,williams_first_order_carryover,a5b163da70f7a4b586276cec20529dcaf9a596daf59a01894d95ec3f4fd69c3e,2,2,0,2,5,5,staged-10000,staged-10000,"[""staged-10"",""staged-100"",""staged-0"",""staged-1000"",""baseline"",""staged-10000""]",parser_inclusive_subprocess_wall_clock,1,timeout,2.007833303,124,-9,1,timeout,exceeded 2 seconds,,,"[""/net/scratch/hscra/plgrid/plgnasqret/codex-control/projects/euf-viper/runs/20260727T073625Z-staged-qg7-e9fef17/target/release/euf-viper"",""fabric-solve"",""--engine"",""quotient-portfolio"",""/net/scratch/hscra/plgrid/plgnasqret/codex-control/projects/euf-viper/corpora/9b39c70a794d52277a4e5d83731f0ebc50a2f3b804eb1dfc8cf32766a5ebeadc/smtlib-2025/QF_UF/QF_UF/QG-classification/qg7/gensys_icl003.smt2""]"
18,0,7036,QF_UF/QG-classification/qg7/gensys_icl003.smt2,a57fafad05d0b8b6e2d39cb37b8c1a190462d8daf4b9edefe08fcc0275a121f3,812658,unsat,1,williams_first_order_carryover,a5b163da70f7a4b586276cec20529dcaf9a596daf59a01894d95ec3f4fd69c3e,3,3,0,3,0,0,staged-100,staged-100,"[""staged-100"",""staged-1000"",""staged-10"",""staged-10000"",""staged-0"",""baseline""]",parser_inclusive_subprocess_wall_clock,1,timeout,2.010068091,124,-9,1,timeout,exceeded 2 seconds,,,"[""/net/scratch/hscra/plgrid/plgnasqret/codex-control/projects/euf-viper/runs/20260727T073625Z-staged-qg7-e9fef17/target/release/euf-viper"",""fabric-solve"",""--engine"",""quotient-portfolio"",""/net/scratch/hscra/plgrid/plgnasqret/codex-control/projects/euf-viper/corpora/9b39c70a794d52277a4e5d83731f0ebc50a2f3b804eb1dfc8cf32766a5ebeadc/smtlib-2025/QF_UF/QF_UF/QG-classification/qg7/gensys_icl003.smt2""]"
19,0,7036,QF_UF/QG-classification/qg7/gensys_icl003.smt2,a57fafad05d0b8b6e2d39cb37b8c1a190462d8daf4b9edefe08fcc0275a121f3,812658,unsat,1,williams_first_order_carryover,a5b163da70f7a4b586276cec20529dcaf9a596daf59a01894d95ec3f4fd69c3e,3,3,0,3,1,1,staged-1000,staged-1000,"[""staged-100"",""staged-1000"",""staged-10"",""staged-10000"",""staged-0"",""baseline""]",parser_inclusive_subprocess_wall_clock,1,timeout,2.010966078,124,-9,1,timeout,exceeded 2 seconds,,,"[""/net/scratch/hscra/plgrid/plgnasqret/codex-control/projects/euf-viper/runs/20260727T073625Z-staged-qg7-e9fef17/target/release/euf-viper"",""fabric-solve"",""--engine"",""quotient-portfolio"",""/net/scratch/hscra/plgrid/plgnasqret/codex-control/projects/euf-viper/corpora/9b39c70a794d52277a4e5d83731f0ebc50a2f3b804eb1dfc8cf32766a5ebeadc/smtlib-2025/QF_UF/QF_UF/QG-classification/qg7/gensys_icl003.smt2""]"
20,0,7036,QF_UF/QG-classification/qg7/gensys_icl003.smt2,a57fafad05d0b8b6e2d39cb37b8c1a190462d8daf4b9edefe08fcc0275a121f3,812658,unsat,1,williams_first_order_carryover,a5b163da70f7a4b586276cec20529dcaf9a596daf59a01894d95ec3f4fd69c3e,3,3,0,3,2,2,staged-10,staged-10,"[""staged-100"",""staged-1000"",""staged-10"",""staged-10000"",""staged-0"",""baseline""]",parser_inclusive_subprocess_wall_clock,1,timeout,2.008834853,124,-9,1,timeout,exceeded 2 seconds,,,"[""/net/scratch/hscra/plgrid/plgnasqret/codex-control/projects/euf-viper/runs/20260727T073625Z-staged-qg7-e9fef17/target/release/euf-viper"",""fabric-solve"",""--engine"",""quotient-portfolio"",""/net/scratch/hscra/plgrid/plgnasqret/codex-control/projects/euf-viper/corpora/9b39c70a794d52277a4e5d83731f0ebc50a2f3b804eb1dfc8cf32766a5ebeadc/smtlib-2025/QF_UF/QF_UF/QG-classification/qg7/gensys_icl003.smt2""]"
21,0,7036,QF_UF/QG-classification/qg7/gensys_icl003.smt2,a57fafad05d0b8b6e2d39cb37b8c1a190462d8daf4b9edefe08fcc0275a121f3,812658,unsat,1,williams_first_order_carryover,a5b163da70f7a4b586276cec20529dcaf9a596daf59a01894d95ec3f4fd69c3e,3,3,0,3,3,3,staged-10000,staged-10000,"[""staged-100"",""staged-1000"",""staged-10"",""staged-10000"",""staged-0"",""baseline""]",parser_inclusive_subprocess_wall_clock,1,timeout,2.006907052,124,-9,1,timeout,exceeded 2 seconds,,,"[""/net/scratch/hscra/plgrid/plgnasqret/codex-control/projects/euf-viper/runs/20260727T073625Z-staged-qg7-e9fef17/target/release/euf-viper"",""fabric-solve"",""--engine"",""quotient-portfolio"",""/net/scratch/hscra/plgrid/plgnasqret/codex-control/projects/euf-viper/corpora/9b39c70a794d52277a4e5d83731f0ebc50a2f3b804eb1dfc8cf32766a5ebeadc/smtlib-2025/QF_UF/QF_UF/QG-classification/qg7/gensys_icl003.smt2""]"
22,0,7036,QF_UF/QG-classification/qg7/gensys_icl003.smt2,a57fafad05d0b8b6e2d39cb37b8c1a190462d8daf4b9edefe08fcc0275a121f3,812658,unsat,1,williams_first_order_carryover,a5b163da70f7a4b586276cec20529dcaf9a596daf59a01894d95ec3f4fd69c3e,3,3,0,3,4,4,staged-0,staged-0,"[""staged-100"",""staged-1000"",""staged-10"",""staged-10000"",""staged-0"",""baseline""]",parser_inclusive_subprocess_wall_clock,1,timeout,2.008633874,124,-9,1,timeout,exceeded 2 seconds,,,"[""/net/scratch/hscra/plgrid/plgnasqret/codex-control/projects/euf-viper/runs/20260727T073625Z-staged-qg7-e9fef17/target/release/euf-viper"",""fabric-solve"",""--engine"",""quotient-portfolio"",""/net/scratch/hscra/plgrid/plgnasqret/codex-control/projects/euf-viper/corpora/9b39c70a794d52277a4e5d83731f0ebc50a2f3b804eb1dfc8cf32766a5ebeadc/smtlib-2025/QF_UF/QF_UF/QG-classification/qg7/gensys_icl003.smt2""]"
23,0,7036,QF_UF/QG-classification/qg7/gensys_icl003.smt2,a57fafad05d0b8b6e2d39cb37b8c1a190462d8daf4b9edefe08fcc0275a121f3,812658,unsat,1,williams_first_order_carryover,a5b163da70f7a4b586276cec20529dcaf9a596daf59a01894d95ec3f4fd69c3e,3,3,0,3,5,5,baseline,baseline,"[""staged-100"",""staged-1000"",""staged-10"",""staged-10000"",""staged-0"",""baseline""]",parser_inclusive_subprocess_wall_clock,1,timeout,2.007804297,124,-9,1,timeout,exceeded 2 seconds,,,"[""/net/scratch/hscra/plgrid/plgnasqret/codex-control/projects/euf-viper/runs/20260727T073625Z-staged-qg7-e9fef17/target/release/euf-viper"",""fabric-solve"",""--engine"",""quotient-portfolio"",""/net/scratch/hscra/plgrid/plgnasqret/codex-control/projects/euf-viper/corpora/9b39c70a794d52277a4e5d83731f0ebc50a2f3b804eb1dfc8cf32766a5ebeadc/smtlib-2025/QF_UF/QF_UF/QG-classification/qg7/gensys_icl003.smt2""]"
24,0,7036,QF_UF/QG-classification/qg7/gensys_icl003.smt2,a57fafad05d0b8b6e2d39cb37b8c1a190462d8daf4b9edefe08fcc0275a121f3,812658,unsat,1,williams_first_order_carryover,a5b163da70f7a4b586276cec20529dcaf9a596daf59a01894d95ec3f4fd69c3e,4,4,0,4,0,0,staged-1000,staged-1000,"[""staged-1000"",""staged-10000"",""staged-100"",""baseline"",""staged-10"",""staged-0""]",parser_inclusive_subprocess_wall_clock,1,timeout,2.009131364,124,-9,1,timeout,exceeded 2 seconds,,,"[""/net/scratch/hscra/plgrid/plgnasqret/codex-control/projects/euf-viper/runs/20260727T073625Z-staged-qg7-e9fef17/target/release/euf-viper"",""fabric-solve"",""--engine"",""quotient-portfolio"",""/net/scratch/hscra/plgrid/plgnasqret/codex-control/projects/euf-viper/corpora/9b39c70a794d52277a4e5d83731f0ebc50a2f3b804eb1dfc8cf32766a5ebeadc/smtlib-2025/QF_UF/QF_UF/QG-classification/qg7/gensys_icl003.smt2""]"
25,0,7036,QF_UF/QG-classification/qg7/gensys_icl003.smt2,a57fafad05d0b8b6e2d39cb37b8c1a190462d8daf4b9edefe08fcc0275a121f3,812658,unsat,1,williams_first_order_carryover,a5b163da70f7a4b586276cec20529dcaf9a596daf59a01894d95ec3f4fd69c3e,4,4,0,4,1,1,staged-10000,staged-10000,"[""staged-1000"",""staged-10000"",""staged-100"",""baseline"",""staged-10"",""staged-0""]",parser_inclusive_subprocess_wall_clock,1,timeout,2.008923995,124,-9,1,timeout,exceeded 2 seconds,,,"[""/net/scratch/hscra/plgrid/plgnasqret/codex-control/projects/euf-viper/runs/20260727T073625Z-staged-qg7-e9fef17/target/release/euf-viper"",""fabric-solve"",""--engine"",""quotient-portfolio"",""/net/scratch/hscra/plgrid/plgnasqret/codex-control/projects/euf-viper/corpora/9b39c70a794d52277a4e5d83731f0ebc50a2f3b804eb1dfc8cf32766a5ebeadc/smtlib-2025/QF_UF/QF_UF/QG-classification/qg7/gensys_icl003.smt2""]"
26,0,7036,QF_UF/QG-classification/qg7/gensys_icl003.smt2,a57fafad05d0b8b6e2d39cb37b8c1a190462d8daf4b9edefe08fcc0275a121f3,812658,unsat,1,williams_first_order_carryover,a5b163da70f7a4b586276cec20529dcaf9a596daf59a01894d95ec3f4fd69c3e,4,4,0,4,2,2,staged-100,staged-100,"[""staged-1000"",""staged-10000"",""staged-100"",""baseline"",""staged-10"",""staged-0""]",parser_inclusive_subprocess_wall_clock,1,timeout,2.007537723,124,-9,1,timeout,exceeded 2 seconds,,,"[""/net/scratch/hscra/plgrid/plgnasqret/codex-control/projects/euf-viper/runs/20260727T073625Z-staged-qg7-e9fef17/target/release/euf-viper"",""fabric-solve"",""--engine"",""quotient-portfolio"",""/net/scratch/hscra/plgrid/plgnasqret/codex-control/projects/euf-viper/corpora/9b39c70a794d52277a4e5d83731f0ebc50a2f3b804eb1dfc8cf32766a5ebeadc/smtlib-2025/QF_UF/QF_UF/QG-classification/qg7/gensys_icl003.smt2""]"
27,0,7036,QF_UF/QG-classification/qg7/gensys_icl003.smt2,a57fafad05d0b8b6e2d39cb37b8c1a190462d8daf4b9edefe08fcc0275a121f3,812658,unsat,1,williams_first_order_carryover,a5b163da70f7a4b586276cec20529dcaf9a596daf59a01894d95ec3f4fd69c3e,4,4,0,4,3,3,baseline,baseline,"[""staged-1000"",""staged-10000"",""staged-100"",""baseline"",""staged-10"",""staged-0""]",parser_inclusive_subprocess_wall_clock,1,timeout,2.009102158,124,-9,1,timeout,exceeded 2 seconds,,,"[""/net/scratch/hscra/plgrid/plgnasqret/codex-control/projects/euf-viper/runs/20260727T073625Z-staged-qg7-e9fef17/target/release/euf-viper"",""fabric-solve"",""--engine"",""quotient-portfolio"",""/net/scratch/hscra/plgrid/plgnasqret/codex-control/projects/euf-viper/corpora/9b39c70a794d52277a4e5d83731f0ebc50a2f3b804eb1dfc8cf32766a5ebeadc/smtlib-2025/QF_UF/QF_UF/QG-classification/qg7/gensys_icl003.smt2""]"
28,0,7036,QF_UF/QG-classification/qg7/gensys_icl003.smt2,a57fafad05d0b8b6e2d39cb37b8c1a190462d8daf4b9edefe08fcc0275a121f3,812658,unsat,1,williams_first_order_carryover,a5b163da70f7a4b586276cec20529dcaf9a596daf59a01894d95ec3f4fd69c3e,4,4,0,4,4,4,staged-10,staged-10,"[""staged-1000"",""staged-10000"",""staged-100"",""baseline"",""staged-10"",""staged-0""]",parser_inclusive_subprocess_wall_clock,1,timeout,2.009316127,124,-9,1,timeout,exceeded 2 seconds,,,"[""/net/scratch/hscra/plgrid/plgnasqret/codex-control/projects/euf-viper/runs/20260727T073625Z-staged-qg7-e9fef17/target/release/euf-viper"",""fabric-solve"",""--engine"",""quotient-portfolio"",""/net/scratch/hscra/plgrid/plgnasqret/codex-control/projects/euf-viper/corpora/9b39c70a794d52277a4e5d83731f0ebc50a2f3b804eb1dfc8cf32766a5ebeadc/smtlib-2025/QF_UF/QF_UF/QG-classification/qg7/gensys_icl003.smt2""]"
29,0,7036,QF_UF/QG-classification/qg7/gensys_icl003.smt2,a57fafad05d0b8b6e2d39cb37b8c1a190462d8daf4b9edefe08fcc0275a121f3,812658,unsat,1,williams_first_order_carryover,a5b163da70f7a4b586276cec20529dcaf9a596daf59a01894d95ec3f4fd69c3e,4,4,0,4,5,5,staged-0,staged-0,"[""staged-1000"",""staged-10000"",""staged-100"",""baseline"",""staged-10"",""staged-0""]",parser_inclusive_subprocess_wall_clock,1,timeout,2.009591725,124,-9,1,timeout,exceeded 2 seconds,,,"[""/net/scratch/hscra/plgrid/plgnasqret/codex-control/projects/euf-viper/runs/20260727T073625Z-staged-qg7-e9fef17/target/release/euf-viper"",""fabric-solve"",""--engine"",""quotient-portfolio"",""/net/scratch/hscra/plgrid/plgnasqret/codex-control/projects/euf-viper/corpora/9b39c70a794d52277a4e5d83731f0ebc50a2f3b804eb1dfc8cf32766a5ebeadc/smtlib-2025/QF_UF/QF_UF/QG-classification/qg7/gensys_icl003.smt2""]"
30,0,7036,QF_UF/QG-classification/qg7/gensys_icl003.smt2,a57fafad05d0b8b6e2d39cb37b8c1a190462d8daf4b9edefe08fcc0275a121f3,812658,unsat,1,williams_first_order_carryover,a5b163da70f7a4b586276cec20529dcaf9a596daf59a01894d95ec3f4fd69c3e,5,5,0,5,0,0,staged-10000,staged-10000,"[""staged-10000"",""baseline"",""staged-1000"",""staged-0"",""staged-100"",""staged-10""]",parser_inclusive_subprocess_wall_clock,1,timeout,2.007271560,124,-9,1,timeout,exceeded 2 seconds,,,"[""/net/scratch/hscra/plgrid/plgnasqret/codex-control/projects/euf-viper/runs/20260727T073625Z-staged-qg7-e9fef17/target/release/euf-viper"",""fabric-solve"",""--engine"",""quotient-portfolio"",""/net/scratch/hscra/plgrid/plgnasqret/codex-control/projects/euf-viper/corpora/9b39c70a794d52277a4e5d83731f0ebc50a2f3b804eb1dfc8cf32766a5ebeadc/smtlib-2025/QF_UF/QF_UF/QG-classification/qg7/gensys_icl003.smt2""]"
31,0,7036,QF_UF/QG-classification/qg7/gensys_icl003.smt2,a57fafad05d0b8b6e2d39cb37b8c1a190462d8daf4b9edefe08fcc0275a121f3,812658,unsat,1,williams_first_order_carryover,a5b163da70f7a4b586276cec20529dcaf9a596daf59a01894d95ec3f4fd69c3e,5,5,0,5,1,1,baseline,baseline,"[""staged-10000"",""baseline"",""staged-1000"",""staged-0"",""staged-100"",""staged-10""]",parser_inclusive_subprocess_wall_clock,1,timeout,2.008169166,124,-9,1,timeout,exceeded 2 seconds,,,"[""/net/scratch/hscra/plgrid/plgnasqret/codex-control/projects/euf-viper/runs/20260727T073625Z-staged-qg7-e9fef17/target/release/euf-viper"",""fabric-solve"",""--engine"",""quotient-portfolio"",""/net/scratch/hscra/plgrid/plgnasqret/codex-control/projects/euf-viper/corpora/9b39c70a794d52277a4e5d83731f0ebc50a2f3b804eb1dfc8cf32766a5ebeadc/smtlib-2025/QF_UF/QF_UF/QG-classification/qg7/gensys_icl003.smt2""]"
32,0,7036,QF_UF/QG-classification/qg7/gensys_icl003.smt2,a57fafad05d0b8b6e2d39cb37b8c1a190462d8daf4b9edefe08fcc0275a121f3,812658,unsat,1,williams_first_order_carryover,a5b163da70f7a4b586276cec20529dcaf9a596daf59a01894d95ec3f4fd69c3e,5,5,0,5,2,2,staged-1000,staged-1000,"[""staged-10000"",""baseline"",""staged-1000"",""staged-0"",""staged-100"",""staged-10""]",parser_inclusive_subprocess_wall_clock,1,timeout,2.008549300,124,-9,1,timeout,exceeded 2 seconds,,,"[""/net/scratch/hscra/plgrid/plgnasqret/codex-control/projects/euf-viper/runs/20260727T073625Z-staged-qg7-e9fef17/target/release/euf-viper"",""fabric-solve"",""--engine"",""quotient-portfolio"",""/net/scratch/hscra/plgrid/plgnasqret/codex-control/projects/euf-viper/corpora/9b39c70a794d52277a4e5d83731f0ebc50a2f3b804eb1dfc8cf32766a5ebeadc/smtlib-2025/QF_UF/QF_UF/QG-classification/qg7/gensys_icl003.smt2""]"
33,0,7036,QF_UF/QG-classification/qg7/gensys_icl003.smt2,a57fafad05d0b8b6e2d39cb37b8c1a190462d8daf4b9edefe08fcc0275a121f3,812658,unsat,1,williams_first_order_carryover,a5b163da70f7a4b586276cec20529dcaf9a596daf59a01894d95ec3f4fd69c3e,5,5,0,5,3,3,staged-0,staged-0,"[""staged-10000"",""baseline"",""staged-1000"",""staged-0"",""staged-100"",""staged-10""]",parser_inclusive_subprocess_wall_clock,1,timeout,2.010342257,124,-9,1,timeout,exceeded 2 seconds,,,"[""/net/scratch/hscra/plgrid/plgnasqret/codex-control/projects/euf-viper/runs/20260727T073625Z-staged-qg7-e9fef17/target/release/euf-viper"",""fabric-solve"",""--engine"",""quotient-portfolio"",""/net/scratch/hscra/plgrid/plgnasqret/codex-control/projects/euf-viper/corpora/9b39c70a794d52277a4e5d83731f0ebc50a2f3b804eb1dfc8cf32766a5ebeadc/smtlib-2025/QF_UF/QF_UF/QG-classification/qg7/gensys_icl003.smt2""]"
34,0,7036,QF_UF/QG-classification/qg7/gensys_icl003.smt2,a57fafad05d0b8b6e2d39cb37b8c1a190462d8daf4b9edefe08fcc0275a121f3,812658,unsat,1,williams_first_order_carryover,a5b163da70f7a4b586276cec20529dcaf9a596daf59a01894d95ec3f4fd69c3e,5,5,0,5,4,4,staged-100,staged-100,"[""staged-10000"",""baseline"",""staged-1000"",""staged-0"",""staged-100"",""staged-10""]",parser_inclusive_subprocess_wall_clock,1,timeout,2.009334196,124,-9,1,timeout,exceeded 2 seconds,,,"[""/net/scratch/hscra/plgrid/plgnasqret/codex-control/projects/euf-viper/runs/20260727T073625Z-staged-qg7-e9fef17/target/release/euf-viper"",""fabric-solve"",""--engine"",""quotient-portfolio"",""/net/scratch/hscra/plgrid/plgnasqret/codex-control/projects/euf-viper/corpora/9b39c70a794d52277a4e5d83731f0ebc50a2f3b804eb1dfc8cf32766a5ebeadc/smtlib-2025/QF_UF/QF_UF/QG-classification/qg7/gensys_icl003.smt2""]"
35,0,7036,QF_UF/QG-classification/qg7/gensys_icl003.smt2,a57fafad05d0b8b6e2d39cb37b8c1a190462d8daf4b9edefe08fcc0275a121f3,812658,unsat,1,williams_first_order_carryover,a5b163da70f7a4b586276cec20529dcaf9a596daf59a01894d95ec3f4fd69c3e,5,5,0,5,5,5,staged-10,staged-10,"[""staged-10000"",""baseline"",""staged-1000"",""staged-0"",""staged-100"",""staged-10""]",parser_inclusive_subprocess_wall_clock,1,timeout,2.007588514,124,-9,1,timeout,exceeded 2 seconds,,,"[""/net/scratch/hscra/plgrid/plgnasqret/codex-control/projects/euf-viper/runs/20260727T073625Z-staged-qg7-e9fef17/target/release/euf-viper"",""fabric-solve"",""--engine"",""quotient-portfolio"",""/net/scratch/hscra/plgrid/plgnasqret/codex-control/projects/euf-viper/corpora/9b39c70a794d52277a4e5d83731f0ebc50a2f3b804eb1dfc8cf32766a5ebeadc/smtlib-2025/QF_UF/QF_UF/QG-classification/qg7/gensys_icl003.smt2""]"
36,1,7044,QF_UF/QG-classification/qg7/gensys_icl_sk004.smt2,1fe6b3f10aa0548693cb3ee1264c1c6718ecb8e1457d6e09e589019706ec894e,812596,unsat,1,williams_first_order_carryover,a5b163da70f7a4b586276cec20529dcaf9a596daf59a01894d95ec3f4fd69c3e,0,0,0,0,0,0,baseline,baseline,"[""baseline"",""staged-0"",""staged-10000"",""staged-10"",""staged-1000"",""staged-100""]",parser_inclusive_subprocess_wall_clock,1,timeout,2.008965501,124,-9,1,timeout,exceeded 2 seconds,,,"[""/net/scratch/hscra/plgrid/plgnasqret/codex-control/projects/euf-viper/runs/20260727T073625Z-staged-qg7-e9fef17/target/release/euf-viper"",""fabric-solve"",""--engine"",""quotient-portfolio"",""/net/scratch/hscra/plgrid/plgnasqret/codex-control/projects/euf-viper/corpora/9b39c70a794d52277a4e5d83731f0ebc50a2f3b804eb1dfc8cf32766a5ebeadc/smtlib-2025/QF_UF/QF_UF/QG-classification/qg7/gensys_icl_sk004.smt2""]"
37,1,7044,QF_UF/QG-classification/qg7/gensys_icl_sk004.smt2,1fe6b3f10aa0548693cb3ee1264c1c6718ecb8e1457d6e09e589019706ec894e,812596,unsat,1,williams_first_order_carryover,a5b163da70f7a4b586276cec20529dcaf9a596daf59a01894d95ec3f4fd69c3e,0,0,0,0,1,1,staged-0,staged-0,"[""baseline"",""staged-0"",""staged-10000"",""staged-10"",""staged-1000"",""staged-100""]",parser_inclusive_subprocess_wall_clock,1,timeout,2.010716371,124,-9,1,timeout,exceeded 2 seconds,,,"[""/net/scratch/hscra/plgrid/plgnasqret/codex-control/projects/euf-viper/runs/20260727T073625Z-staged-qg7-e9fef17/target/release/euf-viper"",""fabric-solve"",""--engine"",""quotient-portfolio"",""/net/scratch/hscra/plgrid/plgnasqret/codex-control/projects/euf-viper/corpora/9b39c70a794d52277a4e5d83731f0ebc50a2f3b804eb1dfc8cf32766a5ebeadc/smtlib-2025/QF_UF/QF_UF/QG-classification/qg7/gensys_icl_sk004.smt2""]"
38,1,7044,QF_UF/QG-classification/qg7/gensys_icl_sk004.smt2,1fe6b3f10aa0548693cb3ee1264c1c6718ecb8e1457d6e09e589019706ec894e,812596,unsat,1,williams_first_order_carryover,a5b163da70f7a4b586276cec20529dcaf9a596daf59a01894d95ec3f4fd69c3e,0,0,0,0,2,2,staged-10000,staged-10000,"[""baseline"",""staged-0"",""staged-10000"",""staged-10"",""staged-1000"",""staged-100""]",parser_inclusive_subprocess_wall_clock,1,timeout,2.008141503,124,-9,1,timeout,exceeded 2 seconds,,,"[""/net/scratch/hscra/plgrid/plgnasqret/codex-control/projects/euf-viper/runs/20260727T073625Z-staged-qg7-e9fef17/target/release/euf-viper"",""fabric-solve"",""--engine"",""quotient-portfolio"",""/net/scratch/hscra/plgrid/plgnasqret/codex-control/projects/euf-viper/corpora/9b39c70a794d52277a4e5d83731f0ebc50a2f3b804eb1dfc8cf32766a5ebeadc/smtlib-2025/QF_UF/QF_UF/QG-classification/qg7/gensys_icl_sk004.smt2""]"
39,1,7044,QF_UF/QG-classification/qg7/gensys_icl_sk004.smt2,1fe6b3f10aa0548693cb3ee1264c1c6718ecb8e1457d6e09e589019706ec894e,812596,unsat,1,williams_first_order_carryover,a5b163da70f7a4b586276cec20529dcaf9a596daf59a01894d95ec3f4fd69c3e,0,0,0,0,3,3,staged-10,staged-10,"[""baseline"",""staged-0"",""staged-10000"",""staged-10"",""staged-1000"",""staged-100""]",parser_inclusive_subprocess_wall_clock,1,timeout,2.006620858,124,-9,1,timeout,exceeded 2 seconds,,,"[""/net/scratch/hscra/plgrid/plgnasqret/codex-control/projects/euf-viper/runs/20260727T073625Z-staged-qg7-e9fef17/target/release/euf-viper"",""fabric-solve"",""--engine"",""quotient-portfolio"",""/net/scratch/hscra/plgrid/plgnasqret/codex-control/projects/euf-viper/corpora/9b39c70a794d52277a4e5d83731f0ebc50a2f3b804eb1dfc8cf32766a5ebeadc/smtlib-2025/QF_UF/QF_UF/QG-classification/qg7/gensys_icl_sk004.smt2""]"
40,1,7044,QF_UF/QG-classification/qg7/gensys_icl_sk004.smt2,1fe6b3f10aa0548693cb3ee1264c1c6718ecb8e1457d6e09e589019706ec894e,812596,unsat,1,williams_first_order_carryover,a5b163da70f7a4b586276cec20529dcaf9a596daf59a01894d95ec3f4fd69c3e,0,0,0,0,4,4,staged-1000,staged-1000,"[""baseline"",""staged-0"",""staged-10000"",""staged-10"",""staged-1000"",""staged-100""]",parser_inclusive_subprocess_wall_clock,1,timeout,2.008734705,124,-9,1,timeout,exceeded 2 seconds,,,"[""/net/scratch/hscra/plgrid/plgnasqret/codex-control/projects/euf-viper/runs/20260727T073625Z-staged-qg7-e9fef17/target/release/euf-viper"",""fabric-solve"",""--engine"",""quotient-portfolio"",""/net/scratch/hscra/plgrid/plgnasqret/codex-control/projects/euf-viper/corpora/9b39c70a794d52277a4e5d83731f0ebc50a2f3b804eb1dfc8cf32766a5ebeadc/smtlib-2025/QF_UF/QF_UF/QG-classification/qg7/gensys_icl_sk004.smt2""]"
41,1,7044,QF_UF/QG-classification/qg7/gensys_icl_sk004.smt2,1fe6b3f10aa0548693cb3ee1264c1c6718ecb8e1457d6e09e589019706ec894e,812596,unsat,1,williams_first_order_carryover,a5b163da70f7a4b586276cec20529dcaf9a596daf59a01894d95ec3f4fd69c3e,0,0,0,0,5,5,staged-100,staged-100,"[""baseline"",""staged-0"",""staged-10000"",""staged-10"",""staged-1000"",""staged-100""]",parser_inclusive_subprocess_wall_clock,1,timeout,2.009099032,124,-9,1,timeout,exceeded 2 seconds,,,"[""/net/scratch/hscra/plgrid/plgnasqret/codex-control/projects/euf-viper/runs/20260727T073625Z-staged-qg7-e9fef17/target/release/euf-viper"",""fabric-solve"",""--engine"",""quotient-portfolio"",""/net/scratch/hscra/plgrid/plgnasqret/codex-control/projects/euf-viper/corpora/9b39c70a794d52277a4e5d83731f0ebc50a2f3b804eb1dfc8cf32766a5ebeadc/smtlib-2025/QF_UF/QF_UF/QG-classification/qg7/gensys_icl_sk004.smt2""]"
42,1,7044,QF_UF/QG-classification/qg7/gensys_icl_sk004.smt2,1fe6b3f10aa0548693cb3ee1264c1c6718ecb8e1457d6e09e589019706ec894e,812596,unsat,1,williams_first_order_carryover,a5b163da70f7a4b586276cec20529dcaf9a596daf59a01894d95ec3f4fd69c3e,1,1,0,1,0,0,staged-0,staged-0,"[""staged-0"",""staged-10"",""baseline"",""staged-100"",""staged-10000"",""staged-1000""]",parser_inclusive_subprocess_wall_clock,1,timeout,2.010561425,124,-9,1,timeout,exceeded 2 seconds,,,"[""/net/scratch/hscra/plgrid/plgnasqret/codex-control/projects/euf-viper/runs/20260727T073625Z-staged-qg7-e9fef17/target/release/euf-viper"",""fabric-solve"",""--engine"",""quotient-portfolio"",""/net/scratch/hscra/plgrid/plgnasqret/codex-control/projects/euf-viper/corpora/9b39c70a794d52277a4e5d83731f0ebc50a2f3b804eb1dfc8cf32766a5ebeadc/smtlib-2025/QF_UF/QF_UF/QG-classification/qg7/gensys_icl_sk004.smt2""]"
43,1,7044,QF_UF/QG-classification/qg7/gensys_icl_sk004.smt2,1fe6b3f10aa0548693cb3ee1264c1c6718ecb8e1457d6e09e589019706ec894e,812596,unsat,1,williams_first_order_carryover,a5b163da70f7a4b586276cec20529dcaf9a596daf59a01894d95ec3f4fd69c3e,1,1,0,1,1,1,staged-10,staged-10,"[""staged-0"",""staged-10"",""baseline"",""staged-100"",""staged-10000"",""staged-1000""]",parser_inclusive_subprocess_wall_clock,1,timeout,2.009811665,124,-9,1,timeout,exceeded 2 seconds,,,"[""/net/scratch/hscra/plgrid/plgnasqret/codex-control/projects/euf-viper/runs/20260727T073625Z-staged-qg7-e9fef17/target/release/euf-viper"",""fabric-solve"",""--engine"",""quotient-portfolio"",""/net/scratch/hscra/plgrid/plgnasqret/codex-control/projects/euf-viper/corpora/9b39c70a794d52277a4e5d83731f0ebc50a2f3b804eb1dfc8cf32766a5ebeadc/smtlib-2025/QF_UF/QF_UF/QG-classification/qg7/gensys_icl_sk004.smt2""]"
44,1,7044,QF_UF/QG-classification/qg7/gensys_icl_sk004.smt2,1fe6b3f10aa0548693cb3ee1264c1c6718ecb8e1457d6e09e589019706ec894e,812596,unsat,1,williams_first_order_carryover,a5b163da70f7a4b586276cec20529dcaf9a596daf59a01894d95ec3f4fd69c3e,1,1,0,1,2,2,baseline,baseline,"[""staged-0"",""staged-10"",""baseline"",""staged-100"",""staged-10000"",""staged-1000""]",parser_inclusive_subprocess_wall_clock,1,timeout,2.007812300,124,-9,1,timeout,exceeded 2 seconds,,,"[""/net/scratch/hscra/plgrid/plgnasqret/codex-control/projects/euf-viper/runs/20260727T073625Z-staged-qg7-e9fef17/target/release/euf-viper"",""fabric-solve"",""--engine"",""quotient-portfolio"",""/net/scratch/hscra/plgrid/plgnasqret/codex-control/projects/euf-viper/corpora/9b39c70a794d52277a4e5d83731f0ebc50a2f3b804eb1dfc8cf32766a5ebeadc/smtlib-2025/QF_UF/QF_UF/QG-classification/qg7/gensys_icl_sk004.smt2""]"
45,1,7044,QF_UF/QG-classification/qg7/gensys_icl_sk004.smt2,1fe6b3f10aa0548693cb3ee1264c1c6718ecb8e1457d6e09e589019706ec894e,812596,unsat,1,williams_first_order_carryover,a5b163da70f7a4b586276cec20529dcaf9a596daf59a01894d95ec3f4fd69c3e,1,1,0,1,3,3,staged-100,staged-100,"[""staged-0"",""staged-10"",""baseline"",""staged-100"",""staged-10000"",""staged-1000""]",parser_inclusive_subprocess_wall_clock,1,timeout,2.009909469,124,-9,1,timeout,exceeded 2 seconds,,,"[""/net/scratch/hscra/plgrid/plgnasqret/codex-control/projects/euf-viper/runs/20260727T073625Z-staged-qg7-e9fef17/target/release/euf-viper"",""fabric-solve"",""--engine"",""quotient-portfolio"",""/net/scratch/hscra/plgrid/plgnasqret/codex-control/projects/euf-viper/corpora/9b39c70a794d52277a4e5d83731f0ebc50a2f3b804eb1dfc8cf32766a5ebeadc/smtlib-2025/QF_UF/QF_UF/QG-classification/qg7/gensys_icl_sk004.smt2""]"
46,1,7044,QF_UF/QG-classification/qg7/gensys_icl_sk004.smt2,1fe6b3f10aa0548693cb3ee1264c1c6718ecb8e1457d6e09e589019706ec894e,812596,unsat,1,williams_first_order_carryover,a5b163da70f7a4b586276cec20529dcaf9a596daf59a01894d95ec3f4fd69c3e,1,1,0,1,4,4,staged-10000,staged-10000,"[""staged-0"",""staged-10"",""baseline"",""staged-100"",""staged-10000"",""staged-1000""]",parser_inclusive_subprocess_wall_clock,1,timeout,2.010770497,124,-9,1,timeout,exceeded 2 seconds,,,"[""/net/scratch/hscra/plgrid/plgnasqret/codex-control/projects/euf-viper/runs/20260727T073625Z-staged-qg7-e9fef17/target/release/euf-viper"",""fabric-solve"",""--engine"",""quotient-portfolio"",""/net/scratch/hscra/plgrid/plgnasqret/codex-control/projects/euf-viper/corpora/9b39c70a794d52277a4e5d83731f0ebc50a2f3b804eb1dfc8cf32766a5ebeadc/smtlib-2025/QF_UF/QF_UF/QG-classification/qg7/gensys_icl_sk004.smt2""]"
47,1,7044,QF_UF/QG-classification/qg7/gensys_icl_sk004.smt2,1fe6b3f10aa0548693cb3ee1264c1c6718ecb8e1457d6e09e589019706ec894e,812596,unsat,1,williams_first_order_carryover,a5b163da70f7a4b586276cec20529dcaf9a596daf59a01894d95ec3f4fd69c3e,1,1,0,1,5,5,staged-1000,staged-1000,"[""staged-0"",""staged-10"",""baseline"",""staged-100"",""staged-10000"",""staged-1000""]",parser_inclusive_subprocess_wall_clock,1,timeout,2.009103948,124,-9,1,timeout,exceeded 2 seconds,,,"[""/net/scratch/hscra/plgrid/plgnasqret/codex-control/projects/euf-viper/runs/20260727T073625Z-staged-qg7-e9fef17/target/release/euf-viper"",""fabric-solve"",""--engine"",""quotient-portfolio"",""/net/scratch/hscra/plgrid/plgnasqret/codex-control/projects/euf-viper/corpora/9b39c70a794d52277a4e5d83731f0ebc50a2f3b804eb1dfc8cf32766a5ebeadc/smtlib-2025/QF_UF/QF_UF/QG-classification/qg7/gensys_icl_sk004.smt2""]"
48,1,7044,QF_UF/QG-classification/qg7/gensys_icl_sk004.smt2,1fe6b3f10aa0548693cb3ee1264c1c6718ecb8e1457d6e09e589019706ec894e,812596,unsat,1,williams_first_order_carryover,a5b163da70f7a4b586276cec20529dcaf9a596daf59a01894d95ec3f4fd69c3e,2,2,0,2,0,0,staged-10,staged-10,"[""staged-10"",""staged-100"",""staged-0"",""staged-1000"",""baseline"",""staged-10000""]",parser_inclusive_subprocess_wall_clock,1,timeout,2.007304520,124,-9,1,timeout,exceeded 2 seconds,,,"[""/net/scratch/hscra/plgrid/plgnasqret/codex-control/projects/euf-viper/runs/20260727T073625Z-staged-qg7-e9fef17/target/release/euf-viper"",""fabric-solve"",""--engine"",""quotient-portfolio"",""/net/scratch/hscra/plgrid/plgnasqret/codex-control/projects/euf-viper/corpora/9b39c70a794d52277a4e5d83731f0ebc50a2f3b804eb1dfc8cf32766a5ebeadc/smtlib-2025/QF_UF/QF_UF/QG-classification/qg7/gensys_icl_sk004.smt2""]"
49,1,7044,QF_UF/QG-classification/qg7/gensys_icl_sk004.smt2,1fe6b3f10aa0548693cb3ee1264c1c6718ecb8e1457d6e09e589019706ec894e,812596,unsat,1,williams_first_order_carryover,a5b163da70f7a4b586276cec20529dcaf9a596daf59a01894d95ec3f4fd69c3e,2,2,0,2,1,1,staged-100,staged-100,"[""staged-10"",""staged-100"",""staged-0"",""staged-1000"",""baseline"",""staged-10000""]",parser_inclusive_subprocess_wall_clock,1,timeout,2.009778920,124,-9,1,timeout,exceeded 2 seconds,,,"[""/net/scratch/hscra/plgrid/plgnasqret/codex-control/projects/euf-viper/runs/20260727T073625Z-staged-qg7-e9fef17/target/release/euf-viper"",""fabric-solve"",""--engine"",""quotient-portfolio"",""/net/scratch/hscra/plgrid/plgnasqret/codex-control/projects/euf-viper/corpora/9b39c70a794d52277a4e5d83731f0ebc50a2f3b804eb1dfc8cf32766a5ebeadc/smtlib-2025/QF_UF/QF_UF/QG-classification/qg7/gensys_icl_sk004.smt2""]"
50,1,7044,QF_UF/QG-classification/qg7/gensys_icl_sk004.smt2,1fe6b3f10aa0548693cb3ee1264c1c6718ecb8e1457d6e09e589019706ec894e,812596,unsat,1,williams_first_order_carryover,a5b163da70f7a4b586276cec20529dcaf9a596daf59a01894d95ec3f4fd69c3e,2,2,0,2,2,2,staged-0,staged-0,"[""staged-10"",""staged-100"",""staged-0"",""staged-1000"",""baseline"",""staged-10000""]",parser_inclusive_subprocess_wall_clock,1,timeout,2.008861273,124,-9,1,timeout,exceeded 2 seconds,,,"[""/net/scratch/hscra/plgrid/plgnasqret/codex-control/projects/euf-viper/runs/20260727T073625Z-staged-qg7-e9fef17/target/release/euf-viper"",""fabric-solve"",""--engine"",""quotient-portfolio"",""/net/scratch/hscra/plgrid/plgnasqret/codex-control/projects/euf-viper/corpora/9b39c70a794d52277a4e5d83731f0ebc50a2f3b804eb1dfc8cf32766a5ebeadc/smtlib-2025/QF_UF/QF_UF/QG-classification/qg7/gensys_icl_sk004.smt2""]"
51,1,7044,QF_UF/QG-classification/qg7/gensys_icl_sk004.smt2,1fe6b3f10aa0548693cb3ee1264c1c6718ecb8e1457d6e09e589019706ec894e,812596,unsat,1,williams_first_order_carryover,a5b163da70f7a4b586276cec20529dcaf9a596daf59a01894d95ec3f4fd69c3e,2,2,0,2,3,3,staged-1000,staged-1000,"[""staged-10"",""staged-100"",""staged-0"",""staged-1000"",""baseline"",""staged-10000""]",parser_inclusive_subprocess_wall_clock,1,timeout,2.008886082,124,-9,1,timeout,exceeded 2 seconds,,,"[""/net/scratch/hscra/plgrid/plgnasqret/codex-control/projects/euf-viper/runs/20260727T073625Z-staged-qg7-e9fef17/target/release/euf-viper"",""fabric-solve"",""--engine"",""quotient-portfolio"",""/net/scratch/hscra/plgrid/plgnasqret/codex-control/projects/euf-viper/corpora/9b39c70a794d52277a4e5d83731f0ebc50a2f3b804eb1dfc8cf32766a5ebeadc/smtlib-2025/QF_UF/QF_UF/QG-classification/qg7/gensys_icl_sk004.smt2""]"
52,1,7044,QF_UF/QG-classification/qg7/gensys_icl_sk004.smt2,1fe6b3f10aa0548693cb3ee1264c1c6718ecb8e1457d6e09e589019706ec894e,812596,unsat,1,williams_first_order_carryover,a5b163da70f7a4b586276cec20529dcaf9a596daf59a01894d95ec3f4fd69c3e,2,2,0,2,4,4,baseline,baseline,"[""staged-10"",""staged-100"",""staged-0"",""staged-1000"",""baseline"",""staged-10000""]",parser_inclusive_subprocess_wall_clock,1,timeout,2.008041711,124,-9,1,timeout,exceeded 2 seconds,,,"[""/net/scratch/hscra/plgrid/plgnasqret/codex-control/projects/euf-viper/runs/20260727T073625Z-staged-qg7-e9fef17/target/release/euf-viper"",""fabric-solve"",""--engine"",""quotient-portfolio"",""/net/scratch/hscra/plgrid/plgnasqret/codex-control/projects/euf-viper/corpora/9b39c70a794d52277a4e5d83731f0ebc50a2f3b804eb1dfc8cf32766a5ebeadc/smtlib-2025/QF_UF/QF_UF/QG-classification/qg7/gensys_icl_sk004.smt2""]"
53,1,7044,QF_UF/QG-classification/qg7/gensys_icl_sk004.smt2,1fe6b3f10aa0548693cb3ee1264c1c6718ecb8e1457d6e09e589019706ec894e,812596,unsat,1,williams_first_order_carryover,a5b163da70f7a4b586276cec20529dcaf9a596daf59a01894d95ec3f4fd69c3e,2,2,0,2,5,5,staged-10000,staged-10000,"[""staged-10"",""staged-100"",""staged-0"",""staged-1000"",""baseline"",""staged-10000""]",parser_inclusive_subprocess_wall_clock,1,timeout,2.008025836,124,-9,1,timeout,exceeded 2 seconds,,,"[""/net/scratch/hscra/plgrid/plgnasqret/codex-control/projects/euf-viper/runs/20260727T073625Z-staged-qg7-e9fef17/target/release/euf-viper"",""fabric-solve"",""--engine"",""quotient-portfolio"",""/net/scratch/hscra/plgrid/plgnasqret/codex-control/projects/euf-viper/corpora/9b39c70a794d52277a4e5d83731f0ebc50a2f3b804eb1dfc8cf32766a5ebeadc/smtlib-2025/QF_UF/QF_UF/QG-classification/qg7/gensys_icl_sk004.smt2""]"
54,1,7044,QF_UF/QG-classification/qg7/gensys_icl_sk004.smt2,1fe6b3f10aa0548693cb3ee1264c1c6718ecb8e1457d6e09e589019706ec894e,812596,unsat,1,williams_first_order_carryover,a5b163da70f7a4b586276cec20529dcaf9a596daf59a01894d95ec3f4fd69c3e,3,3,0,3,0,0,staged-100,staged-100,"[""staged-100"",""staged-1000"",""staged-10"",""staged-10000"",""staged-0"",""baseline""]",parser_inclusive_subprocess_wall_clock,1,timeout,2.010292015,124,-9,1,timeout,exceeded 2 seconds,,,"[""/net/scratch/hscra/plgrid/plgnasqret/codex-control/projects/euf-viper/runs/20260727T073625Z-staged-qg7-e9fef17/target/release/euf-viper"",""fabric-solve"",""--engine"",""quotient-portfolio"",""/net/scratch/hscra/plgrid/plgnasqret/codex-control/projects/euf-viper/corpora/9b39c70a794d52277a4e5d83731f0ebc50a2f3b804eb1dfc8cf32766a5ebeadc/smtlib-2025/QF_UF/QF_UF/QG-classification/qg7/gensys_icl_sk004.smt2""]"
55,1,7044,QF_UF/QG-classification/qg7/gensys_icl_sk004.smt2,1fe6b3f10aa0548693cb3ee1264c1c6718ecb8e1457d6e09e589019706ec894e,812596,unsat,1,williams_first_order_carryover,a5b163da70f7a4b586276cec20529dcaf9a596daf59a01894d95ec3f4fd69c3e,3,3,0,3,1,1,staged-1000,staged-1000,"[""staged-100"",""staged-1000"",""staged-10"",""staged-10000"",""staged-0"",""baseline""]",parser_inclusive_subprocess_wall_clock,1,timeout,2.010566892,124,-9,1,timeout,exceeded 2 seconds,,,"[""/net/scratch/hscra/plgrid/plgnasqret/codex-control/projects/euf-viper/runs/20260727T073625Z-staged-qg7-e9fef17/target/release/euf-viper"",""fabric-solve"",""--engine"",""quotient-portfolio"",""/net/scratch/hscra/plgrid/plgnasqret/codex-control/projects/euf-viper/corpora/9b39c70a794d52277a4e5d83731f0ebc50a2f3b804eb1dfc8cf32766a5ebeadc/smtlib-2025/QF_UF/QF_UF/QG-classification/qg7/gensys_icl_sk004.smt2""]"
56,1,7044,QF_UF/QG-classification/qg7/gensys_icl_sk004.smt2,1fe6b3f10aa0548693cb3ee1264c1c6718ecb8e1457d6e09e589019706ec894e,812596,unsat,1,williams_first_order_carryover,a5b163da70f7a4b586276cec20529dcaf9a596daf59a01894d95ec3f4fd69c3e,3,3,0,3,2,2,staged-10,staged-10,"[""staged-100"",""staged-1000"",""staged-10"",""staged-10000"",""staged-0"",""baseline""]",parser_inclusive_subprocess_wall_clock,1,timeout,2.008868484,124,-9,1,timeout,exceeded 2 seconds,,,"[""/net/scratch/hscra/plgrid/plgnasqret/codex-control/projects/euf-viper/runs/20260727T073625Z-staged-qg7-e9fef17/target/release/euf-viper"",""fabric-solve"",""--engine"",""quotient-portfolio"",""/net/scratch/hscra/plgrid/plgnasqret/codex-control/projects/euf-viper/corpora/9b39c70a794d52277a4e5d83731f0ebc50a2f3b804eb1dfc8cf32766a5ebeadc/smtlib-2025/QF_UF/QF_UF/QG-classification/qg7/gensys_icl_sk004.smt2""]"
57,1,7044,QF_UF/QG-classification/qg7/gensys_icl_sk004.smt2,1fe6b3f10aa0548693cb3ee1264c1c6718ecb8e1457d6e09e589019706ec894e,812596,unsat,1,williams_first_order_carryover,a5b163da70f7a4b586276cec20529dcaf9a596daf59a01894d95ec3f4fd69c3e,3,3,0,3,3,3,staged-10000,staged-10000,"[""staged-100"",""staged-1000"",""staged-10"",""staged-10000"",""staged-0"",""baseline""]",parser_inclusive_subprocess_wall_clock,1,timeout,2.007652232,124,-9,1,timeout,exceeded 2 seconds,,,"[""/net/scratch/hscra/plgrid/plgnasqret/codex-control/projects/euf-viper/runs/20260727T073625Z-staged-qg7-e9fef17/target/release/euf-viper"",""fabric-solve"",""--engine"",""quotient-portfolio"",""/net/scratch/hscra/plgrid/plgnasqret/codex-control/projects/euf-viper/corpora/9b39c70a794d52277a4e5d83731f0ebc50a2f3b804eb1dfc8cf32766a5ebeadc/smtlib-2025/QF_UF/QF_UF/QG-classification/qg7/gensys_icl_sk004.smt2""]"
58,1,7044,QF_UF/QG-classification/qg7/gensys_icl_sk004.smt2,1fe6b3f10aa0548693cb3ee1264c1c6718ecb8e1457d6e09e589019706ec894e,812596,unsat,1,williams_first_order_carryover,a5b163da70f7a4b586276cec20529dcaf9a596daf59a01894d95ec3f4fd69c3e,3,3,0,3,4,4,staged-0,staged-0,"[""staged-100"",""staged-1000"",""staged-10"",""staged-10000"",""staged-0"",""baseline""]",parser_inclusive_subprocess_wall_clock,1,timeout,2.008143773,124,-9,1,timeout,exceeded 2 seconds,,,"[""/net/scratch/hscra/plgrid/plgnasqret/codex-control/projects/euf-viper/runs/20260727T073625Z-staged-qg7-e9fef17/target/release/euf-viper"",""fabric-solve"",""--engine"",""quotient-portfolio"",""/net/scratch/hscra/plgrid/plgnasqret/codex-control/projects/euf-viper/corpora/9b39c70a794d52277a4e5d83731f0ebc50a2f3b804eb1dfc8cf32766a5ebeadc/smtlib-2025/QF_UF/QF_UF/QG-classification/qg7/gensys_icl_sk004.smt2""]"
59,1,7044,QF_UF/QG-classification/qg7/gensys_icl_sk004.smt2,1fe6b3f10aa0548693cb3ee1264c1c6718ecb8e1457d6e09e589019706ec894e,812596,unsat,1,williams_first_order_carryover,a5b163da70f7a4b586276cec20529dcaf9a596daf59a01894d95ec3f4fd69c3e,3,3,0,3,5,5,baseline,baseline,"[""staged-100"",""staged-1000"",""staged-10"",""staged-10000"",""staged-0"",""baseline""]",parser_inclusive_subprocess_wall_clock,1,timeout,2.008134329,124,-9,1,timeout,exceeded 2 seconds,,,"[""/net/scratch/hscra/plgrid/plgnasqret/codex-control/projects/euf-viper/runs/20260727T073625Z-staged-qg7-e9fef17/target/release/euf-viper"",""fabric-solve"",""--engine"",""quotient-portfolio"",""/net/scratch/hscra/plgrid/plgnasqret/codex-control/projects/euf-viper/corpora/9b39c70a794d52277a4e5d83731f0ebc50a2f3b804eb1dfc8cf32766a5ebeadc/smtlib-2025/QF_UF/QF_UF/QG-classification/qg7/gensys_icl_sk004.smt2""]"
60,1,7044,QF_UF/QG-classification/qg7/gensys_icl_sk004.smt2,1fe6b3f10aa0548693cb3ee1264c1c6718ecb8e1457d6e09e589019706ec894e,812596,unsat,1,williams_first_order_carryover,a5b163da70f7a4b586276cec20529dcaf9a596daf59a01894d95ec3f4fd69c3e,4,4,0,4,0,0,staged-1000,staged-1000,"[""staged-1000"",""staged-10000"",""staged-100"",""baseline"",""staged-10"",""staged-0""]",parser_inclusive_subprocess_wall_clock,1,timeout,2.009293138,124,-9,1,timeout,exceeded 2 seconds,,,"[""/net/scratch/hscra/plgrid/plgnasqret/codex-control/projects/euf-viper/runs/20260727T073625Z-staged-qg7-e9fef17/target/release/euf-viper"",""fabric-solve"",""--engine"",""quotient-portfolio"",""/net/scratch/hscra/plgrid/plgnasqret/codex-control/projects/euf-viper/corpora/9b39c70a794d52277a4e5d83731f0ebc50a2f3b804eb1dfc8cf32766a5ebeadc/smtlib-2025/QF_UF/QF_UF/QG-classification/qg7/gensys_icl_sk004.smt2""]"
61,1,7044,QF_UF/QG-classification/qg7/gensys_icl_sk004.smt2,1fe6b3f10aa0548693cb3ee1264c1c6718ecb8e1457d6e09e589019706ec894e,812596,unsat,1,williams_first_order_carryover,a5b163da70f7a4b586276cec20529dcaf9a596daf59a01894d95ec3f4fd69c3e,4,4,0,4,1,1,staged-10000,staged-10000,"[""staged-1000"",""staged-10000"",""staged-100"",""baseline"",""staged-10"",""staged-0""]",parser_inclusive_subprocess_wall_clock,1,timeout,2.008713648,124,-9,1,timeout,exceeded 2 seconds,,,"[""/net/scratch/hscra/plgrid/plgnasqret/codex-control/projects/euf-viper/runs/20260727T073625Z-staged-qg7-e9fef17/target/release/euf-viper"",""fabric-solve"",""--engine"",""quotient-portfolio"",""/net/scratch/hscra/plgrid/plgnasqret/codex-control/projects/euf-viper/corpora/9b39c70a794d52277a4e5d83731f0ebc50a2f3b804eb1dfc8cf32766a5ebeadc/smtlib-2025/QF_UF/QF_UF/QG-classification/qg7/gensys_icl_sk004.smt2""]"
62,1,7044,QF_UF/QG-classification/qg7/gensys_icl_sk004.smt2,1fe6b3f10aa0548693cb3ee1264c1c6718ecb8e1457d6e09e589019706ec894e,812596,unsat,1,williams_first_order_carryover,a5b163da70f7a4b586276cec20529dcaf9a596daf59a01894d95ec3f4fd69c3e,4,4,0,4,2,2,staged-100,staged-100,"[""staged-1000"",""staged-10000"",""staged-100"",""baseline"",""staged-10"",""staged-0""]",parser_inclusive_subprocess_wall_clock,1,timeout,2.007098153,124,-9,1,timeout,exceeded 2 seconds,,,"[""/net/scratch/hscra/plgrid/plgnasqret/codex-control/projects/euf-viper/runs/20260727T073625Z-staged-qg7-e9fef17/target/release/euf-viper"",""fabric-solve"",""--engine"",""quotient-portfolio"",""/net/scratch/hscra/plgrid/plgnasqret/codex-control/projects/euf-viper/corpora/9b39c70a794d52277a4e5d83731f0ebc50a2f3b804eb1dfc8cf32766a5ebeadc/smtlib-2025/QF_UF/QF_UF/QG-classification/qg7/gensys_icl_sk004.smt2""]"
63,1,7044,QF_UF/QG-classification/qg7/gensys_icl_sk004.smt2,1fe6b3f10aa0548693cb3ee1264c1c6718ecb8e1457d6e09e589019706ec894e,812596,unsat,1,williams_first_order_carryover,a5b163da70f7a4b586276cec20529dcaf9a596daf59a01894d95ec3f4fd69c3e,4,4,0,4,3,3,baseline,baseline,"[""staged-1000"",""staged-10000"",""staged-100"",""baseline"",""staged-10"",""staged-0""]",parser_inclusive_subprocess_wall_clock,1,timeout,2.009304617,124,-9,1,timeout,exceeded 2 seconds,,,"[""/net/scratch/hscra/plgrid/plgnasqret/codex-control/projects/euf-viper/runs/20260727T073625Z-staged-qg7-e9fef17/target/release/euf-viper"",""fabric-solve"",""--engine"",""quotient-portfolio"",""/net/scratch/hscra/plgrid/plgnasqret/codex-control/projects/euf-viper/corpora/9b39c70a794d52277a4e5d83731f0ebc50a2f3b804eb1dfc8cf32766a5ebeadc/smtlib-2025/QF_UF/QF_UF/QG-classification/qg7/gensys_icl_sk004.smt2""]"
64,1,7044,QF_UF/QG-classification/qg7/gensys_icl_sk004.smt2,1fe6b3f10aa0548693cb3ee1264c1c6718ecb8e1457d6e09e589019706ec894e,812596,unsat,1,williams_first_order_carryover,a5b163da70f7a4b586276cec20529dcaf9a596daf59a01894d95ec3f4fd69c3e,4,4,0,4,4,4,staged-10,staged-10,"[""staged-1000"",""staged-10000"",""staged-100"",""baseline"",""staged-10"",""staged-0""]",parser_inclusive_subprocess_wall_clock,1,timeout,2.012561349,124,-9,1,timeout,exceeded 2 seconds,,,"[""/net/scratch/hscra/plgrid/plgnasqret/codex-control/projects/euf-viper/runs/20260727T073625Z-staged-qg7-e9fef17/target/release/euf-viper"",""fabric-solve"",""--engine"",""quotient-portfolio"",""/net/scratch/hscra/plgrid/plgnasqret/codex-control/projects/euf-viper/corpora/9b39c70a794d52277a4e5d83731f0ebc50a2f3b804eb1dfc8cf32766a5ebeadc/smtlib-2025/QF_UF/QF_UF/QG-classification/qg7/gensys_icl_sk004.smt2""]"
65,1,7044,QF_UF/QG-classification/qg7/gensys_icl_sk004.smt2,1fe6b3f10aa0548693cb3ee1264c1c6718ecb8e1457d6e09e589019706ec894e,812596,unsat,1,williams_first_order_carryover,a5b163da70f7a4b586276cec20529dcaf9a596daf59a01894d95ec3f4fd69c3e,4,4,0,4,5,5,staged-0,staged-0,"[""staged-1000"",""staged-10000"",""staged-100"",""baseline"",""staged-10"",""staged-0""]",parser_inclusive_subprocess_wall_clock,1,timeout,2.008787436,124,-9,1,timeout,exceeded 2 seconds,,,"[""/net/scratch/hscra/plgrid/plgnasqret/codex-control/projects/euf-viper/runs/20260727T073625Z-staged-qg7-e9fef17/target/release/euf-viper"",""fabric-solve"",""--engine"",""quotient-portfolio"",""/net/scratch/hscra/plgrid/plgnasqret/codex-control/projects/euf-viper/corpora/9b39c70a794d52277a4e5d83731f0ebc50a2f3b804eb1dfc8cf32766a5ebeadc/smtlib-2025/QF_UF/QF_UF/QG-classification/qg7/gensys_icl_sk004.smt2""]"
66,1,7044,QF_UF/QG-classification/qg7/gensys_icl_sk004.smt2,1fe6b3f10aa0548693cb3ee1264c1c6718ecb8e1457d6e09e589019706ec894e,812596,unsat,1,williams_first_order_carryover,a5b163da70f7a4b586276cec20529dcaf9a596daf59a01894d95ec3f4fd69c3e,5,5,0,5,0,0,staged-10000,staged-10000,"[""staged-10000"",""baseline"",""staged-1000"",""staged-0"",""staged-100"",""staged-10""]",parser_inclusive_subprocess_wall_clock,1,timeout,2.007055765,124,-9,1,timeout,exceeded 2 seconds,,,"[""/net/scratch/hscra/plgrid/plgnasqret/codex-control/projects/euf-viper/runs/20260727T073625Z-staged-qg7-e9fef17/target/release/euf-viper"",""fabric-solve"",""--engine"",""quotient-portfolio"",""/net/scratch/hscra/plgrid/plgnasqret/codex-control/projects/euf-viper/corpora/9b39c70a794d52277a4e5d83731f0ebc50a2f3b804eb1dfc8cf32766a5ebeadc/smtlib-2025/QF_UF/QF_UF/QG-classification/qg7/gensys_icl_sk004.smt2""]"
67,1,7044,QF_UF/QG-classification/qg7/gensys_icl_sk004.smt2,1fe6b3f10aa0548693cb3ee1264c1c6718ecb8e1457d6e09e589019706ec894e,812596,unsat,1,williams_first_order_carryover,a5b163da70f7a4b586276cec20529dcaf9a596daf59a01894d95ec3f4fd69c3e,5,5,0,5,1,1,baseline,baseline,"[""staged-10000"",""baseline"",""staged-1000"",""staged-0"",""staged-100"",""staged-10""]",parser_inclusive_subprocess_wall_clock,1,timeout,2.008907256,124,-9,1,timeout,exceeded 2 seconds,,,"[""/net/scratch/hscra/plgrid/plgnasqret/codex-control/projects/euf-viper/runs/20260727T073625Z-staged-qg7-e9fef17/target/release/euf-viper"",""fabric-solve"",""--engine"",""quotient-portfolio"",""/net/scratch/hscra/plgrid/plgnasqret/codex-control/projects/euf-viper/corpora/9b39c70a794d52277a4e5d83731f0ebc50a2f3b804eb1dfc8cf32766a5ebeadc/smtlib-2025/QF_UF/QF_UF/QG-classification/qg7/gensys_icl_sk004.smt2""]"
68,1,7044,QF_UF/QG-classification/qg7/gensys_icl_sk004.smt2,1fe6b3f10aa0548693cb3ee1264c1c6718ecb8e1457d6e09e589019706ec894e,812596,unsat,1,williams_first_order_carryover,a5b163da70f7a4b586276cec20529dcaf9a596daf59a01894d95ec3f4fd69c3e,5,5,0,5,2,2,staged-1000,staged-1000,"[""staged-10000"",""baseline"",""staged-1000"",""staged-0"",""staged-100"",""staged-10""]",parser_inclusive_subprocess_wall_clock,1,timeout,2.009800584,124,-9,1,timeout,exceeded 2 seconds,,,"[""/net/scratch/hscra/plgrid/plgnasqret/codex-control/projects/euf-viper/runs/20260727T073625Z-staged-qg7-e9fef17/target/release/euf-viper"",""fabric-solve"",""--engine"",""quotient-portfolio"",""/net/scratch/hscra/plgrid/plgnasqret/codex-control/projects/euf-viper/corpora/9b39c70a794d52277a4e5d83731f0ebc50a2f3b804eb1dfc8cf32766a5ebeadc/smtlib-2025/QF_UF/QF_UF/QG-classification/qg7/gensys_icl_sk004.smt2""]"
69,1,7044,QF_UF/QG-classification/qg7/gensys_icl_sk004.smt2,1fe6b3f10aa0548693cb3ee1264c1c6718ecb8e1457d6e09e589019706ec894e,812596,unsat,1,williams_first_order_carryover,a5b163da70f7a4b586276cec20529dcaf9a596daf59a01894d95ec3f4fd69c3e,5,5,0,5,3,3,staged-0,staged-0,"[""staged-10000"",""baseline"",""staged-1000"",""staged-0"",""staged-100"",""staged-10""]",parser_inclusive_subprocess_wall_clock,1,timeout,2.009869334,124,-9,1,timeout,exceeded 2 seconds,,,"[""/net/scratch/hscra/plgrid/plgnasqret/codex-control/projects/euf-viper/runs/20260727T073625Z-staged-qg7-e9fef17/target/release/euf-viper"",""fabric-solve"",""--engine"",""quotient-portfolio"",""/net/scratch/hscra/plgrid/plgnasqret/codex-control/projects/euf-viper/corpora/9b39c70a794d52277a4e5d83731f0ebc50a2f3b804eb1dfc8cf32766a5ebeadc/smtlib-2025/QF_UF/QF_UF/QG-classification/qg7/gensys_icl_sk004.smt2""]"
70,1,7044,QF_UF/QG-classification/qg7/gensys_icl_sk004.smt2,1fe6b3f10aa0548693cb3ee1264c1c6718ecb8e1457d6e09e589019706ec894e,812596,unsat,1,williams_first_order_carryover,a5b163da70f7a4b586276cec20529dcaf9a596daf59a01894d95ec3f4fd69c3e,5,5,0,5,4,4,staged-100,staged-100,"[""staged-10000"",""baseline"",""staged-1000"",""staged-0"",""staged-100"",""staged-10""]",parser_inclusive_subprocess_wall_clock,1,timeout,2.008645851,124,-9,1,timeout,exceeded 2 seconds,,,"[""/net/scratch/hscra/plgrid/plgnasqret/codex-control/projects/euf-viper/runs/20260727T073625Z-staged-qg7-e9fef17/target/release/euf-viper"",""fabric-solve"",""--engine"",""quotient-portfolio"",""/net/scratch/hscra/plgrid/plgnasqret/codex-control/projects/euf-viper/corpora/9b39c70a794d52277a4e5d83731f0ebc50a2f3b804eb1dfc8cf32766a5ebeadc/smtlib-2025/QF_UF/QF_UF/QG-classification/qg7/gensys_icl_sk004.smt2""]"
71,1,7044,QF_UF/QG-classification/qg7/gensys_icl_sk004.smt2,1fe6b3f10aa0548693cb3ee1264c1c6718ecb8e1457d6e09e589019706ec894e,812596,unsat,1,williams_first_order_carryover,a5b163da70f7a4b586276cec20529dcaf9a596daf59a01894d95ec3f4fd69c3e,5,5,0,5,5,5,staged-10,staged-10,"[""staged-10000"",""baseline"",""staged-1000"",""staged-0"",""staged-100"",""staged-10""]",parser_inclusive_subprocess_wall_clock,1,timeout,2.007407494,124,-9,1,timeout,exceeded 2 seconds,,,"[""/net/scratch/hscra/plgrid/plgnasqret/codex-control/projects/euf-viper/runs/20260727T073625Z-staged-qg7-e9fef17/target/release/euf-viper"",""fabric-solve"",""--engine"",""quotient-portfolio"",""/net/scratch/hscra/plgrid/plgnasqret/codex-control/projects/euf-viper/corpora/9b39c70a794d52277a4e5d83731f0ebc50a2f3b804eb1dfc8cf32766a5ebeadc/smtlib-2025/QF_UF/QF_UF/QG-classification/qg7/gensys_icl_sk004.smt2""]"
72,2,7129,QF_UF/QG-classification/qg7/iso_brn_nogen_sk011.smt2,f806604535a909079b30f1abd45c8a116c6f6813e4425fcc8dce219836cff0c7,6012776,sat,1,williams_first_order_carryover,a5b163da70f7a4b586276cec20529dcaf9a596daf59a01894d95ec3f4fd69c3e,0,0,0,0,0,0,baseline,baseline,"[""baseline"",""staged-0"",""staged-10000"",""staged-10"",""staged-1000"",""staged-100""]",parser_inclusive_subprocess_wall_clock,1,timeout,2.013700999,124,-9,1,timeout,exceeded 2 seconds,,,"[""/net/scratch/hscra/plgrid/plgnasqret/codex-control/projects/euf-viper/runs/20260727T073625Z-staged-qg7-e9fef17/target/release/euf-viper"",""fabric-solve"",""--engine"",""quotient-portfolio"",""/net/scratch/hscra/plgrid/plgnasqret/codex-control/projects/euf-viper/corpora/9b39c70a794d52277a4e5d83731f0ebc50a2f3b804eb1dfc8cf32766a5ebeadc/smtlib-2025/QF_UF/QF_UF/QG-classification/qg7/iso_brn_nogen_sk011.smt2""]"
73,2,7129,QF_UF/QG-classification/qg7/iso_brn_nogen_sk011.smt2,f806604535a909079b30f1abd45c8a116c6f6813e4425fcc8dce219836cff0c7,6012776,sat,1,williams_first_order_carryover,a5b163da70f7a4b586276cec20529dcaf9a596daf59a01894d95ec3f4fd69c3e,0,0,0,0,1,1,staged-0,staged-0,"[""baseline"",""staged-0"",""staged-10000"",""staged-10"",""staged-1000"",""staged-100""]",parser_inclusive_subprocess_wall_clock,1,timeout,2.027004588,124,-9,1,timeout,exceeded 2 seconds,,,"[""/net/scratch/hscra/plgrid/plgnasqret/codex-control/projects/euf-viper/runs/20260727T073625Z-staged-qg7-e9fef17/target/release/euf-viper"",""fabric-solve"",""--engine"",""quotient-portfolio"",""/net/scratch/hscra/plgrid/plgnasqret/codex-control/projects/euf-viper/corpora/9b39c70a794d52277a4e5d83731f0ebc50a2f3b804eb1dfc8cf32766a5ebeadc/smtlib-2025/QF_UF/QF_UF/QG-classification/qg7/iso_brn_nogen_sk011.smt2""]"
74,2,7129,QF_UF/QG-classification/qg7/iso_brn_nogen_sk011.smt2,f806604535a909079b30f1abd45c8a116c6f6813e4425fcc8dce219836cff0c7,6012776,sat,1,williams_first_order_carryover,a5b163da70f7a4b586276cec20529dcaf9a596daf59a01894d95ec3f4fd69c3e,0,0,0,0,2,2,staged-10000,staged-10000,"[""baseline"",""staged-0"",""staged-10000"",""staged-10"",""staged-1000"",""staged-100""]",parser_inclusive_subprocess_wall_clock,1,timeout,2.015208617,124,-9,1,timeout,exceeded 2 seconds,,,"[""/net/scratch/hscra/plgrid/plgnasqret/codex-control/projects/euf-viper/runs/20260727T073625Z-staged-qg7-e9fef17/target/release/euf-viper"",""fabric-solve"",""--engine"",""quotient-portfolio"",""/net/scratch/hscra/plgrid/plgnasqret/codex-control/projects/euf-viper/corpora/9b39c70a794d52277a4e5d83731f0ebc50a2f3b804eb1dfc8cf32766a5ebeadc/smtlib-2025/QF_UF/QF_UF/QG-classification/qg7/iso_brn_nogen_sk011.smt2""]"
75,2,7129,QF_UF/QG-classification/qg7/iso_brn_nogen_sk011.smt2,f806604535a909079b30f1abd45c8a116c6f6813e4425fcc8dce219836cff0c7,6012776,sat,1,williams_first_order_carryover,a5b163da70f7a4b586276cec20529dcaf9a596daf59a01894d95ec3f4fd69c3e,0,0,0,0,3,3,staged-10,staged-10,"[""baseline"",""staged-0"",""staged-10000"",""staged-10"",""staged-1000"",""staged-100""]",parser_inclusive_subprocess_wall_clock,1,timeout,2.022146598,124,-9,1,timeout,exceeded 2 seconds,,,"[""/net/scratch/hscra/plgrid/plgnasqret/codex-control/projects/euf-viper/runs/20260727T073625Z-staged-qg7-e9fef17/target/release/euf-viper"",""fabric-solve"",""--engine"",""quotient-portfolio"",""/net/scratch/hscra/plgrid/plgnasqret/codex-control/projects/euf-viper/corpora/9b39c70a794d52277a4e5d83731f0ebc50a2f3b804eb1dfc8cf32766a5ebeadc/smtlib-2025/QF_UF/QF_UF/QG-classification/qg7/iso_brn_nogen_sk011.smt2""]"
76,2,7129,QF_UF/QG-classification/qg7/iso_brn_nogen_sk011.smt2,f806604535a909079b30f1abd45c8a116c6f6813e4425fcc8dce219836cff0c7,6012776,sat,1,williams_first_order_carryover,a5b163da70f7a4b586276cec20529dcaf9a596daf59a01894d95ec3f4fd69c3e,0,0,0,0,4,4,staged-1000,staged-1000,"[""baseline"",""staged-0"",""staged-10000"",""staged-10"",""staged-1000"",""staged-100""]",parser_inclusive_subprocess_wall_clock,1,timeout,2.011453775,124,-9,1,timeout,exceeded 2 seconds,,,"[""/net/scratch/hscra/plgrid/plgnasqret/codex-control/projects/euf-viper/runs/20260727T073625Z-staged-qg7-e9fef17/target/release/euf-viper"",""fabric-solve"",""--engine"",""quotient-portfolio"",""/net/scratch/hscra/plgrid/plgnasqret/codex-control/projects/euf-viper/corpora/9b39c70a794d52277a4e5d83731f0ebc50a2f3b804eb1dfc8cf32766a5ebeadc/smtlib-2025/QF_UF/QF_UF/QG-classification/qg7/iso_brn_nogen_sk011.smt2""]"
77,2,7129,QF_UF/QG-classification/qg7/iso_brn_nogen_sk011.smt2,f806604535a909079b30f1abd45c8a116c6f6813e4425fcc8dce219836cff0c7,6012776,sat,1,williams_first_order_carryover,a5b163da70f7a4b586276cec20529dcaf9a596daf59a01894d95ec3f4fd69c3e,0,0,0,0,5,5,staged-100,staged-100,"[""baseline"",""staged-0"",""staged-10000"",""staged-10"",""staged-1000"",""staged-100""]",parser_inclusive_subprocess_wall_clock,1,timeout,2.018217909,124,-9,1,timeout,exceeded 2 seconds,,,"[""/net/scratch/hscra/plgrid/plgnasqret/codex-control/projects/euf-viper/runs/20260727T073625Z-staged-qg7-e9fef17/target/release/euf-viper"",""fabric-solve"",""--engine"",""quotient-portfolio"",""/net/scratch/hscra/plgrid/plgnasqret/codex-control/projects/euf-viper/corpora/9b39c70a794d52277a4e5d83731f0ebc50a2f3b804eb1dfc8cf32766a5ebeadc/smtlib-2025/QF_UF/QF_UF/QG-classification/qg7/iso_brn_nogen_sk011.smt2""]"
78,2,7129,QF_UF/QG-classification/qg7/iso_brn_nogen_sk011.smt2,f806604535a909079b30f1abd45c8a116c6f6813e4425fcc8dce219836cff0c7,6012776,sat,1,williams_first_order_carryover,a5b163da70f7a4b586276cec20529dcaf9a596daf59a01894d95ec3f4fd69c3e,1,1,0,1,0,0,staged-0,staged-0,"[""staged-0"",""staged-10"",""baseline"",""staged-100"",""staged-10000"",""staged-1000""]",parser_inclusive_subprocess_wall_clock,1,timeout,2.027187313,124,-9,1,timeout,exceeded 2 seconds,,,"[""/net/scratch/hscra/plgrid/plgnasqret/codex-control/projects/euf-viper/runs/20260727T073625Z-staged-qg7-e9fef17/target/release/euf-viper"",""fabric-solve"",""--engine"",""quotient-portfolio"",""/net/scratch/hscra/plgrid/plgnasqret/codex-control/projects/euf-viper/corpora/9b39c70a794d52277a4e5d83731f0ebc50a2f3b804eb1dfc8cf32766a5ebeadc/smtlib-2025/QF_UF/QF_UF/QG-classification/qg7/iso_brn_nogen_sk011.smt2""]"
79,2,7129,QF_UF/QG-classification/qg7/iso_brn_nogen_sk011.smt2,f806604535a909079b30f1abd45c8a116c6f6813e4425fcc8dce219836cff0c7,6012776,sat,1,williams_first_order_carryover,a5b163da70f7a4b586276cec20529dcaf9a596daf59a01894d95ec3f4fd69c3e,1,1,0,1,1,1,staged-10,staged-10,"[""staged-0"",""staged-10"",""baseline"",""staged-100"",""staged-10000"",""staged-1000""]",parser_inclusive_subprocess_wall_clock,1,timeout,2.019623501,124,-9,1,timeout,exceeded 2 seconds,,,"[""/net/scratch/hscra/plgrid/plgnasqret/codex-control/projects/euf-viper/runs/20260727T073625Z-staged-qg7-e9fef17/target/release/euf-viper"",""fabric-solve"",""--engine"",""quotient-portfolio"",""/net/scratch/hscra/plgrid/plgnasqret/codex-control/projects/euf-viper/corpora/9b39c70a794d52277a4e5d83731f0ebc50a2f3b804eb1dfc8cf32766a5ebeadc/smtlib-2025/QF_UF/QF_UF/QG-classification/qg7/iso_brn_nogen_sk011.smt2""]"
80,2,7129,QF_UF/QG-classification/qg7/iso_brn_nogen_sk011.smt2,f806604535a909079b30f1abd45c8a116c6f6813e4425fcc8dce219836cff0c7,6012776,sat,1,williams_first_order_carryover,a5b163da70f7a4b586276cec20529dcaf9a596daf59a01894d95ec3f4fd69c3e,1,1,0,1,2,2,baseline,baseline,"[""staged-0"",""staged-10"",""baseline"",""staged-100"",""staged-10000"",""staged-1000""]",parser_inclusive_subprocess_wall_clock,1,timeout,2.008995402,124,-9,1,timeout,exceeded 2 seconds,,,"[""/net/scratch/hscra/plgrid/plgnasqret/codex-control/projects/euf-viper/runs/20260727T073625Z-staged-qg7-e9fef17/target/release/euf-viper"",""fabric-solve"",""--engine"",""quotient-portfolio"",""/net/scratch/hscra/plgrid/plgnasqret/codex-control/projects/euf-viper/corpora/9b39c70a794d52277a4e5d83731f0ebc50a2f3b804eb1dfc8cf32766a5ebeadc/smtlib-2025/QF_UF/QF_UF/QG-classification/qg7/iso_brn_nogen_sk011.smt2""]"
81,2,7129,QF_UF/QG-classification/qg7/iso_brn_nogen_sk011.smt2,f806604535a909079b30f1abd45c8a116c6f6813e4425fcc8dce219836cff0c7,6012776,sat,1,williams_first_order_carryover,a5b163da70f7a4b586276cec20529dcaf9a596daf59a01894d95ec3f4fd69c3e,1,1,0,1,3,3,staged-100,staged-100,"[""staged-0"",""staged-10"",""baseline"",""staged-100"",""staged-10000"",""staged-1000""]",parser_inclusive_subprocess_wall_clock,1,timeout,2.025032811,124,-9,1,timeout,exceeded 2 seconds,,,"[""/net/scratch/hscra/plgrid/plgnasqret/codex-control/projects/euf-viper/runs/20260727T073625Z-staged-qg7-e9fef17/target/release/euf-viper"",""fabric-solve"",""--engine"",""quotient-portfolio"",""/net/scratch/hscra/plgrid/plgnasqret/codex-control/projects/euf-viper/corpora/9b39c70a794d52277a4e5d83731f0ebc50a2f3b804eb1dfc8cf32766a5ebeadc/smtlib-2025/QF_UF/QF_UF/QG-classification/qg7/iso_brn_nogen_sk011.smt2""]"
82,2,7129,QF_UF/QG-classification/qg7/iso_brn_nogen_sk011.smt2,f806604535a909079b30f1abd45c8a116c6f6813e4425fcc8dce219836cff0c7,6012776,sat,1,williams_first_order_carryover,a5b163da70f7a4b586276cec20529dcaf9a596daf59a01894d95ec3f4fd69c3e,1,1,0,1,4,4,staged-10000,staged-10000,"[""staged-0"",""staged-10"",""baseline"",""staged-100"",""staged-10000"",""staged-1000""]",parser_inclusive_subprocess_wall_clock,1,timeout,2.010979292,124,-9,1,timeout,exceeded 2 seconds,,,"[""/net/scratch/hscra/plgrid/plgnasqret/codex-control/projects/euf-viper/runs/20260727T073625Z-staged-qg7-e9fef17/target/release/euf-viper"",""fabric-solve"",""--engine"",""quotient-portfolio"",""/net/scratch/hscra/plgrid/plgnasqret/codex-control/projects/euf-viper/corpora/9b39c70a794d52277a4e5d83731f0ebc50a2f3b804eb1dfc8cf32766a5ebeadc/smtlib-2025/QF_UF/QF_UF/QG-classification/qg7/iso_brn_nogen_sk011.smt2""]"
83,2,7129,QF_UF/QG-classification/qg7/iso_brn_nogen_sk011.smt2,f806604535a909079b30f1abd45c8a116c6f6813e4425fcc8dce219836cff0c7,6012776,sat,1,williams_first_order_carryover,a5b163da70f7a4b586276cec20529dcaf9a596daf59a01894d95ec3f4fd69c3e,1,1,0,1,5,5,staged-1000,staged-1000,"[""staged-0"",""staged-10"",""baseline"",""staged-100"",""staged-10000"",""staged-1000""]",parser_inclusive_subprocess_wall_clock,1,timeout,2.012503173,124,-9,1,timeout,exceeded 2 seconds,,,"[""/net/scratch/hscra/plgrid/plgnasqret/codex-control/projects/euf-viper/runs/20260727T073625Z-staged-qg7-e9fef17/target/release/euf-viper"",""fabric-solve"",""--engine"",""quotient-portfolio"",""/net/scratch/hscra/plgrid/plgnasqret/codex-control/projects/euf-viper/corpora/9b39c70a794d52277a4e5d83731f0ebc50a2f3b804eb1dfc8cf32766a5ebeadc/smtlib-2025/QF_UF/QF_UF/QG-classification/qg7/iso_brn_nogen_sk011.smt2""]"
84,2,7129,QF_UF/QG-classification/qg7/iso_brn_nogen_sk011.smt2,f806604535a909079b30f1abd45c8a116c6f6813e4425fcc8dce219836cff0c7,6012776,sat,1,williams_first_order_carryover,a5b163da70f7a4b586276cec20529dcaf9a596daf59a01894d95ec3f4fd69c3e,2,2,0,2,0,0,staged-10,staged-10,"[""staged-10"",""staged-100"",""staged-0"",""staged-1000"",""baseline"",""staged-10000""]",parser_inclusive_subprocess_wall_clock,1,timeout,2.020345848,124,-9,1,timeout,exceeded 2 seconds,,,"[""/net/scratch/hscra/plgrid/plgnasqret/codex-control/projects/euf-viper/runs/20260727T073625Z-staged-qg7-e9fef17/target/release/euf-viper"",""fabric-solve"",""--engine"",""quotient-portfolio"",""/net/scratch/hscra/plgrid/plgnasqret/codex-control/projects/euf-viper/corpora/9b39c70a794d52277a4e5d83731f0ebc50a2f3b804eb1dfc8cf32766a5ebeadc/smtlib-2025/QF_UF/QF_UF/QG-classification/qg7/iso_brn_nogen_sk011.smt2""]"
85,2,7129,QF_UF/QG-classification/qg7/iso_brn_nogen_sk011.smt2,f806604535a909079b30f1abd45c8a116c6f6813e4425fcc8dce219836cff0c7,6012776,sat,1,williams_first_order_carryover,a5b163da70f7a4b586276cec20529dcaf9a596daf59a01894d95ec3f4fd69c3e,2,2,0,2,1,1,staged-100,staged-100,"[""staged-10"",""staged-100"",""staged-0"",""staged-1000"",""baseline"",""staged-10000""]",parser_inclusive_subprocess_wall_clock,1,timeout,2.019801723,124,-9,1,timeout,exceeded 2 seconds,,,"[""/net/scratch/hscra/plgrid/plgnasqret/codex-control/projects/euf-viper/runs/20260727T073625Z-staged-qg7-e9fef17/target/release/euf-viper"",""fabric-solve"",""--engine"",""quotient-portfolio"",""/net/scratch/hscra/plgrid/plgnasqret/codex-control/projects/euf-viper/corpora/9b39c70a794d52277a4e5d83731f0ebc50a2f3b804eb1dfc8cf32766a5ebeadc/smtlib-2025/QF_UF/QF_UF/QG-classification/qg7/iso_brn_nogen_sk011.smt2""]"
86,2,7129,QF_UF/QG-classification/qg7/iso_brn_nogen_sk011.smt2,f806604535a909079b30f1abd45c8a116c6f6813e4425fcc8dce219836cff0c7,6012776,sat,1,williams_first_order_carryover,a5b163da70f7a4b586276cec20529dcaf9a596daf59a01894d95ec3f4fd69c3e,2,2,0,2,2,2,staged-0,staged-0,"[""staged-10"",""staged-100"",""staged-0"",""staged-1000"",""baseline"",""staged-10000""]",parser_inclusive_subprocess_wall_clock,1,timeout,2.028019395,124,-9,1,timeout,exceeded 2 seconds,,,"[""/net/scratch/hscra/plgrid/plgnasqret/codex-control/projects/euf-viper/runs/20260727T073625Z-staged-qg7-e9fef17/target/release/euf-viper"",""fabric-solve"",""--engine"",""quotient-portfolio"",""/net/scratch/hscra/plgrid/plgnasqret/codex-control/projects/euf-viper/corpora/9b39c70a794d52277a4e5d83731f0ebc50a2f3b804eb1dfc8cf32766a5ebeadc/smtlib-2025/QF_UF/QF_UF/QG-classification/qg7/iso_brn_nogen_sk011.smt2""]"
87,2,7129,QF_UF/QG-classification/qg7/iso_brn_nogen_sk011.smt2,f806604535a909079b30f1abd45c8a116c6f6813e4425fcc8dce219836cff0c7,6012776,sat,1,williams_first_order_carryover,a5b163da70f7a4b586276cec20529dcaf9a596daf59a01894d95ec3f4fd69c3e,2,2,0,2,3,3,staged-1000,staged-1000,"[""staged-10"",""staged-100"",""staged-0"",""staged-1000"",""baseline"",""staged-10000""]",parser_inclusive_subprocess_wall_clock,1,timeout,2.011849594,124,-9,1,timeout,exceeded 2 seconds,,,"[""/net/scratch/hscra/plgrid/plgnasqret/codex-control/projects/euf-viper/runs/20260727T073625Z-staged-qg7-e9fef17/target/release/euf-viper"",""fabric-solve"",""--engine"",""quotient-portfolio"",""/net/scratch/hscra/plgrid/plgnasqret/codex-control/projects/euf-viper/corpora/9b39c70a794d52277a4e5d83731f0ebc50a2f3b804eb1dfc8cf32766a5ebeadc/smtlib-2025/QF_UF/QF_UF/QG-classification/qg7/iso_brn_nogen_sk011.smt2""]"
88,2,7129,QF_UF/QG-classification/qg7/iso_brn_nogen_sk011.smt2,f806604535a909079b30f1abd45c8a116c6f6813e4425fcc8dce219836cff0c7,6012776,sat,1,williams_first_order_carryover,a5b163da70f7a4b586276cec20529dcaf9a596daf59a01894d95ec3f4fd69c3e,2,2,0,2,4,4,baseline,baseline,"[""staged-10"",""staged-100"",""staged-0"",""staged-1000"",""baseline"",""staged-10000""]",parser_inclusive_subprocess_wall_clock,1,timeout,2.012154729,124,-9,1,timeout,exceeded 2 seconds,,,"[""/net/scratch/hscra/plgrid/plgnasqret/codex-control/projects/euf-viper/runs/20260727T073625Z-staged-qg7-e9fef17/target/release/euf-viper"",""fabric-solve"",""--engine"",""quotient-portfolio"",""/net/scratch/hscra/plgrid/plgnasqret/codex-control/projects/euf-viper/corpora/9b39c70a794d52277a4e5d83731f0ebc50a2f3b804eb1dfc8cf32766a5ebeadc/smtlib-2025/QF_UF/QF_UF/QG-classification/qg7/iso_brn_nogen_sk011.smt2""]"
89,2,7129,QF_UF/QG-classification/qg7/iso_brn_nogen_sk011.smt2,f806604535a909079b30f1abd45c8a116c6f6813e4425fcc8dce219836cff0c7,6012776,sat,1,williams_first_order_carryover,a5b163da70f7a4b586276cec20529dcaf9a596daf59a01894d95ec3f4fd69c3e,2,2,0,2,5,5,staged-10000,staged-10000,"[""staged-10"",""staged-100"",""staged-0"",""staged-1000"",""baseline"",""staged-10000""]",parser_inclusive_subprocess_wall_clock,1,timeout,2.010455040,124,-9,1,timeout,exceeded 2 seconds,,,"[""/net/scratch/hscra/plgrid/plgnasqret/codex-control/projects/euf-viper/runs/20260727T073625Z-staged-qg7-e9fef17/target/release/euf-viper"",""fabric-solve"",""--engine"",""quotient-portfolio"",""/net/scratch/hscra/plgrid/plgnasqret/codex-control/projects/euf-viper/corpora/9b39c70a794d52277a4e5d83731f0ebc50a2f3b804eb1dfc8cf32766a5ebeadc/smtlib-2025/QF_UF/QF_UF/QG-classification/qg7/iso_brn_nogen_sk011.smt2""]"
90,2,7129,QF_UF/QG-classification/qg7/iso_brn_nogen_sk011.smt2,f806604535a909079b30f1abd45c8a116c6f6813e4425fcc8dce219836cff0c7,6012776,sat,1,williams_first_order_carryover,a5b163da70f7a4b586276cec20529dcaf9a596daf59a01894d95ec3f4fd69c3e,3,3,0,3,0,0,staged-100,staged-100,"[""staged-100"",""staged-1000"",""staged-10"",""staged-10000"",""staged-0"",""baseline""]",parser_inclusive_subprocess_wall_clock,1,timeout,2.018325459,124,-9,1,timeout,exceeded 2 seconds,,,"[""/net/scratch/hscra/plgrid/plgnasqret/codex-control/projects/euf-viper/runs/20260727T073625Z-staged-qg7-e9fef17/target/release/euf-viper"",""fabric-solve"",""--engine"",""quotient-portfolio"",""/net/scratch/hscra/plgrid/plgnasqret/codex-control/projects/euf-viper/corpora/9b39c70a794d52277a4e5d83731f0ebc50a2f3b804eb1dfc8cf32766a5ebeadc/smtlib-2025/QF_UF/QF_UF/QG-classification/qg7/iso_brn_nogen_sk011.smt2""]"
91,2,7129,QF_UF/QG-classification/qg7/iso_brn_nogen_sk011.smt2,f806604535a909079b30f1abd45c8a116c6f6813e4425fcc8dce219836cff0c7,6012776,sat,1,williams_first_order_carryover,a5b163da70f7a4b586276cec20529dcaf9a596daf59a01894d95ec3f4fd69c3e,3,3,0,3,1,1,staged-1000,staged-1000,"[""staged-100"",""staged-1000"",""staged-10"",""staged-10000"",""staged-0"",""baseline""]",parser_inclusive_subprocess_wall_clock,1,timeout,2.011715362,124,-9,1,timeout,exceeded 2 seconds,,,"[""/net/scratch/hscra/plgrid/plgnasqret/codex-control/projects/euf-viper/runs/20260727T073625Z-staged-qg7-e9fef17/target/release/euf-viper"",""fabric-solve"",""--engine"",""quotient-portfolio"",""/net/scratch/hscra/plgrid/plgnasqret/codex-control/projects/euf-viper/corpora/9b39c70a794d52277a4e5d83731f0ebc50a2f3b804eb1dfc8cf32766a5ebeadc/smtlib-2025/QF_UF/QF_UF/QG-classification/qg7/iso_brn_nogen_sk011.smt2""]"
92,2,7129,QF_UF/QG-classification/qg7/iso_brn_nogen_sk011.smt2,f806604535a909079b30f1abd45c8a116c6f6813e4425fcc8dce219836cff0c7,6012776,sat,1,williams_first_order_carryover,a5b163da70f7a4b586276cec20529dcaf9a596daf59a01894d95ec3f4fd69c3e,3,3,0,3,2,2,staged-10,staged-10,"[""staged-100"",""staged-1000"",""staged-10"",""staged-10000"",""staged-0"",""baseline""]",parser_inclusive_subprocess_wall_clock,1,timeout,2.025482846,124,-9,1,timeout,exceeded 2 seconds,,,"[""/net/scratch/hscra/plgrid/plgnasqret/codex-control/projects/euf-viper/runs/20260727T073625Z-staged-qg7-e9fef17/target/release/euf-viper"",""fabric-solve"",""--engine"",""quotient-portfolio"",""/net/scratch/hscra/plgrid/plgnasqret/codex-control/projects/euf-viper/corpora/9b39c70a794d52277a4e5d83731f0ebc50a2f3b804eb1dfc8cf32766a5ebeadc/smtlib-2025/QF_UF/QF_UF/QG-classification/qg7/iso_brn_nogen_sk011.smt2""]"
93,2,7129,QF_UF/QG-classification/qg7/iso_brn_nogen_sk011.smt2,f806604535a909079b30f1abd45c8a116c6f6813e4425fcc8dce219836cff0c7,6012776,sat,1,williams_first_order_carryover,a5b163da70f7a4b586276cec20529dcaf9a596daf59a01894d95ec3f4fd69c3e,3,3,0,3,3,3,staged-10000,staged-10000,"[""staged-100"",""staged-1000"",""staged-10"",""staged-10000"",""staged-0"",""baseline""]",parser_inclusive_subprocess_wall_clock,1,timeout,2.013574965,124,-9,1,timeout,exceeded 2 seconds,,,"[""/net/scratch/hscra/plgrid/plgnasqret/codex-control/projects/euf-viper/runs/20260727T073625Z-staged-qg7-e9fef17/target/release/euf-viper"",""fabric-solve"",""--engine"",""quotient-portfolio"",""/net/scratch/hscra/plgrid/plgnasqret/codex-control/projects/euf-viper/corpora/9b39c70a794d52277a4e5d83731f0ebc50a2f3b804eb1dfc8cf32766a5ebeadc/smtlib-2025/QF_UF/QF_UF/QG-classification/qg7/iso_brn_nogen_sk011.smt2""]"
94,2,7129,QF_UF/QG-classification/qg7/iso_brn_nogen_sk011.smt2,f806604535a909079b30f1abd45c8a116c6f6813e4425fcc8dce219836cff0c7,6012776,sat,1,williams_first_order_carryover,a5b163da70f7a4b586276cec20529dcaf9a596daf59a01894d95ec3f4fd69c3e,3,3,0,3,4,4,staged-0,staged-0,"[""staged-100"",""staged-1000"",""staged-10"",""staged-10000"",""staged-0"",""baseline""]",parser_inclusive_subprocess_wall_clock,1,timeout,2.021286441,124,-9,1,timeout,exceeded 2 seconds,,,"[""/net/scratch/hscra/plgrid/plgnasqret/codex-control/projects/euf-viper/runs/20260727T073625Z-staged-qg7-e9fef17/target/release/euf-viper"",""fabric-solve"",""--engine"",""quotient-portfolio"",""/net/scratch/hscra/plgrid/plgnasqret/codex-control/projects/euf-viper/corpora/9b39c70a794d52277a4e5d83731f0ebc50a2f3b804eb1dfc8cf32766a5ebeadc/smtlib-2025/QF_UF/QF_UF/QG-classification/qg7/iso_brn_nogen_sk011.smt2""]"
95,2,7129,QF_UF/QG-classification/qg7/iso_brn_nogen_sk011.smt2,f806604535a909079b30f1abd45c8a116c6f6813e4425fcc8dce219836cff0c7,6012776,sat,1,williams_first_order_carryover,a5b163da70f7a4b586276cec20529dcaf9a596daf59a01894d95ec3f4fd69c3e,3,3,0,3,5,5,baseline,baseline,"[""staged-100"",""staged-1000"",""staged-10"",""staged-10000"",""staged-0"",""baseline""]",parser_inclusive_subprocess_wall_clock,1,timeout,2.011226034,124,-9,1,timeout,exceeded 2 seconds,,,"[""/net/scratch/hscra/plgrid/plgnasqret/codex-control/projects/euf-viper/runs/20260727T073625Z-staged-qg7-e9fef17/target/release/euf-viper"",""fabric-solve"",""--engine"",""quotient-portfolio"",""/net/scratch/hscra/plgrid/plgnasqret/codex-control/projects/euf-viper/corpora/9b39c70a794d52277a4e5d83731f0ebc50a2f3b804eb1dfc8cf32766a5ebeadc/smtlib-2025/QF_UF/QF_UF/QG-classification/qg7/iso_brn_nogen_sk011.smt2""]"
96,2,7129,QF_UF/QG-classification/qg7/iso_brn_nogen_sk011.smt2,f806604535a909079b30f1abd45c8a116c6f6813e4425fcc8dce219836cff0c7,6012776,sat,1,williams_first_order_carryover,a5b163da70f7a4b586276cec20529dcaf9a596daf59a01894d95ec3f4fd69c3e,4,4,0,4,0,0,staged-1000,staged-1000,"[""staged-1000"",""staged-10000"",""staged-100"",""baseline"",""staged-10"",""staged-0""]",parser_inclusive_subprocess_wall_clock,1,timeout,2.012348898,124,-9,1,timeout,exceeded 2 seconds,,,"[""/net/scratch/hscra/plgrid/plgnasqret/codex-control/projects/euf-viper/runs/20260727T073625Z-staged-qg7-e9fef17/target/release/euf-viper"",""fabric-solve"",""--engine"",""quotient-portfolio"",""/net/scratch/hscra/plgrid/plgnasqret/codex-control/projects/euf-viper/corpora/9b39c70a794d52277a4e5d83731f0ebc50a2f3b804eb1dfc8cf32766a5ebeadc/smtlib-2025/QF_UF/QF_UF/QG-classification/qg7/iso_brn_nogen_sk011.smt2""]"
97,2,7129,QF_UF/QG-classification/qg7/iso_brn_nogen_sk011.smt2,f806604535a909079b30f1abd45c8a116c6f6813e4425fcc8dce219836cff0c7,6012776,sat,1,williams_first_order_carryover,a5b163da70f7a4b586276cec20529dcaf9a596daf59a01894d95ec3f4fd69c3e,4,4,0,4,1,1,staged-10000,staged-10000,"[""staged-1000"",""staged-10000"",""staged-100"",""baseline"",""staged-10"",""staged-0""]",parser_inclusive_subprocess_wall_clock,1,timeout,2.015001199,124,-9,1,timeout,exceeded 2 seconds,,,"[""/net/scratch/hscra/plgrid/plgnasqret/codex-control/projects/euf-viper/runs/20260727T073625Z-staged-qg7-e9fef17/target/release/euf-viper"",""fabric-solve"",""--engine"",""quotient-portfolio"",""/net/scratch/hscra/plgrid/plgnasqret/codex-control/projects/euf-viper/corpora/9b39c70a794d52277a4e5d83731f0ebc50a2f3b804eb1dfc8cf32766a5ebeadc/smtlib-2025/QF_UF/QF_UF/QG-classification/qg7/iso_brn_nogen_sk011.smt2""]"
98,2,7129,QF_UF/QG-classification/qg7/iso_brn_nogen_sk011.smt2,f806604535a909079b30f1abd45c8a116c6f6813e4425fcc8dce219836cff0c7,6012776,sat,1,williams_first_order_carryover,a5b163da70f7a4b586276cec20529dcaf9a596daf59a01894d95ec3f4fd69c3e,4,4,0,4,2,2,staged-100,staged-100,"[""staged-1000"",""staged-10000"",""staged-100"",""baseline"",""staged-10"",""staged-0""]",parser_inclusive_subprocess_wall_clock,1,timeout,2.015434288,124,-9,1,timeout,exceeded 2 seconds,,,"[""/net/scratch/hscra/plgrid/plgnasqret/codex-control/projects/euf-viper/runs/20260727T073625Z-staged-qg7-e9fef17/target/release/euf-viper"",""fabric-solve"",""--engine"",""quotient-portfolio"",""/net/scratch/hscra/plgrid/plgnasqret/codex-control/projects/euf-viper/corpora/9b39c70a794d52277a4e5d83731f0ebc50a2f3b804eb1dfc8cf32766a5ebeadc/smtlib-2025/QF_UF/QF_UF/QG-classification/qg7/iso_brn_nogen_sk011.smt2""]"
99,2,7129,QF_UF/QG-classification/qg7/iso_brn_nogen_sk011.smt2,f806604535a909079b30f1abd45c8a116c6f6813e4425fcc8dce219836cff0c7,6012776,sat,1,williams_first_order_carryover,a5b163da70f7a4b586276cec20529dcaf9a596daf59a01894d95ec3f4fd69c3e,4,4,0,4,3,3,baseline,baseline,"[""staged-1000"",""staged-10000"",""staged-100"",""baseline"",""staged-10"",""staged-0""]",parser_inclusive_subprocess_wall_clock,1,timeout,2.008021595,124,-9,1,timeout,exceeded 2 seconds,,,"[""/net/scratch/hscra/plgrid/plgnasqret/codex-control/projects/euf-viper/runs/20260727T073625Z-staged-qg7-e9fef17/target/release/euf-viper"",""fabric-solve"",""--engine"",""quotient-portfolio"",""/net/scratch/hscra/plgrid/plgnasqret/codex-control/projects/euf-viper/corpora/9b39c70a794d52277a4e5d83731f0ebc50a2f3b804eb1dfc8cf32766a5ebeadc/smtlib-2025/QF_UF/QF_UF/QG-classification/qg7/iso_brn_nogen_sk011.smt2""]"
100,2,7129,QF_UF/QG-classification/qg7/iso_brn_nogen_sk011.smt2,f806604535a909079b30f1abd45c8a116c6f6813e4425fcc8dce219836cff0c7,6012776,sat,1,williams_first_order_carryover,a5b163da70f7a4b586276cec20529dcaf9a596daf59a01894d95ec3f4fd69c3e,4,4,0,4,4,4,staged-10,staged-10,"[""staged-1000"",""staged-10000"",""staged-100"",""baseline"",""staged-10"",""staged-0""]",parser_inclusive_subprocess_wall_clock,1,timeout,2.029829049,124,-9,1,timeout,exceeded 2 seconds,,,"[""/net/scratch/hscra/plgrid/plgnasqret/codex-control/projects/euf-viper/runs/20260727T073625Z-staged-qg7-e9fef17/target/release/euf-viper"",""fabric-solve"",""--engine"",""quotient-portfolio"",""/net/scratch/hscra/plgrid/plgnasqret/codex-control/projects/euf-viper/corpora/9b39c70a794d52277a4e5d83731f0ebc50a2f3b804eb1dfc8cf32766a5ebeadc/smtlib-2025/QF_UF/QF_UF/QG-classification/qg7/iso_brn_nogen_sk011.smt2""]"
101,2,7129,QF_UF/QG-classification/qg7/iso_brn_nogen_sk011.smt2,f806604535a909079b30f1abd45c8a116c6f6813e4425fcc8dce219836cff0c7,6012776,sat,1,williams_first_order_carryover,a5b163da70f7a4b586276cec20529dcaf9a596daf59a01894d95ec3f4fd69c3e,4,4,0,4,5,5,staged-0,staged-0,"[""staged-1000"",""staged-10000"",""staged-100"",""baseline"",""staged-10"",""staged-0""]",parser_inclusive_subprocess_wall_clock,1,timeout,2.018665389,124,-9,1,timeout,exceeded 2 seconds,,,"[""/net/scratch/hscra/plgrid/plgnasqret/codex-control/projects/euf-viper/runs/20260727T073625Z-staged-qg7-e9fef17/target/release/euf-viper"",""fabric-solve"",""--engine"",""quotient-portfolio"",""/net/scratch/hscra/plgrid/plgnasqret/codex-control/projects/euf-viper/corpora/9b39c70a794d52277a4e5d83731f0ebc50a2f3b804eb1dfc8cf32766a5ebeadc/smtlib-2025/QF_UF/QF_UF/QG-classification/qg7/iso_brn_nogen_sk011.smt2""]"
102,2,7129,QF_UF/QG-classification/qg7/iso_brn_nogen_sk011.smt2,f806604535a909079b30f1abd45c8a116c6f6813e4425fcc8dce219836cff0c7,6012776,sat,1,williams_first_order_carryover,a5b163da70f7a4b586276cec20529dcaf9a596daf59a01894d95ec3f4fd69c3e,5,5,0,5,0,0,staged-10000,staged-10000,"[""staged-10000"",""baseline"",""staged-1000"",""staged-0"",""staged-100"",""staged-10""]",parser_inclusive_subprocess_wall_clock,1,timeout,2.011958427,124,-9,1,timeout,exceeded 2 seconds,,,"[""/net/scratch/hscra/plgrid/plgnasqret/codex-control/projects/euf-viper/runs/20260727T073625Z-staged-qg7-e9fef17/target/release/euf-viper"",""fabric-solve"",""--engine"",""quotient-portfolio"",""/net/scratch/hscra/plgrid/plgnasqret/codex-control/projects/euf-viper/corpora/9b39c70a794d52277a4e5d83731f0ebc50a2f3b804eb1dfc8cf32766a5ebeadc/smtlib-2025/QF_UF/QF_UF/QG-classification/qg7/iso_brn_nogen_sk011.smt2""]"
103,2,7129,QF_UF/QG-classification/qg7/iso_brn_nogen_sk011.smt2,f806604535a909079b30f1abd45c8a116c6f6813e4425fcc8dce219836cff0c7,6012776,sat,1,williams_first_order_carryover,a5b163da70f7a4b586276cec20529dcaf9a596daf59a01894d95ec3f4fd69c3e,5,5,0,5,1,1,baseline,baseline,"[""staged-10000"",""baseline"",""staged-1000"",""staged-0"",""staged-100"",""staged-10""]",parser_inclusive_subprocess_wall_clock,1,timeout,2.010876068,124,-9,1,timeout,exceeded 2 seconds,,,"[""/net/scratch/hscra/plgrid/plgnasqret/codex-control/projects/euf-viper/runs/20260727T073625Z-staged-qg7-e9fef17/target/release/euf-viper"",""fabric-solve"",""--engine"",""quotient-portfolio"",""/net/scratch/hscra/plgrid/plgnasqret/codex-control/projects/euf-viper/corpora/9b39c70a794d52277a4e5d83731f0ebc50a2f3b804eb1dfc8cf32766a5ebeadc/smtlib-2025/QF_UF/QF_UF/QG-classification/qg7/iso_brn_nogen_sk011.smt2""]"
104,2,7129,QF_UF/QG-classification/qg7/iso_brn_nogen_sk011.smt2,f806604535a909079b30f1abd45c8a116c6f6813e4425fcc8dce219836cff0c7,6012776,sat,1,williams_first_order_carryover,a5b163da70f7a4b586276cec20529dcaf9a596daf59a01894d95ec3f4fd69c3e,5,5,0,5,2,2,staged-1000,staged-1000,"[""staged-10000"",""baseline"",""staged-1000"",""staged-0"",""staged-100"",""staged-10""]",parser_inclusive_subprocess_wall_clock,1,timeout,2.009062378,124,-9,1,timeout,exceeded 2 seconds,,,"[""/net/scratch/hscra/plgrid/plgnasqret/codex-control/projects/euf-viper/runs/20260727T073625Z-staged-qg7-e9fef17/target/release/euf-viper"",""fabric-solve"",""--engine"",""quotient-portfolio"",""/net/scratch/hscra/plgrid/plgnasqret/codex-control/projects/euf-viper/corpora/9b39c70a794d52277a4e5d83731f0ebc50a2f3b804eb1dfc8cf32766a5ebeadc/smtlib-2025/QF_UF/QF_UF/QG-classification/qg7/iso_brn_nogen_sk011.smt2""]"
105,2,7129,QF_UF/QG-classification/qg7/iso_brn_nogen_sk011.smt2,f806604535a909079b30f1abd45c8a116c6f6813e4425fcc8dce219836cff0c7,6012776,sat,1,williams_first_order_carryover,a5b163da70f7a4b586276cec20529dcaf9a596daf59a01894d95ec3f4fd69c3e,5,5,0,5,3,3,staged-0,staged-0,"[""staged-10000"",""baseline"",""staged-1000"",""staged-0"",""staged-100"",""staged-10""]",parser_inclusive_subprocess_wall_clock,1,timeout,2.028075924,124,-9,1,timeout,exceeded 2 seconds,,,"[""/net/scratch/hscra/plgrid/plgnasqret/codex-control/projects/euf-viper/runs/20260727T073625Z-staged-qg7-e9fef17/target/release/euf-viper"",""fabric-solve"",""--engine"",""quotient-portfolio"",""/net/scratch/hscra/plgrid/plgnasqret/codex-control/projects/euf-viper/corpora/9b39c70a794d52277a4e5d83731f0ebc50a2f3b804eb1dfc8cf32766a5ebeadc/smtlib-2025/QF_UF/QF_UF/QG-classification/qg7/iso_brn_nogen_sk011.smt2""]"
106,2,7129,QF_UF/QG-classification/qg7/iso_brn_nogen_sk011.smt2,f806604535a909079b30f1abd45c8a116c6f6813e4425fcc8dce219836cff0c7,6012776,sat,1,williams_first_order_carryover,a5b163da70f7a4b586276cec20529dcaf9a596daf59a01894d95ec3f4fd69c3e,5,5,0,5,4,4,staged-100,staged-100,"[""staged-10000"",""baseline"",""staged-1000"",""staged-0"",""staged-100"",""staged-10""]",parser_inclusive_subprocess_wall_clock,1,timeout,2.017930401,124,-9,1,timeout,exceeded 2 seconds,,,"[""/net/scratch/hscra/plgrid/plgnasqret/codex-control/projects/euf-viper/runs/20260727T073625Z-staged-qg7-e9fef17/target/release/euf-viper"",""fabric-solve"",""--engine"",""quotient-portfolio"",""/net/scratch/hscra/plgrid/plgnasqret/codex-control/projects/euf-viper/corpora/9b39c70a794d52277a4e5d83731f0ebc50a2f3b804eb1dfc8cf32766a5ebeadc/smtlib-2025/QF_UF/QF_UF/QG-classification/qg7/iso_brn_nogen_sk011.smt2""]"
107,2,7129,QF_UF/QG-classification/qg7/iso_brn_nogen_sk011.smt2,f806604535a909079b30f1abd45c8a116c6f6813e4425fcc8dce219836cff0c7,6012776,sat,1,williams_first_order_carryover,a5b163da70f7a4b586276cec20529dcaf9a596daf59a01894d95ec3f4fd69c3e,5,5,0,5,5,5,staged-10,staged-10,"[""staged-10000"",""baseline"",""staged-1000"",""staged-0"",""staged-100"",""staged-10""]",parser_inclusive_subprocess_wall_clock,1,timeout,2.025446409,124,-9,1,timeout,exceeded 2 seconds,,,"[""/net/scratch/hscra/plgrid/plgnasqret/codex-control/projects/euf-viper/runs/20260727T073625Z-staged-qg7-e9fef17/target/release/euf-viper"",""fabric-solve"",""--engine"",""quotient-portfolio"",""/net/scratch/hscra/plgrid/plgnasqret/codex-control/projects/euf-viper/corpora/9b39c70a794d52277a4e5d83731f0ebc50a2f3b804eb1dfc8cf32766a5ebeadc/smtlib-2025/QF_UF/QF_UF/QG-classification/qg7/iso_brn_nogen_sk011.smt2""]"
108,3,7316,QF_UF/QG-classification/qg7/iso_icl_nogen_sk001.smt2,175547f0f09d2238085f5621dfede32190411257315b215abcc2857d96d7e78f,6010211,unsat,1,williams_first_order_carryover,a5b163da70f7a4b586276cec20529dcaf9a596daf59a01894d95ec3f4fd69c3e,0,0,0,0,0,0,baseline,baseline,"[""baseline"",""staged-0"",""staged-10000"",""staged-10"",""staged-1000"",""staged-100""]",parser_inclusive_subprocess_wall_clock,1,timeout,2.011539422,124,-9,1,timeout,exceeded 2 seconds,,,"[""/net/scratch/hscra/plgrid/plgnasqret/codex-control/projects/euf-viper/runs/20260727T073625Z-staged-qg7-e9fef17/target/release/euf-viper"",""fabric-solve"",""--engine"",""quotient-portfolio"",""/net/scratch/hscra/plgrid/plgnasqret/codex-control/projects/euf-viper/corpora/9b39c70a794d52277a4e5d83731f0ebc50a2f3b804eb1dfc8cf32766a5ebeadc/smtlib-2025/QF_UF/QF_UF/QG-classification/qg7/iso_icl_nogen_sk001.smt2""]"
109,3,7316,QF_UF/QG-classification/qg7/iso_icl_nogen_sk001.smt2,175547f0f09d2238085f5621dfede32190411257315b215abcc2857d96d7e78f,6010211,unsat,1,williams_first_order_carryover,a5b163da70f7a4b586276cec20529dcaf9a596daf59a01894d95ec3f4fd69c3e,0,0,0,0,1,1,staged-0,staged-0,"[""baseline"",""staged-0"",""staged-10000"",""staged-10"",""staged-1000"",""staged-100""]",parser_inclusive_subprocess_wall_clock,1,timeout,2.021109861,124,-9,1,timeout,exceeded 2 seconds,,,"[""/net/scratch/hscra/plgrid/plgnasqret/codex-control/projects/euf-viper/runs/20260727T073625Z-staged-qg7-e9fef17/target/release/euf-viper"",""fabric-solve"",""--engine"",""quotient-portfolio"",""/net/scratch/hscra/plgrid/plgnasqret/codex-control/projects/euf-viper/corpora/9b39c70a794d52277a4e5d83731f0ebc50a2f3b804eb1dfc8cf32766a5ebeadc/smtlib-2025/QF_UF/QF_UF/QG-classification/qg7/iso_icl_nogen_sk001.smt2""]"
110,3,7316,QF_UF/QG-classification/qg7/iso_icl_nogen_sk001.smt2,175547f0f09d2238085f5621dfede32190411257315b215abcc2857d96d7e78f,6010211,unsat,1,williams_first_order_carryover,a5b163da70f7a4b586276cec20529dcaf9a596daf59a01894d95ec3f4fd69c3e,0,0,0,0,2,2,staged-10000,staged-10000,"[""baseline"",""staged-0"",""staged-10000"",""staged-10"",""staged-1000"",""staged-100""]",parser_inclusive_subprocess_wall_clock,1,timeout,2.013243579,124,-9,1,timeout,exceeded 2 seconds,,,"[""/net/scratch/hscra/plgrid/plgnasqret/codex-control/projects/euf-viper/runs/20260727T073625Z-staged-qg7-e9fef17/target/release/euf-viper"",""fabric-solve"",""--engine"",""quotient-portfolio"",""/net/scratch/hscra/plgrid/plgnasqret/codex-control/projects/euf-viper/corpora/9b39c70a794d52277a4e5d83731f0ebc50a2f3b804eb1dfc8cf32766a5ebeadc/smtlib-2025/QF_UF/QF_UF/QG-classification/qg7/iso_icl_nogen_sk001.smt2""]"
111,3,7316,QF_UF/QG-classification/qg7/iso_icl_nogen_sk001.smt2,175547f0f09d2238085f5621dfede32190411257315b215abcc2857d96d7e78f,6010211,unsat,1,williams_first_order_carryover,a5b163da70f7a4b586276cec20529dcaf9a596daf59a01894d95ec3f4fd69c3e,0,0,0,0,3,3,staged-10,staged-10,"[""baseline"",""staged-0"",""staged-10000"",""staged-10"",""staged-1000"",""staged-100""]",parser_inclusive_subprocess_wall_clock,1,timeout,2.026100017,124,-9,1,timeout,exceeded 2 seconds,,,"[""/net/scratch/hscra/plgrid/plgnasqret/codex-control/projects/euf-viper/runs/20260727T073625Z-staged-qg7-e9fef17/target/release/euf-viper"",""fabric-solve"",""--engine"",""quotient-portfolio"",""/net/scratch/hscra/plgrid/plgnasqret/codex-control/projects/euf-viper/corpora/9b39c70a794d52277a4e5d83731f0ebc50a2f3b804eb1dfc8cf32766a5ebeadc/smtlib-2025/QF_UF/QF_UF/QG-classification/qg7/iso_icl_nogen_sk001.smt2""]"
112,3,7316,QF_UF/QG-classification/qg7/iso_icl_nogen_sk001.smt2,175547f0f09d2238085f5621dfede32190411257315b215abcc2857d96d7e78f,6010211,unsat,1,williams_first_order_carryover,a5b163da70f7a4b586276cec20529dcaf9a596daf59a01894d95ec3f4fd69c3e,0,0,0,0,4,4,staged-1000,staged-1000,"[""baseline"",""staged-0"",""staged-10000"",""staged-10"",""staged-1000"",""staged-100""]",parser_inclusive_subprocess_wall_clock,1,timeout,2.010624650,124,-9,1,timeout,exceeded 2 seconds,,,"[""/net/scratch/hscra/plgrid/plgnasqret/codex-control/projects/euf-viper/runs/20260727T073625Z-staged-qg7-e9fef17/target/release/euf-viper"",""fabric-solve"",""--engine"",""quotient-portfolio"",""/net/scratch/hscra/plgrid/plgnasqret/codex-control/projects/euf-viper/corpora/9b39c70a794d52277a4e5d83731f0ebc50a2f3b804eb1dfc8cf32766a5ebeadc/smtlib-2025/QF_UF/QF_UF/QG-classification/qg7/iso_icl_nogen_sk001.smt2""]"
113,3,7316,QF_UF/QG-classification/qg7/iso_icl_nogen_sk001.smt2,175547f0f09d2238085f5621dfede32190411257315b215abcc2857d96d7e78f,6010211,unsat,1,williams_first_order_carryover,a5b163da70f7a4b586276cec20529dcaf9a596daf59a01894d95ec3f4fd69c3e,0,0,0,0,5,5,staged-100,staged-100,"[""baseline"",""staged-0"",""staged-10000"",""staged-10"",""staged-1000"",""staged-100""]",parser_inclusive_subprocess_wall_clock,1,timeout,2.018556967,124,-9,1,timeout,exceeded 2 seconds,,,"[""/net/scratch/hscra/plgrid/plgnasqret/codex-control/projects/euf-viper/runs/20260727T073625Z-staged-qg7-e9fef17/target/release/euf-viper"",""fabric-solve"",""--engine"",""quotient-portfolio"",""/net/scratch/hscra/plgrid/plgnasqret/codex-control/projects/euf-viper/corpora/9b39c70a794d52277a4e5d83731f0ebc50a2f3b804eb1dfc8cf32766a5ebeadc/smtlib-2025/QF_UF/QF_UF/QG-classification/qg7/iso_icl_nogen_sk001.smt2""]"
114,3,7316,QF_UF/QG-classification/qg7/iso_icl_nogen_sk001.smt2,175547f0f09d2238085f5621dfede32190411257315b215abcc2857d96d7e78f,6010211,unsat,1,williams_first_order_carryover,a5b163da70f7a4b586276cec20529dcaf9a596daf59a01894d95ec3f4fd69c3e,1,1,0,1,0,0,staged-0,staged-0,"[""staged-0"",""staged-10"",""baseline"",""staged-100"",""staged-10000"",""staged-1000""]",parser_inclusive_subprocess_wall_clock,1,timeout,2.025134624,124,-9,1,timeout,exceeded 2 seconds,,,"[""/net/scratch/hscra/plgrid/plgnasqret/codex-control/projects/euf-viper/runs/20260727T073625Z-staged-qg7-e9fef17/target/release/euf-viper"",""fabric-solve"",""--engine"",""quotient-portfolio"",""/net/scratch/hscra/plgrid/plgnasqret/codex-control/projects/euf-viper/corpora/9b39c70a794d52277a4e5d83731f0ebc50a2f3b804eb1dfc8cf32766a5ebeadc/smtlib-2025/QF_UF/QF_UF/QG-classification/qg7/iso_icl_nogen_sk001.smt2""]"
115,3,7316,QF_UF/QG-classification/qg7/iso_icl_nogen_sk001.smt2,175547f0f09d2238085f5621dfede32190411257315b215abcc2857d96d7e78f,6010211,unsat,1,williams_first_order_carryover,a5b163da70f7a4b586276cec20529dcaf9a596daf59a01894d95ec3f4fd69c3e,1,1,0,1,1,1,staged-10,staged-10,"[""staged-0"",""staged-10"",""baseline"",""staged-100"",""staged-10000"",""staged-1000""]",parser_inclusive_subprocess_wall_clock,1,timeout,2.028319441,124,-9,1,timeout,exceeded 2 seconds,,,"[""/net/scratch/hscra/plgrid/plgnasqret/codex-control/projects/euf-viper/runs/20260727T073625Z-staged-qg7-e9fef17/target/release/euf-viper"",""fabric-solve"",""--engine"",""quotient-portfolio"",""/net/scratch/hscra/plgrid/plgnasqret/codex-control/projects/euf-viper/corpora/9b39c70a794d52277a4e5d83731f0ebc50a2f3b804eb1dfc8cf32766a5ebeadc/smtlib-2025/QF_UF/QF_UF/QG-classification/qg7/iso_icl_nogen_sk001.smt2""]"
116,3,7316,QF_UF/QG-classification/qg7/iso_icl_nogen_sk001.smt2,175547f0f09d2238085f5621dfede32190411257315b215abcc2857d96d7e78f,6010211,unsat,1,williams_first_order_carryover,a5b163da70f7a4b586276cec20529dcaf9a596daf59a01894d95ec3f4fd69c3e,1,1,0,1,2,2,baseline,baseline,"[""staged-0"",""staged-10"",""baseline"",""staged-100"",""staged-10000"",""staged-1000""]",parser_inclusive_subprocess_wall_clock,1,timeout,2.016364726,124,-9,1,timeout,exceeded 2 seconds,,,"[""/net/scratch/hscra/plgrid/plgnasqret/codex-control/projects/euf-viper/runs/20260727T073625Z-staged-qg7-e9fef17/target/release/euf-viper"",""fabric-solve"",""--engine"",""quotient-portfolio"",""/net/scratch/hscra/plgrid/plgnasqret/codex-control/projects/euf-viper/corpora/9b39c70a794d52277a4e5d83731f0ebc50a2f3b804eb1dfc8cf32766a5ebeadc/smtlib-2025/QF_UF/QF_UF/QG-classification/qg7/iso_icl_nogen_sk001.smt2""]"
117,3,7316,QF_UF/QG-classification/qg7/iso_icl_nogen_sk001.smt2,175547f0f09d2238085f5621dfede32190411257315b215abcc2857d96d7e78f,6010211,unsat,1,williams_first_order_carryover,a5b163da70f7a4b586276cec20529dcaf9a596daf59a01894d95ec3f4fd69c3e,1,1,0,1,3,3,staged-100,staged-100,"[""staged-0"",""staged-10"",""baseline"",""staged-100"",""staged-10000"",""staged-1000""]",parser_inclusive_subprocess_wall_clock,1,timeout,2.019624863,124,-9,1,timeout,exceeded 2 seconds,,,"[""/net/scratch/hscra/plgrid/plgnasqret/codex-control/projects/euf-viper/runs/20260727T073625Z-staged-qg7-e9fef17/target/release/euf-viper"",""fabric-solve"",""--engine"",""quotient-portfolio"",""/net/scratch/hscra/plgrid/plgnasqret/codex-control/projects/euf-viper/corpora/9b39c70a794d52277a4e5d83731f0ebc50a2f3b804eb1dfc8cf32766a5ebeadc/smtlib-2025/QF_UF/QF_UF/QG-classification/qg7/iso_icl_nogen_sk001.smt2""]"
118,3,7316,QF_UF/QG-classification/qg7/iso_icl_nogen_sk001.smt2,175547f0f09d2238085f5621dfede32190411257315b215abcc2857d96d7e78f,6010211,unsat,1,williams_first_order_carryover,a5b163da70f7a4b586276cec20529dcaf9a596daf59a01894d95ec3f4fd69c3e,1,1,0,1,4,4,staged-10000,staged-10000,"[""staged-0"",""staged-10"",""baseline"",""staged-100"",""staged-10000"",""staged-1000""]",parser_inclusive_subprocess_wall_clock,1,timeout,2.009343685,124,-9,1,timeout,exceeded 2 seconds,,,"[""/net/scratch/hscra/plgrid/plgnasqret/codex-control/projects/euf-viper/runs/20260727T073625Z-staged-qg7-e9fef17/target/release/euf-viper"",""fabric-solve"",""--engine"",""quotient-portfolio"",""/net/scratch/hscra/plgrid/plgnasqret/codex-control/projects/euf-viper/corpora/9b39c70a794d52277a4e5d83731f0ebc50a2f3b804eb1dfc8cf32766a5ebeadc/smtlib-2025/QF_UF/QF_UF/QG-classification/qg7/iso_icl_nogen_sk001.smt2""]"
119,3,7316,QF_UF/QG-classification/qg7/iso_icl_nogen_sk001.smt2,175547f0f09d2238085f5621dfede32190411257315b215abcc2857d96d7e78f,6010211,unsat,1,williams_first_order_carryover,a5b163da70f7a4b586276cec20529dcaf9a596daf59a01894d95ec3f4fd69c3e,1,1,0,1,5,5,staged-1000,staged-1000,"[""staged-0"",""staged-10"",""baseline"",""staged-100"",""staged-10000"",""staged-1000""]",parser_inclusive_subprocess_wall_clock,1,timeout,2.012048150,124,-9,1,timeout,exceeded 2 seconds,,,"[""/net/scratch/hscra/plgrid/plgnasqret/codex-control/projects/euf-viper/runs/20260727T073625Z-staged-qg7-e9fef17/target/release/euf-viper"",""fabric-solve"",""--engine"",""quotient-portfolio"",""/net/scratch/hscra/plgrid/plgnasqret/codex-control/projects/euf-viper/corpora/9b39c70a794d52277a4e5d83731f0ebc50a2f3b804eb1dfc8cf32766a5ebeadc/smtlib-2025/QF_UF/QF_UF/QG-classification/qg7/iso_icl_nogen_sk001.smt2""]"
120,3,7316,QF_UF/QG-classification/qg7/iso_icl_nogen_sk001.smt2,175547f0f09d2238085f5621dfede32190411257315b215abcc2857d96d7e78f,6010211,unsat,1,williams_first_order_carryover,a5b163da70f7a4b586276cec20529dcaf9a596daf59a01894d95ec3f4fd69c3e,2,2,0,2,0,0,staged-10,staged-10,"[""staged-10"",""staged-100"",""staged-0"",""staged-1000"",""baseline"",""staged-10000""]",parser_inclusive_subprocess_wall_clock,1,timeout,2.022253838,124,-9,1,timeout,exceeded 2 seconds,,,"[""/net/scratch/hscra/plgrid/plgnasqret/codex-control/projects/euf-viper/runs/20260727T073625Z-staged-qg7-e9fef17/target/release/euf-viper"",""fabric-solve"",""--engine"",""quotient-portfolio"",""/net/scratch/hscra/plgrid/plgnasqret/codex-control/projects/euf-viper/corpora/9b39c70a794d52277a4e5d83731f0ebc50a2f3b804eb1dfc8cf32766a5ebeadc/smtlib-2025/QF_UF/QF_UF/QG-classification/qg7/iso_icl_nogen_sk001.smt2""]"
121,3,7316,QF_UF/QG-classification/qg7/iso_icl_nogen_sk001.smt2,175547f0f09d2238085f5621dfede32190411257315b215abcc2857d96d7e78f,6010211,unsat,1,williams_first_order_carryover,a5b163da70f7a4b586276cec20529dcaf9a596daf59a01894d95ec3f4fd69c3e,2,2,0,2,1,1,staged-100,staged-100,"[""staged-10"",""staged-100"",""staged-0"",""staged-1000"",""baseline"",""staged-10000""]",parser_inclusive_subprocess_wall_clock,1,timeout,2.022725067,124,-9,1,timeout,exceeded 2 seconds,,,"[""/net/scratch/hscra/plgrid/plgnasqret/codex-control/projects/euf-viper/runs/20260727T073625Z-staged-qg7-e9fef17/target/release/euf-viper"",""fabric-solve"",""--engine"",""quotient-portfolio"",""/net/scratch/hscra/plgrid/plgnasqret/codex-control/projects/euf-viper/corpora/9b39c70a794d52277a4e5d83731f0ebc50a2f3b804eb1dfc8cf32766a5ebeadc/smtlib-2025/QF_UF/QF_UF/QG-classification/qg7/iso_icl_nogen_sk001.smt2""]"
122,3,7316,QF_UF/QG-classification/qg7/iso_icl_nogen_sk001.smt2,175547f0f09d2238085f5621dfede32190411257315b215abcc2857d96d7e78f,6010211,unsat,1,williams_first_order_carryover,a5b163da70f7a4b586276cec20529dcaf9a596daf59a01894d95ec3f4fd69c3e,2,2,0,2,2,2,staged-0,staged-0,"[""staged-10"",""staged-100"",""staged-0"",""staged-1000"",""baseline"",""staged-10000""]",parser_inclusive_subprocess_wall_clock,1,timeout,2.019936888,124,-9,1,timeout,exceeded 2 seconds,,,"[""/net/scratch/hscra/plgrid/plgnasqret/codex-control/projects/euf-viper/runs/20260727T073625Z-staged-qg7-e9fef17/target/release/euf-viper"",""fabric-solve"",""--engine"",""quotient-portfolio"",""/net/scratch/hscra/plgrid/plgnasqret/codex-control/projects/euf-viper/corpora/9b39c70a794d52277a4e5d83731f0ebc50a2f3b804eb1dfc8cf32766a5ebeadc/smtlib-2025/QF_UF/QF_UF/QG-classification/qg7/iso_icl_nogen_sk001.smt2""]"
123,3,7316,QF_UF/QG-classification/qg7/iso_icl_nogen_sk001.smt2,175547f0f09d2238085f5621dfede32190411257315b215abcc2857d96d7e78f,6010211,unsat,1,williams_first_order_carryover,a5b163da70f7a4b586276cec20529dcaf9a596daf59a01894d95ec3f4fd69c3e,2,2,0,2,3,3,staged-1000,staged-1000,"[""staged-10"",""staged-100"",""staged-0"",""staged-1000"",""baseline"",""staged-10000""]",parser_inclusive_subprocess_wall_clock,1,timeout,2.009695443,124,-9,1,timeout,exceeded 2 seconds,,,"[""/net/scratch/hscra/plgrid/plgnasqret/codex-control/projects/euf-viper/runs/20260727T073625Z-staged-qg7-e9fef17/target/release/euf-viper"",""fabric-solve"",""--engine"",""quotient-portfolio"",""/net/scratch/hscra/plgrid/plgnasqret/codex-control/projects/euf-viper/corpora/9b39c70a794d52277a4e5d83731f0ebc50a2f3b804eb1dfc8cf32766a5ebeadc/smtlib-2025/QF_UF/QF_UF/QG-classification/qg7/iso_icl_nogen_sk001.smt2""]"
124,3,7316,QF_UF/QG-classification/qg7/iso_icl_nogen_sk001.smt2,175547f0f09d2238085f5621dfede32190411257315b215abcc2857d96d7e78f,6010211,unsat,1,williams_first_order_carryover,a5b163da70f7a4b586276cec20529dcaf9a596daf59a01894d95ec3f4fd69c3e,2,2,0,2,4,4,baseline,baseline,"[""staged-10"",""staged-100"",""staged-0"",""staged-1000"",""baseline"",""staged-10000""]",parser_inclusive_subprocess_wall_clock,1,timeout,2.012328886,124,-9,1,timeout,exceeded 2 seconds,,,"[""/net/scratch/hscra/plgrid/plgnasqret/codex-control/projects/euf-viper/runs/20260727T073625Z-staged-qg7-e9fef17/target/release/euf-viper"",""fabric-solve"",""--engine"",""quotient-portfolio"",""/net/scratch/hscra/plgrid/plgnasqret/codex-control/projects/euf-viper/corpora/9b39c70a794d52277a4e5d83731f0ebc50a2f3b804eb1dfc8cf32766a5ebeadc/smtlib-2025/QF_UF/QF_UF/QG-classification/qg7/iso_icl_nogen_sk001.smt2""]"
125,3,7316,QF_UF/QG-classification/qg7/iso_icl_nogen_sk001.smt2,175547f0f09d2238085f5621dfede32190411257315b215abcc2857d96d7e78f,6010211,unsat,1,williams_first_order_carryover,a5b163da70f7a4b586276cec20529dcaf9a596daf59a01894d95ec3f4fd69c3e,2,2,0,2,5,5,staged-10000,staged-10000,"[""staged-10"",""staged-100"",""staged-0"",""staged-1000"",""baseline"",""staged-10000""]",parser_inclusive_subprocess_wall_clock,1,timeout,2.012387108,124,-9,1,timeout,exceeded 2 seconds,,,"[""/net/scratch/hscra/plgrid/plgnasqret/codex-control/projects/euf-viper/runs/20260727T073625Z-staged-qg7-e9fef17/target/release/euf-viper"",""fabric-solve"",""--engine"",""quotient-portfolio"",""/net/scratch/hscra/plgrid/plgnasqret/codex-control/projects/euf-viper/corpora/9b39c70a794d52277a4e5d83731f0ebc50a2f3b804eb1dfc8cf32766a5ebeadc/smtlib-2025/QF_UF/QF_UF/QG-classification/qg7/iso_icl_nogen_sk001.smt2""]"
126,3,7316,QF_UF/QG-classification/qg7/iso_icl_nogen_sk001.smt2,175547f0f09d2238085f5621dfede32190411257315b215abcc2857d96d7e78f,6010211,unsat,1,williams_first_order_carryover,a5b163da70f7a4b586276cec20529dcaf9a596daf59a01894d95ec3f4fd69c3e,3,3,0,3,0,0,staged-100,staged-100,"[""staged-100"",""staged-1000"",""staged-10"",""staged-10000"",""staged-0"",""baseline""]",parser_inclusive_subprocess_wall_clock,1,timeout,2.023001976,124,-9,1,timeout,exceeded 2 seconds,,,"[""/net/scratch/hscra/plgrid/plgnasqret/codex-control/projects/euf-viper/runs/20260727T073625Z-staged-qg7-e9fef17/target/release/euf-viper"",""fabric-solve"",""--engine"",""quotient-portfolio"",""/net/scratch/hscra/plgrid/plgnasqret/codex-control/projects/euf-viper/corpora/9b39c70a794d52277a4e5d83731f0ebc50a2f3b804eb1dfc8cf32766a5ebeadc/smtlib-2025/QF_UF/QF_UF/QG-classification/qg7/iso_icl_nogen_sk001.smt2""]"
127,3,7316,QF_UF/QG-classification/qg7/iso_icl_nogen_sk001.smt2,175547f0f09d2238085f5621dfede32190411257315b215abcc2857d96d7e78f,6010211,unsat,1,williams_first_order_carryover,a5b163da70f7a4b586276cec20529dcaf9a596daf59a01894d95ec3f4fd69c3e,3,3,0,3,1,1,staged-1000,staged-1000,"[""staged-100"",""staged-1000"",""staged-10"",""staged-10000"",""staged-0"",""baseline""]",parser_inclusive_subprocess_wall_clock,1,timeout,2.011178899,124,-9,1,timeout,exceeded 2 seconds,,,"[""/net/scratch/hscra/plgrid/plgnasqret/codex-control/projects/euf-viper/runs/20260727T073625Z-staged-qg7-e9fef17/target/release/euf-viper"",""fabric-solve"",""--engine"",""quotient-portfolio"",""/net/scratch/hscra/plgrid/plgnasqret/codex-control/projects/euf-viper/corpora/9b39c70a794d52277a4e5d83731f0ebc50a2f3b804eb1dfc8cf32766a5ebeadc/smtlib-2025/QF_UF/QF_UF/QG-classification/qg7/iso_icl_nogen_sk001.smt2""]"
128,3,7316,QF_UF/QG-classification/qg7/iso_icl_nogen_sk001.smt2,175547f0f09d2238085f5621dfede32190411257315b215abcc2857d96d7e78f,6010211,unsat,1,williams_first_order_carryover,a5b163da70f7a4b586276cec20529dcaf9a596daf59a01894d95ec3f4fd69c3e,3,3,0,3,2,2,staged-10,staged-10,"[""staged-100"",""staged-1000"",""staged-10"",""staged-10000"",""staged-0"",""baseline""]",parser_inclusive_subprocess_wall_clock,1,timeout,2.020744871,124,-9,1,timeout,exceeded 2 seconds,,,"[""/net/scratch/hscra/plgrid/plgnasqret/codex-control/projects/euf-viper/runs/20260727T073625Z-staged-qg7-e9fef17/target/release/euf-viper"",""fabric-solve"",""--engine"",""quotient-portfolio"",""/net/scratch/hscra/plgrid/plgnasqret/codex-control/projects/euf-viper/corpora/9b39c70a794d52277a4e5d83731f0ebc50a2f3b804eb1dfc8cf32766a5ebeadc/smtlib-2025/QF_UF/QF_UF/QG-classification/qg7/iso_icl_nogen_sk001.smt2""]"
129,3,7316,QF_UF/QG-classification/qg7/iso_icl_nogen_sk001.smt2,175547f0f09d2238085f5621dfede32190411257315b215abcc2857d96d7e78f,6010211,unsat,1,williams_first_order_carryover,a5b163da70f7a4b586276cec20529dcaf9a596daf59a01894d95ec3f4fd69c3e,3,3,0,3,3,3,staged-10000,staged-10000,"[""staged-100"",""staged-1000"",""staged-10"",""staged-10000"",""staged-0"",""baseline""]",parser_inclusive_subprocess_wall_clock,1,timeout,2.014247443,124,-9,1,timeout,exceeded 2 seconds,,,"[""/net/scratch/hscra/plgrid/plgnasqret/codex-control/projects/euf-viper/runs/20260727T073625Z-staged-qg7-e9fef17/target/release/euf-viper"",""fabric-solve"",""--engine"",""quotient-portfolio"",""/net/scratch/hscra/plgrid/plgnasqret/codex-control/projects/euf-viper/corpora/9b39c70a794d52277a4e5d83731f0ebc50a2f3b804eb1dfc8cf32766a5ebeadc/smtlib-2025/QF_UF/QF_UF/QG-classification/qg7/iso_icl_nogen_sk001.smt2""]"
130,3,7316,QF_UF/QG-classification/qg7/iso_icl_nogen_sk001.smt2,175547f0f09d2238085f5621dfede32190411257315b215abcc2857d96d7e78f,6010211,unsat,1,williams_first_order_carryover,a5b163da70f7a4b586276cec20529dcaf9a596daf59a01894d95ec3f4fd69c3e,3,3,0,3,4,4,staged-0,staged-0,"[""staged-100"",""staged-1000"",""staged-10"",""staged-10000"",""staged-0"",""baseline""]",parser_inclusive_subprocess_wall_clock,1,timeout,2.027260149,124,-9,1,timeout,exceeded 2 seconds,,,"[""/net/scratch/hscra/plgrid/plgnasqret/codex-control/projects/euf-viper/runs/20260727T073625Z-staged-qg7-e9fef17/target/release/euf-viper"",""fabric-solve"",""--engine"",""quotient-portfolio"",""/net/scratch/hscra/plgrid/plgnasqret/codex-control/projects/euf-viper/corpora/9b39c70a794d52277a4e5d83731f0ebc50a2f3b804eb1dfc8cf32766a5ebeadc/smtlib-2025/QF_UF/QF_UF/QG-classification/qg7/iso_icl_nogen_sk001.smt2""]"
131,3,7316,QF_UF/QG-classification/qg7/iso_icl_nogen_sk001.smt2,175547f0f09d2238085f5621dfede32190411257315b215abcc2857d96d7e78f,6010211,unsat,1,williams_first_order_carryover,a5b163da70f7a4b586276cec20529dcaf9a596daf59a01894d95ec3f4fd69c3e,3,3,0,3,5,5,baseline,baseline,"[""staged-100"",""staged-1000"",""staged-10"",""staged-10000"",""staged-0"",""baseline""]",parser_inclusive_subprocess_wall_clock,1,timeout,2.011072030,124,-9,1,timeout,exceeded 2 seconds,,,"[""/net/scratch/hscra/plgrid/plgnasqret/codex-control/projects/euf-viper/runs/20260727T073625Z-staged-qg7-e9fef17/target/release/euf-viper"",""fabric-solve"",""--engine"",""quotient-portfolio"",""/net/scratch/hscra/plgrid/plgnasqret/codex-control/projects/euf-viper/corpora/9b39c70a794d52277a4e5d83731f0ebc50a2f3b804eb1dfc8cf32766a5ebeadc/smtlib-2025/QF_UF/QF_UF/QG-classification/qg7/iso_icl_nogen_sk001.smt2""]"
132,3,7316,QF_UF/QG-classification/qg7/iso_icl_nogen_sk001.smt2,175547f0f09d2238085f5621dfede32190411257315b215abcc2857d96d7e78f,6010211,unsat,1,williams_first_order_carryover,a5b163da70f7a4b586276cec20529dcaf9a596daf59a01894d95ec3f4fd69c3e,4,4,0,4,0,0,staged-1000,staged-1000,"[""staged-1000"",""staged-10000"",""staged-100"",""baseline"",""staged-10"",""staged-0""]",parser_inclusive_subprocess_wall_clock,1,timeout,2.011278478,124,-9,1,timeout,exceeded 2 seconds,,,"[""/net/scratch/hscra/plgrid/plgnasqret/codex-control/projects/euf-viper/runs/20260727T073625Z-staged-qg7-e9fef17/target/release/euf-viper"",""fabric-solve"",""--engine"",""quotient-portfolio"",""/net/scratch/hscra/plgrid/plgnasqret/codex-control/projects/euf-viper/corpora/9b39c70a794d52277a4e5d83731f0ebc50a2f3b804eb1dfc8cf32766a5ebeadc/smtlib-2025/QF_UF/QF_UF/QG-classification/qg7/iso_icl_nogen_sk001.smt2""]"
133,3,7316,QF_UF/QG-classification/qg7/iso_icl_nogen_sk001.smt2,175547f0f09d2238085f5621dfede32190411257315b215abcc2857d96d7e78f,6010211,unsat,1,williams_first_order_carryover,a5b163da70f7a4b586276cec20529dcaf9a596daf59a01894d95ec3f4fd69c3e,4,4,0,4,1,1,staged-10000,staged-10000,"[""staged-1000"",""staged-10000"",""staged-100"",""baseline"",""staged-10"",""staged-0""]",parser_inclusive_subprocess_wall_clock,1,timeout,2.012429035,124,-9,1,timeout,exceeded 2 seconds,,,"[""/net/scratch/hscra/plgrid/plgnasqret/codex-control/projects/euf-viper/runs/20260727T073625Z-staged-qg7-e9fef17/target/release/euf-viper"",""fabric-solve"",""--engine"",""quotient-portfolio"",""/net/scratch/hscra/plgrid/plgnasqret/codex-control/projects/euf-viper/corpora/9b39c70a794d52277a4e5d83731f0ebc50a2f3b804eb1dfc8cf32766a5ebeadc/smtlib-2025/QF_UF/QF_UF/QG-classification/qg7/iso_icl_nogen_sk001.smt2""]"
134,3,7316,QF_UF/QG-classification/qg7/iso_icl_nogen_sk001.smt2,175547f0f09d2238085f5621dfede32190411257315b215abcc2857d96d7e78f,6010211,unsat,1,williams_first_order_carryover,a5b163da70f7a4b586276cec20529dcaf9a596daf59a01894d95ec3f4fd69c3e,4,4,0,4,2,2,staged-100,staged-100,"[""staged-1000"",""staged-10000"",""staged-100"",""baseline"",""staged-10"",""staged-0""]",parser_inclusive_subprocess_wall_clock,1,timeout,2.017305369,124,-9,1,timeout,exceeded 2 seconds,,,"[""/net/scratch/hscra/plgrid/plgnasqret/codex-control/projects/euf-viper/runs/20260727T073625Z-staged-qg7-e9fef17/target/release/euf-viper"",""fabric-solve"",""--engine"",""quotient-portfolio"",""/net/scratch/hscra/plgrid/plgnasqret/codex-control/projects/euf-viper/corpora/9b39c70a794d52277a4e5d83731f0ebc50a2f3b804eb1dfc8cf32766a5ebeadc/smtlib-2025/QF_UF/QF_UF/QG-classification/qg7/iso_icl_nogen_sk001.smt2""]"
135,3,7316,QF_UF/QG-classification/qg7/iso_icl_nogen_sk001.smt2,175547f0f09d2238085f5621dfede32190411257315b215abcc2857d96d7e78f,6010211,unsat,1,williams_first_order_carryover,a5b163da70f7a4b586276cec20529dcaf9a596daf59a01894d95ec3f4fd69c3e,4,4,0,4,3,3,baseline,baseline,"[""staged-1000"",""staged-10000"",""staged-100"",""baseline"",""staged-10"",""staged-0""]",parser_inclusive_subprocess_wall_clock,1,timeout,2.012344530,124,-9,1,timeout,exceeded 2 seconds,,,"[""/net/scratch/hscra/plgrid/plgnasqret/codex-control/projects/euf-viper/runs/20260727T073625Z-staged-qg7-e9fef17/target/release/euf-viper"",""fabric-solve"",""--engine"",""quotient-portfolio"",""/net/scratch/hscra/plgrid/plgnasqret/codex-control/projects/euf-viper/corpora/9b39c70a794d52277a4e5d83731f0ebc50a2f3b804eb1dfc8cf32766a5ebeadc/smtlib-2025/QF_UF/QF_UF/QG-classification/qg7/iso_icl_nogen_sk001.smt2""]"
136,3,7316,QF_UF/QG-classification/qg7/iso_icl_nogen_sk001.smt2,175547f0f09d2238085f5621dfede32190411257315b215abcc2857d96d7e78f,6010211,unsat,1,williams_first_order_carryover,a5b163da70f7a4b586276cec20529dcaf9a596daf59a01894d95ec3f4fd69c3e,4,4,0,4,4,4,staged-10,staged-10,"[""staged-1000"",""staged-10000"",""staged-100"",""baseline"",""staged-10"",""staged-0""]",parser_inclusive_subprocess_wall_clock,1,timeout,2.021581380,124,-9,1,timeout,exceeded 2 seconds,,,"[""/net/scratch/hscra/plgrid/plgnasqret/codex-control/projects/euf-viper/runs/20260727T073625Z-staged-qg7-e9fef17/target/release/euf-viper"",""fabric-solve"",""--engine"",""quotient-portfolio"",""/net/scratch/hscra/plgrid/plgnasqret/codex-control/projects/euf-viper/corpora/9b39c70a794d52277a4e5d83731f0ebc50a2f3b804eb1dfc8cf32766a5ebeadc/smtlib-2025/QF_UF/QF_UF/QG-classification/qg7/iso_icl_nogen_sk001.smt2""]"
137,3,7316,QF_UF/QG-classification/qg7/iso_icl_nogen_sk001.smt2,175547f0f09d2238085f5621dfede32190411257315b215abcc2857d96d7e78f,6010211,unsat,1,williams_first_order_carryover,a5b163da70f7a4b586276cec20529dcaf9a596daf59a01894d95ec3f4fd69c3e,4,4,0,4,5,5,staged-0,staged-0,"[""staged-1000"",""staged-10000"",""staged-100"",""baseline"",""staged-10"",""staged-0""]",parser_inclusive_subprocess_wall_clock,1,timeout,2.017866941,124,-9,1,timeout,exceeded 2 seconds,,,"[""/net/scratch/hscra/plgrid/plgnasqret/codex-control/projects/euf-viper/runs/20260727T073625Z-staged-qg7-e9fef17/target/release/euf-viper"",""fabric-solve"",""--engine"",""quotient-portfolio"",""/net/scratch/hscra/plgrid/plgnasqret/codex-control/projects/euf-viper/corpora/9b39c70a794d52277a4e5d83731f0ebc50a2f3b804eb1dfc8cf32766a5ebeadc/smtlib-2025/QF_UF/QF_UF/QG-classification/qg7/iso_icl_nogen_sk001.smt2""]"
138,3,7316,QF_UF/QG-classification/qg7/iso_icl_nogen_sk001.smt2,175547f0f09d2238085f5621dfede32190411257315b215abcc2857d96d7e78f,6010211,unsat,1,williams_first_order_carryover,a5b163da70f7a4b586276cec20529dcaf9a596daf59a01894d95ec3f4fd69c3e,5,5,0,5,0,0,staged-10000,staged-10000,"[""staged-10000"",""baseline"",""staged-1000"",""staged-0"",""staged-100"",""staged-10""]",parser_inclusive_subprocess_wall_clock,1,timeout,2.013505508,124,-9,1,timeout,exceeded 2 seconds,,,"[""/net/scratch/hscra/plgrid/plgnasqret/codex-control/projects/euf-viper/runs/20260727T073625Z-staged-qg7-e9fef17/target/release/euf-viper"",""fabric-solve"",""--engine"",""quotient-portfolio"",""/net/scratch/hscra/plgrid/plgnasqret/codex-control/projects/euf-viper/corpora/9b39c70a794d52277a4e5d83731f0ebc50a2f3b804eb1dfc8cf32766a5ebeadc/smtlib-2025/QF_UF/QF_UF/QG-classification/qg7/iso_icl_nogen_sk001.smt2""]"
139,3,7316,QF_UF/QG-classification/qg7/iso_icl_nogen_sk001.smt2,175547f0f09d2238085f5621dfede32190411257315b215abcc2857d96d7e78f,6010211,unsat,1,williams_first_order_carryover,a5b163da70f7a4b586276cec20529dcaf9a596daf59a01894d95ec3f4fd69c3e,5,5,0,5,1,1,baseline,baseline,"[""staged-10000"",""baseline"",""staged-1000"",""staged-0"",""staged-100"",""staged-10""]",parser_inclusive_subprocess_wall_clock,1,timeout,2.012053396,124,-9,1,timeout,exceeded 2 seconds,,,"[""/net/scratch/hscra/plgrid/plgnasqret/codex-control/projects/euf-viper/runs/20260727T073625Z-staged-qg7-e9fef17/target/release/euf-viper"",""fabric-solve"",""--engine"",""quotient-portfolio"",""/net/scratch/hscra/plgrid/plgnasqret/codex-control/projects/euf-viper/corpora/9b39c70a794d52277a4e5d83731f0ebc50a2f3b804eb1dfc8cf32766a5ebeadc/smtlib-2025/QF_UF/QF_UF/QG-classification/qg7/iso_icl_nogen_sk001.smt2""]"
140,3,7316,QF_UF/QG-classification/qg7/iso_icl_nogen_sk001.smt2,175547f0f09d2238085f5621dfede32190411257315b215abcc2857d96d7e78f,6010211,unsat,1,williams_first_order_carryover,a5b163da70f7a4b586276cec20529dcaf9a596daf59a01894d95ec3f4fd69c3e,5,5,0,5,2,2,staged-1000,staged-1000,"[""staged-10000"",""baseline"",""staged-1000"",""staged-0"",""staged-100"",""staged-10""]",parser_inclusive_subprocess_wall_clock,1,timeout,2.013822385,124,-9,1,timeout,exceeded 2 seconds,,,"[""/net/scratch/hscra/plgrid/plgnasqret/codex-control/projects/euf-viper/runs/20260727T073625Z-staged-qg7-e9fef17/target/release/euf-viper"",""fabric-solve"",""--engine"",""quotient-portfolio"",""/net/scratch/hscra/plgrid/plgnasqret/codex-control/projects/euf-viper/corpora/9b39c70a794d52277a4e5d83731f0ebc50a2f3b804eb1dfc8cf32766a5ebeadc/smtlib-2025/QF_UF/QF_UF/QG-classification/qg7/iso_icl_nogen_sk001.smt2""]"
141,3,7316,QF_UF/QG-classification/qg7/iso_icl_nogen_sk001.smt2,175547f0f09d2238085f5621dfede32190411257315b215abcc2857d96d7e78f,6010211,unsat,1,williams_first_order_carryover,a5b163da70f7a4b586276cec20529dcaf9a596daf59a01894d95ec3f4fd69c3e,5,5,0,5,3,3,staged-0,staged-0,"[""staged-10000"",""baseline"",""staged-1000"",""staged-0"",""staged-100"",""staged-10""]",parser_inclusive_subprocess_wall_clock,1,timeout,2.020465676,124,-9,1,timeout,exceeded 2 seconds,,,"[""/net/scratch/hscra/plgrid/plgnasqret/codex-control/projects/euf-viper/runs/20260727T073625Z-staged-qg7-e9fef17/target/release/euf-viper"",""fabric-solve"",""--engine"",""quotient-portfolio"",""/net/scratch/hscra/plgrid/plgnasqret/codex-control/projects/euf-viper/corpora/9b39c70a794d52277a4e5d83731f0ebc50a2f3b804eb1dfc8cf32766a5ebeadc/smtlib-2025/QF_UF/QF_UF/QG-classification/qg7/iso_icl_nogen_sk001.smt2""]"
142,3,7316,QF_UF/QG-classification/qg7/iso_icl_nogen_sk001.smt2,175547f0f09d2238085f5621dfede32190411257315b215abcc2857d96d7e78f,6010211,unsat,1,williams_first_order_carryover,a5b163da70f7a4b586276cec20529dcaf9a596daf59a01894d95ec3f4fd69c3e,5,5,0,5,4,4,staged-100,staged-100,"[""staged-10000"",""baseline"",""staged-1000"",""staged-0"",""staged-100"",""staged-10""]",parser_inclusive_subprocess_wall_clock,1,timeout,2.020138245,124,-9,1,timeout,exceeded 2 seconds,,,"[""/net/scratch/hscra/plgrid/plgnasqret/codex-control/projects/euf-viper/runs/20260727T073625Z-staged-qg7-e9fef17/target/release/euf-viper"",""fabric-solve"",""--engine"",""quotient-portfolio"",""/net/scratch/hscra/plgrid/plgnasqret/codex-control/projects/euf-viper/corpora/9b39c70a794d52277a4e5d83731f0ebc50a2f3b804eb1dfc8cf32766a5ebeadc/smtlib-2025/QF_UF/QF_UF/QG-classification/qg7/iso_icl_nogen_sk001.smt2""]"
143,3,7316,QF_UF/QG-classification/qg7/iso_icl_nogen_sk001.smt2,175547f0f09d2238085f5621dfede32190411257315b215abcc2857d96d7e78f,6010211,unsat,1,williams_first_order_carryover,a5b163da70f7a4b586276cec20529dcaf9a596daf59a01894d95ec3f4fd69c3e,5,5,0,5,5,5,staged-10,staged-10,"[""staged-10000"",""baseline"",""staged-1000"",""staged-0"",""staged-100"",""staged-10""]",parser_inclusive_subprocess_wall_clock,1,timeout,2.027184586,124,-9,1,timeout,exceeded 2 seconds,,,"[""/net/scratch/hscra/plgrid/plgnasqret/codex-control/projects/euf-viper/runs/20260727T073625Z-staged-qg7-e9fef17/target/release/euf-viper"",""fabric-solve"",""--engine"",""quotient-portfolio"",""/net/scratch/hscra/plgrid/plgnasqret/codex-control/projects/euf-viper/corpora/9b39c70a794d52277a4e5d83731f0ebc50a2f3b804eb1dfc8cf32766a5ebeadc/smtlib-2025/QF_UF/QF_UF/QG-classification/qg7/iso_icl_nogen_sk001.smt2""]"
144,4,7323,QF_UF/QG-classification/qg7/iso_icl_repgen001.smt2,78ab77e8b84ff92f3c572b01b451e0229239b1729354d76e4608642eadbb0d56,59338,unsat,1,williams_first_order_carryover,a5b163da70f7a4b586276cec20529dcaf9a596daf59a01894d95ec3f4fd69c3e,0,0,0,0,0,0,baseline,baseline,"[""baseline"",""staged-0"",""staged-10000"",""staged-10"",""staged-1000"",""staged-100""]",parser_inclusive_subprocess_wall_clock,1,timeout,2.008604798,124,-9,1,timeout,exceeded 2 seconds,,,"[""/net/scratch/hscra/plgrid/plgnasqret/codex-control/projects/euf-viper/runs/20260727T073625Z-staged-qg7-e9fef17/target/release/euf-viper"",""fabric-solve"",""--engine"",""quotient-portfolio"",""/net/scratch/hscra/plgrid/plgnasqret/codex-control/projects/euf-viper/corpora/9b39c70a794d52277a4e5d83731f0ebc50a2f3b804eb1dfc8cf32766a5ebeadc/smtlib-2025/QF_UF/QF_UF/QG-classification/qg7/iso_icl_repgen001.smt2""]"
145,4,7323,QF_UF/QG-classification/qg7/iso_icl_repgen001.smt2,78ab77e8b84ff92f3c572b01b451e0229239b1729354d76e4608642eadbb0d56,59338,unsat,1,williams_first_order_carryover,a5b163da70f7a4b586276cec20529dcaf9a596daf59a01894d95ec3f4fd69c3e,0,0,0,0,1,1,staged-0,staged-0,"[""baseline"",""staged-0"",""staged-10000"",""staged-10"",""staged-1000"",""staged-100""]",parser_inclusive_subprocess_wall_clock,1,timeout,2.011118020,124,-9,1,timeout,exceeded 2 seconds,,,"[""/net/scratch/hscra/plgrid/plgnasqret/codex-control/projects/euf-viper/runs/20260727T073625Z-staged-qg7-e9fef17/target/release/euf-viper"",""fabric-solve"",""--engine"",""quotient-portfolio"",""/net/scratch/hscra/plgrid/plgnasqret/codex-control/projects/euf-viper/corpora/9b39c70a794d52277a4e5d83731f0ebc50a2f3b804eb1dfc8cf32766a5ebeadc/smtlib-2025/QF_UF/QF_UF/QG-classification/qg7/iso_icl_repgen001.smt2""]"
146,4,7323,QF_UF/QG-classification/qg7/iso_icl_repgen001.smt2,78ab77e8b84ff92f3c572b01b451e0229239b1729354d76e4608642eadbb0d56,59338,unsat,1,williams_first_order_carryover,a5b163da70f7a4b586276cec20529dcaf9a596daf59a01894d95ec3f4fd69c3e,0,0,0,0,2,2,staged-10000,staged-10000,"[""baseline"",""staged-0"",""staged-10000"",""staged-10"",""staged-1000"",""staged-100""]",parser_inclusive_subprocess_wall_clock,1,timeout,2.009168744,124,-9,1,timeout,exceeded 2 seconds,,,"[""/net/scratch/hscra/plgrid/plgnasqret/codex-control/projects/euf-viper/runs/20260727T073625Z-staged-qg7-e9fef17/target/release/euf-viper"",""fabric-solve"",""--engine"",""quotient-portfolio"",""/net/scratch/hscra/plgrid/plgnasqret/codex-control/projects/euf-viper/corpora/9b39c70a794d52277a4e5d83731f0ebc50a2f3b804eb1dfc8cf32766a5ebeadc/smtlib-2025/QF_UF/QF_UF/QG-classification/qg7/iso_icl_repgen001.smt2""]"
147,4,7323,QF_UF/QG-classification/qg7/iso_icl_repgen001.smt2,78ab77e8b84ff92f3c572b01b451e0229239b1729354d76e4608642eadbb0d56,59338,unsat,1,williams_first_order_carryover,a5b163da70f7a4b586276cec20529dcaf9a596daf59a01894d95ec3f4fd69c3e,0,0,0,0,3,3,staged-10,staged-10,"[""baseline"",""staged-0"",""staged-10000"",""staged-10"",""staged-1000"",""staged-100""]",parser_inclusive_subprocess_wall_clock,1,timeout,2.008562622,124,-9,1,timeout,exceeded 2 seconds,,,"[""/net/scratch/hscra/plgrid/plgnasqret/codex-control/projects/euf-viper/runs/20260727T073625Z-staged-qg7-e9fef17/target/release/euf-viper"",""fabric-solve"",""--engine"",""quotient-portfolio"",""/net/scratch/hscra/plgrid/plgnasqret/codex-control/projects/euf-viper/corpora/9b39c70a794d52277a4e5d83731f0ebc50a2f3b804eb1dfc8cf32766a5ebeadc/smtlib-2025/QF_UF/QF_UF/QG-classification/qg7/iso_icl_repgen001.smt2""]"
148,4,7323,QF_UF/QG-classification/qg7/iso_icl_repgen001.smt2,78ab77e8b84ff92f3c572b01b451e0229239b1729354d76e4608642eadbb0d56,59338,unsat,1,williams_first_order_carryover,a5b163da70f7a4b586276cec20529dcaf9a596daf59a01894d95ec3f4fd69c3e,0,0,0,0,4,4,staged-1000,staged-1000,"[""baseline"",""staged-0"",""staged-10000"",""staged-10"",""staged-1000"",""staged-100""]",parser_inclusive_subprocess_wall_clock,1,timeout,2.009471074,124,-9,1,timeout,exceeded 2 seconds,,,"[""/net/scratch/hscra/plgrid/plgnasqret/codex-control/projects/euf-viper/runs/20260727T073625Z-staged-qg7-e9fef17/target/release/euf-viper"",""fabric-solve"",""--engine"",""quotient-portfolio"",""/net/scratch/hscra/plgrid/plgnasqret/codex-control/projects/euf-viper/corpora/9b39c70a794d52277a4e5d83731f0ebc50a2f3b804eb1dfc8cf32766a5ebeadc/smtlib-2025/QF_UF/QF_UF/QG-classification/qg7/iso_icl_repgen001.smt2""]"
149,4,7323,QF_UF/QG-classification/qg7/iso_icl_repgen001.smt2,78ab77e8b84ff92f3c572b01b451e0229239b1729354d76e4608642eadbb0d56,59338,unsat,1,williams_first_order_carryover,a5b163da70f7a4b586276cec20529dcaf9a596daf59a01894d95ec3f4fd69c3e,0,0,0,0,5,5,staged-100,staged-100,"[""baseline"",""staged-0"",""staged-10000"",""staged-10"",""staged-1000"",""staged-100""]",parser_inclusive_subprocess_wall_clock,1,timeout,2.010252856,124,-9,1,timeout,exceeded 2 seconds,,,"[""/net/scratch/hscra/plgrid/plgnasqret/codex-control/projects/euf-viper/runs/20260727T073625Z-staged-qg7-e9fef17/target/release/euf-viper"",""fabric-solve"",""--engine"",""quotient-portfolio"",""/net/scratch/hscra/plgrid/plgnasqret/codex-control/projects/euf-viper/corpora/9b39c70a794d52277a4e5d83731f0ebc50a2f3b804eb1dfc8cf32766a5ebeadc/smtlib-2025/QF_UF/QF_UF/QG-classification/qg7/iso_icl_repgen001.smt2""]"
150,4,7323,QF_UF/QG-classification/qg7/iso_icl_repgen001.smt2,78ab77e8b84ff92f3c572b01b451e0229239b1729354d76e4608642eadbb0d56,59338,unsat,1,williams_first_order_carryover,a5b163da70f7a4b586276cec20529dcaf9a596daf59a01894d95ec3f4fd69c3e,1,1,0,1,0,0,staged-0,staged-0,"[""staged-0"",""staged-10"",""baseline"",""staged-100"",""staged-10000"",""staged-1000""]",parser_inclusive_subprocess_wall_clock,1,timeout,2.009238225,124,-9,1,timeout,exceeded 2 seconds,,,"[""/net/scratch/hscra/plgrid/plgnasqret/codex-control/projects/euf-viper/runs/20260727T073625Z-staged-qg7-e9fef17/target/release/euf-viper"",""fabric-solve"",""--engine"",""quotient-portfolio"",""/net/scratch/hscra/plgrid/plgnasqret/codex-control/projects/euf-viper/corpora/9b39c70a794d52277a4e5d83731f0ebc50a2f3b804eb1dfc8cf32766a5ebeadc/smtlib-2025/QF_UF/QF_UF/QG-classification/qg7/iso_icl_repgen001.smt2""]"
151,4,7323,QF_UF/QG-classification/qg7/iso_icl_repgen001.smt2,78ab77e8b84ff92f3c572b01b451e0229239b1729354d76e4608642eadbb0d56,59338,unsat,1,williams_first_order_carryover,a5b163da70f7a4b586276cec20529dcaf9a596daf59a01894d95ec3f4fd69c3e,1,1,0,1,1,1,staged-10,staged-10,"[""staged-0"",""staged-10"",""baseline"",""staged-100"",""staged-10000"",""staged-1000""]",parser_inclusive_subprocess_wall_clock,1,timeout,2.006954627,124,-9,1,timeout,exceeded 2 seconds,,,"[""/net/scratch/hscra/plgrid/plgnasqret/codex-control/projects/euf-viper/runs/20260727T073625Z-staged-qg7-e9fef17/target/release/euf-viper"",""fabric-solve"",""--engine"",""quotient-portfolio"",""/net/scratch/hscra/plgrid/plgnasqret/codex-control/projects/euf-viper/corpora/9b39c70a794d52277a4e5d83731f0ebc50a2f3b804eb1dfc8cf32766a5ebeadc/smtlib-2025/QF_UF/QF_UF/QG-classification/qg7/iso_icl_repgen001.smt2""]"
152,4,7323,QF_UF/QG-classification/qg7/iso_icl_repgen001.smt2,78ab77e8b84ff92f3c572b01b451e0229239b1729354d76e4608642eadbb0d56,59338,unsat,1,williams_first_order_carryover,a5b163da70f7a4b586276cec20529dcaf9a596daf59a01894d95ec3f4fd69c3e,1,1,0,1,2,2,baseline,baseline,"[""staged-0"",""staged-10"",""baseline"",""staged-100"",""staged-10000"",""staged-1000""]",parser_inclusive_subprocess_wall_clock,1,timeout,2.006793202,124,-9,1,timeout,exceeded 2 seconds,,,"[""/net/scratch/hscra/plgrid/plgnasqret/codex-control/projects/euf-viper/runs/20260727T073625Z-staged-qg7-e9fef17/target/release/euf-viper"",""fabric-solve"",""--engine"",""quotient-portfolio"",""/net/scratch/hscra/plgrid/plgnasqret/codex-control/projects/euf-viper/corpora/9b39c70a794d52277a4e5d83731f0ebc50a2f3b804eb1dfc8cf32766a5ebeadc/smtlib-2025/QF_UF/QF_UF/QG-classification/qg7/iso_icl_repgen001.smt2""]"
153,4,7323,QF_UF/QG-classification/qg7/iso_icl_repgen001.smt2,78ab77e8b84ff92f3c572b01b451e0229239b1729354d76e4608642eadbb0d56,59338,unsat,1,williams_first_order_carryover,a5b163da70f7a4b586276cec20529dcaf9a596daf59a01894d95ec3f4fd69c3e,1,1,0,1,3,3,staged-100,staged-100,"[""staged-0"",""staged-10"",""baseline"",""staged-100"",""staged-10000"",""staged-1000""]",parser_inclusive_subprocess_wall_clock,1,timeout,2.009034011,124,-9,1,timeout,exceeded 2 seconds,,,"[""/net/scratch/hscra/plgrid/plgnasqret/codex-control/projects/euf-viper/runs/20260727T073625Z-staged-qg7-e9fef17/target/release/euf-viper"",""fabric-solve"",""--engine"",""quotient-portfolio"",""/net/scratch/hscra/plgrid/plgnasqret/codex-control/projects/euf-viper/corpora/9b39c70a794d52277a4e5d83731f0ebc50a2f3b804eb1dfc8cf32766a5ebeadc/smtlib-2025/QF_UF/QF_UF/QG-classification/qg7/iso_icl_repgen001.smt2""]"
154,4,7323,QF_UF/QG-classification/qg7/iso_icl_repgen001.smt2,78ab77e8b84ff92f3c572b01b451e0229239b1729354d76e4608642eadbb0d56,59338,unsat,1,williams_first_order_carryover,a5b163da70f7a4b586276cec20529dcaf9a596daf59a01894d95ec3f4fd69c3e,1,1,0,1,4,4,staged-10000,staged-10000,"[""staged-0"",""staged-10"",""baseline"",""staged-100"",""staged-10000"",""staged-1000""]",parser_inclusive_subprocess_wall_clock,1,timeout,2.010096578,124,-9,1,timeout,exceeded 2 seconds,,,"[""/net/scratch/hscra/plgrid/plgnasqret/codex-control/projects/euf-viper/runs/20260727T073625Z-staged-qg7-e9fef17/target/release/euf-viper"",""fabric-solve"",""--engine"",""quotient-portfolio"",""/net/scratch/hscra/plgrid/plgnasqret/codex-control/projects/euf-viper/corpora/9b39c70a794d52277a4e5d83731f0ebc50a2f3b804eb1dfc8cf32766a5ebeadc/smtlib-2025/QF_UF/QF_UF/QG-classification/qg7/iso_icl_repgen001.smt2""]"
155,4,7323,QF_UF/QG-classification/qg7/iso_icl_repgen001.smt2,78ab77e8b84ff92f3c572b01b451e0229239b1729354d76e4608642eadbb0d56,59338,unsat,1,williams_first_order_carryover,a5b163da70f7a4b586276cec20529dcaf9a596daf59a01894d95ec3f4fd69c3e,1,1,0,1,5,5,staged-1000,staged-1000,"[""staged-0"",""staged-10"",""baseline"",""staged-100"",""staged-10000"",""staged-1000""]",parser_inclusive_subprocess_wall_clock,1,timeout,2.008592629,124,-9,1,timeout,exceeded 2 seconds,,,"[""/net/scratch/hscra/plgrid/plgnasqret/codex-control/projects/euf-viper/runs/20260727T073625Z-staged-qg7-e9fef17/target/release/euf-viper"",""fabric-solve"",""--engine"",""quotient-portfolio"",""/net/scratch/hscra/plgrid/plgnasqret/codex-control/projects/euf-viper/corpora/9b39c70a794d52277a4e5d83731f0ebc50a2f3b804eb1dfc8cf32766a5ebeadc/smtlib-2025/QF_UF/QF_UF/QG-classification/qg7/iso_icl_repgen001.smt2""]"
156,4,7323,QF_UF/QG-classification/qg7/iso_icl_repgen001.smt2,78ab77e8b84ff92f3c572b01b451e0229239b1729354d76e4608642eadbb0d56,59338,unsat,1,williams_first_order_carryover,a5b163da70f7a4b586276cec20529dcaf9a596daf59a01894d95ec3f4fd69c3e,2,2,0,2,0,0,staged-10,staged-10,"[""staged-10"",""staged-100"",""staged-0"",""staged-1000"",""baseline"",""staged-10000""]",parser_inclusive_subprocess_wall_clock,1,timeout,2.006921685,124,-9,1,timeout,exceeded 2 seconds,,,"[""/net/scratch/hscra/plgrid/plgnasqret/codex-control/projects/euf-viper/runs/20260727T073625Z-staged-qg7-e9fef17/target/release/euf-viper"",""fabric-solve"",""--engine"",""quotient-portfolio"",""/net/scratch/hscra/plgrid/plgnasqret/codex-control/projects/euf-viper/corpora/9b39c70a794d52277a4e5d83731f0ebc50a2f3b804eb1dfc8cf32766a5ebeadc/smtlib-2025/QF_UF/QF_UF/QG-classification/qg7/iso_icl_repgen001.smt2""]"
157,4,7323,QF_UF/QG-classification/qg7/iso_icl_repgen001.smt2,78ab77e8b84ff92f3c572b01b451e0229239b1729354d76e4608642eadbb0d56,59338,unsat,1,williams_first_order_carryover,a5b163da70f7a4b586276cec20529dcaf9a596daf59a01894d95ec3f4fd69c3e,2,2,0,2,1,1,staged-100,staged-100,"[""staged-10"",""staged-100"",""staged-0"",""staged-1000"",""baseline"",""staged-10000""]",parser_inclusive_subprocess_wall_clock,1,timeout,2.009844016,124,-9,1,timeout,exceeded 2 seconds,,,"[""/net/scratch/hscra/plgrid/plgnasqret/codex-control/projects/euf-viper/runs/20260727T073625Z-staged-qg7-e9fef17/target/release/euf-viper"",""fabric-solve"",""--engine"",""quotient-portfolio"",""/net/scratch/hscra/plgrid/plgnasqret/codex-control/projects/euf-viper/corpora/9b39c70a794d52277a4e5d83731f0ebc50a2f3b804eb1dfc8cf32766a5ebeadc/smtlib-2025/QF_UF/QF_UF/QG-classification/qg7/iso_icl_repgen001.smt2""]"
158,4,7323,QF_UF/QG-classification/qg7/iso_icl_repgen001.smt2,78ab77e8b84ff92f3c572b01b451e0229239b1729354d76e4608642eadbb0d56,59338,unsat,1,williams_first_order_carryover,a5b163da70f7a4b586276cec20529dcaf9a596daf59a01894d95ec3f4fd69c3e,2,2,0,2,2,2,staged-0,staged-0,"[""staged-10"",""staged-100"",""staged-0"",""staged-1000"",""baseline"",""staged-10000""]",parser_inclusive_subprocess_wall_clock,1,timeout,2.009896550,124,-9,1,timeout,exceeded 2 seconds,,,"[""/net/scratch/hscra/plgrid/plgnasqret/codex-control/projects/euf-viper/runs/20260727T073625Z-staged-qg7-e9fef17/target/release/euf-viper"",""fabric-solve"",""--engine"",""quotient-portfolio"",""/net/scratch/hscra/plgrid/plgnasqret/codex-control/projects/euf-viper/corpora/9b39c70a794d52277a4e5d83731f0ebc50a2f3b804eb1dfc8cf32766a5ebeadc/smtlib-2025/QF_UF/QF_UF/QG-classification/qg7/iso_icl_repgen001.smt2""]"
159,4,7323,QF_UF/QG-classification/qg7/iso_icl_repgen001.smt2,78ab77e8b84ff92f3c572b01b451e0229239b1729354d76e4608642eadbb0d56,59338,unsat,1,williams_first_order_carryover,a5b163da70f7a4b586276cec20529dcaf9a596daf59a01894d95ec3f4fd69c3e,2,2,0,2,3,3,staged-1000,staged-1000,"[""staged-10"",""staged-100"",""staged-0"",""staged-1000"",""baseline"",""staged-10000""]",parser_inclusive_subprocess_wall_clock,1,timeout,2.010754252,124,-9,1,timeout,exceeded 2 seconds,,,"[""/net/scratch/hscra/plgrid/plgnasqret/codex-control/projects/euf-viper/runs/20260727T073625Z-staged-qg7-e9fef17/target/release/euf-viper"",""fabric-solve"",""--engine"",""quotient-portfolio"",""/net/scratch/hscra/plgrid/plgnasqret/codex-control/projects/euf-viper/corpora/9b39c70a794d52277a4e5d83731f0ebc50a2f3b804eb1dfc8cf32766a5ebeadc/smtlib-2025/QF_UF/QF_UF/QG-classification/qg7/iso_icl_repgen001.smt2""]"
160,4,7323,QF_UF/QG-classification/qg7/iso_icl_repgen001.smt2,78ab77e8b84ff92f3c572b01b451e0229239b1729354d76e4608642eadbb0d56,59338,unsat,1,williams_first_order_carryover,a5b163da70f7a4b586276cec20529dcaf9a596daf59a01894d95ec3f4fd69c3e,2,2,0,2,4,4,baseline,baseline,"[""staged-10"",""staged-100"",""staged-0"",""staged-1000"",""baseline"",""staged-10000""]",parser_inclusive_subprocess_wall_clock,1,timeout,2.007579481,124,-9,1,timeout,exceeded 2 seconds,,,"[""/net/scratch/hscra/plgrid/plgnasqret/codex-control/projects/euf-viper/runs/20260727T073625Z-staged-qg7-e9fef17/target/release/euf-viper"",""fabric-solve"",""--engine"",""quotient-portfolio"",""/net/scratch/hscra/plgrid/plgnasqret/codex-control/projects/euf-viper/corpora/9b39c70a794d52277a4e5d83731f0ebc50a2f3b804eb1dfc8cf32766a5ebeadc/smtlib-2025/QF_UF/QF_UF/QG-classification/qg7/iso_icl_repgen001.smt2""]"
161,4,7323,QF_UF/QG-classification/qg7/iso_icl_repgen001.smt2,78ab77e8b84ff92f3c572b01b451e0229239b1729354d76e4608642eadbb0d56,59338,unsat,1,williams_first_order_carryover,a5b163da70f7a4b586276cec20529dcaf9a596daf59a01894d95ec3f4fd69c3e,2,2,0,2,5,5,staged-10000,staged-10000,"[""staged-10"",""staged-100"",""staged-0"",""staged-1000"",""baseline"",""staged-10000""]",parser_inclusive_subprocess_wall_clock,1,timeout,2.007734827,124,-9,1,timeout,exceeded 2 seconds,,,"[""/net/scratch/hscra/plgrid/plgnasqret/codex-control/projects/euf-viper/runs/20260727T073625Z-staged-qg7-e9fef17/target/release/euf-viper"",""fabric-solve"",""--engine"",""quotient-portfolio"",""/net/scratch/hscra/plgrid/plgnasqret/codex-control/projects/euf-viper/corpora/9b39c70a794d52277a4e5d83731f0ebc50a2f3b804eb1dfc8cf32766a5ebeadc/smtlib-2025/QF_UF/QF_UF/QG-classification/qg7/iso_icl_repgen001.smt2""]"
162,4,7323,QF_UF/QG-classification/qg7/iso_icl_repgen001.smt2,78ab77e8b84ff92f3c572b01b451e0229239b1729354d76e4608642eadbb0d56,59338,unsat,1,williams_first_order_carryover,a5b163da70f7a4b586276cec20529dcaf9a596daf59a01894d95ec3f4fd69c3e,3,3,0,3,0,0,staged-100,staged-100,"[""staged-100"",""staged-1000"",""staged-10"",""staged-10000"",""staged-0"",""baseline""]",parser_inclusive_subprocess_wall_clock,1,timeout,2.009937355,124,-9,1,timeout,exceeded 2 seconds,,,"[""/net/scratch/hscra/plgrid/plgnasqret/codex-control/projects/euf-viper/runs/20260727T073625Z-staged-qg7-e9fef17/target/release/euf-viper"",""fabric-solve"",""--engine"",""quotient-portfolio"",""/net/scratch/hscra/plgrid/plgnasqret/codex-control/projects/euf-viper/corpora/9b39c70a794d52277a4e5d83731f0ebc50a2f3b804eb1dfc8cf32766a5ebeadc/smtlib-2025/QF_UF/QF_UF/QG-classification/qg7/iso_icl_repgen001.smt2""]"
163,4,7323,QF_UF/QG-classification/qg7/iso_icl_repgen001.smt2,78ab77e8b84ff92f3c572b01b451e0229239b1729354d76e4608642eadbb0d56,59338,unsat,1,williams_first_order_carryover,a5b163da70f7a4b586276cec20529dcaf9a596daf59a01894d95ec3f4fd69c3e,3,3,0,3,1,1,staged-1000,staged-1000,"[""staged-100"",""staged-1000"",""staged-10"",""staged-10000"",""staged-0"",""baseline""]",parser_inclusive_subprocess_wall_clock,1,timeout,2.009826549,124,-9,1,timeout,exceeded 2 seconds,,,"[""/net/scratch/hscra/plgrid/plgnasqret/codex-control/projects/euf-viper/runs/20260727T073625Z-staged-qg7-e9fef17/target/release/euf-viper"",""fabric-solve"",""--engine"",""quotient-portfolio"",""/net/scratch/hscra/plgrid/plgnasqret/codex-control/projects/euf-viper/corpora/9b39c70a794d52277a4e5d83731f0ebc50a2f3b804eb1dfc8cf32766a5ebeadc/smtlib-2025/QF_UF/QF_UF/QG-classification/qg7/iso_icl_repgen001.smt2""]"
164,4,7323,QF_UF/QG-classification/qg7/iso_icl_repgen001.smt2,78ab77e8b84ff92f3c572b01b451e0229239b1729354d76e4608642eadbb0d56,59338,unsat,1,williams_first_order_carryover,a5b163da70f7a4b586276cec20529dcaf9a596daf59a01894d95ec3f4fd69c3e,3,3,0,3,2,2,staged-10,staged-10,"[""staged-100"",""staged-1000"",""staged-10"",""staged-10000"",""staged-0"",""baseline""]",parser_inclusive_subprocess_wall_clock,1,timeout,2.008116103,124,-9,1,timeout,exceeded 2 seconds,,,"[""/net/scratch/hscra/plgrid/plgnasqret/codex-control/projects/euf-viper/runs/20260727T073625Z-staged-qg7-e9fef17/target/release/euf-viper"",""fabric-solve"",""--engine"",""quotient-portfolio"",""/net/scratch/hscra/plgrid/plgnasqret/codex-control/projects/euf-viper/corpora/9b39c70a794d52277a4e5d83731f0ebc50a2f3b804eb1dfc8cf32766a5ebeadc/smtlib-2025/QF_UF/QF_UF/QG-classification/qg7/iso_icl_repgen001.smt2""]"
165,4,7323,QF_UF/QG-classification/qg7/iso_icl_repgen001.smt2,78ab77e8b84ff92f3c572b01b451e0229239b1729354d76e4608642eadbb0d56,59338,unsat,1,williams_first_order_carryover,a5b163da70f7a4b586276cec20529dcaf9a596daf59a01894d95ec3f4fd69c3e,3,3,0,3,3,3,staged-10000,staged-10000,"[""staged-100"",""staged-1000"",""staged-10"",""staged-10000"",""staged-0"",""baseline""]",parser_inclusive_subprocess_wall_clock,1,timeout,2.006418236,124,-9,1,timeout,exceeded 2 seconds,,,"[""/net/scratch/hscra/plgrid/plgnasqret/codex-control/projects/euf-viper/runs/20260727T073625Z-staged-qg7-e9fef17/target/release/euf-viper"",""fabric-solve"",""--engine"",""quotient-portfolio"",""/net/scratch/hscra/plgrid/plgnasqret/codex-control/projects/euf-viper/corpora/9b39c70a794d52277a4e5d83731f0ebc50a2f3b804eb1dfc8cf32766a5ebeadc/smtlib-2025/QF_UF/QF_UF/QG-classification/qg7/iso_icl_repgen001.smt2""]"
166,4,7323,QF_UF/QG-classification/qg7/iso_icl_repgen001.smt2,78ab77e8b84ff92f3c572b01b451e0229239b1729354d76e4608642eadbb0d56,59338,unsat,1,williams_first_order_carryover,a5b163da70f7a4b586276cec20529dcaf9a596daf59a01894d95ec3f4fd69c3e,3,3,0,3,4,4,staged-0,staged-0,"[""staged-100"",""staged-1000"",""staged-10"",""staged-10000"",""staged-0"",""baseline""]",parser_inclusive_subprocess_wall_clock,1,timeout,2.008009213,124,-9,1,timeout,exceeded 2 seconds,,,"[""/net/scratch/hscra/plgrid/plgnasqret/codex-control/projects/euf-viper/runs/20260727T073625Z-staged-qg7-e9fef17/target/release/euf-viper"",""fabric-solve"",""--engine"",""quotient-portfolio"",""/net/scratch/hscra/plgrid/plgnasqret/codex-control/projects/euf-viper/corpora/9b39c70a794d52277a4e5d83731f0ebc50a2f3b804eb1dfc8cf32766a5ebeadc/smtlib-2025/QF_UF/QF_UF/QG-classification/qg7/iso_icl_repgen001.smt2""]"
167,4,7323,QF_UF/QG-classification/qg7/iso_icl_repgen001.smt2,78ab77e8b84ff92f3c572b01b451e0229239b1729354d76e4608642eadbb0d56,59338,unsat,1,williams_first_order_carryover,a5b163da70f7a4b586276cec20529dcaf9a596daf59a01894d95ec3f4fd69c3e,3,3,0,3,5,5,baseline,baseline,"[""staged-100"",""staged-1000"",""staged-10"",""staged-10000"",""staged-0"",""baseline""]",parser_inclusive_subprocess_wall_clock,1,timeout,2.007267094,124,-9,1,timeout,exceeded 2 seconds,,,"[""/net/scratch/hscra/plgrid/plgnasqret/codex-control/projects/euf-viper/runs/20260727T073625Z-staged-qg7-e9fef17/target/release/euf-viper"",""fabric-solve"",""--engine"",""quotient-portfolio"",""/net/scratch/hscra/plgrid/plgnasqret/codex-control/projects/euf-viper/corpora/9b39c70a794d52277a4e5d83731f0ebc50a2f3b804eb1dfc8cf32766a5ebeadc/smtlib-2025/QF_UF/QF_UF/QG-classification/qg7/iso_icl_repgen001.smt2""]"
168,4,7323,QF_UF/QG-classification/qg7/iso_icl_repgen001.smt2,78ab77e8b84ff92f3c572b01b451e0229239b1729354d76e4608642eadbb0d56,59338,unsat,1,williams_first_order_carryover,a5b163da70f7a4b586276cec20529dcaf9a596daf59a01894d95ec3f4fd69c3e,4,4,0,4,0,0,staged-1000,staged-1000,"[""staged-1000"",""staged-10000"",""staged-100"",""baseline"",""staged-10"",""staged-0""]",parser_inclusive_subprocess_wall_clock,1,timeout,2.007818511,124,-9,1,timeout,exceeded 2 seconds,,,"[""/net/scratch/hscra/plgrid/plgnasqret/codex-control/projects/euf-viper/runs/20260727T073625Z-staged-qg7-e9fef17/target/release/euf-viper"",""fabric-solve"",""--engine"",""quotient-portfolio"",""/net/scratch/hscra/plgrid/plgnasqret/codex-control/projects/euf-viper/corpora/9b39c70a794d52277a4e5d83731f0ebc50a2f3b804eb1dfc8cf32766a5ebeadc/smtlib-2025/QF_UF/QF_UF/QG-classification/qg7/iso_icl_repgen001.smt2""]"
169,4,7323,QF_UF/QG-classification/qg7/iso_icl_repgen001.smt2,78ab77e8b84ff92f3c572b01b451e0229239b1729354d76e4608642eadbb0d56,59338,unsat,1,williams_first_order_carryover,a5b163da70f7a4b586276cec20529dcaf9a596daf59a01894d95ec3f4fd69c3e,4,4,0,4,1,1,staged-10000,staged-10000,"[""staged-1000"",""staged-10000"",""staged-100"",""baseline"",""staged-10"",""staged-0""]",parser_inclusive_subprocess_wall_clock,1,timeout,2.007881650,124,-9,1,timeout,exceeded 2 seconds,,,"[""/net/scratch/hscra/plgrid/plgnasqret/codex-control/projects/euf-viper/runs/20260727T073625Z-staged-qg7-e9fef17/target/release/euf-viper"",""fabric-solve"",""--engine"",""quotient-portfolio"",""/net/scratch/hscra/plgrid/plgnasqret/codex-control/projects/euf-viper/corpora/9b39c70a794d52277a4e5d83731f0ebc50a2f3b804eb1dfc8cf32766a5ebeadc/smtlib-2025/QF_UF/QF_UF/QG-classification/qg7/iso_icl_repgen001.smt2""]"
170,4,7323,QF_UF/QG-classification/qg7/iso_icl_repgen001.smt2,78ab77e8b84ff92f3c572b01b451e0229239b1729354d76e4608642eadbb0d56,59338,unsat,1,williams_first_order_carryover,a5b163da70f7a4b586276cec20529dcaf9a596daf59a01894d95ec3f4fd69c3e,4,4,0,4,2,2,staged-100,staged-100,"[""staged-1000"",""staged-10000"",""staged-100"",""baseline"",""staged-10"",""staged-0""]",parser_inclusive_subprocess_wall_clock,1,timeout,2.006900282,124,-9,1,timeout,exceeded 2 seconds,,,"[""/net/scratch/hscra/plgrid/plgnasqret/codex-control/projects/euf-viper/runs/20260727T073625Z-staged-qg7-e9fef17/target/release/euf-viper"",""fabric-solve"",""--engine"",""quotient-portfolio"",""/net/scratch/hscra/plgrid/plgnasqret/codex-control/projects/euf-viper/corpora/9b39c70a794d52277a4e5d83731f0ebc50a2f3b804eb1dfc8cf32766a5ebeadc/smtlib-2025/QF_UF/QF_UF/QG-classification/qg7/iso_icl_repgen001.smt2""]"
171,4,7323,QF_UF/QG-classification/qg7/iso_icl_repgen001.smt2,78ab77e8b84ff92f3c572b01b451e0229239b1729354d76e4608642eadbb0d56,59338,unsat,1,williams_first_order_carryover,a5b163da70f7a4b586276cec20529dcaf9a596daf59a01894d95ec3f4fd69c3e,4,4,0,4,3,3,baseline,baseline,"[""staged-1000"",""staged-10000"",""staged-100"",""baseline"",""staged-10"",""staged-0""]",parser_inclusive_subprocess_wall_clock,1,timeout,2.006637124,124,-9,1,timeout,exceeded 2 seconds,,,"[""/net/scratch/hscra/plgrid/plgnasqret/codex-control/projects/euf-viper/runs/20260727T073625Z-staged-qg7-e9fef17/target/release/euf-viper"",""fabric-solve"",""--engine"",""quotient-portfolio"",""/net/scratch/hscra/plgrid/plgnasqret/codex-control/projects/euf-viper/corpora/9b39c70a794d52277a4e5d83731f0ebc50a2f3b804eb1dfc8cf32766a5ebeadc/smtlib-2025/QF_UF/QF_UF/QG-classification/qg7/iso_icl_repgen001.smt2""]"
172,4,7323,QF_UF/QG-classification/qg7/iso_icl_repgen001.smt2,78ab77e8b84ff92f3c572b01b451e0229239b1729354d76e4608642eadbb0d56,59338,unsat,1,williams_first_order_carryover,a5b163da70f7a4b586276cec20529dcaf9a596daf59a01894d95ec3f4fd69c3e,4,4,0,4,4,4,staged-10,staged-10,"[""staged-1000"",""staged-10000"",""staged-100"",""baseline"",""staged-10"",""staged-0""]",parser_inclusive_subprocess_wall_clock,1,timeout,2.008347750,124,-9,1,timeout,exceeded 2 seconds,,,"[""/net/scratch/hscra/plgrid/plgnasqret/codex-control/projects/euf-viper/runs/20260727T073625Z-staged-qg7-e9fef17/target/release/euf-viper"",""fabric-solve"",""--engine"",""quotient-portfolio"",""/net/scratch/hscra/plgrid/plgnasqret/codex-control/projects/euf-viper/corpora/9b39c70a794d52277a4e5d83731f0ebc50a2f3b804eb1dfc8cf32766a5ebeadc/smtlib-2025/QF_UF/QF_UF/QG-classification/qg7/iso_icl_repgen001.smt2""]"
173,4,7323,QF_UF/QG-classification/qg7/iso_icl_repgen001.smt2,78ab77e8b84ff92f3c572b01b451e0229239b1729354d76e4608642eadbb0d56,59338,unsat,1,williams_first_order_carryover,a5b163da70f7a4b586276cec20529dcaf9a596daf59a01894d95ec3f4fd69c3e,4,4,0,4,5,5,staged-0,staged-0,"[""staged-1000"",""staged-10000"",""staged-100"",""baseline"",""staged-10"",""staged-0""]",parser_inclusive_subprocess_wall_clock,1,timeout,2.008430612,124,-9,1,timeout,exceeded 2 seconds,,,"[""/net/scratch/hscra/plgrid/plgnasqret/codex-control/projects/euf-viper/runs/20260727T073625Z-staged-qg7-e9fef17/target/release/euf-viper"",""fabric-solve"",""--engine"",""quotient-portfolio"",""/net/scratch/hscra/plgrid/plgnasqret/codex-control/projects/euf-viper/corpora/9b39c70a794d52277a4e5d83731f0ebc50a2f3b804eb1dfc8cf32766a5ebeadc/smtlib-2025/QF_UF/QF_UF/QG-classification/qg7/iso_icl_repgen001.smt2""]"
174,4,7323,QF_UF/QG-classification/qg7/iso_icl_repgen001.smt2,78ab77e8b84ff92f3c572b01b451e0229239b1729354d76e4608642eadbb0d56,59338,unsat,1,williams_first_order_carryover,a5b163da70f7a4b586276cec20529dcaf9a596daf59a01894d95ec3f4fd69c3e,5,5,0,5,0,0,staged-10000,staged-10000,"[""staged-10000"",""baseline"",""staged-1000"",""staged-0"",""staged-100"",""staged-10""]",parser_inclusive_subprocess_wall_clock,1,timeout,2.009301344,124,-9,1,timeout,exceeded 2 seconds,,,"[""/net/scratch/hscra/plgrid/plgnasqret/codex-control/projects/euf-viper/runs/20260727T073625Z-staged-qg7-e9fef17/target/release/euf-viper"",""fabric-solve"",""--engine"",""quotient-portfolio"",""/net/scratch/hscra/plgrid/plgnasqret/codex-control/projects/euf-viper/corpora/9b39c70a794d52277a4e5d83731f0ebc50a2f3b804eb1dfc8cf32766a5ebeadc/smtlib-2025/QF_UF/QF_UF/QG-classification/qg7/iso_icl_repgen001.smt2""]"
175,4,7323,QF_UF/QG-classification/qg7/iso_icl_repgen001.smt2,78ab77e8b84ff92f3c572b01b451e0229239b1729354d76e4608642eadbb0d56,59338,unsat,1,williams_first_order_carryover,a5b163da70f7a4b586276cec20529dcaf9a596daf59a01894d95ec3f4fd69c3e,5,5,0,5,1,1,baseline,baseline,"[""staged-10000"",""baseline"",""staged-1000"",""staged-0"",""staged-100"",""staged-10""]",parser_inclusive_subprocess_wall_clock,1,timeout,2.005828860,124,-9,1,timeout,exceeded 2 seconds,,,"[""/net/scratch/hscra/plgrid/plgnasqret/codex-control/projects/euf-viper/runs/20260727T073625Z-staged-qg7-e9fef17/target/release/euf-viper"",""fabric-solve"",""--engine"",""quotient-portfolio"",""/net/scratch/hscra/plgrid/plgnasqret/codex-control/projects/euf-viper/corpora/9b39c70a794d52277a4e5d83731f0ebc50a2f3b804eb1dfc8cf32766a5ebeadc/smtlib-2025/QF_UF/QF_UF/QG-classification/qg7/iso_icl_repgen001.smt2""]"
176,4,7323,QF_UF/QG-classification/qg7/iso_icl_repgen001.smt2,78ab77e8b84ff92f3c572b01b451e0229239b1729354d76e4608642eadbb0d56,59338,unsat,1,williams_first_order_carryover,a5b163da70f7a4b586276cec20529dcaf9a596daf59a01894d95ec3f4fd69c3e,5,5,0,5,2,2,staged-1000,staged-1000,"[""staged-10000"",""baseline"",""staged-1000"",""staged-0"",""staged-100"",""staged-10""]",parser_inclusive_subprocess_wall_clock,1,timeout,2.008182739,124,-9,1,timeout,exceeded 2 seconds,,,"[""/net/scratch/hscra/plgrid/plgnasqret/codex-control/projects/euf-viper/runs/20260727T073625Z-staged-qg7-e9fef17/target/release/euf-viper"",""fabric-solve"",""--engine"",""quotient-portfolio"",""/net/scratch/hscra/plgrid/plgnasqret/codex-control/projects/euf-viper/corpora/9b39c70a794d52277a4e5d83731f0ebc50a2f3b804eb1dfc8cf32766a5ebeadc/smtlib-2025/QF_UF/QF_UF/QG-classification/qg7/iso_icl_repgen001.smt2""]"
177,4,7323,QF_UF/QG-classification/qg7/iso_icl_repgen001.smt2,78ab77e8b84ff92f3c572b01b451e0229239b1729354d76e4608642eadbb0d56,59338,unsat,1,williams_first_order_carryover,a5b163da70f7a4b586276cec20529dcaf9a596daf59a01894d95ec3f4fd69c3e,5,5,0,5,3,3,staged-0,staged-0,"[""staged-10000"",""baseline"",""staged-1000"",""staged-0"",""staged-100"",""staged-10""]",parser_inclusive_subprocess_wall_clock,1,timeout,2.010364133,124,-9,1,timeout,exceeded 2 seconds,,,"[""/net/scratch/hscra/plgrid/plgnasqret/codex-control/projects/euf-viper/runs/20260727T073625Z-staged-qg7-e9fef17/target/release/euf-viper"",""fabric-solve"",""--engine"",""quotient-portfolio"",""/net/scratch/hscra/plgrid/plgnasqret/codex-control/projects/euf-viper/corpora/9b39c70a794d52277a4e5d83731f0ebc50a2f3b804eb1dfc8cf32766a5ebeadc/smtlib-2025/QF_UF/QF_UF/QG-classification/qg7/iso_icl_repgen001.smt2""]"
178,4,7323,QF_UF/QG-classification/qg7/iso_icl_repgen001.smt2,78ab77e8b84ff92f3c572b01b451e0229239b1729354d76e4608642eadbb0d56,59338,unsat,1,williams_first_order_carryover,a5b163da70f7a4b586276cec20529dcaf9a596daf59a01894d95ec3f4fd69c3e,5,5,0,5,4,4,staged-100,staged-100,"[""staged-10000"",""baseline"",""staged-1000"",""staged-0"",""staged-100"",""staged-10""]",parser_inclusive_subprocess_wall_clock,1,timeout,2.009654726,124,-9,1,timeout,exceeded 2 seconds,,,"[""/net/scratch/hscra/plgrid/plgnasqret/codex-control/projects/euf-viper/runs/20260727T073625Z-staged-qg7-e9fef17/target/release/euf-viper"",""fabric-solve"",""--engine"",""quotient-portfolio"",""/net/scratch/hscra/plgrid/plgnasqret/codex-control/projects/euf-viper/corpora/9b39c70a794d52277a4e5d83731f0ebc50a2f3b804eb1dfc8cf32766a5ebeadc/smtlib-2025/QF_UF/QF_UF/QG-classification/qg7/iso_icl_repgen001.smt2""]"
179,4,7323,QF_UF/QG-classification/qg7/iso_icl_repgen001.smt2,78ab77e8b84ff92f3c572b01b451e0229239b1729354d76e4608642eadbb0d56,59338,unsat,1,williams_first_order_carryover,a5b163da70f7a4b586276cec20529dcaf9a596daf59a01894d95ec3f4fd69c3e,5,5,0,5,5,5,staged-10,staged-10,"[""staged-10000"",""baseline"",""staged-1000"",""staged-0"",""staged-100"",""staged-10""]",parser_inclusive_subprocess_wall_clock,1,timeout,2.008477266,124,-9,1,timeout,exceeded 2 seconds,,,"[""/net/scratch/hscra/plgrid/plgnasqret/codex-control/projects/euf-viper/runs/20260727T073625Z-staged-qg7-e9fef17/target/release/euf-viper"",""fabric-solve"",""--engine"",""quotient-portfolio"",""/net/scratch/hscra/plgrid/plgnasqret/codex-control/projects/euf-viper/corpora/9b39c70a794d52277a4e5d83731f0ebc50a2f3b804eb1dfc8cf32766a5ebeadc/smtlib-2025/QF_UF/QF_UF/QG-classification/qg7/iso_icl_repgen001.smt2""]"
180,5,7331,QF_UF/QG-classification/qg7/iso_icl_repgen_sk002.smt2,e6eed4103cbe17f0e97579b7354c5858a54bfa3b9d617088084763cb0918316e,57006,unsat,1,williams_first_order_carryover,a5b163da70f7a4b586276cec20529dcaf9a596daf59a01894d95ec3f4fd69c3e,0,0,0,0,0,0,baseline,baseline,"[""baseline"",""staged-0"",""staged-10000"",""staged-10"",""staged-1000"",""staged-100""]",parser_inclusive_subprocess_wall_clock,1,timeout,2.007140033,124,-9,1,timeout,exceeded 2 seconds,,,"[""/net/scratch/hscra/plgrid/plgnasqret/codex-control/projects/euf-viper/runs/20260727T073625Z-staged-qg7-e9fef17/target/release/euf-viper"",""fabric-solve"",""--engine"",""quotient-portfolio"",""/net/scratch/hscra/plgrid/plgnasqret/codex-control/projects/euf-viper/corpora/9b39c70a794d52277a4e5d83731f0ebc50a2f3b804eb1dfc8cf32766a5ebeadc/smtlib-2025/QF_UF/QF_UF/QG-classification/qg7/iso_icl_repgen_sk002.smt2""]"
181,5,7331,QF_UF/QG-classification/qg7/iso_icl_repgen_sk002.smt2,e6eed4103cbe17f0e97579b7354c5858a54bfa3b9d617088084763cb0918316e,57006,unsat,1,williams_first_order_carryover,a5b163da70f7a4b586276cec20529dcaf9a596daf59a01894d95ec3f4fd69c3e,0,0,0,0,1,1,staged-0,staged-0,"[""baseline"",""staged-0"",""staged-10000"",""staged-10"",""staged-1000"",""staged-100""]",parser_inclusive_subprocess_wall_clock,1,timeout,2.010575038,124,-9,1,timeout,exceeded 2 seconds,,,"[""/net/scratch/hscra/plgrid/plgnasqret/codex-control/projects/euf-viper/runs/20260727T073625Z-staged-qg7-e9fef17/target/release/euf-viper"",""fabric-solve"",""--engine"",""quotient-portfolio"",""/net/scratch/hscra/plgrid/plgnasqret/codex-control/projects/euf-viper/corpora/9b39c70a794d52277a4e5d83731f0ebc50a2f3b804eb1dfc8cf32766a5ebeadc/smtlib-2025/QF_UF/QF_UF/QG-classification/qg7/iso_icl_repgen_sk002.smt2""]"
182,5,7331,QF_UF/QG-classification/qg7/iso_icl_repgen_sk002.smt2,e6eed4103cbe17f0e97579b7354c5858a54bfa3b9d617088084763cb0918316e,57006,unsat,1,williams_first_order_carryover,a5b163da70f7a4b586276cec20529dcaf9a596daf59a01894d95ec3f4fd69c3e,0,0,0,0,2,2,staged-10000,staged-10000,"[""baseline"",""staged-0"",""staged-10000"",""staged-10"",""staged-1000"",""staged-100""]",parser_inclusive_subprocess_wall_clock,1,timeout,2.010079962,124,-9,1,timeout,exceeded 2 seconds,,,"[""/net/scratch/hscra/plgrid/plgnasqret/codex-control/projects/euf-viper/runs/20260727T073625Z-staged-qg7-e9fef17/target/release/euf-viper"",""fabric-solve"",""--engine"",""quotient-portfolio"",""/net/scratch/hscra/plgrid/plgnasqret/codex-control/projects/euf-viper/corpora/9b39c70a794d52277a4e5d83731f0ebc50a2f3b804eb1dfc8cf32766a5ebeadc/smtlib-2025/QF_UF/QF_UF/QG-classification/qg7/iso_icl_repgen_sk002.smt2""]"
183,5,7331,QF_UF/QG-classification/qg7/iso_icl_repgen_sk002.smt2,e6eed4103cbe17f0e97579b7354c5858a54bfa3b9d617088084763cb0918316e,57006,unsat,1,williams_first_order_carryover,a5b163da70f7a4b586276cec20529dcaf9a596daf59a01894d95ec3f4fd69c3e,0,0,0,0,3,3,staged-10,staged-10,"[""baseline"",""staged-0"",""staged-10000"",""staged-10"",""staged-1000"",""staged-100""]",parser_inclusive_subprocess_wall_clock,1,timeout,2.008389848,124,-9,1,timeout,exceeded 2 seconds,,,"[""/net/scratch/hscra/plgrid/plgnasqret/codex-control/projects/euf-viper/runs/20260727T073625Z-staged-qg7-e9fef17/target/release/euf-viper"",""fabric-solve"",""--engine"",""quotient-portfolio"",""/net/scratch/hscra/plgrid/plgnasqret/codex-control/projects/euf-viper/corpora/9b39c70a794d52277a4e5d83731f0ebc50a2f3b804eb1dfc8cf32766a5ebeadc/smtlib-2025/QF_UF/QF_UF/QG-classification/qg7/iso_icl_repgen_sk002.smt2""]"
184,5,7331,QF_UF/QG-classification/qg7/iso_icl_repgen_sk002.smt2,e6eed4103cbe17f0e97579b7354c5858a54bfa3b9d617088084763cb0918316e,57006,unsat,1,williams_first_order_carryover,a5b163da70f7a4b586276cec20529dcaf9a596daf59a01894d95ec3f4fd69c3e,0,0,0,0,4,4,staged-1000,staged-1000,"[""baseline"",""staged-0"",""staged-10000"",""staged-10"",""staged-1000"",""staged-100""]",parser_inclusive_subprocess_wall_clock,1,timeout,2.007181548,124,-9,1,timeout,exceeded 2 seconds,,,"[""/net/scratch/hscra/plgrid/plgnasqret/codex-control/projects/euf-viper/runs/20260727T073625Z-staged-qg7-e9fef17/target/release/euf-viper"",""fabric-solve"",""--engine"",""quotient-portfolio"",""/net/scratch/hscra/plgrid/plgnasqret/codex-control/projects/euf-viper/corpora/9b39c70a794d52277a4e5d83731f0ebc50a2f3b804eb1dfc8cf32766a5ebeadc/smtlib-2025/QF_UF/QF_UF/QG-classification/qg7/iso_icl_repgen_sk002.smt2""]"
185,5,7331,QF_UF/QG-classification/qg7/iso_icl_repgen_sk002.smt2,e6eed4103cbe17f0e97579b7354c5858a54bfa3b9d617088084763cb0918316e,57006,unsat,1,williams_first_order_carryover,a5b163da70f7a4b586276cec20529dcaf9a596daf59a01894d95ec3f4fd69c3e,0,0,0,0,5,5,staged-100,staged-100,"[""baseline"",""staged-0"",""staged-10000"",""staged-10"",""staged-1000"",""staged-100""]",parser_inclusive_subprocess_wall_clock,1,timeout,2.009527153,124,-9,1,timeout,exceeded 2 seconds,,,"[""/net/scratch/hscra/plgrid/plgnasqret/codex-control/projects/euf-viper/runs/20260727T073625Z-staged-qg7-e9fef17/target/release/euf-viper"",""fabric-solve"",""--engine"",""quotient-portfolio"",""/net/scratch/hscra/plgrid/plgnasqret/codex-control/projects/euf-viper/corpora/9b39c70a794d52277a4e5d83731f0ebc50a2f3b804eb1dfc8cf32766a5ebeadc/smtlib-2025/QF_UF/QF_UF/QG-classification/qg7/iso_icl_repgen_sk002.smt2""]"
186,5,7331,QF_UF/QG-classification/qg7/iso_icl_repgen_sk002.smt2,e6eed4103cbe17f0e97579b7354c5858a54bfa3b9d617088084763cb0918316e,57006,unsat,1,williams_first_order_carryover,a5b163da70f7a4b586276cec20529dcaf9a596daf59a01894d95ec3f4fd69c3e,1,1,0,1,0,0,staged-0,staged-0,"[""staged-0"",""staged-10"",""baseline"",""staged-100"",""staged-10000"",""staged-1000""]",parser_inclusive_subprocess_wall_clock,1,timeout,2.008644151,124,-9,1,timeout,exceeded 2 seconds,,,"[""/net/scratch/hscra/plgrid/plgnasqret/codex-control/projects/euf-viper/runs/20260727T073625Z-staged-qg7-e9fef17/target/release/euf-viper"",""fabric-solve"",""--engine"",""quotient-portfolio"",""/net/scratch/hscra/plgrid/plgnasqret/codex-control/projects/euf-viper/corpora/9b39c70a794d52277a4e5d83731f0ebc50a2f3b804eb1dfc8cf32766a5ebeadc/smtlib-2025/QF_UF/QF_UF/QG-classification/qg7/iso_icl_repgen_sk002.smt2""]"
187,5,7331,QF_UF/QG-classification/qg7/iso_icl_repgen_sk002.smt2,e6eed4103cbe17f0e97579b7354c5858a54bfa3b9d617088084763cb0918316e,57006,unsat,1,williams_first_order_carryover,a5b163da70f7a4b586276cec20529dcaf9a596daf59a01894d95ec3f4fd69c3e,1,1,0,1,1,1,staged-10,staged-10,"[""staged-0"",""staged-10"",""baseline"",""staged-100"",""staged-10000"",""staged-1000""]",parser_inclusive_subprocess_wall_clock,1,timeout,2.009419633,124,-9,1,timeout,exceeded 2 seconds,,,"[""/net/scratch/hscra/plgrid/plgnasqret/codex-control/projects/euf-viper/runs/20260727T073625Z-staged-qg7-e9fef17/target/release/euf-viper"",""fabric-solve"",""--engine"",""quotient-portfolio"",""/net/scratch/hscra/plgrid/plgnasqret/codex-control/projects/euf-viper/corpora/9b39c70a794d52277a4e5d83731f0ebc50a2f3b804eb1dfc8cf32766a5ebeadc/smtlib-2025/QF_UF/QF_UF/QG-classification/qg7/iso_icl_repgen_sk002.smt2""]"
188,5,7331,QF_UF/QG-classification/qg7/iso_icl_repgen_sk002.smt2,e6eed4103cbe17f0e97579b7354c5858a54bfa3b9d617088084763cb0918316e,57006,unsat,1,williams_first_order_carryover,a5b163da70f7a4b586276cec20529dcaf9a596daf59a01894d95ec3f4fd69c3e,1,1,0,1,2,2,baseline,baseline,"[""staged-0"",""staged-10"",""baseline"",""staged-100"",""staged-10000"",""staged-1000""]",parser_inclusive_subprocess_wall_clock,1,timeout,2.007522941,124,-9,1,timeout,exceeded 2 seconds,,,"[""/net/scratch/hscra/plgrid/plgnasqret/codex-control/projects/euf-viper/runs/20260727T073625Z-staged-qg7-e9fef17/target/release/euf-viper"",""fabric-solve"",""--engine"",""quotient-portfolio"",""/net/scratch/hscra/plgrid/plgnasqret/codex-control/projects/euf-viper/corpora/9b39c70a794d52277a4e5d83731f0ebc50a2f3b804eb1dfc8cf32766a5ebeadc/smtlib-2025/QF_UF/QF_UF/QG-classification/qg7/iso_icl_repgen_sk002.smt2""]"
189,5,7331,QF_UF/QG-classification/qg7/iso_icl_repgen_sk002.smt2,e6eed4103cbe17f0e97579b7354c5858a54bfa3b9d617088084763cb0918316e,57006,unsat,1,williams_first_order_carryover,a5b163da70f7a4b586276cec20529dcaf9a596daf59a01894d95ec3f4fd69c3e,1,1,0,1,3,3,staged-100,staged-100,"[""staged-0"",""staged-10"",""baseline"",""staged-100"",""staged-10000"",""staged-1000""]",parser_inclusive_subprocess_wall_clock,1,timeout,2.007178483,124,-9,1,timeout,exceeded 2 seconds,,,"[""/net/scratch/hscra/plgrid/plgnasqret/codex-control/projects/euf-viper/runs/20260727T073625Z-staged-qg7-e9fef17/target/release/euf-viper"",""fabric-solve"",""--engine"",""quotient-portfolio"",""/net/scratch/hscra/plgrid/plgnasqret/codex-control/projects/euf-viper/corpora/9b39c70a794d52277a4e5d83731f0ebc50a2f3b804eb1dfc8cf32766a5ebeadc/smtlib-2025/QF_UF/QF_UF/QG-classification/qg7/iso_icl_repgen_sk002.smt2""]"
190,5,7331,QF_UF/QG-classification/qg7/iso_icl_repgen_sk002.smt2,e6eed4103cbe17f0e97579b7354c5858a54bfa3b9d617088084763cb0918316e,57006,unsat,1,williams_first_order_carryover,a5b163da70f7a4b586276cec20529dcaf9a596daf59a01894d95ec3f4fd69c3e,1,1,0,1,4,4,staged-10000,staged-10000,"[""staged-0"",""staged-10"",""baseline"",""staged-100"",""staged-10000"",""staged-1000""]",parser_inclusive_subprocess_wall_clock,1,timeout,2.007818941,124,-9,1,timeout,exceeded 2 seconds,,,"[""/net/scratch/hscra/plgrid/plgnasqret/codex-control/projects/euf-viper/runs/20260727T073625Z-staged-qg7-e9fef17/target/release/euf-viper"",""fabric-solve"",""--engine"",""quotient-portfolio"",""/net/scratch/hscra/plgrid/plgnasqret/codex-control/projects/euf-viper/corpora/9b39c70a794d52277a4e5d83731f0ebc50a2f3b804eb1dfc8cf32766a5ebeadc/smtlib-2025/QF_UF/QF_UF/QG-classification/qg7/iso_icl_repgen_sk002.smt2""]"
191,5,7331,QF_UF/QG-classification/qg7/iso_icl_repgen_sk002.smt2,e6eed4103cbe17f0e97579b7354c5858a54bfa3b9d617088084763cb0918316e,57006,unsat,1,williams_first_order_carryover,a5b163da70f7a4b586276cec20529dcaf9a596daf59a01894d95ec3f4fd69c3e,1,1,0,1,5,5,staged-1000,staged-1000,"[""staged-0"",""staged-10"",""baseline"",""staged-100"",""staged-10000"",""staged-1000""]",parser_inclusive_subprocess_wall_clock,1,timeout,2.009286992,124,-9,1,timeout,exceeded 2 seconds,,,"[""/net/scratch/hscra/plgrid/plgnasqret/codex-control/projects/euf-viper/runs/20260727T073625Z-staged-qg7-e9fef17/target/release/euf-viper"",""fabric-solve"",""--engine"",""quotient-portfolio"",""/net/scratch/hscra/plgrid/plgnasqret/codex-control/projects/euf-viper/corpora/9b39c70a794d52277a4e5d83731f0ebc50a2f3b804eb1dfc8cf32766a5ebeadc/smtlib-2025/QF_UF/QF_UF/QG-classification/qg7/iso_icl_repgen_sk002.smt2""]"
192,5,7331,QF_UF/QG-classification/qg7/iso_icl_repgen_sk002.smt2,e6eed4103cbe17f0e97579b7354c5858a54bfa3b9d617088084763cb0918316e,57006,unsat,1,williams_first_order_carryover,a5b163da70f7a4b586276cec20529dcaf9a596daf59a01894d95ec3f4fd69c3e,2,2,0,2,0,0,staged-10,staged-10,"[""staged-10"",""staged-100"",""staged-0"",""staged-1000"",""baseline"",""staged-10000""]",parser_inclusive_subprocess_wall_clock,1,timeout,2.009574980,124,-9,1,timeout,exceeded 2 seconds,,,"[""/net/scratch/hscra/plgrid/plgnasqret/codex-control/projects/euf-viper/runs/20260727T073625Z-staged-qg7-e9fef17/target/release/euf-viper"",""fabric-solve"",""--engine"",""quotient-portfolio"",""/net/scratch/hscra/plgrid/plgnasqret/codex-control/projects/euf-viper/corpora/9b39c70a794d52277a4e5d83731f0ebc50a2f3b804eb1dfc8cf32766a5ebeadc/smtlib-2025/QF_UF/QF_UF/QG-classification/qg7/iso_icl_repgen_sk002.smt2""]"
193,5,7331,QF_UF/QG-classification/qg7/iso_icl_repgen_sk002.smt2,e6eed4103cbe17f0e97579b7354c5858a54bfa3b9d617088084763cb0918316e,57006,unsat,1,williams_first_order_carryover,a5b163da70f7a4b586276cec20529dcaf9a596daf59a01894d95ec3f4fd69c3e,2,2,0,2,1,1,staged-100,staged-100,"[""staged-10"",""staged-100"",""staged-0"",""staged-1000"",""baseline"",""staged-10000""]",parser_inclusive_subprocess_wall_clock,1,timeout,2.008764022,124,-9,1,timeout,exceeded 2 seconds,,,"[""/net/scratch/hscra/plgrid/plgnasqret/codex-control/projects/euf-viper/runs/20260727T073625Z-staged-qg7-e9fef17/target/release/euf-viper"",""fabric-solve"",""--engine"",""quotient-portfolio"",""/net/scratch/hscra/plgrid/plgnasqret/codex-control/projects/euf-viper/corpora/9b39c70a794d52277a4e5d83731f0ebc50a2f3b804eb1dfc8cf32766a5ebeadc/smtlib-2025/QF_UF/QF_UF/QG-classification/qg7/iso_icl_repgen_sk002.smt2""]"
194,5,7331,QF_UF/QG-classification/qg7/iso_icl_repgen_sk002.smt2,e6eed4103cbe17f0e97579b7354c5858a54bfa3b9d617088084763cb0918316e,57006,unsat,1,williams_first_order_carryover,a5b163da70f7a4b586276cec20529dcaf9a596daf59a01894d95ec3f4fd69c3e,2,2,0,2,2,2,staged-0,staged-0,"[""staged-10"",""staged-100"",""staged-0"",""staged-1000"",""baseline"",""staged-10000""]",parser_inclusive_subprocess_wall_clock,1,timeout,2.007083753,124,-9,1,timeout,exceeded 2 seconds,,,"[""/net/scratch/hscra/plgrid/plgnasqret/codex-control/projects/euf-viper/runs/20260727T073625Z-staged-qg7-e9fef17/target/release/euf-viper"",""fabric-solve"",""--engine"",""quotient-portfolio"",""/net/scratch/hscra/plgrid/plgnasqret/codex-control/projects/euf-viper/corpora/9b39c70a794d52277a4e5d83731f0ebc50a2f3b804eb1dfc8cf32766a5ebeadc/smtlib-2025/QF_UF/QF_UF/QG-classification/qg7/iso_icl_repgen_sk002.smt2""]"
195,5,7331,QF_UF/QG-classification/qg7/iso_icl_repgen_sk002.smt2,e6eed4103cbe17f0e97579b7354c5858a54bfa3b9d617088084763cb0918316e,57006,unsat,1,williams_first_order_carryover,a5b163da70f7a4b586276cec20529dcaf9a596daf59a01894d95ec3f4fd69c3e,2,2,0,2,3,3,staged-1000,staged-1000,"[""staged-10"",""staged-100"",""staged-0"",""staged-1000"",""baseline"",""staged-10000""]",parser_inclusive_subprocess_wall_clock,1,timeout,2.008387253,124,-9,1,timeout,exceeded 2 seconds,,,"[""/net/scratch/hscra/plgrid/plgnasqret/codex-control/projects/euf-viper/runs/20260727T073625Z-staged-qg7-e9fef17/target/release/euf-viper"",""fabric-solve"",""--engine"",""quotient-portfolio"",""/net/scratch/hscra/plgrid/plgnasqret/codex-control/projects/euf-viper/corpora/9b39c70a794d52277a4e5d83731f0ebc50a2f3b804eb1dfc8cf32766a5ebeadc/smtlib-2025/QF_UF/QF_UF/QG-classification/qg7/iso_icl_repgen_sk002.smt2""]"
196,5,7331,QF_UF/QG-classification/qg7/iso_icl_repgen_sk002.smt2,e6eed4103cbe17f0e97579b7354c5858a54bfa3b9d617088084763cb0918316e,57006,unsat,1,williams_first_order_carryover,a5b163da70f7a4b586276cec20529dcaf9a596daf59a01894d95ec3f4fd69c3e,2,2,0,2,4,4,baseline,baseline,"[""staged-10"",""staged-100"",""staged-0"",""staged-1000"",""baseline"",""staged-10000""]",parser_inclusive_subprocess_wall_clock,1,timeout,2.008556923,124,-9,1,timeout,exceeded 2 seconds,,,"[""/net/scratch/hscra/plgrid/plgnasqret/codex-control/projects/euf-viper/runs/20260727T073625Z-staged-qg7-e9fef17/target/release/euf-viper"",""fabric-solve"",""--engine"",""quotient-portfolio"",""/net/scratch/hscra/plgrid/plgnasqret/codex-control/projects/euf-viper/corpora/9b39c70a794d52277a4e5d83731f0ebc50a2f3b804eb1dfc8cf32766a5ebeadc/smtlib-2025/QF_UF/QF_UF/QG-classification/qg7/iso_icl_repgen_sk002.smt2""]"
197,5,7331,QF_UF/QG-classification/qg7/iso_icl_repgen_sk002.smt2,e6eed4103cbe17f0e97579b7354c5858a54bfa3b9d617088084763cb0918316e,57006,unsat,1,williams_first_order_carryover,a5b163da70f7a4b586276cec20529dcaf9a596daf59a01894d95ec3f4fd69c3e,2,2,0,2,5,5,staged-10000,staged-10000,"[""staged-10"",""staged-100"",""staged-0"",""staged-1000"",""baseline"",""staged-10000""]",parser_inclusive_subprocess_wall_clock,1,timeout,2.008791125,124,-9,1,timeout,exceeded 2 seconds,,,"[""/net/scratch/hscra/plgrid/plgnasqret/codex-control/projects/euf-viper/runs/20260727T073625Z-staged-qg7-e9fef17/target/release/euf-viper"",""fabric-solve"",""--engine"",""quotient-portfolio"",""/net/scratch/hscra/plgrid/plgnasqret/codex-control/projects/euf-viper/corpora/9b39c70a794d52277a4e5d83731f0ebc50a2f3b804eb1dfc8cf32766a5ebeadc/smtlib-2025/QF_UF/QF_UF/QG-classification/qg7/iso_icl_repgen_sk002.smt2""]"
198,5,7331,QF_UF/QG-classification/qg7/iso_icl_repgen_sk002.smt2,e6eed4103cbe17f0e97579b7354c5858a54bfa3b9d617088084763cb0918316e,57006,unsat,1,williams_first_order_carryover,a5b163da70f7a4b586276cec20529dcaf9a596daf59a01894d95ec3f4fd69c3e,3,3,0,3,0,0,staged-100,staged-100,"[""staged-100"",""staged-1000"",""staged-10"",""staged-10000"",""staged-0"",""baseline""]",parser_inclusive_subprocess_wall_clock,1,timeout,2.009641615,124,-9,1,timeout,exceeded 2 seconds,,,"[""/net/scratch/hscra/plgrid/plgnasqret/codex-control/projects/euf-viper/runs/20260727T073625Z-staged-qg7-e9fef17/target/release/euf-viper"",""fabric-solve"",""--engine"",""quotient-portfolio"",""/net/scratch/hscra/plgrid/plgnasqret/codex-control/projects/euf-viper/corpora/9b39c70a794d52277a4e5d83731f0ebc50a2f3b804eb1dfc8cf32766a5ebeadc/smtlib-2025/QF_UF/QF_UF/QG-classification/qg7/iso_icl_repgen_sk002.smt2""]"
199,5,7331,QF_UF/QG-classification/qg7/iso_icl_repgen_sk002.smt2,e6eed4103cbe17f0e97579b7354c5858a54bfa3b9d617088084763cb0918316e,57006,unsat,1,williams_first_order_carryover,a5b163da70f7a4b586276cec20529dcaf9a596daf59a01894d95ec3f4fd69c3e,3,3,0,3,1,1,staged-1000,staged-1000,"[""staged-100"",""staged-1000"",""staged-10"",""staged-10000"",""staged-0"",""baseline""]",parser_inclusive_subprocess_wall_clock,1,timeout,2.008686678,124,-9,1,timeout,exceeded 2 seconds,,,"[""/net/scratch/hscra/plgrid/plgnasqret/codex-control/projects/euf-viper/runs/20260727T073625Z-staged-qg7-e9fef17/target/release/euf-viper"",""fabric-solve"",""--engine"",""quotient-portfolio"",""/net/scratch/hscra/plgrid/plgnasqret/codex-control/projects/euf-viper/corpora/9b39c70a794d52277a4e5d83731f0ebc50a2f3b804eb1dfc8cf32766a5ebeadc/smtlib-2025/QF_UF/QF_UF/QG-classification/qg7/iso_icl_repgen_sk002.smt2""]"
200,5,7331,QF_UF/QG-classification/qg7/iso_icl_repgen_sk002.smt2,e6eed4103cbe17f0e97579b7354c5858a54bfa3b9d617088084763cb0918316e,57006,unsat,1,williams_first_order_carryover,a5b163da70f7a4b586276cec20529dcaf9a596daf59a01894d95ec3f4fd69c3e,3,3,0,3,2,2,staged-10,staged-10,"[""staged-100"",""staged-1000"",""staged-10"",""staged-10000"",""staged-0"",""baseline""]",parser_inclusive_subprocess_wall_clock,1,timeout,2.011300851,124,-9,1,timeout,exceeded 2 seconds,,,"[""/net/scratch/hscra/plgrid/plgnasqret/codex-control/projects/euf-viper/runs/20260727T073625Z-staged-qg7-e9fef17/target/release/euf-viper"",""fabric-solve"",""--engine"",""quotient-portfolio"",""/net/scratch/hscra/plgrid/plgnasqret/codex-control/projects/euf-viper/corpora/9b39c70a794d52277a4e5d83731f0ebc50a2f3b804eb1dfc8cf32766a5ebeadc/smtlib-2025/QF_UF/QF_UF/QG-classification/qg7/iso_icl_repgen_sk002.smt2""]"
201,5,7331,QF_UF/QG-classification/qg7/iso_icl_repgen_sk002.smt2,e6eed4103cbe17f0e97579b7354c5858a54bfa3b9d617088084763cb0918316e,57006,unsat,1,williams_first_order_carryover,a5b163da70f7a4b586276cec20529dcaf9a596daf59a01894d95ec3f4fd69c3e,3,3,0,3,3,3,staged-10000,staged-10000,"[""staged-100"",""staged-1000"",""staged-10"",""staged-10000"",""staged-0"",""baseline""]",parser_inclusive_subprocess_wall_clock,1,timeout,2.010998831,124,-9,1,timeout,exceeded 2 seconds,,,"[""/net/scratch/hscra/plgrid/plgnasqret/codex-control/projects/euf-viper/runs/20260727T073625Z-staged-qg7-e9fef17/target/release/euf-viper"",""fabric-solve"",""--engine"",""quotient-portfolio"",""/net/scratch/hscra/plgrid/plgnasqret/codex-control/projects/euf-viper/corpora/9b39c70a794d52277a4e5d83731f0ebc50a2f3b804eb1dfc8cf32766a5ebeadc/smtlib-2025/QF_UF/QF_UF/QG-classification/qg7/iso_icl_repgen_sk002.smt2""]"
202,5,7331,QF_UF/QG-classification/qg7/iso_icl_repgen_sk002.smt2,e6eed4103cbe17f0e97579b7354c5858a54bfa3b9d617088084763cb0918316e,57006,unsat,1,williams_first_order_carryover,a5b163da70f7a4b586276cec20529dcaf9a596daf59a01894d95ec3f4fd69c3e,3,3,0,3,4,4,staged-0,staged-0,"[""staged-100"",""staged-1000"",""staged-10"",""staged-10000"",""staged-0"",""baseline""]",parser_inclusive_subprocess_wall_clock,1,timeout,2.008647296,124,-9,1,timeout,exceeded 2 seconds,,,"[""/net/scratch/hscra/plgrid/plgnasqret/codex-control/projects/euf-viper/runs/20260727T073625Z-staged-qg7-e9fef17/target/release/euf-viper"",""fabric-solve"",""--engine"",""quotient-portfolio"",""/net/scratch/hscra/plgrid/plgnasqret/codex-control/projects/euf-viper/corpora/9b39c70a794d52277a4e5d83731f0ebc50a2f3b804eb1dfc8cf32766a5ebeadc/smtlib-2025/QF_UF/QF_UF/QG-classification/qg7/iso_icl_repgen_sk002.smt2""]"
203,5,7331,QF_UF/QG-classification/qg7/iso_icl_repgen_sk002.smt2,e6eed4103cbe17f0e97579b7354c5858a54bfa3b9d617088084763cb0918316e,57006,unsat,1,williams_first_order_carryover,a5b163da70f7a4b586276cec20529dcaf9a596daf59a01894d95ec3f4fd69c3e,3,3,0,3,5,5,baseline,baseline,"[""staged-100"",""staged-1000"",""staged-10"",""staged-10000"",""staged-0"",""baseline""]",parser_inclusive_subprocess_wall_clock,1,timeout,2.006317342,124,-9,1,timeout,exceeded 2 seconds,,,"[""/net/scratch/hscra/plgrid/plgnasqret/codex-control/projects/euf-viper/runs/20260727T073625Z-staged-qg7-e9fef17/target/release/euf-viper"",""fabric-solve"",""--engine"",""quotient-portfolio"",""/net/scratch/hscra/plgrid/plgnasqret/codex-control/projects/euf-viper/corpora/9b39c70a794d52277a4e5d83731f0ebc50a2f3b804eb1dfc8cf32766a5ebeadc/smtlib-2025/QF_UF/QF_UF/QG-classification/qg7/iso_icl_repgen_sk002.smt2""]"
204,5,7331,QF_UF/QG-classification/qg7/iso_icl_repgen_sk002.smt2,e6eed4103cbe17f0e97579b7354c5858a54bfa3b9d617088084763cb0918316e,57006,unsat,1,williams_first_order_carryover,a5b163da70f7a4b586276cec20529dcaf9a596daf59a01894d95ec3f4fd69c3e,4,4,0,4,0,0,staged-1000,staged-1000,"[""staged-1000"",""staged-10000"",""staged-100"",""baseline"",""staged-10"",""staged-0""]",parser_inclusive_subprocess_wall_clock,1,timeout,2.008533358,124,-9,1,timeout,exceeded 2 seconds,,,"[""/net/scratch/hscra/plgrid/plgnasqret/codex-control/projects/euf-viper/runs/20260727T073625Z-staged-qg7-e9fef17/target/release/euf-viper"",""fabric-solve"",""--engine"",""quotient-portfolio"",""/net/scratch/hscra/plgrid/plgnasqret/codex-control/projects/euf-viper/corpora/9b39c70a794d52277a4e5d83731f0ebc50a2f3b804eb1dfc8cf32766a5ebeadc/smtlib-2025/QF_UF/QF_UF/QG-classification/qg7/iso_icl_repgen_sk002.smt2""]"
205,5,7331,QF_UF/QG-classification/qg7/iso_icl_repgen_sk002.smt2,e6eed4103cbe17f0e97579b7354c5858a54bfa3b9d617088084763cb0918316e,57006,unsat,1,williams_first_order_carryover,a5b163da70f7a4b586276cec20529dcaf9a596daf59a01894d95ec3f4fd69c3e,4,4,0,4,1,1,staged-10000,staged-10000,"[""staged-1000"",""staged-10000"",""staged-100"",""baseline"",""staged-10"",""staged-0""]",parser_inclusive_subprocess_wall_clock,1,timeout,2.008157712,124,-9,1,timeout,exceeded 2 seconds,,,"[""/net/scratch/hscra/plgrid/plgnasqret/codex-control/projects/euf-viper/runs/20260727T073625Z-staged-qg7-e9fef17/target/release/euf-viper"",""fabric-solve"",""--engine"",""quotient-portfolio"",""/net/scratch/hscra/plgrid/plgnasqret/codex-control/projects/euf-viper/corpora/9b39c70a794d52277a4e5d83731f0ebc50a2f3b804eb1dfc8cf32766a5ebeadc/smtlib-2025/QF_UF/QF_UF/QG-classification/qg7/iso_icl_repgen_sk002.smt2""]"
206,5,7331,QF_UF/QG-classification/qg7/iso_icl_repgen_sk002.smt2,e6eed4103cbe17f0e97579b7354c5858a54bfa3b9d617088084763cb0918316e,57006,unsat,1,williams_first_order_carryover,a5b163da70f7a4b586276cec20529dcaf9a596daf59a01894d95ec3f4fd69c3e,4,4,0,4,2,2,staged-100,staged-100,"[""staged-1000"",""staged-10000"",""staged-100"",""baseline"",""staged-10"",""staged-0""]",parser_inclusive_subprocess_wall_clock,1,timeout,2.008840607,124,-9,1,timeout,exceeded 2 seconds,,,"[""/net/scratch/hscra/plgrid/plgnasqret/codex-control/projects/euf-viper/runs/20260727T073625Z-staged-qg7-e9fef17/target/release/euf-viper"",""fabric-solve"",""--engine"",""quotient-portfolio"",""/net/scratch/hscra/plgrid/plgnasqret/codex-control/projects/euf-viper/corpora/9b39c70a794d52277a4e5d83731f0ebc50a2f3b804eb1dfc8cf32766a5ebeadc/smtlib-2025/QF_UF/QF_UF/QG-classification/qg7/iso_icl_repgen_sk002.smt2""]"
207,5,7331,QF_UF/QG-classification/qg7/iso_icl_repgen_sk002.smt2,e6eed4103cbe17f0e97579b7354c5858a54bfa3b9d617088084763cb0918316e,57006,unsat,1,williams_first_order_carryover,a5b163da70f7a4b586276cec20529dcaf9a596daf59a01894d95ec3f4fd69c3e,4,4,0,4,3,3,baseline,baseline,"[""staged-1000"",""staged-10000"",""staged-100"",""baseline"",""staged-10"",""staged-0""]",parser_inclusive_subprocess_wall_clock,1,timeout,2.008117728,124,-9,1,timeout,exceeded 2 seconds,,,"[""/net/scratch/hscra/plgrid/plgnasqret/codex-control/projects/euf-viper/runs/20260727T073625Z-staged-qg7-e9fef17/target/release/euf-viper"",""fabric-solve"",""--engine"",""quotient-portfolio"",""/net/scratch/hscra/plgrid/plgnasqret/codex-control/projects/euf-viper/corpora/9b39c70a794d52277a4e5d83731f0ebc50a2f3b804eb1dfc8cf32766a5ebeadc/smtlib-2025/QF_UF/QF_UF/QG-classification/qg7/iso_icl_repgen_sk002.smt2""]"
208,5,7331,QF_UF/QG-classification/qg7/iso_icl_repgen_sk002.smt2,e6eed4103cbe17f0e97579b7354c5858a54bfa3b9d617088084763cb0918316e,57006,unsat,1,williams_first_order_carryover,a5b163da70f7a4b586276cec20529dcaf9a596daf59a01894d95ec3f4fd69c3e,4,4,0,4,4,4,staged-10,staged-10,"[""staged-1000"",""staged-10000"",""staged-100"",""baseline"",""staged-10"",""staged-0""]",parser_inclusive_subprocess_wall_clock,1,timeout,2.007373326,124,-9,1,timeout,exceeded 2 seconds,,,"[""/net/scratch/hscra/plgrid/plgnasqret/codex-control/projects/euf-viper/runs/20260727T073625Z-staged-qg7-e9fef17/target/release/euf-viper"",""fabric-solve"",""--engine"",""quotient-portfolio"",""/net/scratch/hscra/plgrid/plgnasqret/codex-control/projects/euf-viper/corpora/9b39c70a794d52277a4e5d83731f0ebc50a2f3b804eb1dfc8cf32766a5ebeadc/smtlib-2025/QF_UF/QF_UF/QG-classification/qg7/iso_icl_repgen_sk002.smt2""]"
209,5,7331,QF_UF/QG-classification/qg7/iso_icl_repgen_sk002.smt2,e6eed4103cbe17f0e97579b7354c5858a54bfa3b9d617088084763cb0918316e,57006,unsat,1,williams_first_order_carryover,a5b163da70f7a4b586276cec20529dcaf9a596daf59a01894d95ec3f4fd69c3e,4,4,0,4,5,5,staged-0,staged-0,"[""staged-1000"",""staged-10000"",""staged-100"",""baseline"",""staged-10"",""staged-0""]",parser_inclusive_subprocess_wall_clock,1,timeout,2.008923017,124,-9,1,timeout,exceeded 2 seconds,,,"[""/net/scratch/hscra/plgrid/plgnasqret/codex-control/projects/euf-viper/runs/20260727T073625Z-staged-qg7-e9fef17/target/release/euf-viper"",""fabric-solve"",""--engine"",""quotient-portfolio"",""/net/scratch/hscra/plgrid/plgnasqret/codex-control/projects/euf-viper/corpora/9b39c70a794d52277a4e5d83731f0ebc50a2f3b804eb1dfc8cf32766a5ebeadc/smtlib-2025/QF_UF/QF_UF/QG-classification/qg7/iso_icl_repgen_sk002.smt2""]"
210,5,7331,QF_UF/QG-classification/qg7/iso_icl_repgen_sk002.smt2,e6eed4103cbe17f0e97579b7354c5858a54bfa3b9d617088084763cb0918316e,57006,unsat,1,williams_first_order_carryover,a5b163da70f7a4b586276cec20529dcaf9a596daf59a01894d95ec3f4fd69c3e,5,5,0,5,0,0,staged-10000,staged-10000,"[""staged-10000"",""baseline"",""staged-1000"",""staged-0"",""staged-100"",""staged-10""]",parser_inclusive_subprocess_wall_clock,1,timeout,2.008403773,124,-9,1,timeout,exceeded 2 seconds,,,"[""/net/scratch/hscra/plgrid/plgnasqret/codex-control/projects/euf-viper/runs/20260727T073625Z-staged-qg7-e9fef17/target/release/euf-viper"",""fabric-solve"",""--engine"",""quotient-portfolio"",""/net/scratch/hscra/plgrid/plgnasqret/codex-control/projects/euf-viper/corpora/9b39c70a794d52277a4e5d83731f0ebc50a2f3b804eb1dfc8cf32766a5ebeadc/smtlib-2025/QF_UF/QF_UF/QG-classification/qg7/iso_icl_repgen_sk002.smt2""]"
211,5,7331,QF_UF/QG-classification/qg7/iso_icl_repgen_sk002.smt2,e6eed4103cbe17f0e97579b7354c5858a54bfa3b9d617088084763cb0918316e,57006,unsat,1,williams_first_order_carryover,a5b163da70f7a4b586276cec20529dcaf9a596daf59a01894d95ec3f4fd69c3e,5,5,0,5,1,1,baseline,baseline,"[""staged-10000"",""baseline"",""staged-1000"",""staged-0"",""staged-100"",""staged-10""]",parser_inclusive_subprocess_wall_clock,1,timeout,2.006771880,124,-9,1,timeout,exceeded 2 seconds,,,"[""/net/scratch/hscra/plgrid/plgnasqret/codex-control/projects/euf-viper/runs/20260727T073625Z-staged-qg7-e9fef17/target/release/euf-viper"",""fabric-solve"",""--engine"",""quotient-portfolio"",""/net/scratch/hscra/plgrid/plgnasqret/codex-control/projects/euf-viper/corpora/9b39c70a794d52277a4e5d83731f0ebc50a2f3b804eb1dfc8cf32766a5ebeadc/smtlib-2025/QF_UF/QF_UF/QG-classification/qg7/iso_icl_repgen_sk002.smt2""]"
212,5,7331,QF_UF/QG-classification/qg7/iso_icl_repgen_sk002.smt2,e6eed4103cbe17f0e97579b7354c5858a54bfa3b9d617088084763cb0918316e,57006,unsat,1,williams_first_order_carryover,a5b163da70f7a4b586276cec20529dcaf9a596daf59a01894d95ec3f4fd69c3e,5,5,0,5,2,2,staged-1000,staged-1000,"[""staged-10000"",""baseline"",""staged-1000"",""staged-0"",""staged-100"",""staged-10""]",parser_inclusive_subprocess_wall_clock,1,timeout,2.007883026,124,-9,1,timeout,exceeded 2 seconds,,,"[""/net/scratch/hscra/plgrid/plgnasqret/codex-control/projects/euf-viper/runs/20260727T073625Z-staged-qg7-e9fef17/target/release/euf-viper"",""fabric-solve"",""--engine"",""quotient-portfolio"",""/net/scratch/hscra/plgrid/plgnasqret/codex-control/projects/euf-viper/corpora/9b39c70a794d52277a4e5d83731f0ebc50a2f3b804eb1dfc8cf32766a5ebeadc/smtlib-2025/QF_UF/QF_UF/QG-classification/qg7/iso_icl_repgen_sk002.smt2""]"
213,5,7331,QF_UF/QG-classification/qg7/iso_icl_repgen_sk002.smt2,e6eed4103cbe17f0e97579b7354c5858a54bfa3b9d617088084763cb0918316e,57006,unsat,1,williams_first_order_carryover,a5b163da70f7a4b586276cec20529dcaf9a596daf59a01894d95ec3f4fd69c3e,5,5,0,5,3,3,staged-0,staged-0,"[""staged-10000"",""baseline"",""staged-1000"",""staged-0"",""staged-100"",""staged-10""]",parser_inclusive_subprocess_wall_clock,1,timeout,2.007313000,124,-9,1,timeout,exceeded 2 seconds,,,"[""/net/scratch/hscra/plgrid/plgnasqret/codex-control/projects/euf-viper/runs/20260727T073625Z-staged-qg7-e9fef17/target/release/euf-viper"",""fabric-solve"",""--engine"",""quotient-portfolio"",""/net/scratch/hscra/plgrid/plgnasqret/codex-control/projects/euf-viper/corpora/9b39c70a794d52277a4e5d83731f0ebc50a2f3b804eb1dfc8cf32766a5ebeadc/smtlib-2025/QF_UF/QF_UF/QG-classification/qg7/iso_icl_repgen_sk002.smt2""]"
214,5,7331,QF_UF/QG-classification/qg7/iso_icl_repgen_sk002.smt2,e6eed4103cbe17f0e97579b7354c5858a54bfa3b9d617088084763cb0918316e,57006,unsat,1,williams_first_order_carryover,a5b163da70f7a4b586276cec20529dcaf9a596daf59a01894d95ec3f4fd69c3e,5,5,0,5,4,4,staged-100,staged-100,"[""staged-10000"",""baseline"",""staged-1000"",""staged-0"",""staged-100"",""staged-10""]",parser_inclusive_subprocess_wall_clock,1,timeout,2.008705502,124,-9,1,timeout,exceeded 2 seconds,,,"[""/net/scratch/hscra/plgrid/plgnasqret/codex-control/projects/euf-viper/runs/20260727T073625Z-staged-qg7-e9fef17/target/release/euf-viper"",""fabric-solve"",""--engine"",""quotient-portfolio"",""/net/scratch/hscra/plgrid/plgnasqret/codex-control/projects/euf-viper/corpora/9b39c70a794d52277a4e5d83731f0ebc50a2f3b804eb1dfc8cf32766a5ebeadc/smtlib-2025/QF_UF/QF_UF/QG-classification/qg7/iso_icl_repgen_sk002.smt2""]"
215,5,7331,QF_UF/QG-classification/qg7/iso_icl_repgen_sk002.smt2,e6eed4103cbe17f0e97579b7354c5858a54bfa3b9d617088084763cb0918316e,57006,unsat,1,williams_first_order_carryover,a5b163da70f7a4b586276cec20529dcaf9a596daf59a01894d95ec3f4fd69c3e,5,5,0,5,5,5,staged-10,staged-10,"[""staged-10000"",""baseline"",""staged-1000"",""staged-0"",""staged-100"",""staged-10""]",parser_inclusive_subprocess_wall_clock,1,timeout,2.010104595,124,-9,1,timeout,exceeded 2 seconds,,,"[""/net/scratch/hscra/plgrid/plgnasqret/codex-control/projects/euf-viper/runs/20260727T073625Z-staged-qg7-e9fef17/target/release/euf-viper"",""fabric-solve"",""--engine"",""quotient-portfolio"",""/net/scratch/hscra/plgrid/plgnasqret/codex-control/projects/euf-viper/corpora/9b39c70a794d52277a4e5d83731f0ebc50a2f3b804eb1dfc8cf32766a5ebeadc/smtlib-2025/QF_UF/QF_UF/QG-classification/qg7/iso_icl_repgen_sk002.smt2""]"
