sequence,row_index,id,relative_path,source_sha256,source_size_bytes,expected_status,schedule_schema_version,schedule_design,schedule_sha256,repeat,schedule_row,complete_block,row_in_block,order_in_repeat,arm_position,label,arm,schedule_order_json,timing_scope,parser_inclusive,result,time_s,exit_code,process_returncode,timed_out,error_kind,error_detail,stdout,stderr,argv_json
0,0,6929,QF_UF/QG-classification/qg7/gensys_brn006.smt2,8d0bc1e8f917bb91982c9fdf996b35b06e610de5cac0c916058258e99ca59d32,808457,sat,1,williams_first_order_carryover,6ad653227c3c19559c94ff26e7c6827f5db285b786b909d8b494bd463f6fcf84,0,0,0,0,0,0,baseline,baseline,"[""baseline"",""braid-0"",""braid-10000"",""braid-10"",""braid-1000"",""braid-100""]",parser_inclusive_subprocess_wall_clock,1,sat,0.088684810,0,0,0,,,"sat
",,"[""/net/scratch/hscra/plgrid/plgnasqret/codex-control/projects/euf-viper/runs/20260727T103600Z-phase-braid-qg7-8233420/target/release/euf-viper"",""fabric-solve"",""--engine"",""quotient-portfolio"",""/net/scratch/hscra/plgrid/plgnasqret/codex-control/projects/euf-viper/corpora/9b39c70a794d52277a4e5d83731f0ebc50a2f3b804eb1dfc8cf32766a5ebeadc/smtlib-2025/QF_UF/QF_UF/QG-classification/qg7/gensys_brn006.smt2""]"
1,0,6929,QF_UF/QG-classification/qg7/gensys_brn006.smt2,8d0bc1e8f917bb91982c9fdf996b35b06e610de5cac0c916058258e99ca59d32,808457,sat,1,williams_first_order_carryover,6ad653227c3c19559c94ff26e7c6827f5db285b786b909d8b494bd463f6fcf84,0,0,0,0,1,1,braid-0,braid-0,"[""baseline"",""braid-0"",""braid-10000"",""braid-10"",""braid-1000"",""braid-100""]",parser_inclusive_subprocess_wall_clock,1,sat,0.330950776,0,0,0,,,"sat
",,"[""/net/scratch/hscra/plgrid/plgnasqret/codex-control/projects/euf-viper/runs/20260727T103600Z-phase-braid-qg7-8233420/target/release/euf-viper"",""fabric-solve"",""--engine"",""quotient-portfolio"",""/net/scratch/hscra/plgrid/plgnasqret/codex-control/projects/euf-viper/corpora/9b39c70a794d52277a4e5d83731f0ebc50a2f3b804eb1dfc8cf32766a5ebeadc/smtlib-2025/QF_UF/QF_UF/QG-classification/qg7/gensys_brn006.smt2""]"
2,0,6929,QF_UF/QG-classification/qg7/gensys_brn006.smt2,8d0bc1e8f917bb91982c9fdf996b35b06e610de5cac0c916058258e99ca59d32,808457,sat,1,williams_first_order_carryover,6ad653227c3c19559c94ff26e7c6827f5db285b786b909d8b494bd463f6fcf84,0,0,0,0,2,2,braid-10000,braid-10000,"[""baseline"",""braid-0"",""braid-10000"",""braid-10"",""braid-1000"",""braid-100""]",parser_inclusive_subprocess_wall_clock,1,sat,0.143703908,0,0,0,,,"sat
",,"[""/net/scratch/hscra/plgrid/plgnasqret/codex-control/projects/euf-viper/runs/20260727T103600Z-phase-braid-qg7-8233420/target/release/euf-viper"",""fabric-solve"",""--engine"",""quotient-portfolio"",""/net/scratch/hscra/plgrid/plgnasqret/codex-control/projects/euf-viper/corpora/9b39c70a794d52277a4e5d83731f0ebc50a2f3b804eb1dfc8cf32766a5ebeadc/smtlib-2025/QF_UF/QF_UF/QG-classification/qg7/gensys_brn006.smt2""]"
3,0,6929,QF_UF/QG-classification/qg7/gensys_brn006.smt2,8d0bc1e8f917bb91982c9fdf996b35b06e610de5cac0c916058258e99ca59d32,808457,sat,1,williams_first_order_carryover,6ad653227c3c19559c94ff26e7c6827f5db285b786b909d8b494bd463f6fcf84,0,0,0,0,3,3,braid-10,braid-10,"[""baseline"",""braid-0"",""braid-10000"",""braid-10"",""braid-1000"",""braid-100""]",parser_inclusive_subprocess_wall_clock,1,sat,0.531479590,0,0,0,,,"sat
",,"[""/net/scratch/hscra/plgrid/plgnasqret/codex-control/projects/euf-viper/runs/20260727T103600Z-phase-braid-qg7-8233420/target/release/euf-viper"",""fabric-solve"",""--engine"",""quotient-portfolio"",""/net/scratch/hscra/plgrid/plgnasqret/codex-control/projects/euf-viper/corpora/9b39c70a794d52277a4e5d83731f0ebc50a2f3b804eb1dfc8cf32766a5ebeadc/smtlib-2025/QF_UF/QF_UF/QG-classification/qg7/gensys_brn006.smt2""]"
4,0,6929,QF_UF/QG-classification/qg7/gensys_brn006.smt2,8d0bc1e8f917bb91982c9fdf996b35b06e610de5cac0c916058258e99ca59d32,808457,sat,1,williams_first_order_carryover,6ad653227c3c19559c94ff26e7c6827f5db285b786b909d8b494bd463f6fcf84,0,0,0,0,4,4,braid-1000,braid-1000,"[""baseline"",""braid-0"",""braid-10000"",""braid-10"",""braid-1000"",""braid-100""]",parser_inclusive_subprocess_wall_clock,1,sat,0.226301590,0,0,0,,,"sat
",,"[""/net/scratch/hscra/plgrid/plgnasqret/codex-control/projects/euf-viper/runs/20260727T103600Z-phase-braid-qg7-8233420/target/release/euf-viper"",""fabric-solve"",""--engine"",""quotient-portfolio"",""/net/scratch/hscra/plgrid/plgnasqret/codex-control/projects/euf-viper/corpora/9b39c70a794d52277a4e5d83731f0ebc50a2f3b804eb1dfc8cf32766a5ebeadc/smtlib-2025/QF_UF/QF_UF/QG-classification/qg7/gensys_brn006.smt2""]"
5,0,6929,QF_UF/QG-classification/qg7/gensys_brn006.smt2,8d0bc1e8f917bb91982c9fdf996b35b06e610de5cac0c916058258e99ca59d32,808457,sat,1,williams_first_order_carryover,6ad653227c3c19559c94ff26e7c6827f5db285b786b909d8b494bd463f6fcf84,0,0,0,0,5,5,braid-100,braid-100,"[""baseline"",""braid-0"",""braid-10000"",""braid-10"",""braid-1000"",""braid-100""]",parser_inclusive_subprocess_wall_clock,1,sat,0.253921869,0,0,0,,,"sat
",,"[""/net/scratch/hscra/plgrid/plgnasqret/codex-control/projects/euf-viper/runs/20260727T103600Z-phase-braid-qg7-8233420/target/release/euf-viper"",""fabric-solve"",""--engine"",""quotient-portfolio"",""/net/scratch/hscra/plgrid/plgnasqret/codex-control/projects/euf-viper/corpora/9b39c70a794d52277a4e5d83731f0ebc50a2f3b804eb1dfc8cf32766a5ebeadc/smtlib-2025/QF_UF/QF_UF/QG-classification/qg7/gensys_brn006.smt2""]"
6,0,6929,QF_UF/QG-classification/qg7/gensys_brn006.smt2,8d0bc1e8f917bb91982c9fdf996b35b06e610de5cac0c916058258e99ca59d32,808457,sat,1,williams_first_order_carryover,6ad653227c3c19559c94ff26e7c6827f5db285b786b909d8b494bd463f6fcf84,1,1,0,1,0,0,braid-0,braid-0,"[""braid-0"",""braid-10"",""baseline"",""braid-100"",""braid-10000"",""braid-1000""]",parser_inclusive_subprocess_wall_clock,1,sat,0.732698280,0,0,0,,,"sat
",,"[""/net/scratch/hscra/plgrid/plgnasqret/codex-control/projects/euf-viper/runs/20260727T103600Z-phase-braid-qg7-8233420/target/release/euf-viper"",""fabric-solve"",""--engine"",""quotient-portfolio"",""/net/scratch/hscra/plgrid/plgnasqret/codex-control/projects/euf-viper/corpora/9b39c70a794d52277a4e5d83731f0ebc50a2f3b804eb1dfc8cf32766a5ebeadc/smtlib-2025/QF_UF/QF_UF/QG-classification/qg7/gensys_brn006.smt2""]"
7,0,6929,QF_UF/QG-classification/qg7/gensys_brn006.smt2,8d0bc1e8f917bb91982c9fdf996b35b06e610de5cac0c916058258e99ca59d32,808457,sat,1,williams_first_order_carryover,6ad653227c3c19559c94ff26e7c6827f5db285b786b909d8b494bd463f6fcf84,1,1,0,1,1,1,braid-10,braid-10,"[""braid-0"",""braid-10"",""baseline"",""braid-100"",""braid-10000"",""braid-1000""]",parser_inclusive_subprocess_wall_clock,1,sat,0.800799847,0,0,0,,,"sat
",,"[""/net/scratch/hscra/plgrid/plgnasqret/codex-control/projects/euf-viper/runs/20260727T103600Z-phase-braid-qg7-8233420/target/release/euf-viper"",""fabric-solve"",""--engine"",""quotient-portfolio"",""/net/scratch/hscra/plgrid/plgnasqret/codex-control/projects/euf-viper/corpora/9b39c70a794d52277a4e5d83731f0ebc50a2f3b804eb1dfc8cf32766a5ebeadc/smtlib-2025/QF_UF/QF_UF/QG-classification/qg7/gensys_brn006.smt2""]"
8,0,6929,QF_UF/QG-classification/qg7/gensys_brn006.smt2,8d0bc1e8f917bb91982c9fdf996b35b06e610de5cac0c916058258e99ca59d32,808457,sat,1,williams_first_order_carryover,6ad653227c3c19559c94ff26e7c6827f5db285b786b909d8b494bd463f6fcf84,1,1,0,1,2,2,baseline,baseline,"[""braid-0"",""braid-10"",""baseline"",""braid-100"",""braid-10000"",""braid-1000""]",parser_inclusive_subprocess_wall_clock,1,sat,0.183837132,0,0,0,,,"sat
",,"[""/net/scratch/hscra/plgrid/plgnasqret/codex-control/projects/euf-viper/runs/20260727T103600Z-phase-braid-qg7-8233420/target/release/euf-viper"",""fabric-solve"",""--engine"",""quotient-portfolio"",""/net/scratch/hscra/plgrid/plgnasqret/codex-control/projects/euf-viper/corpora/9b39c70a794d52277a4e5d83731f0ebc50a2f3b804eb1dfc8cf32766a5ebeadc/smtlib-2025/QF_UF/QF_UF/QG-classification/qg7/gensys_brn006.smt2""]"
9,0,6929,QF_UF/QG-classification/qg7/gensys_brn006.smt2,8d0bc1e8f917bb91982c9fdf996b35b06e610de5cac0c916058258e99ca59d32,808457,sat,1,williams_first_order_carryover,6ad653227c3c19559c94ff26e7c6827f5db285b786b909d8b494bd463f6fcf84,1,1,0,1,3,3,braid-100,braid-100,"[""braid-0"",""braid-10"",""baseline"",""braid-100"",""braid-10000"",""braid-1000""]",parser_inclusive_subprocess_wall_clock,1,sat,0.279145502,0,0,0,,,"sat
",,"[""/net/scratch/hscra/plgrid/plgnasqret/codex-control/projects/euf-viper/runs/20260727T103600Z-phase-braid-qg7-8233420/target/release/euf-viper"",""fabric-solve"",""--engine"",""quotient-portfolio"",""/net/scratch/hscra/plgrid/plgnasqret/codex-control/projects/euf-viper/corpora/9b39c70a794d52277a4e5d83731f0ebc50a2f3b804eb1dfc8cf32766a5ebeadc/smtlib-2025/QF_UF/QF_UF/QG-classification/qg7/gensys_brn006.smt2""]"
10,0,6929,QF_UF/QG-classification/qg7/gensys_brn006.smt2,8d0bc1e8f917bb91982c9fdf996b35b06e610de5cac0c916058258e99ca59d32,808457,sat,1,williams_first_order_carryover,6ad653227c3c19559c94ff26e7c6827f5db285b786b909d8b494bd463f6fcf84,1,1,0,1,4,4,braid-10000,braid-10000,"[""braid-0"",""braid-10"",""baseline"",""braid-100"",""braid-10000"",""braid-1000""]",parser_inclusive_subprocess_wall_clock,1,sat,0.144811086,0,0,0,,,"sat
",,"[""/net/scratch/hscra/plgrid/plgnasqret/codex-control/projects/euf-viper/runs/20260727T103600Z-phase-braid-qg7-8233420/target/release/euf-viper"",""fabric-solve"",""--engine"",""quotient-portfolio"",""/net/scratch/hscra/plgrid/plgnasqret/codex-control/projects/euf-viper/corpora/9b39c70a794d52277a4e5d83731f0ebc50a2f3b804eb1dfc8cf32766a5ebeadc/smtlib-2025/QF_UF/QF_UF/QG-classification/qg7/gensys_brn006.smt2""]"
11,0,6929,QF_UF/QG-classification/qg7/gensys_brn006.smt2,8d0bc1e8f917bb91982c9fdf996b35b06e610de5cac0c916058258e99ca59d32,808457,sat,1,williams_first_order_carryover,6ad653227c3c19559c94ff26e7c6827f5db285b786b909d8b494bd463f6fcf84,1,1,0,1,5,5,braid-1000,braid-1000,"[""braid-0"",""braid-10"",""baseline"",""braid-100"",""braid-10000"",""braid-1000""]",parser_inclusive_subprocess_wall_clock,1,sat,0.119326428,0,0,0,,,"sat
",,"[""/net/scratch/hscra/plgrid/plgnasqret/codex-control/projects/euf-viper/runs/20260727T103600Z-phase-braid-qg7-8233420/target/release/euf-viper"",""fabric-solve"",""--engine"",""quotient-portfolio"",""/net/scratch/hscra/plgrid/plgnasqret/codex-control/projects/euf-viper/corpora/9b39c70a794d52277a4e5d83731f0ebc50a2f3b804eb1dfc8cf32766a5ebeadc/smtlib-2025/QF_UF/QF_UF/QG-classification/qg7/gensys_brn006.smt2""]"
12,0,6929,QF_UF/QG-classification/qg7/gensys_brn006.smt2,8d0bc1e8f917bb91982c9fdf996b35b06e610de5cac0c916058258e99ca59d32,808457,sat,1,williams_first_order_carryover,6ad653227c3c19559c94ff26e7c6827f5db285b786b909d8b494bd463f6fcf84,2,2,0,2,0,0,braid-10,braid-10,"[""braid-10"",""braid-100"",""braid-0"",""braid-1000"",""baseline"",""braid-10000""]",parser_inclusive_subprocess_wall_clock,1,sat,0.256812450,0,0,0,,,"sat
",,"[""/net/scratch/hscra/plgrid/plgnasqret/codex-control/projects/euf-viper/runs/20260727T103600Z-phase-braid-qg7-8233420/target/release/euf-viper"",""fabric-solve"",""--engine"",""quotient-portfolio"",""/net/scratch/hscra/plgrid/plgnasqret/codex-control/projects/euf-viper/corpora/9b39c70a794d52277a4e5d83731f0ebc50a2f3b804eb1dfc8cf32766a5ebeadc/smtlib-2025/QF_UF/QF_UF/QG-classification/qg7/gensys_brn006.smt2""]"
13,0,6929,QF_UF/QG-classification/qg7/gensys_brn006.smt2,8d0bc1e8f917bb91982c9fdf996b35b06e610de5cac0c916058258e99ca59d32,808457,sat,1,williams_first_order_carryover,6ad653227c3c19559c94ff26e7c6827f5db285b786b909d8b494bd463f6fcf84,2,2,0,2,1,1,braid-100,braid-100,"[""braid-10"",""braid-100"",""braid-0"",""braid-1000"",""baseline"",""braid-10000""]",parser_inclusive_subprocess_wall_clock,1,sat,0.110479046,0,0,0,,,"sat
",,"[""/net/scratch/hscra/plgrid/plgnasqret/codex-control/projects/euf-viper/runs/20260727T103600Z-phase-braid-qg7-8233420/target/release/euf-viper"",""fabric-solve"",""--engine"",""quotient-portfolio"",""/net/scratch/hscra/plgrid/plgnasqret/codex-control/projects/euf-viper/corpora/9b39c70a794d52277a4e5d83731f0ebc50a2f3b804eb1dfc8cf32766a5ebeadc/smtlib-2025/QF_UF/QF_UF/QG-classification/qg7/gensys_brn006.smt2""]"
14,0,6929,QF_UF/QG-classification/qg7/gensys_brn006.smt2,8d0bc1e8f917bb91982c9fdf996b35b06e610de5cac0c916058258e99ca59d32,808457,sat,1,williams_first_order_carryover,6ad653227c3c19559c94ff26e7c6827f5db285b786b909d8b494bd463f6fcf84,2,2,0,2,2,2,braid-0,braid-0,"[""braid-10"",""braid-100"",""braid-0"",""braid-1000"",""baseline"",""braid-10000""]",parser_inclusive_subprocess_wall_clock,1,sat,0.249362848,0,0,0,,,"sat
",,"[""/net/scratch/hscra/plgrid/plgnasqret/codex-control/projects/euf-viper/runs/20260727T103600Z-phase-braid-qg7-8233420/target/release/euf-viper"",""fabric-solve"",""--engine"",""quotient-portfolio"",""/net/scratch/hscra/plgrid/plgnasqret/codex-control/projects/euf-viper/corpora/9b39c70a794d52277a4e5d83731f0ebc50a2f3b804eb1dfc8cf32766a5ebeadc/smtlib-2025/QF_UF/QF_UF/QG-classification/qg7/gensys_brn006.smt2""]"
15,0,6929,QF_UF/QG-classification/qg7/gensys_brn006.smt2,8d0bc1e8f917bb91982c9fdf996b35b06e610de5cac0c916058258e99ca59d32,808457,sat,1,williams_first_order_carryover,6ad653227c3c19559c94ff26e7c6827f5db285b786b909d8b494bd463f6fcf84,2,2,0,2,3,3,braid-1000,braid-1000,"[""braid-10"",""braid-100"",""braid-0"",""braid-1000"",""baseline"",""braid-10000""]",parser_inclusive_subprocess_wall_clock,1,sat,0.112204116,0,0,0,,,"sat
",,"[""/net/scratch/hscra/plgrid/plgnasqret/codex-control/projects/euf-viper/runs/20260727T103600Z-phase-braid-qg7-8233420/target/release/euf-viper"",""fabric-solve"",""--engine"",""quotient-portfolio"",""/net/scratch/hscra/plgrid/plgnasqret/codex-control/projects/euf-viper/corpora/9b39c70a794d52277a4e5d83731f0ebc50a2f3b804eb1dfc8cf32766a5ebeadc/smtlib-2025/QF_UF/QF_UF/QG-classification/qg7/gensys_brn006.smt2""]"
16,0,6929,QF_UF/QG-classification/qg7/gensys_brn006.smt2,8d0bc1e8f917bb91982c9fdf996b35b06e610de5cac0c916058258e99ca59d32,808457,sat,1,williams_first_order_carryover,6ad653227c3c19559c94ff26e7c6827f5db285b786b909d8b494bd463f6fcf84,2,2,0,2,4,4,baseline,baseline,"[""braid-10"",""braid-100"",""braid-0"",""braid-1000"",""baseline"",""braid-10000""]",parser_inclusive_subprocess_wall_clock,1,sat,0.086832388,0,0,0,,,"sat
",,"[""/net/scratch/hscra/plgrid/plgnasqret/codex-control/projects/euf-viper/runs/20260727T103600Z-phase-braid-qg7-8233420/target/release/euf-viper"",""fabric-solve"",""--engine"",""quotient-portfolio"",""/net/scratch/hscra/plgrid/plgnasqret/codex-control/projects/euf-viper/corpora/9b39c70a794d52277a4e5d83731f0ebc50a2f3b804eb1dfc8cf32766a5ebeadc/smtlib-2025/QF_UF/QF_UF/QG-classification/qg7/gensys_brn006.smt2""]"
17,0,6929,QF_UF/QG-classification/qg7/gensys_brn006.smt2,8d0bc1e8f917bb91982c9fdf996b35b06e610de5cac0c916058258e99ca59d32,808457,sat,1,williams_first_order_carryover,6ad653227c3c19559c94ff26e7c6827f5db285b786b909d8b494bd463f6fcf84,2,2,0,2,5,5,braid-10000,braid-10000,"[""braid-10"",""braid-100"",""braid-0"",""braid-1000"",""baseline"",""braid-10000""]",parser_inclusive_subprocess_wall_clock,1,sat,0.112705383,0,0,0,,,"sat
",,"[""/net/scratch/hscra/plgrid/plgnasqret/codex-control/projects/euf-viper/runs/20260727T103600Z-phase-braid-qg7-8233420/target/release/euf-viper"",""fabric-solve"",""--engine"",""quotient-portfolio"",""/net/scratch/hscra/plgrid/plgnasqret/codex-control/projects/euf-viper/corpora/9b39c70a794d52277a4e5d83731f0ebc50a2f3b804eb1dfc8cf32766a5ebeadc/smtlib-2025/QF_UF/QF_UF/QG-classification/qg7/gensys_brn006.smt2""]"
18,0,6929,QF_UF/QG-classification/qg7/gensys_brn006.smt2,8d0bc1e8f917bb91982c9fdf996b35b06e610de5cac0c916058258e99ca59d32,808457,sat,1,williams_first_order_carryover,6ad653227c3c19559c94ff26e7c6827f5db285b786b909d8b494bd463f6fcf84,3,3,0,3,0,0,braid-100,braid-100,"[""braid-100"",""braid-1000"",""braid-10"",""braid-10000"",""braid-0"",""baseline""]",parser_inclusive_subprocess_wall_clock,1,sat,0.115041172,0,0,0,,,"sat
",,"[""/net/scratch/hscra/plgrid/plgnasqret/codex-control/projects/euf-viper/runs/20260727T103600Z-phase-braid-qg7-8233420/target/release/euf-viper"",""fabric-solve"",""--engine"",""quotient-portfolio"",""/net/scratch/hscra/plgrid/plgnasqret/codex-control/projects/euf-viper/corpora/9b39c70a794d52277a4e5d83731f0ebc50a2f3b804eb1dfc8cf32766a5ebeadc/smtlib-2025/QF_UF/QF_UF/QG-classification/qg7/gensys_brn006.smt2""]"
19,0,6929,QF_UF/QG-classification/qg7/gensys_brn006.smt2,8d0bc1e8f917bb91982c9fdf996b35b06e610de5cac0c916058258e99ca59d32,808457,sat,1,williams_first_order_carryover,6ad653227c3c19559c94ff26e7c6827f5db285b786b909d8b494bd463f6fcf84,3,3,0,3,1,1,braid-1000,braid-1000,"[""braid-100"",""braid-1000"",""braid-10"",""braid-10000"",""braid-0"",""baseline""]",parser_inclusive_subprocess_wall_clock,1,sat,0.114648288,0,0,0,,,"sat
",,"[""/net/scratch/hscra/plgrid/plgnasqret/codex-control/projects/euf-viper/runs/20260727T103600Z-phase-braid-qg7-8233420/target/release/euf-viper"",""fabric-solve"",""--engine"",""quotient-portfolio"",""/net/scratch/hscra/plgrid/plgnasqret/codex-control/projects/euf-viper/corpora/9b39c70a794d52277a4e5d83731f0ebc50a2f3b804eb1dfc8cf32766a5ebeadc/smtlib-2025/QF_UF/QF_UF/QG-classification/qg7/gensys_brn006.smt2""]"
20,0,6929,QF_UF/QG-classification/qg7/gensys_brn006.smt2,8d0bc1e8f917bb91982c9fdf996b35b06e610de5cac0c916058258e99ca59d32,808457,sat,1,williams_first_order_carryover,6ad653227c3c19559c94ff26e7c6827f5db285b786b909d8b494bd463f6fcf84,3,3,0,3,2,2,braid-10,braid-10,"[""braid-100"",""braid-1000"",""braid-10"",""braid-10000"",""braid-0"",""baseline""]",parser_inclusive_subprocess_wall_clock,1,sat,0.263100819,0,0,0,,,"sat
",,"[""/net/scratch/hscra/plgrid/plgnasqret/codex-control/projects/euf-viper/runs/20260727T103600Z-phase-braid-qg7-8233420/target/release/euf-viper"",""fabric-solve"",""--engine"",""quotient-portfolio"",""/net/scratch/hscra/plgrid/plgnasqret/codex-control/projects/euf-viper/corpora/9b39c70a794d52277a4e5d83731f0ebc50a2f3b804eb1dfc8cf32766a5ebeadc/smtlib-2025/QF_UF/QF_UF/QG-classification/qg7/gensys_brn006.smt2""]"
21,0,6929,QF_UF/QG-classification/qg7/gensys_brn006.smt2,8d0bc1e8f917bb91982c9fdf996b35b06e610de5cac0c916058258e99ca59d32,808457,sat,1,williams_first_order_carryover,6ad653227c3c19559c94ff26e7c6827f5db285b786b909d8b494bd463f6fcf84,3,3,0,3,3,3,braid-10000,braid-10000,"[""braid-100"",""braid-1000"",""braid-10"",""braid-10000"",""braid-0"",""baseline""]",parser_inclusive_subprocess_wall_clock,1,sat,0.114082319,0,0,0,,,"sat
",,"[""/net/scratch/hscra/plgrid/plgnasqret/codex-control/projects/euf-viper/runs/20260727T103600Z-phase-braid-qg7-8233420/target/release/euf-viper"",""fabric-solve"",""--engine"",""quotient-portfolio"",""/net/scratch/hscra/plgrid/plgnasqret/codex-control/projects/euf-viper/corpora/9b39c70a794d52277a4e5d83731f0ebc50a2f3b804eb1dfc8cf32766a5ebeadc/smtlib-2025/QF_UF/QF_UF/QG-classification/qg7/gensys_brn006.smt2""]"
22,0,6929,QF_UF/QG-classification/qg7/gensys_brn006.smt2,8d0bc1e8f917bb91982c9fdf996b35b06e610de5cac0c916058258e99ca59d32,808457,sat,1,williams_first_order_carryover,6ad653227c3c19559c94ff26e7c6827f5db285b786b909d8b494bd463f6fcf84,3,3,0,3,4,4,braid-0,braid-0,"[""braid-100"",""braid-1000"",""braid-10"",""braid-10000"",""braid-0"",""baseline""]",parser_inclusive_subprocess_wall_clock,1,sat,0.256366643,0,0,0,,,"sat
",,"[""/net/scratch/hscra/plgrid/plgnasqret/codex-control/projects/euf-viper/runs/20260727T103600Z-phase-braid-qg7-8233420/target/release/euf-viper"",""fabric-solve"",""--engine"",""quotient-portfolio"",""/net/scratch/hscra/plgrid/plgnasqret/codex-control/projects/euf-viper/corpora/9b39c70a794d52277a4e5d83731f0ebc50a2f3b804eb1dfc8cf32766a5ebeadc/smtlib-2025/QF_UF/QF_UF/QG-classification/qg7/gensys_brn006.smt2""]"
23,0,6929,QF_UF/QG-classification/qg7/gensys_brn006.smt2,8d0bc1e8f917bb91982c9fdf996b35b06e610de5cac0c916058258e99ca59d32,808457,sat,1,williams_first_order_carryover,6ad653227c3c19559c94ff26e7c6827f5db285b786b909d8b494bd463f6fcf84,3,3,0,3,5,5,baseline,baseline,"[""braid-100"",""braid-1000"",""braid-10"",""braid-10000"",""braid-0"",""baseline""]",parser_inclusive_subprocess_wall_clock,1,sat,0.088471482,0,0,0,,,"sat
",,"[""/net/scratch/hscra/plgrid/plgnasqret/codex-control/projects/euf-viper/runs/20260727T103600Z-phase-braid-qg7-8233420/target/release/euf-viper"",""fabric-solve"",""--engine"",""quotient-portfolio"",""/net/scratch/hscra/plgrid/plgnasqret/codex-control/projects/euf-viper/corpora/9b39c70a794d52277a4e5d83731f0ebc50a2f3b804eb1dfc8cf32766a5ebeadc/smtlib-2025/QF_UF/QF_UF/QG-classification/qg7/gensys_brn006.smt2""]"
24,0,6929,QF_UF/QG-classification/qg7/gensys_brn006.smt2,8d0bc1e8f917bb91982c9fdf996b35b06e610de5cac0c916058258e99ca59d32,808457,sat,1,williams_first_order_carryover,6ad653227c3c19559c94ff26e7c6827f5db285b786b909d8b494bd463f6fcf84,4,4,0,4,0,0,braid-1000,braid-1000,"[""braid-1000"",""braid-10000"",""braid-100"",""baseline"",""braid-10"",""braid-0""]",parser_inclusive_subprocess_wall_clock,1,sat,0.107558437,0,0,0,,,"sat
",,"[""/net/scratch/hscra/plgrid/plgnasqret/codex-control/projects/euf-viper/runs/20260727T103600Z-phase-braid-qg7-8233420/target/release/euf-viper"",""fabric-solve"",""--engine"",""quotient-portfolio"",""/net/scratch/hscra/plgrid/plgnasqret/codex-control/projects/euf-viper/corpora/9b39c70a794d52277a4e5d83731f0ebc50a2f3b804eb1dfc8cf32766a5ebeadc/smtlib-2025/QF_UF/QF_UF/QG-classification/qg7/gensys_brn006.smt2""]"
25,0,6929,QF_UF/QG-classification/qg7/gensys_brn006.smt2,8d0bc1e8f917bb91982c9fdf996b35b06e610de5cac0c916058258e99ca59d32,808457,sat,1,williams_first_order_carryover,6ad653227c3c19559c94ff26e7c6827f5db285b786b909d8b494bd463f6fcf84,4,4,0,4,1,1,braid-10000,braid-10000,"[""braid-1000"",""braid-10000"",""braid-100"",""baseline"",""braid-10"",""braid-0""]",parser_inclusive_subprocess_wall_clock,1,sat,0.115642478,0,0,0,,,"sat
",,"[""/net/scratch/hscra/plgrid/plgnasqret/codex-control/projects/euf-viper/runs/20260727T103600Z-phase-braid-qg7-8233420/target/release/euf-viper"",""fabric-solve"",""--engine"",""quotient-portfolio"",""/net/scratch/hscra/plgrid/plgnasqret/codex-control/projects/euf-viper/corpora/9b39c70a794d52277a4e5d83731f0ebc50a2f3b804eb1dfc8cf32766a5ebeadc/smtlib-2025/QF_UF/QF_UF/QG-classification/qg7/gensys_brn006.smt2""]"
26,0,6929,QF_UF/QG-classification/qg7/gensys_brn006.smt2,8d0bc1e8f917bb91982c9fdf996b35b06e610de5cac0c916058258e99ca59d32,808457,sat,1,williams_first_order_carryover,6ad653227c3c19559c94ff26e7c6827f5db285b786b909d8b494bd463f6fcf84,4,4,0,4,2,2,braid-100,braid-100,"[""braid-1000"",""braid-10000"",""braid-100"",""baseline"",""braid-10"",""braid-0""]",parser_inclusive_subprocess_wall_clock,1,sat,0.120099807,0,0,0,,,"sat
",,"[""/net/scratch/hscra/plgrid/plgnasqret/codex-control/projects/euf-viper/runs/20260727T103600Z-phase-braid-qg7-8233420/target/release/euf-viper"",""fabric-solve"",""--engine"",""quotient-portfolio"",""/net/scratch/hscra/plgrid/plgnasqret/codex-control/projects/euf-viper/corpora/9b39c70a794d52277a4e5d83731f0ebc50a2f3b804eb1dfc8cf32766a5ebeadc/smtlib-2025/QF_UF/QF_UF/QG-classification/qg7/gensys_brn006.smt2""]"
27,0,6929,QF_UF/QG-classification/qg7/gensys_brn006.smt2,8d0bc1e8f917bb91982c9fdf996b35b06e610de5cac0c916058258e99ca59d32,808457,sat,1,williams_first_order_carryover,6ad653227c3c19559c94ff26e7c6827f5db285b786b909d8b494bd463f6fcf84,4,4,0,4,3,3,baseline,baseline,"[""braid-1000"",""braid-10000"",""braid-100"",""baseline"",""braid-10"",""braid-0""]",parser_inclusive_subprocess_wall_clock,1,sat,0.089494075,0,0,0,,,"sat
",,"[""/net/scratch/hscra/plgrid/plgnasqret/codex-control/projects/euf-viper/runs/20260727T103600Z-phase-braid-qg7-8233420/target/release/euf-viper"",""fabric-solve"",""--engine"",""quotient-portfolio"",""/net/scratch/hscra/plgrid/plgnasqret/codex-control/projects/euf-viper/corpora/9b39c70a794d52277a4e5d83731f0ebc50a2f3b804eb1dfc8cf32766a5ebeadc/smtlib-2025/QF_UF/QF_UF/QG-classification/qg7/gensys_brn006.smt2""]"
28,0,6929,QF_UF/QG-classification/qg7/gensys_brn006.smt2,8d0bc1e8f917bb91982c9fdf996b35b06e610de5cac0c916058258e99ca59d32,808457,sat,1,williams_first_order_carryover,6ad653227c3c19559c94ff26e7c6827f5db285b786b909d8b494bd463f6fcf84,4,4,0,4,4,4,braid-10,braid-10,"[""braid-1000"",""braid-10000"",""braid-100"",""baseline"",""braid-10"",""braid-0""]",parser_inclusive_subprocess_wall_clock,1,sat,0.328995941,0,0,0,,,"sat
",,"[""/net/scratch/hscra/plgrid/plgnasqret/codex-control/projects/euf-viper/runs/20260727T103600Z-phase-braid-qg7-8233420/target/release/euf-viper"",""fabric-solve"",""--engine"",""quotient-portfolio"",""/net/scratch/hscra/plgrid/plgnasqret/codex-control/projects/euf-viper/corpora/9b39c70a794d52277a4e5d83731f0ebc50a2f3b804eb1dfc8cf32766a5ebeadc/smtlib-2025/QF_UF/QF_UF/QG-classification/qg7/gensys_brn006.smt2""]"
29,0,6929,QF_UF/QG-classification/qg7/gensys_brn006.smt2,8d0bc1e8f917bb91982c9fdf996b35b06e610de5cac0c916058258e99ca59d32,808457,sat,1,williams_first_order_carryover,6ad653227c3c19559c94ff26e7c6827f5db285b786b909d8b494bd463f6fcf84,4,4,0,4,5,5,braid-0,braid-0,"[""braid-1000"",""braid-10000"",""braid-100"",""baseline"",""braid-10"",""braid-0""]",parser_inclusive_subprocess_wall_clock,1,sat,0.360212052,0,0,0,,,"sat
",,"[""/net/scratch/hscra/plgrid/plgnasqret/codex-control/projects/euf-viper/runs/20260727T103600Z-phase-braid-qg7-8233420/target/release/euf-viper"",""fabric-solve"",""--engine"",""quotient-portfolio"",""/net/scratch/hscra/plgrid/plgnasqret/codex-control/projects/euf-viper/corpora/9b39c70a794d52277a4e5d83731f0ebc50a2f3b804eb1dfc8cf32766a5ebeadc/smtlib-2025/QF_UF/QF_UF/QG-classification/qg7/gensys_brn006.smt2""]"
30,0,6929,QF_UF/QG-classification/qg7/gensys_brn006.smt2,8d0bc1e8f917bb91982c9fdf996b35b06e610de5cac0c916058258e99ca59d32,808457,sat,1,williams_first_order_carryover,6ad653227c3c19559c94ff26e7c6827f5db285b786b909d8b494bd463f6fcf84,5,5,0,5,0,0,braid-10000,braid-10000,"[""braid-10000"",""baseline"",""braid-1000"",""braid-0"",""braid-100"",""braid-10""]",parser_inclusive_subprocess_wall_clock,1,sat,0.155203884,0,0,0,,,"sat
",,"[""/net/scratch/hscra/plgrid/plgnasqret/codex-control/projects/euf-viper/runs/20260727T103600Z-phase-braid-qg7-8233420/target/release/euf-viper"",""fabric-solve"",""--engine"",""quotient-portfolio"",""/net/scratch/hscra/plgrid/plgnasqret/codex-control/projects/euf-viper/corpora/9b39c70a794d52277a4e5d83731f0ebc50a2f3b804eb1dfc8cf32766a5ebeadc/smtlib-2025/QF_UF/QF_UF/QG-classification/qg7/gensys_brn006.smt2""]"
31,0,6929,QF_UF/QG-classification/qg7/gensys_brn006.smt2,8d0bc1e8f917bb91982c9fdf996b35b06e610de5cac0c916058258e99ca59d32,808457,sat,1,williams_first_order_carryover,6ad653227c3c19559c94ff26e7c6827f5db285b786b909d8b494bd463f6fcf84,5,5,0,5,1,1,baseline,baseline,"[""braid-10000"",""baseline"",""braid-1000"",""braid-0"",""braid-100"",""braid-10""]",parser_inclusive_subprocess_wall_clock,1,sat,0.117592465,0,0,0,,,"sat
",,"[""/net/scratch/hscra/plgrid/plgnasqret/codex-control/projects/euf-viper/runs/20260727T103600Z-phase-braid-qg7-8233420/target/release/euf-viper"",""fabric-solve"",""--engine"",""quotient-portfolio"",""/net/scratch/hscra/plgrid/plgnasqret/codex-control/projects/euf-viper/corpora/9b39c70a794d52277a4e5d83731f0ebc50a2f3b804eb1dfc8cf32766a5ebeadc/smtlib-2025/QF_UF/QF_UF/QG-classification/qg7/gensys_brn006.smt2""]"
32,0,6929,QF_UF/QG-classification/qg7/gensys_brn006.smt2,8d0bc1e8f917bb91982c9fdf996b35b06e610de5cac0c916058258e99ca59d32,808457,sat,1,williams_first_order_carryover,6ad653227c3c19559c94ff26e7c6827f5db285b786b909d8b494bd463f6fcf84,5,5,0,5,2,2,braid-1000,braid-1000,"[""braid-10000"",""baseline"",""braid-1000"",""braid-0"",""braid-100"",""braid-10""]",parser_inclusive_subprocess_wall_clock,1,sat,0.194436057,0,0,0,,,"sat
",,"[""/net/scratch/hscra/plgrid/plgnasqret/codex-control/projects/euf-viper/runs/20260727T103600Z-phase-braid-qg7-8233420/target/release/euf-viper"",""fabric-solve"",""--engine"",""quotient-portfolio"",""/net/scratch/hscra/plgrid/plgnasqret/codex-control/projects/euf-viper/corpora/9b39c70a794d52277a4e5d83731f0ebc50a2f3b804eb1dfc8cf32766a5ebeadc/smtlib-2025/QF_UF/QF_UF/QG-classification/qg7/gensys_brn006.smt2""]"
33,0,6929,QF_UF/QG-classification/qg7/gensys_brn006.smt2,8d0bc1e8f917bb91982c9fdf996b35b06e610de5cac0c916058258e99ca59d32,808457,sat,1,williams_first_order_carryover,6ad653227c3c19559c94ff26e7c6827f5db285b786b909d8b494bd463f6fcf84,5,5,0,5,3,3,braid-0,braid-0,"[""braid-10000"",""baseline"",""braid-1000"",""braid-0"",""braid-100"",""braid-10""]",parser_inclusive_subprocess_wall_clock,1,sat,0.662470295,0,0,0,,,"sat
",,"[""/net/scratch/hscra/plgrid/plgnasqret/codex-control/projects/euf-viper/runs/20260727T103600Z-phase-braid-qg7-8233420/target/release/euf-viper"",""fabric-solve"",""--engine"",""quotient-portfolio"",""/net/scratch/hscra/plgrid/plgnasqret/codex-control/projects/euf-viper/corpora/9b39c70a794d52277a4e5d83731f0ebc50a2f3b804eb1dfc8cf32766a5ebeadc/smtlib-2025/QF_UF/QF_UF/QG-classification/qg7/gensys_brn006.smt2""]"
34,0,6929,QF_UF/QG-classification/qg7/gensys_brn006.smt2,8d0bc1e8f917bb91982c9fdf996b35b06e610de5cac0c916058258e99ca59d32,808457,sat,1,williams_first_order_carryover,6ad653227c3c19559c94ff26e7c6827f5db285b786b909d8b494bd463f6fcf84,5,5,0,5,4,4,braid-100,braid-100,"[""braid-10000"",""baseline"",""braid-1000"",""braid-0"",""braid-100"",""braid-10""]",parser_inclusive_subprocess_wall_clock,1,sat,0.279382039,0,0,0,,,"sat
",,"[""/net/scratch/hscra/plgrid/plgnasqret/codex-control/projects/euf-viper/runs/20260727T103600Z-phase-braid-qg7-8233420/target/release/euf-viper"",""fabric-solve"",""--engine"",""quotient-portfolio"",""/net/scratch/hscra/plgrid/plgnasqret/codex-control/projects/euf-viper/corpora/9b39c70a794d52277a4e5d83731f0ebc50a2f3b804eb1dfc8cf32766a5ebeadc/smtlib-2025/QF_UF/QF_UF/QG-classification/qg7/gensys_brn006.smt2""]"
35,0,6929,QF_UF/QG-classification/qg7/gensys_brn006.smt2,8d0bc1e8f917bb91982c9fdf996b35b06e610de5cac0c916058258e99ca59d32,808457,sat,1,williams_first_order_carryover,6ad653227c3c19559c94ff26e7c6827f5db285b786b909d8b494bd463f6fcf84,5,5,0,5,5,5,braid-10,braid-10,"[""braid-10000"",""baseline"",""braid-1000"",""braid-0"",""braid-100"",""braid-10""]",parser_inclusive_subprocess_wall_clock,1,sat,0.762106179,0,0,0,,,"sat
",,"[""/net/scratch/hscra/plgrid/plgnasqret/codex-control/projects/euf-viper/runs/20260727T103600Z-phase-braid-qg7-8233420/target/release/euf-viper"",""fabric-solve"",""--engine"",""quotient-portfolio"",""/net/scratch/hscra/plgrid/plgnasqret/codex-control/projects/euf-viper/corpora/9b39c70a794d52277a4e5d83731f0ebc50a2f3b804eb1dfc8cf32766a5ebeadc/smtlib-2025/QF_UF/QF_UF/QG-classification/qg7/gensys_brn006.smt2""]"
36,1,7048,QF_UF/QG-classification/qg7/iso_brn003.smt2,aef06e83b376125af41ed6b147b988afc3f5011593ac1cb07b77671be490f8d5,38367,unsat,1,williams_first_order_carryover,6ad653227c3c19559c94ff26e7c6827f5db285b786b909d8b494bd463f6fcf84,0,0,0,0,0,0,baseline,baseline,"[""baseline"",""braid-0"",""braid-10000"",""braid-10"",""braid-1000"",""braid-100""]",parser_inclusive_subprocess_wall_clock,1,unsat,0.112778739,0,0,0,,,"unsat
",,"[""/net/scratch/hscra/plgrid/plgnasqret/codex-control/projects/euf-viper/runs/20260727T103600Z-phase-braid-qg7-8233420/target/release/euf-viper"",""fabric-solve"",""--engine"",""quotient-portfolio"",""/net/scratch/hscra/plgrid/plgnasqret/codex-control/projects/euf-viper/corpora/9b39c70a794d52277a4e5d83731f0ebc50a2f3b804eb1dfc8cf32766a5ebeadc/smtlib-2025/QF_UF/QF_UF/QG-classification/qg7/iso_brn003.smt2""]"
37,1,7048,QF_UF/QG-classification/qg7/iso_brn003.smt2,aef06e83b376125af41ed6b147b988afc3f5011593ac1cb07b77671be490f8d5,38367,unsat,1,williams_first_order_carryover,6ad653227c3c19559c94ff26e7c6827f5db285b786b909d8b494bd463f6fcf84,0,0,0,0,1,1,braid-0,braid-0,"[""baseline"",""braid-0"",""braid-10000"",""braid-10"",""braid-1000"",""braid-100""]",parser_inclusive_subprocess_wall_clock,1,unsat,0.109375664,0,0,0,,,"unsat
",,"[""/net/scratch/hscra/plgrid/plgnasqret/codex-control/projects/euf-viper/runs/20260727T103600Z-phase-braid-qg7-8233420/target/release/euf-viper"",""fabric-solve"",""--engine"",""quotient-portfolio"",""/net/scratch/hscra/plgrid/plgnasqret/codex-control/projects/euf-viper/corpora/9b39c70a794d52277a4e5d83731f0ebc50a2f3b804eb1dfc8cf32766a5ebeadc/smtlib-2025/QF_UF/QF_UF/QG-classification/qg7/iso_brn003.smt2""]"
38,1,7048,QF_UF/QG-classification/qg7/iso_brn003.smt2,aef06e83b376125af41ed6b147b988afc3f5011593ac1cb07b77671be490f8d5,38367,unsat,1,williams_first_order_carryover,6ad653227c3c19559c94ff26e7c6827f5db285b786b909d8b494bd463f6fcf84,0,0,0,0,2,2,braid-10000,braid-10000,"[""baseline"",""braid-0"",""braid-10000"",""braid-10"",""braid-1000"",""braid-100""]",parser_inclusive_subprocess_wall_clock,1,unsat,0.108921693,0,0,0,,,"unsat
",,"[""/net/scratch/hscra/plgrid/plgnasqret/codex-control/projects/euf-viper/runs/20260727T103600Z-phase-braid-qg7-8233420/target/release/euf-viper"",""fabric-solve"",""--engine"",""quotient-portfolio"",""/net/scratch/hscra/plgrid/plgnasqret/codex-control/projects/euf-viper/corpora/9b39c70a794d52277a4e5d83731f0ebc50a2f3b804eb1dfc8cf32766a5ebeadc/smtlib-2025/QF_UF/QF_UF/QG-classification/qg7/iso_brn003.smt2""]"
39,1,7048,QF_UF/QG-classification/qg7/iso_brn003.smt2,aef06e83b376125af41ed6b147b988afc3f5011593ac1cb07b77671be490f8d5,38367,unsat,1,williams_first_order_carryover,6ad653227c3c19559c94ff26e7c6827f5db285b786b909d8b494bd463f6fcf84,0,0,0,0,3,3,braid-10,braid-10,"[""baseline"",""braid-0"",""braid-10000"",""braid-10"",""braid-1000"",""braid-100""]",parser_inclusive_subprocess_wall_clock,1,unsat,0.110259798,0,0,0,,,"unsat
",,"[""/net/scratch/hscra/plgrid/plgnasqret/codex-control/projects/euf-viper/runs/20260727T103600Z-phase-braid-qg7-8233420/target/release/euf-viper"",""fabric-solve"",""--engine"",""quotient-portfolio"",""/net/scratch/hscra/plgrid/plgnasqret/codex-control/projects/euf-viper/corpora/9b39c70a794d52277a4e5d83731f0ebc50a2f3b804eb1dfc8cf32766a5ebeadc/smtlib-2025/QF_UF/QF_UF/QG-classification/qg7/iso_brn003.smt2""]"
40,1,7048,QF_UF/QG-classification/qg7/iso_brn003.smt2,aef06e83b376125af41ed6b147b988afc3f5011593ac1cb07b77671be490f8d5,38367,unsat,1,williams_first_order_carryover,6ad653227c3c19559c94ff26e7c6827f5db285b786b909d8b494bd463f6fcf84,0,0,0,0,4,4,braid-1000,braid-1000,"[""baseline"",""braid-0"",""braid-10000"",""braid-10"",""braid-1000"",""braid-100""]",parser_inclusive_subprocess_wall_clock,1,unsat,0.142281048,0,0,0,,,"unsat
",,"[""/net/scratch/hscra/plgrid/plgnasqret/codex-control/projects/euf-viper/runs/20260727T103600Z-phase-braid-qg7-8233420/target/release/euf-viper"",""fabric-solve"",""--engine"",""quotient-portfolio"",""/net/scratch/hscra/plgrid/plgnasqret/codex-control/projects/euf-viper/corpora/9b39c70a794d52277a4e5d83731f0ebc50a2f3b804eb1dfc8cf32766a5ebeadc/smtlib-2025/QF_UF/QF_UF/QG-classification/qg7/iso_brn003.smt2""]"
41,1,7048,QF_UF/QG-classification/qg7/iso_brn003.smt2,aef06e83b376125af41ed6b147b988afc3f5011593ac1cb07b77671be490f8d5,38367,unsat,1,williams_first_order_carryover,6ad653227c3c19559c94ff26e7c6827f5db285b786b909d8b494bd463f6fcf84,0,0,0,0,5,5,braid-100,braid-100,"[""baseline"",""braid-0"",""braid-10000"",""braid-10"",""braid-1000"",""braid-100""]",parser_inclusive_subprocess_wall_clock,1,unsat,0.341562000,0,0,0,,,"unsat
",,"[""/net/scratch/hscra/plgrid/plgnasqret/codex-control/projects/euf-viper/runs/20260727T103600Z-phase-braid-qg7-8233420/target/release/euf-viper"",""fabric-solve"",""--engine"",""quotient-portfolio"",""/net/scratch/hscra/plgrid/plgnasqret/codex-control/projects/euf-viper/corpora/9b39c70a794d52277a4e5d83731f0ebc50a2f3b804eb1dfc8cf32766a5ebeadc/smtlib-2025/QF_UF/QF_UF/QG-classification/qg7/iso_brn003.smt2""]"
42,1,7048,QF_UF/QG-classification/qg7/iso_brn003.smt2,aef06e83b376125af41ed6b147b988afc3f5011593ac1cb07b77671be490f8d5,38367,unsat,1,williams_first_order_carryover,6ad653227c3c19559c94ff26e7c6827f5db285b786b909d8b494bd463f6fcf84,1,1,0,1,0,0,braid-0,braid-0,"[""braid-0"",""braid-10"",""baseline"",""braid-100"",""braid-10000"",""braid-1000""]",parser_inclusive_subprocess_wall_clock,1,unsat,0.125963350,0,0,0,,,"unsat
",,"[""/net/scratch/hscra/plgrid/plgnasqret/codex-control/projects/euf-viper/runs/20260727T103600Z-phase-braid-qg7-8233420/target/release/euf-viper"",""fabric-solve"",""--engine"",""quotient-portfolio"",""/net/scratch/hscra/plgrid/plgnasqret/codex-control/projects/euf-viper/corpora/9b39c70a794d52277a4e5d83731f0ebc50a2f3b804eb1dfc8cf32766a5ebeadc/smtlib-2025/QF_UF/QF_UF/QG-classification/qg7/iso_brn003.smt2""]"
43,1,7048,QF_UF/QG-classification/qg7/iso_brn003.smt2,aef06e83b376125af41ed6b147b988afc3f5011593ac1cb07b77671be490f8d5,38367,unsat,1,williams_first_order_carryover,6ad653227c3c19559c94ff26e7c6827f5db285b786b909d8b494bd463f6fcf84,1,1,0,1,1,1,braid-10,braid-10,"[""braid-0"",""braid-10"",""baseline"",""braid-100"",""braid-10000"",""braid-1000""]",parser_inclusive_subprocess_wall_clock,1,unsat,0.140113165,0,0,0,,,"unsat
",,"[""/net/scratch/hscra/plgrid/plgnasqret/codex-control/projects/euf-viper/runs/20260727T103600Z-phase-braid-qg7-8233420/target/release/euf-viper"",""fabric-solve"",""--engine"",""quotient-portfolio"",""/net/scratch/hscra/plgrid/plgnasqret/codex-control/projects/euf-viper/corpora/9b39c70a794d52277a4e5d83731f0ebc50a2f3b804eb1dfc8cf32766a5ebeadc/smtlib-2025/QF_UF/QF_UF/QG-classification/qg7/iso_brn003.smt2""]"
44,1,7048,QF_UF/QG-classification/qg7/iso_brn003.smt2,aef06e83b376125af41ed6b147b988afc3f5011593ac1cb07b77671be490f8d5,38367,unsat,1,williams_first_order_carryover,6ad653227c3c19559c94ff26e7c6827f5db285b786b909d8b494bd463f6fcf84,1,1,0,1,2,2,baseline,baseline,"[""braid-0"",""braid-10"",""baseline"",""braid-100"",""braid-10000"",""braid-1000""]",parser_inclusive_subprocess_wall_clock,1,unsat,0.118693834,0,0,0,,,"unsat
",,"[""/net/scratch/hscra/plgrid/plgnasqret/codex-control/projects/euf-viper/runs/20260727T103600Z-phase-braid-qg7-8233420/target/release/euf-viper"",""fabric-solve"",""--engine"",""quotient-portfolio"",""/net/scratch/hscra/plgrid/plgnasqret/codex-control/projects/euf-viper/corpora/9b39c70a794d52277a4e5d83731f0ebc50a2f3b804eb1dfc8cf32766a5ebeadc/smtlib-2025/QF_UF/QF_UF/QG-classification/qg7/iso_brn003.smt2""]"
45,1,7048,QF_UF/QG-classification/qg7/iso_brn003.smt2,aef06e83b376125af41ed6b147b988afc3f5011593ac1cb07b77671be490f8d5,38367,unsat,1,williams_first_order_carryover,6ad653227c3c19559c94ff26e7c6827f5db285b786b909d8b494bd463f6fcf84,1,1,0,1,3,3,braid-100,braid-100,"[""braid-0"",""braid-10"",""baseline"",""braid-100"",""braid-10000"",""braid-1000""]",parser_inclusive_subprocess_wall_clock,1,unsat,0.128809981,0,0,0,,,"unsat
",,"[""/net/scratch/hscra/plgrid/plgnasqret/codex-control/projects/euf-viper/runs/20260727T103600Z-phase-braid-qg7-8233420/target/release/euf-viper"",""fabric-solve"",""--engine"",""quotient-portfolio"",""/net/scratch/hscra/plgrid/plgnasqret/codex-control/projects/euf-viper/corpora/9b39c70a794d52277a4e5d83731f0ebc50a2f3b804eb1dfc8cf32766a5ebeadc/smtlib-2025/QF_UF/QF_UF/QG-classification/qg7/iso_brn003.smt2""]"
46,1,7048,QF_UF/QG-classification/qg7/iso_brn003.smt2,aef06e83b376125af41ed6b147b988afc3f5011593ac1cb07b77671be490f8d5,38367,unsat,1,williams_first_order_carryover,6ad653227c3c19559c94ff26e7c6827f5db285b786b909d8b494bd463f6fcf84,1,1,0,1,4,4,braid-10000,braid-10000,"[""braid-0"",""braid-10"",""baseline"",""braid-100"",""braid-10000"",""braid-1000""]",parser_inclusive_subprocess_wall_clock,1,unsat,0.106401149,0,0,0,,,"unsat
",,"[""/net/scratch/hscra/plgrid/plgnasqret/codex-control/projects/euf-viper/runs/20260727T103600Z-phase-braid-qg7-8233420/target/release/euf-viper"",""fabric-solve"",""--engine"",""quotient-portfolio"",""/net/scratch/hscra/plgrid/plgnasqret/codex-control/projects/euf-viper/corpora/9b39c70a794d52277a4e5d83731f0ebc50a2f3b804eb1dfc8cf32766a5ebeadc/smtlib-2025/QF_UF/QF_UF/QG-classification/qg7/iso_brn003.smt2""]"
47,1,7048,QF_UF/QG-classification/qg7/iso_brn003.smt2,aef06e83b376125af41ed6b147b988afc3f5011593ac1cb07b77671be490f8d5,38367,unsat,1,williams_first_order_carryover,6ad653227c3c19559c94ff26e7c6827f5db285b786b909d8b494bd463f6fcf84,1,1,0,1,5,5,braid-1000,braid-1000,"[""braid-0"",""braid-10"",""baseline"",""braid-100"",""braid-10000"",""braid-1000""]",parser_inclusive_subprocess_wall_clock,1,unsat,0.107960065,0,0,0,,,"unsat
",,"[""/net/scratch/hscra/plgrid/plgnasqret/codex-control/projects/euf-viper/runs/20260727T103600Z-phase-braid-qg7-8233420/target/release/euf-viper"",""fabric-solve"",""--engine"",""quotient-portfolio"",""/net/scratch/hscra/plgrid/plgnasqret/codex-control/projects/euf-viper/corpora/9b39c70a794d52277a4e5d83731f0ebc50a2f3b804eb1dfc8cf32766a5ebeadc/smtlib-2025/QF_UF/QF_UF/QG-classification/qg7/iso_brn003.smt2""]"
48,1,7048,QF_UF/QG-classification/qg7/iso_brn003.smt2,aef06e83b376125af41ed6b147b988afc3f5011593ac1cb07b77671be490f8d5,38367,unsat,1,williams_first_order_carryover,6ad653227c3c19559c94ff26e7c6827f5db285b786b909d8b494bd463f6fcf84,2,2,0,2,0,0,braid-10,braid-10,"[""braid-10"",""braid-100"",""braid-0"",""braid-1000"",""baseline"",""braid-10000""]",parser_inclusive_subprocess_wall_clock,1,unsat,0.106774101,0,0,0,,,"unsat
",,"[""/net/scratch/hscra/plgrid/plgnasqret/codex-control/projects/euf-viper/runs/20260727T103600Z-phase-braid-qg7-8233420/target/release/euf-viper"",""fabric-solve"",""--engine"",""quotient-portfolio"",""/net/scratch/hscra/plgrid/plgnasqret/codex-control/projects/euf-viper/corpora/9b39c70a794d52277a4e5d83731f0ebc50a2f3b804eb1dfc8cf32766a5ebeadc/smtlib-2025/QF_UF/QF_UF/QG-classification/qg7/iso_brn003.smt2""]"
49,1,7048,QF_UF/QG-classification/qg7/iso_brn003.smt2,aef06e83b376125af41ed6b147b988afc3f5011593ac1cb07b77671be490f8d5,38367,unsat,1,williams_first_order_carryover,6ad653227c3c19559c94ff26e7c6827f5db285b786b909d8b494bd463f6fcf84,2,2,0,2,1,1,braid-100,braid-100,"[""braid-10"",""braid-100"",""braid-0"",""braid-1000"",""baseline"",""braid-10000""]",parser_inclusive_subprocess_wall_clock,1,unsat,0.106231169,0,0,0,,,"unsat
",,"[""/net/scratch/hscra/plgrid/plgnasqret/codex-control/projects/euf-viper/runs/20260727T103600Z-phase-braid-qg7-8233420/target/release/euf-viper"",""fabric-solve"",""--engine"",""quotient-portfolio"",""/net/scratch/hscra/plgrid/plgnasqret/codex-control/projects/euf-viper/corpora/9b39c70a794d52277a4e5d83731f0ebc50a2f3b804eb1dfc8cf32766a5ebeadc/smtlib-2025/QF_UF/QF_UF/QG-classification/qg7/iso_brn003.smt2""]"
50,1,7048,QF_UF/QG-classification/qg7/iso_brn003.smt2,aef06e83b376125af41ed6b147b988afc3f5011593ac1cb07b77671be490f8d5,38367,unsat,1,williams_first_order_carryover,6ad653227c3c19559c94ff26e7c6827f5db285b786b909d8b494bd463f6fcf84,2,2,0,2,2,2,braid-0,braid-0,"[""braid-10"",""braid-100"",""braid-0"",""braid-1000"",""baseline"",""braid-10000""]",parser_inclusive_subprocess_wall_clock,1,unsat,0.105892731,0,0,0,,,"unsat
",,"[""/net/scratch/hscra/plgrid/plgnasqret/codex-control/projects/euf-viper/runs/20260727T103600Z-phase-braid-qg7-8233420/target/release/euf-viper"",""fabric-solve"",""--engine"",""quotient-portfolio"",""/net/scratch/hscra/plgrid/plgnasqret/codex-control/projects/euf-viper/corpora/9b39c70a794d52277a4e5d83731f0ebc50a2f3b804eb1dfc8cf32766a5ebeadc/smtlib-2025/QF_UF/QF_UF/QG-classification/qg7/iso_brn003.smt2""]"
51,1,7048,QF_UF/QG-classification/qg7/iso_brn003.smt2,aef06e83b376125af41ed6b147b988afc3f5011593ac1cb07b77671be490f8d5,38367,unsat,1,williams_first_order_carryover,6ad653227c3c19559c94ff26e7c6827f5db285b786b909d8b494bd463f6fcf84,2,2,0,2,3,3,braid-1000,braid-1000,"[""braid-10"",""braid-100"",""braid-0"",""braid-1000"",""baseline"",""braid-10000""]",parser_inclusive_subprocess_wall_clock,1,unsat,0.107332208,0,0,0,,,"unsat
",,"[""/net/scratch/hscra/plgrid/plgnasqret/codex-control/projects/euf-viper/runs/20260727T103600Z-phase-braid-qg7-8233420/target/release/euf-viper"",""fabric-solve"",""--engine"",""quotient-portfolio"",""/net/scratch/hscra/plgrid/plgnasqret/codex-control/projects/euf-viper/corpora/9b39c70a794d52277a4e5d83731f0ebc50a2f3b804eb1dfc8cf32766a5ebeadc/smtlib-2025/QF_UF/QF_UF/QG-classification/qg7/iso_brn003.smt2""]"
52,1,7048,QF_UF/QG-classification/qg7/iso_brn003.smt2,aef06e83b376125af41ed6b147b988afc3f5011593ac1cb07b77671be490f8d5,38367,unsat,1,williams_first_order_carryover,6ad653227c3c19559c94ff26e7c6827f5db285b786b909d8b494bd463f6fcf84,2,2,0,2,4,4,baseline,baseline,"[""braid-10"",""braid-100"",""braid-0"",""braid-1000"",""baseline"",""braid-10000""]",parser_inclusive_subprocess_wall_clock,1,unsat,0.106495399,0,0,0,,,"unsat
",,"[""/net/scratch/hscra/plgrid/plgnasqret/codex-control/projects/euf-viper/runs/20260727T103600Z-phase-braid-qg7-8233420/target/release/euf-viper"",""fabric-solve"",""--engine"",""quotient-portfolio"",""/net/scratch/hscra/plgrid/plgnasqret/codex-control/projects/euf-viper/corpora/9b39c70a794d52277a4e5d83731f0ebc50a2f3b804eb1dfc8cf32766a5ebeadc/smtlib-2025/QF_UF/QF_UF/QG-classification/qg7/iso_brn003.smt2""]"
53,1,7048,QF_UF/QG-classification/qg7/iso_brn003.smt2,aef06e83b376125af41ed6b147b988afc3f5011593ac1cb07b77671be490f8d5,38367,unsat,1,williams_first_order_carryover,6ad653227c3c19559c94ff26e7c6827f5db285b786b909d8b494bd463f6fcf84,2,2,0,2,5,5,braid-10000,braid-10000,"[""braid-10"",""braid-100"",""braid-0"",""braid-1000"",""baseline"",""braid-10000""]",parser_inclusive_subprocess_wall_clock,1,unsat,0.108994007,0,0,0,,,"unsat
",,"[""/net/scratch/hscra/plgrid/plgnasqret/codex-control/projects/euf-viper/runs/20260727T103600Z-phase-braid-qg7-8233420/target/release/euf-viper"",""fabric-solve"",""--engine"",""quotient-portfolio"",""/net/scratch/hscra/plgrid/plgnasqret/codex-control/projects/euf-viper/corpora/9b39c70a794d52277a4e5d83731f0ebc50a2f3b804eb1dfc8cf32766a5ebeadc/smtlib-2025/QF_UF/QF_UF/QG-classification/qg7/iso_brn003.smt2""]"
54,1,7048,QF_UF/QG-classification/qg7/iso_brn003.smt2,aef06e83b376125af41ed6b147b988afc3f5011593ac1cb07b77671be490f8d5,38367,unsat,1,williams_first_order_carryover,6ad653227c3c19559c94ff26e7c6827f5db285b786b909d8b494bd463f6fcf84,3,3,0,3,0,0,braid-100,braid-100,"[""braid-100"",""braid-1000"",""braid-10"",""braid-10000"",""braid-0"",""baseline""]",parser_inclusive_subprocess_wall_clock,1,unsat,0.108558856,0,0,0,,,"unsat
",,"[""/net/scratch/hscra/plgrid/plgnasqret/codex-control/projects/euf-viper/runs/20260727T103600Z-phase-braid-qg7-8233420/target/release/euf-viper"",""fabric-solve"",""--engine"",""quotient-portfolio"",""/net/scratch/hscra/plgrid/plgnasqret/codex-control/projects/euf-viper/corpora/9b39c70a794d52277a4e5d83731f0ebc50a2f3b804eb1dfc8cf32766a5ebeadc/smtlib-2025/QF_UF/QF_UF/QG-classification/qg7/iso_brn003.smt2""]"
55,1,7048,QF_UF/QG-classification/qg7/iso_brn003.smt2,aef06e83b376125af41ed6b147b988afc3f5011593ac1cb07b77671be490f8d5,38367,unsat,1,williams_first_order_carryover,6ad653227c3c19559c94ff26e7c6827f5db285b786b909d8b494bd463f6fcf84,3,3,0,3,1,1,braid-1000,braid-1000,"[""braid-100"",""braid-1000"",""braid-10"",""braid-10000"",""braid-0"",""baseline""]",parser_inclusive_subprocess_wall_clock,1,unsat,0.108147252,0,0,0,,,"unsat
",,"[""/net/scratch/hscra/plgrid/plgnasqret/codex-control/projects/euf-viper/runs/20260727T103600Z-phase-braid-qg7-8233420/target/release/euf-viper"",""fabric-solve"",""--engine"",""quotient-portfolio"",""/net/scratch/hscra/plgrid/plgnasqret/codex-control/projects/euf-viper/corpora/9b39c70a794d52277a4e5d83731f0ebc50a2f3b804eb1dfc8cf32766a5ebeadc/smtlib-2025/QF_UF/QF_UF/QG-classification/qg7/iso_brn003.smt2""]"
56,1,7048,QF_UF/QG-classification/qg7/iso_brn003.smt2,aef06e83b376125af41ed6b147b988afc3f5011593ac1cb07b77671be490f8d5,38367,unsat,1,williams_first_order_carryover,6ad653227c3c19559c94ff26e7c6827f5db285b786b909d8b494bd463f6fcf84,3,3,0,3,2,2,braid-10,braid-10,"[""braid-100"",""braid-1000"",""braid-10"",""braid-10000"",""braid-0"",""baseline""]",parser_inclusive_subprocess_wall_clock,1,unsat,0.108150487,0,0,0,,,"unsat
",,"[""/net/scratch/hscra/plgrid/plgnasqret/codex-control/projects/euf-viper/runs/20260727T103600Z-phase-braid-qg7-8233420/target/release/euf-viper"",""fabric-solve"",""--engine"",""quotient-portfolio"",""/net/scratch/hscra/plgrid/plgnasqret/codex-control/projects/euf-viper/corpora/9b39c70a794d52277a4e5d83731f0ebc50a2f3b804eb1dfc8cf32766a5ebeadc/smtlib-2025/QF_UF/QF_UF/QG-classification/qg7/iso_brn003.smt2""]"
57,1,7048,QF_UF/QG-classification/qg7/iso_brn003.smt2,aef06e83b376125af41ed6b147b988afc3f5011593ac1cb07b77671be490f8d5,38367,unsat,1,williams_first_order_carryover,6ad653227c3c19559c94ff26e7c6827f5db285b786b909d8b494bd463f6fcf84,3,3,0,3,3,3,braid-10000,braid-10000,"[""braid-100"",""braid-1000"",""braid-10"",""braid-10000"",""braid-0"",""baseline""]",parser_inclusive_subprocess_wall_clock,1,unsat,0.109034061,0,0,0,,,"unsat
",,"[""/net/scratch/hscra/plgrid/plgnasqret/codex-control/projects/euf-viper/runs/20260727T103600Z-phase-braid-qg7-8233420/target/release/euf-viper"",""fabric-solve"",""--engine"",""quotient-portfolio"",""/net/scratch/hscra/plgrid/plgnasqret/codex-control/projects/euf-viper/corpora/9b39c70a794d52277a4e5d83731f0ebc50a2f3b804eb1dfc8cf32766a5ebeadc/smtlib-2025/QF_UF/QF_UF/QG-classification/qg7/iso_brn003.smt2""]"
58,1,7048,QF_UF/QG-classification/qg7/iso_brn003.smt2,aef06e83b376125af41ed6b147b988afc3f5011593ac1cb07b77671be490f8d5,38367,unsat,1,williams_first_order_carryover,6ad653227c3c19559c94ff26e7c6827f5db285b786b909d8b494bd463f6fcf84,3,3,0,3,4,4,braid-0,braid-0,"[""braid-100"",""braid-1000"",""braid-10"",""braid-10000"",""braid-0"",""baseline""]",parser_inclusive_subprocess_wall_clock,1,unsat,0.109185842,0,0,0,,,"unsat
",,"[""/net/scratch/hscra/plgrid/plgnasqret/codex-control/projects/euf-viper/runs/20260727T103600Z-phase-braid-qg7-8233420/target/release/euf-viper"",""fabric-solve"",""--engine"",""quotient-portfolio"",""/net/scratch/hscra/plgrid/plgnasqret/codex-control/projects/euf-viper/corpora/9b39c70a794d52277a4e5d83731f0ebc50a2f3b804eb1dfc8cf32766a5ebeadc/smtlib-2025/QF_UF/QF_UF/QG-classification/qg7/iso_brn003.smt2""]"
59,1,7048,QF_UF/QG-classification/qg7/iso_brn003.smt2,aef06e83b376125af41ed6b147b988afc3f5011593ac1cb07b77671be490f8d5,38367,unsat,1,williams_first_order_carryover,6ad653227c3c19559c94ff26e7c6827f5db285b786b909d8b494bd463f6fcf84,3,3,0,3,5,5,baseline,baseline,"[""braid-100"",""braid-1000"",""braid-10"",""braid-10000"",""braid-0"",""baseline""]",parser_inclusive_subprocess_wall_clock,1,unsat,0.111243710,0,0,0,,,"unsat
",,"[""/net/scratch/hscra/plgrid/plgnasqret/codex-control/projects/euf-viper/runs/20260727T103600Z-phase-braid-qg7-8233420/target/release/euf-viper"",""fabric-solve"",""--engine"",""quotient-portfolio"",""/net/scratch/hscra/plgrid/plgnasqret/codex-control/projects/euf-viper/corpora/9b39c70a794d52277a4e5d83731f0ebc50a2f3b804eb1dfc8cf32766a5ebeadc/smtlib-2025/QF_UF/QF_UF/QG-classification/qg7/iso_brn003.smt2""]"
60,1,7048,QF_UF/QG-classification/qg7/iso_brn003.smt2,aef06e83b376125af41ed6b147b988afc3f5011593ac1cb07b77671be490f8d5,38367,unsat,1,williams_first_order_carryover,6ad653227c3c19559c94ff26e7c6827f5db285b786b909d8b494bd463f6fcf84,4,4,0,4,0,0,braid-1000,braid-1000,"[""braid-1000"",""braid-10000"",""braid-100"",""baseline"",""braid-10"",""braid-0""]",parser_inclusive_subprocess_wall_clock,1,unsat,0.109389786,0,0,0,,,"unsat
",,"[""/net/scratch/hscra/plgrid/plgnasqret/codex-control/projects/euf-viper/runs/20260727T103600Z-phase-braid-qg7-8233420/target/release/euf-viper"",""fabric-solve"",""--engine"",""quotient-portfolio"",""/net/scratch/hscra/plgrid/plgnasqret/codex-control/projects/euf-viper/corpora/9b39c70a794d52277a4e5d83731f0ebc50a2f3b804eb1dfc8cf32766a5ebeadc/smtlib-2025/QF_UF/QF_UF/QG-classification/qg7/iso_brn003.smt2""]"
61,1,7048,QF_UF/QG-classification/qg7/iso_brn003.smt2,aef06e83b376125af41ed6b147b988afc3f5011593ac1cb07b77671be490f8d5,38367,unsat,1,williams_first_order_carryover,6ad653227c3c19559c94ff26e7c6827f5db285b786b909d8b494bd463f6fcf84,4,4,0,4,1,1,braid-10000,braid-10000,"[""braid-1000"",""braid-10000"",""braid-100"",""baseline"",""braid-10"",""braid-0""]",parser_inclusive_subprocess_wall_clock,1,unsat,0.109307175,0,0,0,,,"unsat
",,"[""/net/scratch/hscra/plgrid/plgnasqret/codex-control/projects/euf-viper/runs/20260727T103600Z-phase-braid-qg7-8233420/target/release/euf-viper"",""fabric-solve"",""--engine"",""quotient-portfolio"",""/net/scratch/hscra/plgrid/plgnasqret/codex-control/projects/euf-viper/corpora/9b39c70a794d52277a4e5d83731f0ebc50a2f3b804eb1dfc8cf32766a5ebeadc/smtlib-2025/QF_UF/QF_UF/QG-classification/qg7/iso_brn003.smt2""]"
62,1,7048,QF_UF/QG-classification/qg7/iso_brn003.smt2,aef06e83b376125af41ed6b147b988afc3f5011593ac1cb07b77671be490f8d5,38367,unsat,1,williams_first_order_carryover,6ad653227c3c19559c94ff26e7c6827f5db285b786b909d8b494bd463f6fcf84,4,4,0,4,2,2,braid-100,braid-100,"[""braid-1000"",""braid-10000"",""braid-100"",""baseline"",""braid-10"",""braid-0""]",parser_inclusive_subprocess_wall_clock,1,unsat,0.108588293,0,0,0,,,"unsat
",,"[""/net/scratch/hscra/plgrid/plgnasqret/codex-control/projects/euf-viper/runs/20260727T103600Z-phase-braid-qg7-8233420/target/release/euf-viper"",""fabric-solve"",""--engine"",""quotient-portfolio"",""/net/scratch/hscra/plgrid/plgnasqret/codex-control/projects/euf-viper/corpora/9b39c70a794d52277a4e5d83731f0ebc50a2f3b804eb1dfc8cf32766a5ebeadc/smtlib-2025/QF_UF/QF_UF/QG-classification/qg7/iso_brn003.smt2""]"
63,1,7048,QF_UF/QG-classification/qg7/iso_brn003.smt2,aef06e83b376125af41ed6b147b988afc3f5011593ac1cb07b77671be490f8d5,38367,unsat,1,williams_first_order_carryover,6ad653227c3c19559c94ff26e7c6827f5db285b786b909d8b494bd463f6fcf84,4,4,0,4,3,3,baseline,baseline,"[""braid-1000"",""braid-10000"",""braid-100"",""baseline"",""braid-10"",""braid-0""]",parser_inclusive_subprocess_wall_clock,1,unsat,0.108603678,0,0,0,,,"unsat
",,"[""/net/scratch/hscra/plgrid/plgnasqret/codex-control/projects/euf-viper/runs/20260727T103600Z-phase-braid-qg7-8233420/target/release/euf-viper"",""fabric-solve"",""--engine"",""quotient-portfolio"",""/net/scratch/hscra/plgrid/plgnasqret/codex-control/projects/euf-viper/corpora/9b39c70a794d52277a4e5d83731f0ebc50a2f3b804eb1dfc8cf32766a5ebeadc/smtlib-2025/QF_UF/QF_UF/QG-classification/qg7/iso_brn003.smt2""]"
64,1,7048,QF_UF/QG-classification/qg7/iso_brn003.smt2,aef06e83b376125af41ed6b147b988afc3f5011593ac1cb07b77671be490f8d5,38367,unsat,1,williams_first_order_carryover,6ad653227c3c19559c94ff26e7c6827f5db285b786b909d8b494bd463f6fcf84,4,4,0,4,4,4,braid-10,braid-10,"[""braid-1000"",""braid-10000"",""braid-100"",""baseline"",""braid-10"",""braid-0""]",parser_inclusive_subprocess_wall_clock,1,unsat,0.109652153,0,0,0,,,"unsat
",,"[""/net/scratch/hscra/plgrid/plgnasqret/codex-control/projects/euf-viper/runs/20260727T103600Z-phase-braid-qg7-8233420/target/release/euf-viper"",""fabric-solve"",""--engine"",""quotient-portfolio"",""/net/scratch/hscra/plgrid/plgnasqret/codex-control/projects/euf-viper/corpora/9b39c70a794d52277a4e5d83731f0ebc50a2f3b804eb1dfc8cf32766a5ebeadc/smtlib-2025/QF_UF/QF_UF/QG-classification/qg7/iso_brn003.smt2""]"
65,1,7048,QF_UF/QG-classification/qg7/iso_brn003.smt2,aef06e83b376125af41ed6b147b988afc3f5011593ac1cb07b77671be490f8d5,38367,unsat,1,williams_first_order_carryover,6ad653227c3c19559c94ff26e7c6827f5db285b786b909d8b494bd463f6fcf84,4,4,0,4,5,5,braid-0,braid-0,"[""braid-1000"",""braid-10000"",""braid-100"",""baseline"",""braid-10"",""braid-0""]",parser_inclusive_subprocess_wall_clock,1,unsat,0.110308896,0,0,0,,,"unsat
",,"[""/net/scratch/hscra/plgrid/plgnasqret/codex-control/projects/euf-viper/runs/20260727T103600Z-phase-braid-qg7-8233420/target/release/euf-viper"",""fabric-solve"",""--engine"",""quotient-portfolio"",""/net/scratch/hscra/plgrid/plgnasqret/codex-control/projects/euf-viper/corpora/9b39c70a794d52277a4e5d83731f0ebc50a2f3b804eb1dfc8cf32766a5ebeadc/smtlib-2025/QF_UF/QF_UF/QG-classification/qg7/iso_brn003.smt2""]"
66,1,7048,QF_UF/QG-classification/qg7/iso_brn003.smt2,aef06e83b376125af41ed6b147b988afc3f5011593ac1cb07b77671be490f8d5,38367,unsat,1,williams_first_order_carryover,6ad653227c3c19559c94ff26e7c6827f5db285b786b909d8b494bd463f6fcf84,5,5,0,5,0,0,braid-10000,braid-10000,"[""braid-10000"",""baseline"",""braid-1000"",""braid-0"",""braid-100"",""braid-10""]",parser_inclusive_subprocess_wall_clock,1,unsat,0.109837547,0,0,0,,,"unsat
",,"[""/net/scratch/hscra/plgrid/plgnasqret/codex-control/projects/euf-viper/runs/20260727T103600Z-phase-braid-qg7-8233420/target/release/euf-viper"",""fabric-solve"",""--engine"",""quotient-portfolio"",""/net/scratch/hscra/plgrid/plgnasqret/codex-control/projects/euf-viper/corpora/9b39c70a794d52277a4e5d83731f0ebc50a2f3b804eb1dfc8cf32766a5ebeadc/smtlib-2025/QF_UF/QF_UF/QG-classification/qg7/iso_brn003.smt2""]"
67,1,7048,QF_UF/QG-classification/qg7/iso_brn003.smt2,aef06e83b376125af41ed6b147b988afc3f5011593ac1cb07b77671be490f8d5,38367,unsat,1,williams_first_order_carryover,6ad653227c3c19559c94ff26e7c6827f5db285b786b909d8b494bd463f6fcf84,5,5,0,5,1,1,baseline,baseline,"[""braid-10000"",""baseline"",""braid-1000"",""braid-0"",""braid-100"",""braid-10""]",parser_inclusive_subprocess_wall_clock,1,unsat,0.110813858,0,0,0,,,"unsat
",,"[""/net/scratch/hscra/plgrid/plgnasqret/codex-control/projects/euf-viper/runs/20260727T103600Z-phase-braid-qg7-8233420/target/release/euf-viper"",""fabric-solve"",""--engine"",""quotient-portfolio"",""/net/scratch/hscra/plgrid/plgnasqret/codex-control/projects/euf-viper/corpora/9b39c70a794d52277a4e5d83731f0ebc50a2f3b804eb1dfc8cf32766a5ebeadc/smtlib-2025/QF_UF/QF_UF/QG-classification/qg7/iso_brn003.smt2""]"
68,1,7048,QF_UF/QG-classification/qg7/iso_brn003.smt2,aef06e83b376125af41ed6b147b988afc3f5011593ac1cb07b77671be490f8d5,38367,unsat,1,williams_first_order_carryover,6ad653227c3c19559c94ff26e7c6827f5db285b786b909d8b494bd463f6fcf84,5,5,0,5,2,2,braid-1000,braid-1000,"[""braid-10000"",""baseline"",""braid-1000"",""braid-0"",""braid-100"",""braid-10""]",parser_inclusive_subprocess_wall_clock,1,unsat,0.109273101,0,0,0,,,"unsat
",,"[""/net/scratch/hscra/plgrid/plgnasqret/codex-control/projects/euf-viper/runs/20260727T103600Z-phase-braid-qg7-8233420/target/release/euf-viper"",""fabric-solve"",""--engine"",""quotient-portfolio"",""/net/scratch/hscra/plgrid/plgnasqret/codex-control/projects/euf-viper/corpora/9b39c70a794d52277a4e5d83731f0ebc50a2f3b804eb1dfc8cf32766a5ebeadc/smtlib-2025/QF_UF/QF_UF/QG-classification/qg7/iso_brn003.smt2""]"
69,1,7048,QF_UF/QG-classification/qg7/iso_brn003.smt2,aef06e83b376125af41ed6b147b988afc3f5011593ac1cb07b77671be490f8d5,38367,unsat,1,williams_first_order_carryover,6ad653227c3c19559c94ff26e7c6827f5db285b786b909d8b494bd463f6fcf84,5,5,0,5,3,3,braid-0,braid-0,"[""braid-10000"",""baseline"",""braid-1000"",""braid-0"",""braid-100"",""braid-10""]",parser_inclusive_subprocess_wall_clock,1,unsat,0.109144206,0,0,0,,,"unsat
",,"[""/net/scratch/hscra/plgrid/plgnasqret/codex-control/projects/euf-viper/runs/20260727T103600Z-phase-braid-qg7-8233420/target/release/euf-viper"",""fabric-solve"",""--engine"",""quotient-portfolio"",""/net/scratch/hscra/plgrid/plgnasqret/codex-control/projects/euf-viper/corpora/9b39c70a794d52277a4e5d83731f0ebc50a2f3b804eb1dfc8cf32766a5ebeadc/smtlib-2025/QF_UF/QF_UF/QG-classification/qg7/iso_brn003.smt2""]"
70,1,7048,QF_UF/QG-classification/qg7/iso_brn003.smt2,aef06e83b376125af41ed6b147b988afc3f5011593ac1cb07b77671be490f8d5,38367,unsat,1,williams_first_order_carryover,6ad653227c3c19559c94ff26e7c6827f5db285b786b909d8b494bd463f6fcf84,5,5,0,5,4,4,braid-100,braid-100,"[""braid-10000"",""baseline"",""braid-1000"",""braid-0"",""braid-100"",""braid-10""]",parser_inclusive_subprocess_wall_clock,1,unsat,0.108771804,0,0,0,,,"unsat
",,"[""/net/scratch/hscra/plgrid/plgnasqret/codex-control/projects/euf-viper/runs/20260727T103600Z-phase-braid-qg7-8233420/target/release/euf-viper"",""fabric-solve"",""--engine"",""quotient-portfolio"",""/net/scratch/hscra/plgrid/plgnasqret/codex-control/projects/euf-viper/corpora/9b39c70a794d52277a4e5d83731f0ebc50a2f3b804eb1dfc8cf32766a5ebeadc/smtlib-2025/QF_UF/QF_UF/QG-classification/qg7/iso_brn003.smt2""]"
71,1,7048,QF_UF/QG-classification/qg7/iso_brn003.smt2,aef06e83b376125af41ed6b147b988afc3f5011593ac1cb07b77671be490f8d5,38367,unsat,1,williams_first_order_carryover,6ad653227c3c19559c94ff26e7c6827f5db285b786b909d8b494bd463f6fcf84,5,5,0,5,5,5,braid-10,braid-10,"[""braid-10000"",""baseline"",""braid-1000"",""braid-0"",""braid-100"",""braid-10""]",parser_inclusive_subprocess_wall_clock,1,unsat,0.109904794,0,0,0,,,"unsat
",,"[""/net/scratch/hscra/plgrid/plgnasqret/codex-control/projects/euf-viper/runs/20260727T103600Z-phase-braid-qg7-8233420/target/release/euf-viper"",""fabric-solve"",""--engine"",""quotient-portfolio"",""/net/scratch/hscra/plgrid/plgnasqret/codex-control/projects/euf-viper/corpora/9b39c70a794d52277a4e5d83731f0ebc50a2f3b804eb1dfc8cf32766a5ebeadc/smtlib-2025/QF_UF/QF_UF/QG-classification/qg7/iso_brn003.smt2""]"
72,2,7104,QF_UF/QG-classification/qg7/iso_brn_nogen005.smt2,a27c6f662b94b22e6a1b65717825f29220742dc9854addb906f438fbb6e5bf7f,6012655,sat,1,williams_first_order_carryover,6ad653227c3c19559c94ff26e7c6827f5db285b786b909d8b494bd463f6fcf84,0,0,0,0,0,0,baseline,baseline,"[""baseline"",""braid-0"",""braid-10000"",""braid-10"",""braid-1000"",""braid-100""]",parser_inclusive_subprocess_wall_clock,1,sat,0.405071143,0,0,0,,,"sat
",,"[""/net/scratch/hscra/plgrid/plgnasqret/codex-control/projects/euf-viper/runs/20260727T103600Z-phase-braid-qg7-8233420/target/release/euf-viper"",""fabric-solve"",""--engine"",""quotient-portfolio"",""/net/scratch/hscra/plgrid/plgnasqret/codex-control/projects/euf-viper/corpora/9b39c70a794d52277a4e5d83731f0ebc50a2f3b804eb1dfc8cf32766a5ebeadc/smtlib-2025/QF_UF/QF_UF/QG-classification/qg7/iso_brn_nogen005.smt2""]"
73,2,7104,QF_UF/QG-classification/qg7/iso_brn_nogen005.smt2,a27c6f662b94b22e6a1b65717825f29220742dc9854addb906f438fbb6e5bf7f,6012655,sat,1,williams_first_order_carryover,6ad653227c3c19559c94ff26e7c6827f5db285b786b909d8b494bd463f6fcf84,0,0,0,0,1,1,braid-0,braid-0,"[""baseline"",""braid-0"",""braid-10000"",""braid-10"",""braid-1000"",""braid-100""]",parser_inclusive_subprocess_wall_clock,1,sat,0.334280415,0,0,0,,,"sat
",,"[""/net/scratch/hscra/plgrid/plgnasqret/codex-control/projects/euf-viper/runs/20260727T103600Z-phase-braid-qg7-8233420/target/release/euf-viper"",""fabric-solve"",""--engine"",""quotient-portfolio"",""/net/scratch/hscra/plgrid/plgnasqret/codex-control/projects/euf-viper/corpora/9b39c70a794d52277a4e5d83731f0ebc50a2f3b804eb1dfc8cf32766a5ebeadc/smtlib-2025/QF_UF/QF_UF/QG-classification/qg7/iso_brn_nogen005.smt2""]"
74,2,7104,QF_UF/QG-classification/qg7/iso_brn_nogen005.smt2,a27c6f662b94b22e6a1b65717825f29220742dc9854addb906f438fbb6e5bf7f,6012655,sat,1,williams_first_order_carryover,6ad653227c3c19559c94ff26e7c6827f5db285b786b909d8b494bd463f6fcf84,0,0,0,0,2,2,braid-10000,braid-10000,"[""baseline"",""braid-0"",""braid-10000"",""braid-10"",""braid-1000"",""braid-100""]",parser_inclusive_subprocess_wall_clock,1,sat,0.320736552,0,0,0,,,"sat
",,"[""/net/scratch/hscra/plgrid/plgnasqret/codex-control/projects/euf-viper/runs/20260727T103600Z-phase-braid-qg7-8233420/target/release/euf-viper"",""fabric-solve"",""--engine"",""quotient-portfolio"",""/net/scratch/hscra/plgrid/plgnasqret/codex-control/projects/euf-viper/corpora/9b39c70a794d52277a4e5d83731f0ebc50a2f3b804eb1dfc8cf32766a5ebeadc/smtlib-2025/QF_UF/QF_UF/QG-classification/qg7/iso_brn_nogen005.smt2""]"
75,2,7104,QF_UF/QG-classification/qg7/iso_brn_nogen005.smt2,a27c6f662b94b22e6a1b65717825f29220742dc9854addb906f438fbb6e5bf7f,6012655,sat,1,williams_first_order_carryover,6ad653227c3c19559c94ff26e7c6827f5db285b786b909d8b494bd463f6fcf84,0,0,0,0,3,3,braid-10,braid-10,"[""baseline"",""braid-0"",""braid-10000"",""braid-10"",""braid-1000"",""braid-100""]",parser_inclusive_subprocess_wall_clock,1,sat,0.319745539,0,0,0,,,"sat
",,"[""/net/scratch/hscra/plgrid/plgnasqret/codex-control/projects/euf-viper/runs/20260727T103600Z-phase-braid-qg7-8233420/target/release/euf-viper"",""fabric-solve"",""--engine"",""quotient-portfolio"",""/net/scratch/hscra/plgrid/plgnasqret/codex-control/projects/euf-viper/corpora/9b39c70a794d52277a4e5d83731f0ebc50a2f3b804eb1dfc8cf32766a5ebeadc/smtlib-2025/QF_UF/QF_UF/QG-classification/qg7/iso_brn_nogen005.smt2""]"
76,2,7104,QF_UF/QG-classification/qg7/iso_brn_nogen005.smt2,a27c6f662b94b22e6a1b65717825f29220742dc9854addb906f438fbb6e5bf7f,6012655,sat,1,williams_first_order_carryover,6ad653227c3c19559c94ff26e7c6827f5db285b786b909d8b494bd463f6fcf84,0,0,0,0,4,4,braid-1000,braid-1000,"[""baseline"",""braid-0"",""braid-10000"",""braid-10"",""braid-1000"",""braid-100""]",parser_inclusive_subprocess_wall_clock,1,sat,0.320060839,0,0,0,,,"sat
",,"[""/net/scratch/hscra/plgrid/plgnasqret/codex-control/projects/euf-viper/runs/20260727T103600Z-phase-braid-qg7-8233420/target/release/euf-viper"",""fabric-solve"",""--engine"",""quotient-portfolio"",""/net/scratch/hscra/plgrid/plgnasqret/codex-control/projects/euf-viper/corpora/9b39c70a794d52277a4e5d83731f0ebc50a2f3b804eb1dfc8cf32766a5ebeadc/smtlib-2025/QF_UF/QF_UF/QG-classification/qg7/iso_brn_nogen005.smt2""]"
77,2,7104,QF_UF/QG-classification/qg7/iso_brn_nogen005.smt2,a27c6f662b94b22e6a1b65717825f29220742dc9854addb906f438fbb6e5bf7f,6012655,sat,1,williams_first_order_carryover,6ad653227c3c19559c94ff26e7c6827f5db285b786b909d8b494bd463f6fcf84,0,0,0,0,5,5,braid-100,braid-100,"[""baseline"",""braid-0"",""braid-10000"",""braid-10"",""braid-1000"",""braid-100""]",parser_inclusive_subprocess_wall_clock,1,sat,0.318655297,0,0,0,,,"sat
",,"[""/net/scratch/hscra/plgrid/plgnasqret/codex-control/projects/euf-viper/runs/20260727T103600Z-phase-braid-qg7-8233420/target/release/euf-viper"",""fabric-solve"",""--engine"",""quotient-portfolio"",""/net/scratch/hscra/plgrid/plgnasqret/codex-control/projects/euf-viper/corpora/9b39c70a794d52277a4e5d83731f0ebc50a2f3b804eb1dfc8cf32766a5ebeadc/smtlib-2025/QF_UF/QF_UF/QG-classification/qg7/iso_brn_nogen005.smt2""]"
78,2,7104,QF_UF/QG-classification/qg7/iso_brn_nogen005.smt2,a27c6f662b94b22e6a1b65717825f29220742dc9854addb906f438fbb6e5bf7f,6012655,sat,1,williams_first_order_carryover,6ad653227c3c19559c94ff26e7c6827f5db285b786b909d8b494bd463f6fcf84,1,1,0,1,0,0,braid-0,braid-0,"[""braid-0"",""braid-10"",""baseline"",""braid-100"",""braid-10000"",""braid-1000""]",parser_inclusive_subprocess_wall_clock,1,sat,0.320499967,0,0,0,,,"sat
",,"[""/net/scratch/hscra/plgrid/plgnasqret/codex-control/projects/euf-viper/runs/20260727T103600Z-phase-braid-qg7-8233420/target/release/euf-viper"",""fabric-solve"",""--engine"",""quotient-portfolio"",""/net/scratch/hscra/plgrid/plgnasqret/codex-control/projects/euf-viper/corpora/9b39c70a794d52277a4e5d83731f0ebc50a2f3b804eb1dfc8cf32766a5ebeadc/smtlib-2025/QF_UF/QF_UF/QG-classification/qg7/iso_brn_nogen005.smt2""]"
79,2,7104,QF_UF/QG-classification/qg7/iso_brn_nogen005.smt2,a27c6f662b94b22e6a1b65717825f29220742dc9854addb906f438fbb6e5bf7f,6012655,sat,1,williams_first_order_carryover,6ad653227c3c19559c94ff26e7c6827f5db285b786b909d8b494bd463f6fcf84,1,1,0,1,1,1,braid-10,braid-10,"[""braid-0"",""braid-10"",""baseline"",""braid-100"",""braid-10000"",""braid-1000""]",parser_inclusive_subprocess_wall_clock,1,sat,0.319641563,0,0,0,,,"sat
",,"[""/net/scratch/hscra/plgrid/plgnasqret/codex-control/projects/euf-viper/runs/20260727T103600Z-phase-braid-qg7-8233420/target/release/euf-viper"",""fabric-solve"",""--engine"",""quotient-portfolio"",""/net/scratch/hscra/plgrid/plgnasqret/codex-control/projects/euf-viper/corpora/9b39c70a794d52277a4e5d83731f0ebc50a2f3b804eb1dfc8cf32766a5ebeadc/smtlib-2025/QF_UF/QF_UF/QG-classification/qg7/iso_brn_nogen005.smt2""]"
80,2,7104,QF_UF/QG-classification/qg7/iso_brn_nogen005.smt2,a27c6f662b94b22e6a1b65717825f29220742dc9854addb906f438fbb6e5bf7f,6012655,sat,1,williams_first_order_carryover,6ad653227c3c19559c94ff26e7c6827f5db285b786b909d8b494bd463f6fcf84,1,1,0,1,2,2,baseline,baseline,"[""braid-0"",""braid-10"",""baseline"",""braid-100"",""braid-10000"",""braid-1000""]",parser_inclusive_subprocess_wall_clock,1,sat,0.322138018,0,0,0,,,"sat
",,"[""/net/scratch/hscra/plgrid/plgnasqret/codex-control/projects/euf-viper/runs/20260727T103600Z-phase-braid-qg7-8233420/target/release/euf-viper"",""fabric-solve"",""--engine"",""quotient-portfolio"",""/net/scratch/hscra/plgrid/plgnasqret/codex-control/projects/euf-viper/corpora/9b39c70a794d52277a4e5d83731f0ebc50a2f3b804eb1dfc8cf32766a5ebeadc/smtlib-2025/QF_UF/QF_UF/QG-classification/qg7/iso_brn_nogen005.smt2""]"
81,2,7104,QF_UF/QG-classification/qg7/iso_brn_nogen005.smt2,a27c6f662b94b22e6a1b65717825f29220742dc9854addb906f438fbb6e5bf7f,6012655,sat,1,williams_first_order_carryover,6ad653227c3c19559c94ff26e7c6827f5db285b786b909d8b494bd463f6fcf84,1,1,0,1,3,3,braid-100,braid-100,"[""braid-0"",""braid-10"",""baseline"",""braid-100"",""braid-10000"",""braid-1000""]",parser_inclusive_subprocess_wall_clock,1,sat,0.318354359,0,0,0,,,"sat
",,"[""/net/scratch/hscra/plgrid/plgnasqret/codex-control/projects/euf-viper/runs/20260727T103600Z-phase-braid-qg7-8233420/target/release/euf-viper"",""fabric-solve"",""--engine"",""quotient-portfolio"",""/net/scratch/hscra/plgrid/plgnasqret/codex-control/projects/euf-viper/corpora/9b39c70a794d52277a4e5d83731f0ebc50a2f3b804eb1dfc8cf32766a5ebeadc/smtlib-2025/QF_UF/QF_UF/QG-classification/qg7/iso_brn_nogen005.smt2""]"
82,2,7104,QF_UF/QG-classification/qg7/iso_brn_nogen005.smt2,a27c6f662b94b22e6a1b65717825f29220742dc9854addb906f438fbb6e5bf7f,6012655,sat,1,williams_first_order_carryover,6ad653227c3c19559c94ff26e7c6827f5db285b786b909d8b494bd463f6fcf84,1,1,0,1,4,4,braid-10000,braid-10000,"[""braid-0"",""braid-10"",""baseline"",""braid-100"",""braid-10000"",""braid-1000""]",parser_inclusive_subprocess_wall_clock,1,sat,0.331133356,0,0,0,,,"sat
",,"[""/net/scratch/hscra/plgrid/plgnasqret/codex-control/projects/euf-viper/runs/20260727T103600Z-phase-braid-qg7-8233420/target/release/euf-viper"",""fabric-solve"",""--engine"",""quotient-portfolio"",""/net/scratch/hscra/plgrid/plgnasqret/codex-control/projects/euf-viper/corpora/9b39c70a794d52277a4e5d83731f0ebc50a2f3b804eb1dfc8cf32766a5ebeadc/smtlib-2025/QF_UF/QF_UF/QG-classification/qg7/iso_brn_nogen005.smt2""]"
83,2,7104,QF_UF/QG-classification/qg7/iso_brn_nogen005.smt2,a27c6f662b94b22e6a1b65717825f29220742dc9854addb906f438fbb6e5bf7f,6012655,sat,1,williams_first_order_carryover,6ad653227c3c19559c94ff26e7c6827f5db285b786b909d8b494bd463f6fcf84,1,1,0,1,5,5,braid-1000,braid-1000,"[""braid-0"",""braid-10"",""baseline"",""braid-100"",""braid-10000"",""braid-1000""]",parser_inclusive_subprocess_wall_clock,1,sat,0.325562638,0,0,0,,,"sat
",,"[""/net/scratch/hscra/plgrid/plgnasqret/codex-control/projects/euf-viper/runs/20260727T103600Z-phase-braid-qg7-8233420/target/release/euf-viper"",""fabric-solve"",""--engine"",""quotient-portfolio"",""/net/scratch/hscra/plgrid/plgnasqret/codex-control/projects/euf-viper/corpora/9b39c70a794d52277a4e5d83731f0ebc50a2f3b804eb1dfc8cf32766a5ebeadc/smtlib-2025/QF_UF/QF_UF/QG-classification/qg7/iso_brn_nogen005.smt2""]"
84,2,7104,QF_UF/QG-classification/qg7/iso_brn_nogen005.smt2,a27c6f662b94b22e6a1b65717825f29220742dc9854addb906f438fbb6e5bf7f,6012655,sat,1,williams_first_order_carryover,6ad653227c3c19559c94ff26e7c6827f5db285b786b909d8b494bd463f6fcf84,2,2,0,2,0,0,braid-10,braid-10,"[""braid-10"",""braid-100"",""braid-0"",""braid-1000"",""baseline"",""braid-10000""]",parser_inclusive_subprocess_wall_clock,1,sat,0.351092538,0,0,0,,,"sat
",,"[""/net/scratch/hscra/plgrid/plgnasqret/codex-control/projects/euf-viper/runs/20260727T103600Z-phase-braid-qg7-8233420/target/release/euf-viper"",""fabric-solve"",""--engine"",""quotient-portfolio"",""/net/scratch/hscra/plgrid/plgnasqret/codex-control/projects/euf-viper/corpora/9b39c70a794d52277a4e5d83731f0ebc50a2f3b804eb1dfc8cf32766a5ebeadc/smtlib-2025/QF_UF/QF_UF/QG-classification/qg7/iso_brn_nogen005.smt2""]"
85,2,7104,QF_UF/QG-classification/qg7/iso_brn_nogen005.smt2,a27c6f662b94b22e6a1b65717825f29220742dc9854addb906f438fbb6e5bf7f,6012655,sat,1,williams_first_order_carryover,6ad653227c3c19559c94ff26e7c6827f5db285b786b909d8b494bd463f6fcf84,2,2,0,2,1,1,braid-100,braid-100,"[""braid-10"",""braid-100"",""braid-0"",""braid-1000"",""baseline"",""braid-10000""]",parser_inclusive_subprocess_wall_clock,1,sat,0.354646032,0,0,0,,,"sat
",,"[""/net/scratch/hscra/plgrid/plgnasqret/codex-control/projects/euf-viper/runs/20260727T103600Z-phase-braid-qg7-8233420/target/release/euf-viper"",""fabric-solve"",""--engine"",""quotient-portfolio"",""/net/scratch/hscra/plgrid/plgnasqret/codex-control/projects/euf-viper/corpora/9b39c70a794d52277a4e5d83731f0ebc50a2f3b804eb1dfc8cf32766a5ebeadc/smtlib-2025/QF_UF/QF_UF/QG-classification/qg7/iso_brn_nogen005.smt2""]"
86,2,7104,QF_UF/QG-classification/qg7/iso_brn_nogen005.smt2,a27c6f662b94b22e6a1b65717825f29220742dc9854addb906f438fbb6e5bf7f,6012655,sat,1,williams_first_order_carryover,6ad653227c3c19559c94ff26e7c6827f5db285b786b909d8b494bd463f6fcf84,2,2,0,2,2,2,braid-0,braid-0,"[""braid-10"",""braid-100"",""braid-0"",""braid-1000"",""baseline"",""braid-10000""]",parser_inclusive_subprocess_wall_clock,1,sat,0.369961127,0,0,0,,,"sat
",,"[""/net/scratch/hscra/plgrid/plgnasqret/codex-control/projects/euf-viper/runs/20260727T103600Z-phase-braid-qg7-8233420/target/release/euf-viper"",""fabric-solve"",""--engine"",""quotient-portfolio"",""/net/scratch/hscra/plgrid/plgnasqret/codex-control/projects/euf-viper/corpora/9b39c70a794d52277a4e5d83731f0ebc50a2f3b804eb1dfc8cf32766a5ebeadc/smtlib-2025/QF_UF/QF_UF/QG-classification/qg7/iso_brn_nogen005.smt2""]"
87,2,7104,QF_UF/QG-classification/qg7/iso_brn_nogen005.smt2,a27c6f662b94b22e6a1b65717825f29220742dc9854addb906f438fbb6e5bf7f,6012655,sat,1,williams_first_order_carryover,6ad653227c3c19559c94ff26e7c6827f5db285b786b909d8b494bd463f6fcf84,2,2,0,2,3,3,braid-1000,braid-1000,"[""braid-10"",""braid-100"",""braid-0"",""braid-1000"",""baseline"",""braid-10000""]",parser_inclusive_subprocess_wall_clock,1,sat,0.391379827,0,0,0,,,"sat
",,"[""/net/scratch/hscra/plgrid/plgnasqret/codex-control/projects/euf-viper/runs/20260727T103600Z-phase-braid-qg7-8233420/target/release/euf-viper"",""fabric-solve"",""--engine"",""quotient-portfolio"",""/net/scratch/hscra/plgrid/plgnasqret/codex-control/projects/euf-viper/corpora/9b39c70a794d52277a4e5d83731f0ebc50a2f3b804eb1dfc8cf32766a5ebeadc/smtlib-2025/QF_UF/QF_UF/QG-classification/qg7/iso_brn_nogen005.smt2""]"
88,2,7104,QF_UF/QG-classification/qg7/iso_brn_nogen005.smt2,a27c6f662b94b22e6a1b65717825f29220742dc9854addb906f438fbb6e5bf7f,6012655,sat,1,williams_first_order_carryover,6ad653227c3c19559c94ff26e7c6827f5db285b786b909d8b494bd463f6fcf84,2,2,0,2,4,4,baseline,baseline,"[""braid-10"",""braid-100"",""braid-0"",""braid-1000"",""baseline"",""braid-10000""]",parser_inclusive_subprocess_wall_clock,1,sat,0.366884430,0,0,0,,,"sat
",,"[""/net/scratch/hscra/plgrid/plgnasqret/codex-control/projects/euf-viper/runs/20260727T103600Z-phase-braid-qg7-8233420/target/release/euf-viper"",""fabric-solve"",""--engine"",""quotient-portfolio"",""/net/scratch/hscra/plgrid/plgnasqret/codex-control/projects/euf-viper/corpora/9b39c70a794d52277a4e5d83731f0ebc50a2f3b804eb1dfc8cf32766a5ebeadc/smtlib-2025/QF_UF/QF_UF/QG-classification/qg7/iso_brn_nogen005.smt2""]"
89,2,7104,QF_UF/QG-classification/qg7/iso_brn_nogen005.smt2,a27c6f662b94b22e6a1b65717825f29220742dc9854addb906f438fbb6e5bf7f,6012655,sat,1,williams_first_order_carryover,6ad653227c3c19559c94ff26e7c6827f5db285b786b909d8b494bd463f6fcf84,2,2,0,2,5,5,braid-10000,braid-10000,"[""braid-10"",""braid-100"",""braid-0"",""braid-1000"",""baseline"",""braid-10000""]",parser_inclusive_subprocess_wall_clock,1,sat,0.391237501,0,0,0,,,"sat
",,"[""/net/scratch/hscra/plgrid/plgnasqret/codex-control/projects/euf-viper/runs/20260727T103600Z-phase-braid-qg7-8233420/target/release/euf-viper"",""fabric-solve"",""--engine"",""quotient-portfolio"",""/net/scratch/hscra/plgrid/plgnasqret/codex-control/projects/euf-viper/corpora/9b39c70a794d52277a4e5d83731f0ebc50a2f3b804eb1dfc8cf32766a5ebeadc/smtlib-2025/QF_UF/QF_UF/QG-classification/qg7/iso_brn_nogen005.smt2""]"
90,2,7104,QF_UF/QG-classification/qg7/iso_brn_nogen005.smt2,a27c6f662b94b22e6a1b65717825f29220742dc9854addb906f438fbb6e5bf7f,6012655,sat,1,williams_first_order_carryover,6ad653227c3c19559c94ff26e7c6827f5db285b786b909d8b494bd463f6fcf84,3,3,0,3,0,0,braid-100,braid-100,"[""braid-100"",""braid-1000"",""braid-10"",""braid-10000"",""braid-0"",""baseline""]",parser_inclusive_subprocess_wall_clock,1,sat,0.406804466,0,0,0,,,"sat
",,"[""/net/scratch/hscra/plgrid/plgnasqret/codex-control/projects/euf-viper/runs/20260727T103600Z-phase-braid-qg7-8233420/target/release/euf-viper"",""fabric-solve"",""--engine"",""quotient-portfolio"",""/net/scratch/hscra/plgrid/plgnasqret/codex-control/projects/euf-viper/corpora/9b39c70a794d52277a4e5d83731f0ebc50a2f3b804eb1dfc8cf32766a5ebeadc/smtlib-2025/QF_UF/QF_UF/QG-classification/qg7/iso_brn_nogen005.smt2""]"
91,2,7104,QF_UF/QG-classification/qg7/iso_brn_nogen005.smt2,a27c6f662b94b22e6a1b65717825f29220742dc9854addb906f438fbb6e5bf7f,6012655,sat,1,williams_first_order_carryover,6ad653227c3c19559c94ff26e7c6827f5db285b786b909d8b494bd463f6fcf84,3,3,0,3,1,1,braid-1000,braid-1000,"[""braid-100"",""braid-1000"",""braid-10"",""braid-10000"",""braid-0"",""baseline""]",parser_inclusive_subprocess_wall_clock,1,sat,0.348193503,0,0,0,,,"sat
",,"[""/net/scratch/hscra/plgrid/plgnasqret/codex-control/projects/euf-viper/runs/20260727T103600Z-phase-braid-qg7-8233420/target/release/euf-viper"",""fabric-solve"",""--engine"",""quotient-portfolio"",""/net/scratch/hscra/plgrid/plgnasqret/codex-control/projects/euf-viper/corpora/9b39c70a794d52277a4e5d83731f0ebc50a2f3b804eb1dfc8cf32766a5ebeadc/smtlib-2025/QF_UF/QF_UF/QG-classification/qg7/iso_brn_nogen005.smt2""]"
92,2,7104,QF_UF/QG-classification/qg7/iso_brn_nogen005.smt2,a27c6f662b94b22e6a1b65717825f29220742dc9854addb906f438fbb6e5bf7f,6012655,sat,1,williams_first_order_carryover,6ad653227c3c19559c94ff26e7c6827f5db285b786b909d8b494bd463f6fcf84,3,3,0,3,2,2,braid-10,braid-10,"[""braid-100"",""braid-1000"",""braid-10"",""braid-10000"",""braid-0"",""baseline""]",parser_inclusive_subprocess_wall_clock,1,sat,0.334331145,0,0,0,,,"sat
",,"[""/net/scratch/hscra/plgrid/plgnasqret/codex-control/projects/euf-viper/runs/20260727T103600Z-phase-braid-qg7-8233420/target/release/euf-viper"",""fabric-solve"",""--engine"",""quotient-portfolio"",""/net/scratch/hscra/plgrid/plgnasqret/codex-control/projects/euf-viper/corpora/9b39c70a794d52277a4e5d83731f0ebc50a2f3b804eb1dfc8cf32766a5ebeadc/smtlib-2025/QF_UF/QF_UF/QG-classification/qg7/iso_brn_nogen005.smt2""]"
93,2,7104,QF_UF/QG-classification/qg7/iso_brn_nogen005.smt2,a27c6f662b94b22e6a1b65717825f29220742dc9854addb906f438fbb6e5bf7f,6012655,sat,1,williams_first_order_carryover,6ad653227c3c19559c94ff26e7c6827f5db285b786b909d8b494bd463f6fcf84,3,3,0,3,3,3,braid-10000,braid-10000,"[""braid-100"",""braid-1000"",""braid-10"",""braid-10000"",""braid-0"",""baseline""]",parser_inclusive_subprocess_wall_clock,1,sat,0.341875828,0,0,0,,,"sat
",,"[""/net/scratch/hscra/plgrid/plgnasqret/codex-control/projects/euf-viper/runs/20260727T103600Z-phase-braid-qg7-8233420/target/release/euf-viper"",""fabric-solve"",""--engine"",""quotient-portfolio"",""/net/scratch/hscra/plgrid/plgnasqret/codex-control/projects/euf-viper/corpora/9b39c70a794d52277a4e5d83731f0ebc50a2f3b804eb1dfc8cf32766a5ebeadc/smtlib-2025/QF_UF/QF_UF/QG-classification/qg7/iso_brn_nogen005.smt2""]"
94,2,7104,QF_UF/QG-classification/qg7/iso_brn_nogen005.smt2,a27c6f662b94b22e6a1b65717825f29220742dc9854addb906f438fbb6e5bf7f,6012655,sat,1,williams_first_order_carryover,6ad653227c3c19559c94ff26e7c6827f5db285b786b909d8b494bd463f6fcf84,3,3,0,3,4,4,braid-0,braid-0,"[""braid-100"",""braid-1000"",""braid-10"",""braid-10000"",""braid-0"",""baseline""]",parser_inclusive_subprocess_wall_clock,1,sat,0.378432252,0,0,0,,,"sat
",,"[""/net/scratch/hscra/plgrid/plgnasqret/codex-control/projects/euf-viper/runs/20260727T103600Z-phase-braid-qg7-8233420/target/release/euf-viper"",""fabric-solve"",""--engine"",""quotient-portfolio"",""/net/scratch/hscra/plgrid/plgnasqret/codex-control/projects/euf-viper/corpora/9b39c70a794d52277a4e5d83731f0ebc50a2f3b804eb1dfc8cf32766a5ebeadc/smtlib-2025/QF_UF/QF_UF/QG-classification/qg7/iso_brn_nogen005.smt2""]"
95,2,7104,QF_UF/QG-classification/qg7/iso_brn_nogen005.smt2,a27c6f662b94b22e6a1b65717825f29220742dc9854addb906f438fbb6e5bf7f,6012655,sat,1,williams_first_order_carryover,6ad653227c3c19559c94ff26e7c6827f5db285b786b909d8b494bd463f6fcf84,3,3,0,3,5,5,baseline,baseline,"[""braid-100"",""braid-1000"",""braid-10"",""braid-10000"",""braid-0"",""baseline""]",parser_inclusive_subprocess_wall_clock,1,sat,0.393047625,0,0,0,,,"sat
",,"[""/net/scratch/hscra/plgrid/plgnasqret/codex-control/projects/euf-viper/runs/20260727T103600Z-phase-braid-qg7-8233420/target/release/euf-viper"",""fabric-solve"",""--engine"",""quotient-portfolio"",""/net/scratch/hscra/plgrid/plgnasqret/codex-control/projects/euf-viper/corpora/9b39c70a794d52277a4e5d83731f0ebc50a2f3b804eb1dfc8cf32766a5ebeadc/smtlib-2025/QF_UF/QF_UF/QG-classification/qg7/iso_brn_nogen005.smt2""]"
96,2,7104,QF_UF/QG-classification/qg7/iso_brn_nogen005.smt2,a27c6f662b94b22e6a1b65717825f29220742dc9854addb906f438fbb6e5bf7f,6012655,sat,1,williams_first_order_carryover,6ad653227c3c19559c94ff26e7c6827f5db285b786b909d8b494bd463f6fcf84,4,4,0,4,0,0,braid-1000,braid-1000,"[""braid-1000"",""braid-10000"",""braid-100"",""baseline"",""braid-10"",""braid-0""]",parser_inclusive_subprocess_wall_clock,1,sat,0.396738718,0,0,0,,,"sat
",,"[""/net/scratch/hscra/plgrid/plgnasqret/codex-control/projects/euf-viper/runs/20260727T103600Z-phase-braid-qg7-8233420/target/release/euf-viper"",""fabric-solve"",""--engine"",""quotient-portfolio"",""/net/scratch/hscra/plgrid/plgnasqret/codex-control/projects/euf-viper/corpora/9b39c70a794d52277a4e5d83731f0ebc50a2f3b804eb1dfc8cf32766a5ebeadc/smtlib-2025/QF_UF/QF_UF/QG-classification/qg7/iso_brn_nogen005.smt2""]"
97,2,7104,QF_UF/QG-classification/qg7/iso_brn_nogen005.smt2,a27c6f662b94b22e6a1b65717825f29220742dc9854addb906f438fbb6e5bf7f,6012655,sat,1,williams_first_order_carryover,6ad653227c3c19559c94ff26e7c6827f5db285b786b909d8b494bd463f6fcf84,4,4,0,4,1,1,braid-10000,braid-10000,"[""braid-1000"",""braid-10000"",""braid-100"",""baseline"",""braid-10"",""braid-0""]",parser_inclusive_subprocess_wall_clock,1,sat,0.394443873,0,0,0,,,"sat
",,"[""/net/scratch/hscra/plgrid/plgnasqret/codex-control/projects/euf-viper/runs/20260727T103600Z-phase-braid-qg7-8233420/target/release/euf-viper"",""fabric-solve"",""--engine"",""quotient-portfolio"",""/net/scratch/hscra/plgrid/plgnasqret/codex-control/projects/euf-viper/corpora/9b39c70a794d52277a4e5d83731f0ebc50a2f3b804eb1dfc8cf32766a5ebeadc/smtlib-2025/QF_UF/QF_UF/QG-classification/qg7/iso_brn_nogen005.smt2""]"
98,2,7104,QF_UF/QG-classification/qg7/iso_brn_nogen005.smt2,a27c6f662b94b22e6a1b65717825f29220742dc9854addb906f438fbb6e5bf7f,6012655,sat,1,williams_first_order_carryover,6ad653227c3c19559c94ff26e7c6827f5db285b786b909d8b494bd463f6fcf84,4,4,0,4,2,2,braid-100,braid-100,"[""braid-1000"",""braid-10000"",""braid-100"",""baseline"",""braid-10"",""braid-0""]",parser_inclusive_subprocess_wall_clock,1,sat,0.395529267,0,0,0,,,"sat
",,"[""/net/scratch/hscra/plgrid/plgnasqret/codex-control/projects/euf-viper/runs/20260727T103600Z-phase-braid-qg7-8233420/target/release/euf-viper"",""fabric-solve"",""--engine"",""quotient-portfolio"",""/net/scratch/hscra/plgrid/plgnasqret/codex-control/projects/euf-viper/corpora/9b39c70a794d52277a4e5d83731f0ebc50a2f3b804eb1dfc8cf32766a5ebeadc/smtlib-2025/QF_UF/QF_UF/QG-classification/qg7/iso_brn_nogen005.smt2""]"
99,2,7104,QF_UF/QG-classification/qg7/iso_brn_nogen005.smt2,a27c6f662b94b22e6a1b65717825f29220742dc9854addb906f438fbb6e5bf7f,6012655,sat,1,williams_first_order_carryover,6ad653227c3c19559c94ff26e7c6827f5db285b786b909d8b494bd463f6fcf84,4,4,0,4,3,3,baseline,baseline,"[""braid-1000"",""braid-10000"",""braid-100"",""baseline"",""braid-10"",""braid-0""]",parser_inclusive_subprocess_wall_clock,1,sat,0.405201210,0,0,0,,,"sat
",,"[""/net/scratch/hscra/plgrid/plgnasqret/codex-control/projects/euf-viper/runs/20260727T103600Z-phase-braid-qg7-8233420/target/release/euf-viper"",""fabric-solve"",""--engine"",""quotient-portfolio"",""/net/scratch/hscra/plgrid/plgnasqret/codex-control/projects/euf-viper/corpora/9b39c70a794d52277a4e5d83731f0ebc50a2f3b804eb1dfc8cf32766a5ebeadc/smtlib-2025/QF_UF/QF_UF/QG-classification/qg7/iso_brn_nogen005.smt2""]"
100,2,7104,QF_UF/QG-classification/qg7/iso_brn_nogen005.smt2,a27c6f662b94b22e6a1b65717825f29220742dc9854addb906f438fbb6e5bf7f,6012655,sat,1,williams_first_order_carryover,6ad653227c3c19559c94ff26e7c6827f5db285b786b909d8b494bd463f6fcf84,4,4,0,4,4,4,braid-10,braid-10,"[""braid-1000"",""braid-10000"",""braid-100"",""baseline"",""braid-10"",""braid-0""]",parser_inclusive_subprocess_wall_clock,1,sat,0.346470145,0,0,0,,,"sat
",,"[""/net/scratch/hscra/plgrid/plgnasqret/codex-control/projects/euf-viper/runs/20260727T103600Z-phase-braid-qg7-8233420/target/release/euf-viper"",""fabric-solve"",""--engine"",""quotient-portfolio"",""/net/scratch/hscra/plgrid/plgnasqret/codex-control/projects/euf-viper/corpora/9b39c70a794d52277a4e5d83731f0ebc50a2f3b804eb1dfc8cf32766a5ebeadc/smtlib-2025/QF_UF/QF_UF/QG-classification/qg7/iso_brn_nogen005.smt2""]"
101,2,7104,QF_UF/QG-classification/qg7/iso_brn_nogen005.smt2,a27c6f662b94b22e6a1b65717825f29220742dc9854addb906f438fbb6e5bf7f,6012655,sat,1,williams_first_order_carryover,6ad653227c3c19559c94ff26e7c6827f5db285b786b909d8b494bd463f6fcf84,4,4,0,4,5,5,braid-0,braid-0,"[""braid-1000"",""braid-10000"",""braid-100"",""baseline"",""braid-10"",""braid-0""]",parser_inclusive_subprocess_wall_clock,1,sat,0.323456115,0,0,0,,,"sat
",,"[""/net/scratch/hscra/plgrid/plgnasqret/codex-control/projects/euf-viper/runs/20260727T103600Z-phase-braid-qg7-8233420/target/release/euf-viper"",""fabric-solve"",""--engine"",""quotient-portfolio"",""/net/scratch/hscra/plgrid/plgnasqret/codex-control/projects/euf-viper/corpora/9b39c70a794d52277a4e5d83731f0ebc50a2f3b804eb1dfc8cf32766a5ebeadc/smtlib-2025/QF_UF/QF_UF/QG-classification/qg7/iso_brn_nogen005.smt2""]"
102,2,7104,QF_UF/QG-classification/qg7/iso_brn_nogen005.smt2,a27c6f662b94b22e6a1b65717825f29220742dc9854addb906f438fbb6e5bf7f,6012655,sat,1,williams_first_order_carryover,6ad653227c3c19559c94ff26e7c6827f5db285b786b909d8b494bd463f6fcf84,5,5,0,5,0,0,braid-10000,braid-10000,"[""braid-10000"",""baseline"",""braid-1000"",""braid-0"",""braid-100"",""braid-10""]",parser_inclusive_subprocess_wall_clock,1,sat,0.328579411,0,0,0,,,"sat
",,"[""/net/scratch/hscra/plgrid/plgnasqret/codex-control/projects/euf-viper/runs/20260727T103600Z-phase-braid-qg7-8233420/target/release/euf-viper"",""fabric-solve"",""--engine"",""quotient-portfolio"",""/net/scratch/hscra/plgrid/plgnasqret/codex-control/projects/euf-viper/corpora/9b39c70a794d52277a4e5d83731f0ebc50a2f3b804eb1dfc8cf32766a5ebeadc/smtlib-2025/QF_UF/QF_UF/QG-classification/qg7/iso_brn_nogen005.smt2""]"
103,2,7104,QF_UF/QG-classification/qg7/iso_brn_nogen005.smt2,a27c6f662b94b22e6a1b65717825f29220742dc9854addb906f438fbb6e5bf7f,6012655,sat,1,williams_first_order_carryover,6ad653227c3c19559c94ff26e7c6827f5db285b786b909d8b494bd463f6fcf84,5,5,0,5,1,1,baseline,baseline,"[""braid-10000"",""baseline"",""braid-1000"",""braid-0"",""braid-100"",""braid-10""]",parser_inclusive_subprocess_wall_clock,1,sat,0.322160126,0,0,0,,,"sat
",,"[""/net/scratch/hscra/plgrid/plgnasqret/codex-control/projects/euf-viper/runs/20260727T103600Z-phase-braid-qg7-8233420/target/release/euf-viper"",""fabric-solve"",""--engine"",""quotient-portfolio"",""/net/scratch/hscra/plgrid/plgnasqret/codex-control/projects/euf-viper/corpora/9b39c70a794d52277a4e5d83731f0ebc50a2f3b804eb1dfc8cf32766a5ebeadc/smtlib-2025/QF_UF/QF_UF/QG-classification/qg7/iso_brn_nogen005.smt2""]"
104,2,7104,QF_UF/QG-classification/qg7/iso_brn_nogen005.smt2,a27c6f662b94b22e6a1b65717825f29220742dc9854addb906f438fbb6e5bf7f,6012655,sat,1,williams_first_order_carryover,6ad653227c3c19559c94ff26e7c6827f5db285b786b909d8b494bd463f6fcf84,5,5,0,5,2,2,braid-1000,braid-1000,"[""braid-10000"",""baseline"",""braid-1000"",""braid-0"",""braid-100"",""braid-10""]",parser_inclusive_subprocess_wall_clock,1,sat,0.319019159,0,0,0,,,"sat
",,"[""/net/scratch/hscra/plgrid/plgnasqret/codex-control/projects/euf-viper/runs/20260727T103600Z-phase-braid-qg7-8233420/target/release/euf-viper"",""fabric-solve"",""--engine"",""quotient-portfolio"",""/net/scratch/hscra/plgrid/plgnasqret/codex-control/projects/euf-viper/corpora/9b39c70a794d52277a4e5d83731f0ebc50a2f3b804eb1dfc8cf32766a5ebeadc/smtlib-2025/QF_UF/QF_UF/QG-classification/qg7/iso_brn_nogen005.smt2""]"
105,2,7104,QF_UF/QG-classification/qg7/iso_brn_nogen005.smt2,a27c6f662b94b22e6a1b65717825f29220742dc9854addb906f438fbb6e5bf7f,6012655,sat,1,williams_first_order_carryover,6ad653227c3c19559c94ff26e7c6827f5db285b786b909d8b494bd463f6fcf84,5,5,0,5,3,3,braid-0,braid-0,"[""braid-10000"",""baseline"",""braid-1000"",""braid-0"",""braid-100"",""braid-10""]",parser_inclusive_subprocess_wall_clock,1,sat,0.324111686,0,0,0,,,"sat
",,"[""/net/scratch/hscra/plgrid/plgnasqret/codex-control/projects/euf-viper/runs/20260727T103600Z-phase-braid-qg7-8233420/target/release/euf-viper"",""fabric-solve"",""--engine"",""quotient-portfolio"",""/net/scratch/hscra/plgrid/plgnasqret/codex-control/projects/euf-viper/corpora/9b39c70a794d52277a4e5d83731f0ebc50a2f3b804eb1dfc8cf32766a5ebeadc/smtlib-2025/QF_UF/QF_UF/QG-classification/qg7/iso_brn_nogen005.smt2""]"
106,2,7104,QF_UF/QG-classification/qg7/iso_brn_nogen005.smt2,a27c6f662b94b22e6a1b65717825f29220742dc9854addb906f438fbb6e5bf7f,6012655,sat,1,williams_first_order_carryover,6ad653227c3c19559c94ff26e7c6827f5db285b786b909d8b494bd463f6fcf84,5,5,0,5,4,4,braid-100,braid-100,"[""braid-10000"",""baseline"",""braid-1000"",""braid-0"",""braid-100"",""braid-10""]",parser_inclusive_subprocess_wall_clock,1,sat,0.320949404,0,0,0,,,"sat
",,"[""/net/scratch/hscra/plgrid/plgnasqret/codex-control/projects/euf-viper/runs/20260727T103600Z-phase-braid-qg7-8233420/target/release/euf-viper"",""fabric-solve"",""--engine"",""quotient-portfolio"",""/net/scratch/hscra/plgrid/plgnasqret/codex-control/projects/euf-viper/corpora/9b39c70a794d52277a4e5d83731f0ebc50a2f3b804eb1dfc8cf32766a5ebeadc/smtlib-2025/QF_UF/QF_UF/QG-classification/qg7/iso_brn_nogen005.smt2""]"
107,2,7104,QF_UF/QG-classification/qg7/iso_brn_nogen005.smt2,a27c6f662b94b22e6a1b65717825f29220742dc9854addb906f438fbb6e5bf7f,6012655,sat,1,williams_first_order_carryover,6ad653227c3c19559c94ff26e7c6827f5db285b786b909d8b494bd463f6fcf84,5,5,0,5,5,5,braid-10,braid-10,"[""braid-10000"",""baseline"",""braid-1000"",""braid-0"",""braid-100"",""braid-10""]",parser_inclusive_subprocess_wall_clock,1,sat,0.324146020,0,0,0,,,"sat
",,"[""/net/scratch/hscra/plgrid/plgnasqret/codex-control/projects/euf-viper/runs/20260727T103600Z-phase-braid-qg7-8233420/target/release/euf-viper"",""fabric-solve"",""--engine"",""quotient-portfolio"",""/net/scratch/hscra/plgrid/plgnasqret/codex-control/projects/euf-viper/corpora/9b39c70a794d52277a4e5d83731f0ebc50a2f3b804eb1dfc8cf32766a5ebeadc/smtlib-2025/QF_UF/QF_UF/QG-classification/qg7/iso_brn_nogen005.smt2""]"
108,3,7312,QF_UF/QG-classification/qg7/iso_icl_nogen004.smt2,5d487c7da1e60eb8b28ba24d8dc7bc79f40915318ec62d38b44771420d30fc8b,6013634,unsat,1,williams_first_order_carryover,6ad653227c3c19559c94ff26e7c6827f5db285b786b909d8b494bd463f6fcf84,0,0,0,0,0,0,baseline,baseline,"[""baseline"",""braid-0"",""braid-10000"",""braid-10"",""braid-1000"",""braid-100""]",parser_inclusive_subprocess_wall_clock,1,unsat,0.323789575,0,0,0,,,"unsat
",,"[""/net/scratch/hscra/plgrid/plgnasqret/codex-control/projects/euf-viper/runs/20260727T103600Z-phase-braid-qg7-8233420/target/release/euf-viper"",""fabric-solve"",""--engine"",""quotient-portfolio"",""/net/scratch/hscra/plgrid/plgnasqret/codex-control/projects/euf-viper/corpora/9b39c70a794d52277a4e5d83731f0ebc50a2f3b804eb1dfc8cf32766a5ebeadc/smtlib-2025/QF_UF/QF_UF/QG-classification/qg7/iso_icl_nogen004.smt2""]"
109,3,7312,QF_UF/QG-classification/qg7/iso_icl_nogen004.smt2,5d487c7da1e60eb8b28ba24d8dc7bc79f40915318ec62d38b44771420d30fc8b,6013634,unsat,1,williams_first_order_carryover,6ad653227c3c19559c94ff26e7c6827f5db285b786b909d8b494bd463f6fcf84,0,0,0,0,1,1,braid-0,braid-0,"[""baseline"",""braid-0"",""braid-10000"",""braid-10"",""braid-1000"",""braid-100""]",parser_inclusive_subprocess_wall_clock,1,unsat,0.322823220,0,0,0,,,"unsat
",,"[""/net/scratch/hscra/plgrid/plgnasqret/codex-control/projects/euf-viper/runs/20260727T103600Z-phase-braid-qg7-8233420/target/release/euf-viper"",""fabric-solve"",""--engine"",""quotient-portfolio"",""/net/scratch/hscra/plgrid/plgnasqret/codex-control/projects/euf-viper/corpora/9b39c70a794d52277a4e5d83731f0ebc50a2f3b804eb1dfc8cf32766a5ebeadc/smtlib-2025/QF_UF/QF_UF/QG-classification/qg7/iso_icl_nogen004.smt2""]"
110,3,7312,QF_UF/QG-classification/qg7/iso_icl_nogen004.smt2,5d487c7da1e60eb8b28ba24d8dc7bc79f40915318ec62d38b44771420d30fc8b,6013634,unsat,1,williams_first_order_carryover,6ad653227c3c19559c94ff26e7c6827f5db285b786b909d8b494bd463f6fcf84,0,0,0,0,2,2,braid-10000,braid-10000,"[""baseline"",""braid-0"",""braid-10000"",""braid-10"",""braid-1000"",""braid-100""]",parser_inclusive_subprocess_wall_clock,1,unsat,0.314505940,0,0,0,,,"unsat
",,"[""/net/scratch/hscra/plgrid/plgnasqret/codex-control/projects/euf-viper/runs/20260727T103600Z-phase-braid-qg7-8233420/target/release/euf-viper"",""fabric-solve"",""--engine"",""quotient-portfolio"",""/net/scratch/hscra/plgrid/plgnasqret/codex-control/projects/euf-viper/corpora/9b39c70a794d52277a4e5d83731f0ebc50a2f3b804eb1dfc8cf32766a5ebeadc/smtlib-2025/QF_UF/QF_UF/QG-classification/qg7/iso_icl_nogen004.smt2""]"
111,3,7312,QF_UF/QG-classification/qg7/iso_icl_nogen004.smt2,5d487c7da1e60eb8b28ba24d8dc7bc79f40915318ec62d38b44771420d30fc8b,6013634,unsat,1,williams_first_order_carryover,6ad653227c3c19559c94ff26e7c6827f5db285b786b909d8b494bd463f6fcf84,0,0,0,0,3,3,braid-10,braid-10,"[""baseline"",""braid-0"",""braid-10000"",""braid-10"",""braid-1000"",""braid-100""]",parser_inclusive_subprocess_wall_clock,1,unsat,0.328723691,0,0,0,,,"unsat
",,"[""/net/scratch/hscra/plgrid/plgnasqret/codex-control/projects/euf-viper/runs/20260727T103600Z-phase-braid-qg7-8233420/target/release/euf-viper"",""fabric-solve"",""--engine"",""quotient-portfolio"",""/net/scratch/hscra/plgrid/plgnasqret/codex-control/projects/euf-viper/corpora/9b39c70a794d52277a4e5d83731f0ebc50a2f3b804eb1dfc8cf32766a5ebeadc/smtlib-2025/QF_UF/QF_UF/QG-classification/qg7/iso_icl_nogen004.smt2""]"
112,3,7312,QF_UF/QG-classification/qg7/iso_icl_nogen004.smt2,5d487c7da1e60eb8b28ba24d8dc7bc79f40915318ec62d38b44771420d30fc8b,6013634,unsat,1,williams_first_order_carryover,6ad653227c3c19559c94ff26e7c6827f5db285b786b909d8b494bd463f6fcf84,0,0,0,0,4,4,braid-1000,braid-1000,"[""baseline"",""braid-0"",""braid-10000"",""braid-10"",""braid-1000"",""braid-100""]",parser_inclusive_subprocess_wall_clock,1,unsat,0.349921135,0,0,0,,,"unsat
",,"[""/net/scratch/hscra/plgrid/plgnasqret/codex-control/projects/euf-viper/runs/20260727T103600Z-phase-braid-qg7-8233420/target/release/euf-viper"",""fabric-solve"",""--engine"",""quotient-portfolio"",""/net/scratch/hscra/plgrid/plgnasqret/codex-control/projects/euf-viper/corpora/9b39c70a794d52277a4e5d83731f0ebc50a2f3b804eb1dfc8cf32766a5ebeadc/smtlib-2025/QF_UF/QF_UF/QG-classification/qg7/iso_icl_nogen004.smt2""]"
113,3,7312,QF_UF/QG-classification/qg7/iso_icl_nogen004.smt2,5d487c7da1e60eb8b28ba24d8dc7bc79f40915318ec62d38b44771420d30fc8b,6013634,unsat,1,williams_first_order_carryover,6ad653227c3c19559c94ff26e7c6827f5db285b786b909d8b494bd463f6fcf84,0,0,0,0,5,5,braid-100,braid-100,"[""baseline"",""braid-0"",""braid-10000"",""braid-10"",""braid-1000"",""braid-100""]",parser_inclusive_subprocess_wall_clock,1,unsat,0.349864646,0,0,0,,,"unsat
",,"[""/net/scratch/hscra/plgrid/plgnasqret/codex-control/projects/euf-viper/runs/20260727T103600Z-phase-braid-qg7-8233420/target/release/euf-viper"",""fabric-solve"",""--engine"",""quotient-portfolio"",""/net/scratch/hscra/plgrid/plgnasqret/codex-control/projects/euf-viper/corpora/9b39c70a794d52277a4e5d83731f0ebc50a2f3b804eb1dfc8cf32766a5ebeadc/smtlib-2025/QF_UF/QF_UF/QG-classification/qg7/iso_icl_nogen004.smt2""]"
114,3,7312,QF_UF/QG-classification/qg7/iso_icl_nogen004.smt2,5d487c7da1e60eb8b28ba24d8dc7bc79f40915318ec62d38b44771420d30fc8b,6013634,unsat,1,williams_first_order_carryover,6ad653227c3c19559c94ff26e7c6827f5db285b786b909d8b494bd463f6fcf84,1,1,0,1,0,0,braid-0,braid-0,"[""braid-0"",""braid-10"",""baseline"",""braid-100"",""braid-10000"",""braid-1000""]",parser_inclusive_subprocess_wall_clock,1,unsat,0.363053421,0,0,0,,,"unsat
",,"[""/net/scratch/hscra/plgrid/plgnasqret/codex-control/projects/euf-viper/runs/20260727T103600Z-phase-braid-qg7-8233420/target/release/euf-viper"",""fabric-solve"",""--engine"",""quotient-portfolio"",""/net/scratch/hscra/plgrid/plgnasqret/codex-control/projects/euf-viper/corpora/9b39c70a794d52277a4e5d83731f0ebc50a2f3b804eb1dfc8cf32766a5ebeadc/smtlib-2025/QF_UF/QF_UF/QG-classification/qg7/iso_icl_nogen004.smt2""]"
115,3,7312,QF_UF/QG-classification/qg7/iso_icl_nogen004.smt2,5d487c7da1e60eb8b28ba24d8dc7bc79f40915318ec62d38b44771420d30fc8b,6013634,unsat,1,williams_first_order_carryover,6ad653227c3c19559c94ff26e7c6827f5db285b786b909d8b494bd463f6fcf84,1,1,0,1,1,1,braid-10,braid-10,"[""braid-0"",""braid-10"",""baseline"",""braid-100"",""braid-10000"",""braid-1000""]",parser_inclusive_subprocess_wall_clock,1,unsat,0.373912407,0,0,0,,,"unsat
",,"[""/net/scratch/hscra/plgrid/plgnasqret/codex-control/projects/euf-viper/runs/20260727T103600Z-phase-braid-qg7-8233420/target/release/euf-viper"",""fabric-solve"",""--engine"",""quotient-portfolio"",""/net/scratch/hscra/plgrid/plgnasqret/codex-control/projects/euf-viper/corpora/9b39c70a794d52277a4e5d83731f0ebc50a2f3b804eb1dfc8cf32766a5ebeadc/smtlib-2025/QF_UF/QF_UF/QG-classification/qg7/iso_icl_nogen004.smt2""]"
116,3,7312,QF_UF/QG-classification/qg7/iso_icl_nogen004.smt2,5d487c7da1e60eb8b28ba24d8dc7bc79f40915318ec62d38b44771420d30fc8b,6013634,unsat,1,williams_first_order_carryover,6ad653227c3c19559c94ff26e7c6827f5db285b786b909d8b494bd463f6fcf84,1,1,0,1,2,2,baseline,baseline,"[""braid-0"",""braid-10"",""baseline"",""braid-100"",""braid-10000"",""braid-1000""]",parser_inclusive_subprocess_wall_clock,1,unsat,0.367244036,0,0,0,,,"unsat
",,"[""/net/scratch/hscra/plgrid/plgnasqret/codex-control/projects/euf-viper/runs/20260727T103600Z-phase-braid-qg7-8233420/target/release/euf-viper"",""fabric-solve"",""--engine"",""quotient-portfolio"",""/net/scratch/hscra/plgrid/plgnasqret/codex-control/projects/euf-viper/corpora/9b39c70a794d52277a4e5d83731f0ebc50a2f3b804eb1dfc8cf32766a5ebeadc/smtlib-2025/QF_UF/QF_UF/QG-classification/qg7/iso_icl_nogen004.smt2""]"
117,3,7312,QF_UF/QG-classification/qg7/iso_icl_nogen004.smt2,5d487c7da1e60eb8b28ba24d8dc7bc79f40915318ec62d38b44771420d30fc8b,6013634,unsat,1,williams_first_order_carryover,6ad653227c3c19559c94ff26e7c6827f5db285b786b909d8b494bd463f6fcf84,1,1,0,1,3,3,braid-100,braid-100,"[""braid-0"",""braid-10"",""baseline"",""braid-100"",""braid-10000"",""braid-1000""]",parser_inclusive_subprocess_wall_clock,1,unsat,0.366241584,0,0,0,,,"unsat
",,"[""/net/scratch/hscra/plgrid/plgnasqret/codex-control/projects/euf-viper/runs/20260727T103600Z-phase-braid-qg7-8233420/target/release/euf-viper"",""fabric-solve"",""--engine"",""quotient-portfolio"",""/net/scratch/hscra/plgrid/plgnasqret/codex-control/projects/euf-viper/corpora/9b39c70a794d52277a4e5d83731f0ebc50a2f3b804eb1dfc8cf32766a5ebeadc/smtlib-2025/QF_UF/QF_UF/QG-classification/qg7/iso_icl_nogen004.smt2""]"
118,3,7312,QF_UF/QG-classification/qg7/iso_icl_nogen004.smt2,5d487c7da1e60eb8b28ba24d8dc7bc79f40915318ec62d38b44771420d30fc8b,6013634,unsat,1,williams_first_order_carryover,6ad653227c3c19559c94ff26e7c6827f5db285b786b909d8b494bd463f6fcf84,1,1,0,1,4,4,braid-10000,braid-10000,"[""braid-0"",""braid-10"",""baseline"",""braid-100"",""braid-10000"",""braid-1000""]",parser_inclusive_subprocess_wall_clock,1,unsat,0.330140230,0,0,0,,,"unsat
",,"[""/net/scratch/hscra/plgrid/plgnasqret/codex-control/projects/euf-viper/runs/20260727T103600Z-phase-braid-qg7-8233420/target/release/euf-viper"",""fabric-solve"",""--engine"",""quotient-portfolio"",""/net/scratch/hscra/plgrid/plgnasqret/codex-control/projects/euf-viper/corpora/9b39c70a794d52277a4e5d83731f0ebc50a2f3b804eb1dfc8cf32766a5ebeadc/smtlib-2025/QF_UF/QF_UF/QG-classification/qg7/iso_icl_nogen004.smt2""]"
119,3,7312,QF_UF/QG-classification/qg7/iso_icl_nogen004.smt2,5d487c7da1e60eb8b28ba24d8dc7bc79f40915318ec62d38b44771420d30fc8b,6013634,unsat,1,williams_first_order_carryover,6ad653227c3c19559c94ff26e7c6827f5db285b786b909d8b494bd463f6fcf84,1,1,0,1,5,5,braid-1000,braid-1000,"[""braid-0"",""braid-10"",""baseline"",""braid-100"",""braid-10000"",""braid-1000""]",parser_inclusive_subprocess_wall_clock,1,unsat,0.321302204,0,0,0,,,"unsat
",,"[""/net/scratch/hscra/plgrid/plgnasqret/codex-control/projects/euf-viper/runs/20260727T103600Z-phase-braid-qg7-8233420/target/release/euf-viper"",""fabric-solve"",""--engine"",""quotient-portfolio"",""/net/scratch/hscra/plgrid/plgnasqret/codex-control/projects/euf-viper/corpora/9b39c70a794d52277a4e5d83731f0ebc50a2f3b804eb1dfc8cf32766a5ebeadc/smtlib-2025/QF_UF/QF_UF/QG-classification/qg7/iso_icl_nogen004.smt2""]"
120,3,7312,QF_UF/QG-classification/qg7/iso_icl_nogen004.smt2,5d487c7da1e60eb8b28ba24d8dc7bc79f40915318ec62d38b44771420d30fc8b,6013634,unsat,1,williams_first_order_carryover,6ad653227c3c19559c94ff26e7c6827f5db285b786b909d8b494bd463f6fcf84,2,2,0,2,0,0,braid-10,braid-10,"[""braid-10"",""braid-100"",""braid-0"",""braid-1000"",""baseline"",""braid-10000""]",parser_inclusive_subprocess_wall_clock,1,unsat,0.328236687,0,0,0,,,"unsat
",,"[""/net/scratch/hscra/plgrid/plgnasqret/codex-control/projects/euf-viper/runs/20260727T103600Z-phase-braid-qg7-8233420/target/release/euf-viper"",""fabric-solve"",""--engine"",""quotient-portfolio"",""/net/scratch/hscra/plgrid/plgnasqret/codex-control/projects/euf-viper/corpora/9b39c70a794d52277a4e5d83731f0ebc50a2f3b804eb1dfc8cf32766a5ebeadc/smtlib-2025/QF_UF/QF_UF/QG-classification/qg7/iso_icl_nogen004.smt2""]"
121,3,7312,QF_UF/QG-classification/qg7/iso_icl_nogen004.smt2,5d487c7da1e60eb8b28ba24d8dc7bc79f40915318ec62d38b44771420d30fc8b,6013634,unsat,1,williams_first_order_carryover,6ad653227c3c19559c94ff26e7c6827f5db285b786b909d8b494bd463f6fcf84,2,2,0,2,1,1,braid-100,braid-100,"[""braid-10"",""braid-100"",""braid-0"",""braid-1000"",""baseline"",""braid-10000""]",parser_inclusive_subprocess_wall_clock,1,unsat,0.343191117,0,0,0,,,"unsat
",,"[""/net/scratch/hscra/plgrid/plgnasqret/codex-control/projects/euf-viper/runs/20260727T103600Z-phase-braid-qg7-8233420/target/release/euf-viper"",""fabric-solve"",""--engine"",""quotient-portfolio"",""/net/scratch/hscra/plgrid/plgnasqret/codex-control/projects/euf-viper/corpora/9b39c70a794d52277a4e5d83731f0ebc50a2f3b804eb1dfc8cf32766a5ebeadc/smtlib-2025/QF_UF/QF_UF/QG-classification/qg7/iso_icl_nogen004.smt2""]"
122,3,7312,QF_UF/QG-classification/qg7/iso_icl_nogen004.smt2,5d487c7da1e60eb8b28ba24d8dc7bc79f40915318ec62d38b44771420d30fc8b,6013634,unsat,1,williams_first_order_carryover,6ad653227c3c19559c94ff26e7c6827f5db285b786b909d8b494bd463f6fcf84,2,2,0,2,2,2,braid-0,braid-0,"[""braid-10"",""braid-100"",""braid-0"",""braid-1000"",""baseline"",""braid-10000""]",parser_inclusive_subprocess_wall_clock,1,unsat,0.363082908,0,0,0,,,"unsat
",,"[""/net/scratch/hscra/plgrid/plgnasqret/codex-control/projects/euf-viper/runs/20260727T103600Z-phase-braid-qg7-8233420/target/release/euf-viper"",""fabric-solve"",""--engine"",""quotient-portfolio"",""/net/scratch/hscra/plgrid/plgnasqret/codex-control/projects/euf-viper/corpora/9b39c70a794d52277a4e5d83731f0ebc50a2f3b804eb1dfc8cf32766a5ebeadc/smtlib-2025/QF_UF/QF_UF/QG-classification/qg7/iso_icl_nogen004.smt2""]"
123,3,7312,QF_UF/QG-classification/qg7/iso_icl_nogen004.smt2,5d487c7da1e60eb8b28ba24d8dc7bc79f40915318ec62d38b44771420d30fc8b,6013634,unsat,1,williams_first_order_carryover,6ad653227c3c19559c94ff26e7c6827f5db285b786b909d8b494bd463f6fcf84,2,2,0,2,3,3,braid-1000,braid-1000,"[""braid-10"",""braid-100"",""braid-0"",""braid-1000"",""baseline"",""braid-10000""]",parser_inclusive_subprocess_wall_clock,1,unsat,0.361309131,0,0,0,,,"unsat
",,"[""/net/scratch/hscra/plgrid/plgnasqret/codex-control/projects/euf-viper/runs/20260727T103600Z-phase-braid-qg7-8233420/target/release/euf-viper"",""fabric-solve"",""--engine"",""quotient-portfolio"",""/net/scratch/hscra/plgrid/plgnasqret/codex-control/projects/euf-viper/corpora/9b39c70a794d52277a4e5d83731f0ebc50a2f3b804eb1dfc8cf32766a5ebeadc/smtlib-2025/QF_UF/QF_UF/QG-classification/qg7/iso_icl_nogen004.smt2""]"
124,3,7312,QF_UF/QG-classification/qg7/iso_icl_nogen004.smt2,5d487c7da1e60eb8b28ba24d8dc7bc79f40915318ec62d38b44771420d30fc8b,6013634,unsat,1,williams_first_order_carryover,6ad653227c3c19559c94ff26e7c6827f5db285b786b909d8b494bd463f6fcf84,2,2,0,2,4,4,baseline,baseline,"[""braid-10"",""braid-100"",""braid-0"",""braid-1000"",""baseline"",""braid-10000""]",parser_inclusive_subprocess_wall_clock,1,unsat,0.358253248,0,0,0,,,"unsat
",,"[""/net/scratch/hscra/plgrid/plgnasqret/codex-control/projects/euf-viper/runs/20260727T103600Z-phase-braid-qg7-8233420/target/release/euf-viper"",""fabric-solve"",""--engine"",""quotient-portfolio"",""/net/scratch/hscra/plgrid/plgnasqret/codex-control/projects/euf-viper/corpora/9b39c70a794d52277a4e5d83731f0ebc50a2f3b804eb1dfc8cf32766a5ebeadc/smtlib-2025/QF_UF/QF_UF/QG-classification/qg7/iso_icl_nogen004.smt2""]"
125,3,7312,QF_UF/QG-classification/qg7/iso_icl_nogen004.smt2,5d487c7da1e60eb8b28ba24d8dc7bc79f40915318ec62d38b44771420d30fc8b,6013634,unsat,1,williams_first_order_carryover,6ad653227c3c19559c94ff26e7c6827f5db285b786b909d8b494bd463f6fcf84,2,2,0,2,5,5,braid-10000,braid-10000,"[""braid-10"",""braid-100"",""braid-0"",""braid-1000"",""baseline"",""braid-10000""]",parser_inclusive_subprocess_wall_clock,1,unsat,0.356686029,0,0,0,,,"unsat
",,"[""/net/scratch/hscra/plgrid/plgnasqret/codex-control/projects/euf-viper/runs/20260727T103600Z-phase-braid-qg7-8233420/target/release/euf-viper"",""fabric-solve"",""--engine"",""quotient-portfolio"",""/net/scratch/hscra/plgrid/plgnasqret/codex-control/projects/euf-viper/corpora/9b39c70a794d52277a4e5d83731f0ebc50a2f3b804eb1dfc8cf32766a5ebeadc/smtlib-2025/QF_UF/QF_UF/QG-classification/qg7/iso_icl_nogen004.smt2""]"
126,3,7312,QF_UF/QG-classification/qg7/iso_icl_nogen004.smt2,5d487c7da1e60eb8b28ba24d8dc7bc79f40915318ec62d38b44771420d30fc8b,6013634,unsat,1,williams_first_order_carryover,6ad653227c3c19559c94ff26e7c6827f5db285b786b909d8b494bd463f6fcf84,3,3,0,3,0,0,braid-100,braid-100,"[""braid-100"",""braid-1000"",""braid-10"",""braid-10000"",""braid-0"",""baseline""]",parser_inclusive_subprocess_wall_clock,1,unsat,0.375976635,0,0,0,,,"unsat
",,"[""/net/scratch/hscra/plgrid/plgnasqret/codex-control/projects/euf-viper/runs/20260727T103600Z-phase-braid-qg7-8233420/target/release/euf-viper"",""fabric-solve"",""--engine"",""quotient-portfolio"",""/net/scratch/hscra/plgrid/plgnasqret/codex-control/projects/euf-viper/corpora/9b39c70a794d52277a4e5d83731f0ebc50a2f3b804eb1dfc8cf32766a5ebeadc/smtlib-2025/QF_UF/QF_UF/QG-classification/qg7/iso_icl_nogen004.smt2""]"
127,3,7312,QF_UF/QG-classification/qg7/iso_icl_nogen004.smt2,5d487c7da1e60eb8b28ba24d8dc7bc79f40915318ec62d38b44771420d30fc8b,6013634,unsat,1,williams_first_order_carryover,6ad653227c3c19559c94ff26e7c6827f5db285b786b909d8b494bd463f6fcf84,3,3,0,3,1,1,braid-1000,braid-1000,"[""braid-100"",""braid-1000"",""braid-10"",""braid-10000"",""braid-0"",""baseline""]",parser_inclusive_subprocess_wall_clock,1,unsat,0.368934391,0,0,0,,,"unsat
",,"[""/net/scratch/hscra/plgrid/plgnasqret/codex-control/projects/euf-viper/runs/20260727T103600Z-phase-braid-qg7-8233420/target/release/euf-viper"",""fabric-solve"",""--engine"",""quotient-portfolio"",""/net/scratch/hscra/plgrid/plgnasqret/codex-control/projects/euf-viper/corpora/9b39c70a794d52277a4e5d83731f0ebc50a2f3b804eb1dfc8cf32766a5ebeadc/smtlib-2025/QF_UF/QF_UF/QG-classification/qg7/iso_icl_nogen004.smt2""]"
128,3,7312,QF_UF/QG-classification/qg7/iso_icl_nogen004.smt2,5d487c7da1e60eb8b28ba24d8dc7bc79f40915318ec62d38b44771420d30fc8b,6013634,unsat,1,williams_first_order_carryover,6ad653227c3c19559c94ff26e7c6827f5db285b786b909d8b494bd463f6fcf84,3,3,0,3,2,2,braid-10,braid-10,"[""braid-100"",""braid-1000"",""braid-10"",""braid-10000"",""braid-0"",""baseline""]",parser_inclusive_subprocess_wall_clock,1,unsat,0.317829219,0,0,0,,,"unsat
",,"[""/net/scratch/hscra/plgrid/plgnasqret/codex-control/projects/euf-viper/runs/20260727T103600Z-phase-braid-qg7-8233420/target/release/euf-viper"",""fabric-solve"",""--engine"",""quotient-portfolio"",""/net/scratch/hscra/plgrid/plgnasqret/codex-control/projects/euf-viper/corpora/9b39c70a794d52277a4e5d83731f0ebc50a2f3b804eb1dfc8cf32766a5ebeadc/smtlib-2025/QF_UF/QF_UF/QG-classification/qg7/iso_icl_nogen004.smt2""]"
129,3,7312,QF_UF/QG-classification/qg7/iso_icl_nogen004.smt2,5d487c7da1e60eb8b28ba24d8dc7bc79f40915318ec62d38b44771420d30fc8b,6013634,unsat,1,williams_first_order_carryover,6ad653227c3c19559c94ff26e7c6827f5db285b786b909d8b494bd463f6fcf84,3,3,0,3,3,3,braid-10000,braid-10000,"[""braid-100"",""braid-1000"",""braid-10"",""braid-10000"",""braid-0"",""baseline""]",parser_inclusive_subprocess_wall_clock,1,unsat,0.312705141,0,0,0,,,"unsat
",,"[""/net/scratch/hscra/plgrid/plgnasqret/codex-control/projects/euf-viper/runs/20260727T103600Z-phase-braid-qg7-8233420/target/release/euf-viper"",""fabric-solve"",""--engine"",""quotient-portfolio"",""/net/scratch/hscra/plgrid/plgnasqret/codex-control/projects/euf-viper/corpora/9b39c70a794d52277a4e5d83731f0ebc50a2f3b804eb1dfc8cf32766a5ebeadc/smtlib-2025/QF_UF/QF_UF/QG-classification/qg7/iso_icl_nogen004.smt2""]"
130,3,7312,QF_UF/QG-classification/qg7/iso_icl_nogen004.smt2,5d487c7da1e60eb8b28ba24d8dc7bc79f40915318ec62d38b44771420d30fc8b,6013634,unsat,1,williams_first_order_carryover,6ad653227c3c19559c94ff26e7c6827f5db285b786b909d8b494bd463f6fcf84,3,3,0,3,4,4,braid-0,braid-0,"[""braid-100"",""braid-1000"",""braid-10"",""braid-10000"",""braid-0"",""baseline""]",parser_inclusive_subprocess_wall_clock,1,unsat,0.312220030,0,0,0,,,"unsat
",,"[""/net/scratch/hscra/plgrid/plgnasqret/codex-control/projects/euf-viper/runs/20260727T103600Z-phase-braid-qg7-8233420/target/release/euf-viper"",""fabric-solve"",""--engine"",""quotient-portfolio"",""/net/scratch/hscra/plgrid/plgnasqret/codex-control/projects/euf-viper/corpora/9b39c70a794d52277a4e5d83731f0ebc50a2f3b804eb1dfc8cf32766a5ebeadc/smtlib-2025/QF_UF/QF_UF/QG-classification/qg7/iso_icl_nogen004.smt2""]"
131,3,7312,QF_UF/QG-classification/qg7/iso_icl_nogen004.smt2,5d487c7da1e60eb8b28ba24d8dc7bc79f40915318ec62d38b44771420d30fc8b,6013634,unsat,1,williams_first_order_carryover,6ad653227c3c19559c94ff26e7c6827f5db285b786b909d8b494bd463f6fcf84,3,3,0,3,5,5,baseline,baseline,"[""braid-100"",""braid-1000"",""braid-10"",""braid-10000"",""braid-0"",""baseline""]",parser_inclusive_subprocess_wall_clock,1,unsat,0.312243188,0,0,0,,,"unsat
",,"[""/net/scratch/hscra/plgrid/plgnasqret/codex-control/projects/euf-viper/runs/20260727T103600Z-phase-braid-qg7-8233420/target/release/euf-viper"",""fabric-solve"",""--engine"",""quotient-portfolio"",""/net/scratch/hscra/plgrid/plgnasqret/codex-control/projects/euf-viper/corpora/9b39c70a794d52277a4e5d83731f0ebc50a2f3b804eb1dfc8cf32766a5ebeadc/smtlib-2025/QF_UF/QF_UF/QG-classification/qg7/iso_icl_nogen004.smt2""]"
132,3,7312,QF_UF/QG-classification/qg7/iso_icl_nogen004.smt2,5d487c7da1e60eb8b28ba24d8dc7bc79f40915318ec62d38b44771420d30fc8b,6013634,unsat,1,williams_first_order_carryover,6ad653227c3c19559c94ff26e7c6827f5db285b786b909d8b494bd463f6fcf84,4,4,0,4,0,0,braid-1000,braid-1000,"[""braid-1000"",""braid-10000"",""braid-100"",""baseline"",""braid-10"",""braid-0""]",parser_inclusive_subprocess_wall_clock,1,unsat,0.319611129,0,0,0,,,"unsat
",,"[""/net/scratch/hscra/plgrid/plgnasqret/codex-control/projects/euf-viper/runs/20260727T103600Z-phase-braid-qg7-8233420/target/release/euf-viper"",""fabric-solve"",""--engine"",""quotient-portfolio"",""/net/scratch/hscra/plgrid/plgnasqret/codex-control/projects/euf-viper/corpora/9b39c70a794d52277a4e5d83731f0ebc50a2f3b804eb1dfc8cf32766a5ebeadc/smtlib-2025/QF_UF/QF_UF/QG-classification/qg7/iso_icl_nogen004.smt2""]"
133,3,7312,QF_UF/QG-classification/qg7/iso_icl_nogen004.smt2,5d487c7da1e60eb8b28ba24d8dc7bc79f40915318ec62d38b44771420d30fc8b,6013634,unsat,1,williams_first_order_carryover,6ad653227c3c19559c94ff26e7c6827f5db285b786b909d8b494bd463f6fcf84,4,4,0,4,1,1,braid-10000,braid-10000,"[""braid-1000"",""braid-10000"",""braid-100"",""baseline"",""braid-10"",""braid-0""]",parser_inclusive_subprocess_wall_clock,1,unsat,0.311590140,0,0,0,,,"unsat
",,"[""/net/scratch/hscra/plgrid/plgnasqret/codex-control/projects/euf-viper/runs/20260727T103600Z-phase-braid-qg7-8233420/target/release/euf-viper"",""fabric-solve"",""--engine"",""quotient-portfolio"",""/net/scratch/hscra/plgrid/plgnasqret/codex-control/projects/euf-viper/corpora/9b39c70a794d52277a4e5d83731f0ebc50a2f3b804eb1dfc8cf32766a5ebeadc/smtlib-2025/QF_UF/QF_UF/QG-classification/qg7/iso_icl_nogen004.smt2""]"
134,3,7312,QF_UF/QG-classification/qg7/iso_icl_nogen004.smt2,5d487c7da1e60eb8b28ba24d8dc7bc79f40915318ec62d38b44771420d30fc8b,6013634,unsat,1,williams_first_order_carryover,6ad653227c3c19559c94ff26e7c6827f5db285b786b909d8b494bd463f6fcf84,4,4,0,4,2,2,braid-100,braid-100,"[""braid-1000"",""braid-10000"",""braid-100"",""baseline"",""braid-10"",""braid-0""]",parser_inclusive_subprocess_wall_clock,1,unsat,0.317095894,0,0,0,,,"unsat
",,"[""/net/scratch/hscra/plgrid/plgnasqret/codex-control/projects/euf-viper/runs/20260727T103600Z-phase-braid-qg7-8233420/target/release/euf-viper"",""fabric-solve"",""--engine"",""quotient-portfolio"",""/net/scratch/hscra/plgrid/plgnasqret/codex-control/projects/euf-viper/corpora/9b39c70a794d52277a4e5d83731f0ebc50a2f3b804eb1dfc8cf32766a5ebeadc/smtlib-2025/QF_UF/QF_UF/QG-classification/qg7/iso_icl_nogen004.smt2""]"
135,3,7312,QF_UF/QG-classification/qg7/iso_icl_nogen004.smt2,5d487c7da1e60eb8b28ba24d8dc7bc79f40915318ec62d38b44771420d30fc8b,6013634,unsat,1,williams_first_order_carryover,6ad653227c3c19559c94ff26e7c6827f5db285b786b909d8b494bd463f6fcf84,4,4,0,4,3,3,baseline,baseline,"[""braid-1000"",""braid-10000"",""braid-100"",""baseline"",""braid-10"",""braid-0""]",parser_inclusive_subprocess_wall_clock,1,unsat,0.313520245,0,0,0,,,"unsat
",,"[""/net/scratch/hscra/plgrid/plgnasqret/codex-control/projects/euf-viper/runs/20260727T103600Z-phase-braid-qg7-8233420/target/release/euf-viper"",""fabric-solve"",""--engine"",""quotient-portfolio"",""/net/scratch/hscra/plgrid/plgnasqret/codex-control/projects/euf-viper/corpora/9b39c70a794d52277a4e5d83731f0ebc50a2f3b804eb1dfc8cf32766a5ebeadc/smtlib-2025/QF_UF/QF_UF/QG-classification/qg7/iso_icl_nogen004.smt2""]"
136,3,7312,QF_UF/QG-classification/qg7/iso_icl_nogen004.smt2,5d487c7da1e60eb8b28ba24d8dc7bc79f40915318ec62d38b44771420d30fc8b,6013634,unsat,1,williams_first_order_carryover,6ad653227c3c19559c94ff26e7c6827f5db285b786b909d8b494bd463f6fcf84,4,4,0,4,4,4,braid-10,braid-10,"[""braid-1000"",""braid-10000"",""braid-100"",""baseline"",""braid-10"",""braid-0""]",parser_inclusive_subprocess_wall_clock,1,unsat,0.329369006,0,0,0,,,"unsat
",,"[""/net/scratch/hscra/plgrid/plgnasqret/codex-control/projects/euf-viper/runs/20260727T103600Z-phase-braid-qg7-8233420/target/release/euf-viper"",""fabric-solve"",""--engine"",""quotient-portfolio"",""/net/scratch/hscra/plgrid/plgnasqret/codex-control/projects/euf-viper/corpora/9b39c70a794d52277a4e5d83731f0ebc50a2f3b804eb1dfc8cf32766a5ebeadc/smtlib-2025/QF_UF/QF_UF/QG-classification/qg7/iso_icl_nogen004.smt2""]"
137,3,7312,QF_UF/QG-classification/qg7/iso_icl_nogen004.smt2,5d487c7da1e60eb8b28ba24d8dc7bc79f40915318ec62d38b44771420d30fc8b,6013634,unsat,1,williams_first_order_carryover,6ad653227c3c19559c94ff26e7c6827f5db285b786b909d8b494bd463f6fcf84,4,4,0,4,5,5,braid-0,braid-0,"[""braid-1000"",""braid-10000"",""braid-100"",""baseline"",""braid-10"",""braid-0""]",parser_inclusive_subprocess_wall_clock,1,unsat,0.338267628,0,0,0,,,"unsat
",,"[""/net/scratch/hscra/plgrid/plgnasqret/codex-control/projects/euf-viper/runs/20260727T103600Z-phase-braid-qg7-8233420/target/release/euf-viper"",""fabric-solve"",""--engine"",""quotient-portfolio"",""/net/scratch/hscra/plgrid/plgnasqret/codex-control/projects/euf-viper/corpora/9b39c70a794d52277a4e5d83731f0ebc50a2f3b804eb1dfc8cf32766a5ebeadc/smtlib-2025/QF_UF/QF_UF/QG-classification/qg7/iso_icl_nogen004.smt2""]"
138,3,7312,QF_UF/QG-classification/qg7/iso_icl_nogen004.smt2,5d487c7da1e60eb8b28ba24d8dc7bc79f40915318ec62d38b44771420d30fc8b,6013634,unsat,1,williams_first_order_carryover,6ad653227c3c19559c94ff26e7c6827f5db285b786b909d8b494bd463f6fcf84,5,5,0,5,0,0,braid-10000,braid-10000,"[""braid-10000"",""baseline"",""braid-1000"",""braid-0"",""braid-100"",""braid-10""]",parser_inclusive_subprocess_wall_clock,1,unsat,0.332867482,0,0,0,,,"unsat
",,"[""/net/scratch/hscra/plgrid/plgnasqret/codex-control/projects/euf-viper/runs/20260727T103600Z-phase-braid-qg7-8233420/target/release/euf-viper"",""fabric-solve"",""--engine"",""quotient-portfolio"",""/net/scratch/hscra/plgrid/plgnasqret/codex-control/projects/euf-viper/corpora/9b39c70a794d52277a4e5d83731f0ebc50a2f3b804eb1dfc8cf32766a5ebeadc/smtlib-2025/QF_UF/QF_UF/QG-classification/qg7/iso_icl_nogen004.smt2""]"
139,3,7312,QF_UF/QG-classification/qg7/iso_icl_nogen004.smt2,5d487c7da1e60eb8b28ba24d8dc7bc79f40915318ec62d38b44771420d30fc8b,6013634,unsat,1,williams_first_order_carryover,6ad653227c3c19559c94ff26e7c6827f5db285b786b909d8b494bd463f6fcf84,5,5,0,5,1,1,baseline,baseline,"[""braid-10000"",""baseline"",""braid-1000"",""braid-0"",""braid-100"",""braid-10""]",parser_inclusive_subprocess_wall_clock,1,unsat,0.341824226,0,0,0,,,"unsat
",,"[""/net/scratch/hscra/plgrid/plgnasqret/codex-control/projects/euf-viper/runs/20260727T103600Z-phase-braid-qg7-8233420/target/release/euf-viper"",""fabric-solve"",""--engine"",""quotient-portfolio"",""/net/scratch/hscra/plgrid/plgnasqret/codex-control/projects/euf-viper/corpora/9b39c70a794d52277a4e5d83731f0ebc50a2f3b804eb1dfc8cf32766a5ebeadc/smtlib-2025/QF_UF/QF_UF/QG-classification/qg7/iso_icl_nogen004.smt2""]"
140,3,7312,QF_UF/QG-classification/qg7/iso_icl_nogen004.smt2,5d487c7da1e60eb8b28ba24d8dc7bc79f40915318ec62d38b44771420d30fc8b,6013634,unsat,1,williams_first_order_carryover,6ad653227c3c19559c94ff26e7c6827f5db285b786b909d8b494bd463f6fcf84,5,5,0,5,2,2,braid-1000,braid-1000,"[""braid-10000"",""baseline"",""braid-1000"",""braid-0"",""braid-100"",""braid-10""]",parser_inclusive_subprocess_wall_clock,1,unsat,0.383409098,0,0,0,,,"unsat
",,"[""/net/scratch/hscra/plgrid/plgnasqret/codex-control/projects/euf-viper/runs/20260727T103600Z-phase-braid-qg7-8233420/target/release/euf-viper"",""fabric-solve"",""--engine"",""quotient-portfolio"",""/net/scratch/hscra/plgrid/plgnasqret/codex-control/projects/euf-viper/corpora/9b39c70a794d52277a4e5d83731f0ebc50a2f3b804eb1dfc8cf32766a5ebeadc/smtlib-2025/QF_UF/QF_UF/QG-classification/qg7/iso_icl_nogen004.smt2""]"
141,3,7312,QF_UF/QG-classification/qg7/iso_icl_nogen004.smt2,5d487c7da1e60eb8b28ba24d8dc7bc79f40915318ec62d38b44771420d30fc8b,6013634,unsat,1,williams_first_order_carryover,6ad653227c3c19559c94ff26e7c6827f5db285b786b909d8b494bd463f6fcf84,5,5,0,5,3,3,braid-0,braid-0,"[""braid-10000"",""baseline"",""braid-1000"",""braid-0"",""braid-100"",""braid-10""]",parser_inclusive_subprocess_wall_clock,1,unsat,0.359442282,0,0,0,,,"unsat
",,"[""/net/scratch/hscra/plgrid/plgnasqret/codex-control/projects/euf-viper/runs/20260727T103600Z-phase-braid-qg7-8233420/target/release/euf-viper"",""fabric-solve"",""--engine"",""quotient-portfolio"",""/net/scratch/hscra/plgrid/plgnasqret/codex-control/projects/euf-viper/corpora/9b39c70a794d52277a4e5d83731f0ebc50a2f3b804eb1dfc8cf32766a5ebeadc/smtlib-2025/QF_UF/QF_UF/QG-classification/qg7/iso_icl_nogen004.smt2""]"
142,3,7312,QF_UF/QG-classification/qg7/iso_icl_nogen004.smt2,5d487c7da1e60eb8b28ba24d8dc7bc79f40915318ec62d38b44771420d30fc8b,6013634,unsat,1,williams_first_order_carryover,6ad653227c3c19559c94ff26e7c6827f5db285b786b909d8b494bd463f6fcf84,5,5,0,5,4,4,braid-100,braid-100,"[""braid-10000"",""baseline"",""braid-1000"",""braid-0"",""braid-100"",""braid-10""]",parser_inclusive_subprocess_wall_clock,1,unsat,0.373930201,0,0,0,,,"unsat
",,"[""/net/scratch/hscra/plgrid/plgnasqret/codex-control/projects/euf-viper/runs/20260727T103600Z-phase-braid-qg7-8233420/target/release/euf-viper"",""fabric-solve"",""--engine"",""quotient-portfolio"",""/net/scratch/hscra/plgrid/plgnasqret/codex-control/projects/euf-viper/corpora/9b39c70a794d52277a4e5d83731f0ebc50a2f3b804eb1dfc8cf32766a5ebeadc/smtlib-2025/QF_UF/QF_UF/QG-classification/qg7/iso_icl_nogen004.smt2""]"
143,3,7312,QF_UF/QG-classification/qg7/iso_icl_nogen004.smt2,5d487c7da1e60eb8b28ba24d8dc7bc79f40915318ec62d38b44771420d30fc8b,6013634,unsat,1,williams_first_order_carryover,6ad653227c3c19559c94ff26e7c6827f5db285b786b909d8b494bd463f6fcf84,5,5,0,5,5,5,braid-10,braid-10,"[""braid-10000"",""baseline"",""braid-1000"",""braid-0"",""braid-100"",""braid-10""]",parser_inclusive_subprocess_wall_clock,1,unsat,0.380990754,0,0,0,,,"unsat
",,"[""/net/scratch/hscra/plgrid/plgnasqret/codex-control/projects/euf-viper/runs/20260727T103600Z-phase-braid-qg7-8233420/target/release/euf-viper"",""fabric-solve"",""--engine"",""quotient-portfolio"",""/net/scratch/hscra/plgrid/plgnasqret/codex-control/projects/euf-viper/corpora/9b39c70a794d52277a4e5d83731f0ebc50a2f3b804eb1dfc8cf32766a5ebeadc/smtlib-2025/QF_UF/QF_UF/QG-classification/qg7/iso_icl_nogen004.smt2""]"
