sequence,row_index,id,relative_path,source_sha256,source_size_bytes,expected_status,schedule_schema_version,schedule_design,schedule_sha256,repeat,schedule_row,complete_block,row_in_block,order_in_repeat,arm_position,label,arm,schedule_order_json,timing_scope,parser_inclusive,result,time_s,exit_code,process_returncode,timed_out,error_kind,error_detail,stdout,stderr,argv_json
0,0,7037,QF_UF/QG-classification/qg7/gensys_icl004.smt2,7136175cd6dd47a322bb329e0dd1e93d109ee2b86400fe48d6ac2211897f2c15,812328,unsat,1,williams_first_order_carryover,a5b163da70f7a4b586276cec20529dcaf9a596daf59a01894d95ec3f4fd69c3e,0,0,0,0,0,0,baseline,baseline,"[""baseline"",""staged-0"",""staged-10000"",""staged-10"",""staged-1000"",""staged-100""]",parser_inclusive_subprocess_wall_clock,1,timeout,2.007264388,124,-9,1,timeout,exceeded 2 seconds,,,"[""/net/scratch/hscra/plgrid/plgnasqret/codex-control/projects/euf-viper/runs/20260727T073625Z-staged-qg7-e9fef17/target/release/euf-viper"",""fabric-solve"",""--engine"",""quotient-portfolio"",""/net/scratch/hscra/plgrid/plgnasqret/codex-control/projects/euf-viper/corpora/9b39c70a794d52277a4e5d83731f0ebc50a2f3b804eb1dfc8cf32766a5ebeadc/smtlib-2025/QF_UF/QF_UF/QG-classification/qg7/gensys_icl004.smt2""]"
1,0,7037,QF_UF/QG-classification/qg7/gensys_icl004.smt2,7136175cd6dd47a322bb329e0dd1e93d109ee2b86400fe48d6ac2211897f2c15,812328,unsat,1,williams_first_order_carryover,a5b163da70f7a4b586276cec20529dcaf9a596daf59a01894d95ec3f4fd69c3e,0,0,0,0,1,1,staged-0,staged-0,"[""baseline"",""staged-0"",""staged-10000"",""staged-10"",""staged-1000"",""staged-100""]",parser_inclusive_subprocess_wall_clock,1,unsat,1.874732571,0,0,0,,,"unsat
",,"[""/net/scratch/hscra/plgrid/plgnasqret/codex-control/projects/euf-viper/runs/20260727T073625Z-staged-qg7-e9fef17/target/release/euf-viper"",""fabric-solve"",""--engine"",""quotient-portfolio"",""/net/scratch/hscra/plgrid/plgnasqret/codex-control/projects/euf-viper/corpora/9b39c70a794d52277a4e5d83731f0ebc50a2f3b804eb1dfc8cf32766a5ebeadc/smtlib-2025/QF_UF/QF_UF/QG-classification/qg7/gensys_icl004.smt2""]"
2,0,7037,QF_UF/QG-classification/qg7/gensys_icl004.smt2,7136175cd6dd47a322bb329e0dd1e93d109ee2b86400fe48d6ac2211897f2c15,812328,unsat,1,williams_first_order_carryover,a5b163da70f7a4b586276cec20529dcaf9a596daf59a01894d95ec3f4fd69c3e,0,0,0,0,2,2,staged-10000,staged-10000,"[""baseline"",""staged-0"",""staged-10000"",""staged-10"",""staged-1000"",""staged-100""]",parser_inclusive_subprocess_wall_clock,1,timeout,2.009181852,124,-9,1,timeout,exceeded 2 seconds,,,"[""/net/scratch/hscra/plgrid/plgnasqret/codex-control/projects/euf-viper/runs/20260727T073625Z-staged-qg7-e9fef17/target/release/euf-viper"",""fabric-solve"",""--engine"",""quotient-portfolio"",""/net/scratch/hscra/plgrid/plgnasqret/codex-control/projects/euf-viper/corpora/9b39c70a794d52277a4e5d83731f0ebc50a2f3b804eb1dfc8cf32766a5ebeadc/smtlib-2025/QF_UF/QF_UF/QG-classification/qg7/gensys_icl004.smt2""]"
3,0,7037,QF_UF/QG-classification/qg7/gensys_icl004.smt2,7136175cd6dd47a322bb329e0dd1e93d109ee2b86400fe48d6ac2211897f2c15,812328,unsat,1,williams_first_order_carryover,a5b163da70f7a4b586276cec20529dcaf9a596daf59a01894d95ec3f4fd69c3e,0,0,0,0,3,3,staged-10,staged-10,"[""baseline"",""staged-0"",""staged-10000"",""staged-10"",""staged-1000"",""staged-100""]",parser_inclusive_subprocess_wall_clock,1,unsat,1.464558757,0,0,0,,,"unsat
",,"[""/net/scratch/hscra/plgrid/plgnasqret/codex-control/projects/euf-viper/runs/20260727T073625Z-staged-qg7-e9fef17/target/release/euf-viper"",""fabric-solve"",""--engine"",""quotient-portfolio"",""/net/scratch/hscra/plgrid/plgnasqret/codex-control/projects/euf-viper/corpora/9b39c70a794d52277a4e5d83731f0ebc50a2f3b804eb1dfc8cf32766a5ebeadc/smtlib-2025/QF_UF/QF_UF/QG-classification/qg7/gensys_icl004.smt2""]"
4,0,7037,QF_UF/QG-classification/qg7/gensys_icl004.smt2,7136175cd6dd47a322bb329e0dd1e93d109ee2b86400fe48d6ac2211897f2c15,812328,unsat,1,williams_first_order_carryover,a5b163da70f7a4b586276cec20529dcaf9a596daf59a01894d95ec3f4fd69c3e,0,0,0,0,4,4,staged-1000,staged-1000,"[""baseline"",""staged-0"",""staged-10000"",""staged-10"",""staged-1000"",""staged-100""]",parser_inclusive_subprocess_wall_clock,1,unsat,1.546713315,0,0,0,,,"unsat
",,"[""/net/scratch/hscra/plgrid/plgnasqret/codex-control/projects/euf-viper/runs/20260727T073625Z-staged-qg7-e9fef17/target/release/euf-viper"",""fabric-solve"",""--engine"",""quotient-portfolio"",""/net/scratch/hscra/plgrid/plgnasqret/codex-control/projects/euf-viper/corpora/9b39c70a794d52277a4e5d83731f0ebc50a2f3b804eb1dfc8cf32766a5ebeadc/smtlib-2025/QF_UF/QF_UF/QG-classification/qg7/gensys_icl004.smt2""]"
5,0,7037,QF_UF/QG-classification/qg7/gensys_icl004.smt2,7136175cd6dd47a322bb329e0dd1e93d109ee2b86400fe48d6ac2211897f2c15,812328,unsat,1,williams_first_order_carryover,a5b163da70f7a4b586276cec20529dcaf9a596daf59a01894d95ec3f4fd69c3e,0,0,0,0,5,5,staged-100,staged-100,"[""baseline"",""staged-0"",""staged-10000"",""staged-10"",""staged-1000"",""staged-100""]",parser_inclusive_subprocess_wall_clock,1,unsat,1.583481018,0,0,0,,,"unsat
",,"[""/net/scratch/hscra/plgrid/plgnasqret/codex-control/projects/euf-viper/runs/20260727T073625Z-staged-qg7-e9fef17/target/release/euf-viper"",""fabric-solve"",""--engine"",""quotient-portfolio"",""/net/scratch/hscra/plgrid/plgnasqret/codex-control/projects/euf-viper/corpora/9b39c70a794d52277a4e5d83731f0ebc50a2f3b804eb1dfc8cf32766a5ebeadc/smtlib-2025/QF_UF/QF_UF/QG-classification/qg7/gensys_icl004.smt2""]"
6,0,7037,QF_UF/QG-classification/qg7/gensys_icl004.smt2,7136175cd6dd47a322bb329e0dd1e93d109ee2b86400fe48d6ac2211897f2c15,812328,unsat,1,williams_first_order_carryover,a5b163da70f7a4b586276cec20529dcaf9a596daf59a01894d95ec3f4fd69c3e,1,1,0,1,0,0,staged-0,staged-0,"[""staged-0"",""staged-10"",""baseline"",""staged-100"",""staged-10000"",""staged-1000""]",parser_inclusive_subprocess_wall_clock,1,unsat,1.810226494,0,0,0,,,"unsat
",,"[""/net/scratch/hscra/plgrid/plgnasqret/codex-control/projects/euf-viper/runs/20260727T073625Z-staged-qg7-e9fef17/target/release/euf-viper"",""fabric-solve"",""--engine"",""quotient-portfolio"",""/net/scratch/hscra/plgrid/plgnasqret/codex-control/projects/euf-viper/corpora/9b39c70a794d52277a4e5d83731f0ebc50a2f3b804eb1dfc8cf32766a5ebeadc/smtlib-2025/QF_UF/QF_UF/QG-classification/qg7/gensys_icl004.smt2""]"
7,0,7037,QF_UF/QG-classification/qg7/gensys_icl004.smt2,7136175cd6dd47a322bb329e0dd1e93d109ee2b86400fe48d6ac2211897f2c15,812328,unsat,1,williams_first_order_carryover,a5b163da70f7a4b586276cec20529dcaf9a596daf59a01894d95ec3f4fd69c3e,1,1,0,1,1,1,staged-10,staged-10,"[""staged-0"",""staged-10"",""baseline"",""staged-100"",""staged-10000"",""staged-1000""]",parser_inclusive_subprocess_wall_clock,1,unsat,1.723626777,0,0,0,,,"unsat
",,"[""/net/scratch/hscra/plgrid/plgnasqret/codex-control/projects/euf-viper/runs/20260727T073625Z-staged-qg7-e9fef17/target/release/euf-viper"",""fabric-solve"",""--engine"",""quotient-portfolio"",""/net/scratch/hscra/plgrid/plgnasqret/codex-control/projects/euf-viper/corpora/9b39c70a794d52277a4e5d83731f0ebc50a2f3b804eb1dfc8cf32766a5ebeadc/smtlib-2025/QF_UF/QF_UF/QG-classification/qg7/gensys_icl004.smt2""]"
8,0,7037,QF_UF/QG-classification/qg7/gensys_icl004.smt2,7136175cd6dd47a322bb329e0dd1e93d109ee2b86400fe48d6ac2211897f2c15,812328,unsat,1,williams_first_order_carryover,a5b163da70f7a4b586276cec20529dcaf9a596daf59a01894d95ec3f4fd69c3e,1,1,0,1,2,2,baseline,baseline,"[""staged-0"",""staged-10"",""baseline"",""staged-100"",""staged-10000"",""staged-1000""]",parser_inclusive_subprocess_wall_clock,1,timeout,2.007714372,124,-9,1,timeout,exceeded 2 seconds,,,"[""/net/scratch/hscra/plgrid/plgnasqret/codex-control/projects/euf-viper/runs/20260727T073625Z-staged-qg7-e9fef17/target/release/euf-viper"",""fabric-solve"",""--engine"",""quotient-portfolio"",""/net/scratch/hscra/plgrid/plgnasqret/codex-control/projects/euf-viper/corpora/9b39c70a794d52277a4e5d83731f0ebc50a2f3b804eb1dfc8cf32766a5ebeadc/smtlib-2025/QF_UF/QF_UF/QG-classification/qg7/gensys_icl004.smt2""]"
9,0,7037,QF_UF/QG-classification/qg7/gensys_icl004.smt2,7136175cd6dd47a322bb329e0dd1e93d109ee2b86400fe48d6ac2211897f2c15,812328,unsat,1,williams_first_order_carryover,a5b163da70f7a4b586276cec20529dcaf9a596daf59a01894d95ec3f4fd69c3e,1,1,0,1,3,3,staged-100,staged-100,"[""staged-0"",""staged-10"",""baseline"",""staged-100"",""staged-10000"",""staged-1000""]",parser_inclusive_subprocess_wall_clock,1,unsat,1.449504809,0,0,0,,,"unsat
",,"[""/net/scratch/hscra/plgrid/plgnasqret/codex-control/projects/euf-viper/runs/20260727T073625Z-staged-qg7-e9fef17/target/release/euf-viper"",""fabric-solve"",""--engine"",""quotient-portfolio"",""/net/scratch/hscra/plgrid/plgnasqret/codex-control/projects/euf-viper/corpora/9b39c70a794d52277a4e5d83731f0ebc50a2f3b804eb1dfc8cf32766a5ebeadc/smtlib-2025/QF_UF/QF_UF/QG-classification/qg7/gensys_icl004.smt2""]"
10,0,7037,QF_UF/QG-classification/qg7/gensys_icl004.smt2,7136175cd6dd47a322bb329e0dd1e93d109ee2b86400fe48d6ac2211897f2c15,812328,unsat,1,williams_first_order_carryover,a5b163da70f7a4b586276cec20529dcaf9a596daf59a01894d95ec3f4fd69c3e,1,1,0,1,4,4,staged-10000,staged-10000,"[""staged-0"",""staged-10"",""baseline"",""staged-100"",""staged-10000"",""staged-1000""]",parser_inclusive_subprocess_wall_clock,1,timeout,2.009036281,124,-9,1,timeout,exceeded 2 seconds,,,"[""/net/scratch/hscra/plgrid/plgnasqret/codex-control/projects/euf-viper/runs/20260727T073625Z-staged-qg7-e9fef17/target/release/euf-viper"",""fabric-solve"",""--engine"",""quotient-portfolio"",""/net/scratch/hscra/plgrid/plgnasqret/codex-control/projects/euf-viper/corpora/9b39c70a794d52277a4e5d83731f0ebc50a2f3b804eb1dfc8cf32766a5ebeadc/smtlib-2025/QF_UF/QF_UF/QG-classification/qg7/gensys_icl004.smt2""]"
11,0,7037,QF_UF/QG-classification/qg7/gensys_icl004.smt2,7136175cd6dd47a322bb329e0dd1e93d109ee2b86400fe48d6ac2211897f2c15,812328,unsat,1,williams_first_order_carryover,a5b163da70f7a4b586276cec20529dcaf9a596daf59a01894d95ec3f4fd69c3e,1,1,0,1,5,5,staged-1000,staged-1000,"[""staged-0"",""staged-10"",""baseline"",""staged-100"",""staged-10000"",""staged-1000""]",parser_inclusive_subprocess_wall_clock,1,timeout,2.009676148,124,-9,1,timeout,exceeded 2 seconds,,,"[""/net/scratch/hscra/plgrid/plgnasqret/codex-control/projects/euf-viper/runs/20260727T073625Z-staged-qg7-e9fef17/target/release/euf-viper"",""fabric-solve"",""--engine"",""quotient-portfolio"",""/net/scratch/hscra/plgrid/plgnasqret/codex-control/projects/euf-viper/corpora/9b39c70a794d52277a4e5d83731f0ebc50a2f3b804eb1dfc8cf32766a5ebeadc/smtlib-2025/QF_UF/QF_UF/QG-classification/qg7/gensys_icl004.smt2""]"
12,0,7037,QF_UF/QG-classification/qg7/gensys_icl004.smt2,7136175cd6dd47a322bb329e0dd1e93d109ee2b86400fe48d6ac2211897f2c15,812328,unsat,1,williams_first_order_carryover,a5b163da70f7a4b586276cec20529dcaf9a596daf59a01894d95ec3f4fd69c3e,2,2,0,2,0,0,staged-10,staged-10,"[""staged-10"",""staged-100"",""staged-0"",""staged-1000"",""baseline"",""staged-10000""]",parser_inclusive_subprocess_wall_clock,1,unsat,1.902094579,0,0,0,,,"unsat
",,"[""/net/scratch/hscra/plgrid/plgnasqret/codex-control/projects/euf-viper/runs/20260727T073625Z-staged-qg7-e9fef17/target/release/euf-viper"",""fabric-solve"",""--engine"",""quotient-portfolio"",""/net/scratch/hscra/plgrid/plgnasqret/codex-control/projects/euf-viper/corpora/9b39c70a794d52277a4e5d83731f0ebc50a2f3b804eb1dfc8cf32766a5ebeadc/smtlib-2025/QF_UF/QF_UF/QG-classification/qg7/gensys_icl004.smt2""]"
13,0,7037,QF_UF/QG-classification/qg7/gensys_icl004.smt2,7136175cd6dd47a322bb329e0dd1e93d109ee2b86400fe48d6ac2211897f2c15,812328,unsat,1,williams_first_order_carryover,a5b163da70f7a4b586276cec20529dcaf9a596daf59a01894d95ec3f4fd69c3e,2,2,0,2,1,1,staged-100,staged-100,"[""staged-10"",""staged-100"",""staged-0"",""staged-1000"",""baseline"",""staged-10000""]",parser_inclusive_subprocess_wall_clock,1,unsat,1.486226859,0,0,0,,,"unsat
",,"[""/net/scratch/hscra/plgrid/plgnasqret/codex-control/projects/euf-viper/runs/20260727T073625Z-staged-qg7-e9fef17/target/release/euf-viper"",""fabric-solve"",""--engine"",""quotient-portfolio"",""/net/scratch/hscra/plgrid/plgnasqret/codex-control/projects/euf-viper/corpora/9b39c70a794d52277a4e5d83731f0ebc50a2f3b804eb1dfc8cf32766a5ebeadc/smtlib-2025/QF_UF/QF_UF/QG-classification/qg7/gensys_icl004.smt2""]"
14,0,7037,QF_UF/QG-classification/qg7/gensys_icl004.smt2,7136175cd6dd47a322bb329e0dd1e93d109ee2b86400fe48d6ac2211897f2c15,812328,unsat,1,williams_first_order_carryover,a5b163da70f7a4b586276cec20529dcaf9a596daf59a01894d95ec3f4fd69c3e,2,2,0,2,2,2,staged-0,staged-0,"[""staged-10"",""staged-100"",""staged-0"",""staged-1000"",""baseline"",""staged-10000""]",parser_inclusive_subprocess_wall_clock,1,unsat,1.429033895,0,0,0,,,"unsat
",,"[""/net/scratch/hscra/plgrid/plgnasqret/codex-control/projects/euf-viper/runs/20260727T073625Z-staged-qg7-e9fef17/target/release/euf-viper"",""fabric-solve"",""--engine"",""quotient-portfolio"",""/net/scratch/hscra/plgrid/plgnasqret/codex-control/projects/euf-viper/corpora/9b39c70a794d52277a4e5d83731f0ebc50a2f3b804eb1dfc8cf32766a5ebeadc/smtlib-2025/QF_UF/QF_UF/QG-classification/qg7/gensys_icl004.smt2""]"
15,0,7037,QF_UF/QG-classification/qg7/gensys_icl004.smt2,7136175cd6dd47a322bb329e0dd1e93d109ee2b86400fe48d6ac2211897f2c15,812328,unsat,1,williams_first_order_carryover,a5b163da70f7a4b586276cec20529dcaf9a596daf59a01894d95ec3f4fd69c3e,2,2,0,2,3,3,staged-1000,staged-1000,"[""staged-10"",""staged-100"",""staged-0"",""staged-1000"",""baseline"",""staged-10000""]",parser_inclusive_subprocess_wall_clock,1,unsat,1.762399943,0,0,0,,,"unsat
",,"[""/net/scratch/hscra/plgrid/plgnasqret/codex-control/projects/euf-viper/runs/20260727T073625Z-staged-qg7-e9fef17/target/release/euf-viper"",""fabric-solve"",""--engine"",""quotient-portfolio"",""/net/scratch/hscra/plgrid/plgnasqret/codex-control/projects/euf-viper/corpora/9b39c70a794d52277a4e5d83731f0ebc50a2f3b804eb1dfc8cf32766a5ebeadc/smtlib-2025/QF_UF/QF_UF/QG-classification/qg7/gensys_icl004.smt2""]"
16,0,7037,QF_UF/QG-classification/qg7/gensys_icl004.smt2,7136175cd6dd47a322bb329e0dd1e93d109ee2b86400fe48d6ac2211897f2c15,812328,unsat,1,williams_first_order_carryover,a5b163da70f7a4b586276cec20529dcaf9a596daf59a01894d95ec3f4fd69c3e,2,2,0,2,4,4,baseline,baseline,"[""staged-10"",""staged-100"",""staged-0"",""staged-1000"",""baseline"",""staged-10000""]",parser_inclusive_subprocess_wall_clock,1,timeout,2.008340278,124,-9,1,timeout,exceeded 2 seconds,,,"[""/net/scratch/hscra/plgrid/plgnasqret/codex-control/projects/euf-viper/runs/20260727T073625Z-staged-qg7-e9fef17/target/release/euf-viper"",""fabric-solve"",""--engine"",""quotient-portfolio"",""/net/scratch/hscra/plgrid/plgnasqret/codex-control/projects/euf-viper/corpora/9b39c70a794d52277a4e5d83731f0ebc50a2f3b804eb1dfc8cf32766a5ebeadc/smtlib-2025/QF_UF/QF_UF/QG-classification/qg7/gensys_icl004.smt2""]"
17,0,7037,QF_UF/QG-classification/qg7/gensys_icl004.smt2,7136175cd6dd47a322bb329e0dd1e93d109ee2b86400fe48d6ac2211897f2c15,812328,unsat,1,williams_first_order_carryover,a5b163da70f7a4b586276cec20529dcaf9a596daf59a01894d95ec3f4fd69c3e,2,2,0,2,5,5,staged-10000,staged-10000,"[""staged-10"",""staged-100"",""staged-0"",""staged-1000"",""baseline"",""staged-10000""]",parser_inclusive_subprocess_wall_clock,1,timeout,2.009453525,124,-9,1,timeout,exceeded 2 seconds,,,"[""/net/scratch/hscra/plgrid/plgnasqret/codex-control/projects/euf-viper/runs/20260727T073625Z-staged-qg7-e9fef17/target/release/euf-viper"",""fabric-solve"",""--engine"",""quotient-portfolio"",""/net/scratch/hscra/plgrid/plgnasqret/codex-control/projects/euf-viper/corpora/9b39c70a794d52277a4e5d83731f0ebc50a2f3b804eb1dfc8cf32766a5ebeadc/smtlib-2025/QF_UF/QF_UF/QG-classification/qg7/gensys_icl004.smt2""]"
18,0,7037,QF_UF/QG-classification/qg7/gensys_icl004.smt2,7136175cd6dd47a322bb329e0dd1e93d109ee2b86400fe48d6ac2211897f2c15,812328,unsat,1,williams_first_order_carryover,a5b163da70f7a4b586276cec20529dcaf9a596daf59a01894d95ec3f4fd69c3e,3,3,0,3,0,0,staged-100,staged-100,"[""staged-100"",""staged-1000"",""staged-10"",""staged-10000"",""staged-0"",""baseline""]",parser_inclusive_subprocess_wall_clock,1,unsat,1.791822446,0,0,0,,,"unsat
",,"[""/net/scratch/hscra/plgrid/plgnasqret/codex-control/projects/euf-viper/runs/20260727T073625Z-staged-qg7-e9fef17/target/release/euf-viper"",""fabric-solve"",""--engine"",""quotient-portfolio"",""/net/scratch/hscra/plgrid/plgnasqret/codex-control/projects/euf-viper/corpora/9b39c70a794d52277a4e5d83731f0ebc50a2f3b804eb1dfc8cf32766a5ebeadc/smtlib-2025/QF_UF/QF_UF/QG-classification/qg7/gensys_icl004.smt2""]"
19,0,7037,QF_UF/QG-classification/qg7/gensys_icl004.smt2,7136175cd6dd47a322bb329e0dd1e93d109ee2b86400fe48d6ac2211897f2c15,812328,unsat,1,williams_first_order_carryover,a5b163da70f7a4b586276cec20529dcaf9a596daf59a01894d95ec3f4fd69c3e,3,3,0,3,1,1,staged-1000,staged-1000,"[""staged-100"",""staged-1000"",""staged-10"",""staged-10000"",""staged-0"",""baseline""]",parser_inclusive_subprocess_wall_clock,1,unsat,1.566194357,0,0,0,,,"unsat
",,"[""/net/scratch/hscra/plgrid/plgnasqret/codex-control/projects/euf-viper/runs/20260727T073625Z-staged-qg7-e9fef17/target/release/euf-viper"",""fabric-solve"",""--engine"",""quotient-portfolio"",""/net/scratch/hscra/plgrid/plgnasqret/codex-control/projects/euf-viper/corpora/9b39c70a794d52277a4e5d83731f0ebc50a2f3b804eb1dfc8cf32766a5ebeadc/smtlib-2025/QF_UF/QF_UF/QG-classification/qg7/gensys_icl004.smt2""]"
20,0,7037,QF_UF/QG-classification/qg7/gensys_icl004.smt2,7136175cd6dd47a322bb329e0dd1e93d109ee2b86400fe48d6ac2211897f2c15,812328,unsat,1,williams_first_order_carryover,a5b163da70f7a4b586276cec20529dcaf9a596daf59a01894d95ec3f4fd69c3e,3,3,0,3,2,2,staged-10,staged-10,"[""staged-100"",""staged-1000"",""staged-10"",""staged-10000"",""staged-0"",""baseline""]",parser_inclusive_subprocess_wall_clock,1,unsat,1.651295999,0,0,0,,,"unsat
",,"[""/net/scratch/hscra/plgrid/plgnasqret/codex-control/projects/euf-viper/runs/20260727T073625Z-staged-qg7-e9fef17/target/release/euf-viper"",""fabric-solve"",""--engine"",""quotient-portfolio"",""/net/scratch/hscra/plgrid/plgnasqret/codex-control/projects/euf-viper/corpora/9b39c70a794d52277a4e5d83731f0ebc50a2f3b804eb1dfc8cf32766a5ebeadc/smtlib-2025/QF_UF/QF_UF/QG-classification/qg7/gensys_icl004.smt2""]"
21,0,7037,QF_UF/QG-classification/qg7/gensys_icl004.smt2,7136175cd6dd47a322bb329e0dd1e93d109ee2b86400fe48d6ac2211897f2c15,812328,unsat,1,williams_first_order_carryover,a5b163da70f7a4b586276cec20529dcaf9a596daf59a01894d95ec3f4fd69c3e,3,3,0,3,3,3,staged-10000,staged-10000,"[""staged-100"",""staged-1000"",""staged-10"",""staged-10000"",""staged-0"",""baseline""]",parser_inclusive_subprocess_wall_clock,1,timeout,2.008812528,124,-9,1,timeout,exceeded 2 seconds,,,"[""/net/scratch/hscra/plgrid/plgnasqret/codex-control/projects/euf-viper/runs/20260727T073625Z-staged-qg7-e9fef17/target/release/euf-viper"",""fabric-solve"",""--engine"",""quotient-portfolio"",""/net/scratch/hscra/plgrid/plgnasqret/codex-control/projects/euf-viper/corpora/9b39c70a794d52277a4e5d83731f0ebc50a2f3b804eb1dfc8cf32766a5ebeadc/smtlib-2025/QF_UF/QF_UF/QG-classification/qg7/gensys_icl004.smt2""]"
22,0,7037,QF_UF/QG-classification/qg7/gensys_icl004.smt2,7136175cd6dd47a322bb329e0dd1e93d109ee2b86400fe48d6ac2211897f2c15,812328,unsat,1,williams_first_order_carryover,a5b163da70f7a4b586276cec20529dcaf9a596daf59a01894d95ec3f4fd69c3e,3,3,0,3,4,4,staged-0,staged-0,"[""staged-100"",""staged-1000"",""staged-10"",""staged-10000"",""staged-0"",""baseline""]",parser_inclusive_subprocess_wall_clock,1,unsat,1.776616819,0,0,0,,,"unsat
",,"[""/net/scratch/hscra/plgrid/plgnasqret/codex-control/projects/euf-viper/runs/20260727T073625Z-staged-qg7-e9fef17/target/release/euf-viper"",""fabric-solve"",""--engine"",""quotient-portfolio"",""/net/scratch/hscra/plgrid/plgnasqret/codex-control/projects/euf-viper/corpora/9b39c70a794d52277a4e5d83731f0ebc50a2f3b804eb1dfc8cf32766a5ebeadc/smtlib-2025/QF_UF/QF_UF/QG-classification/qg7/gensys_icl004.smt2""]"
23,0,7037,QF_UF/QG-classification/qg7/gensys_icl004.smt2,7136175cd6dd47a322bb329e0dd1e93d109ee2b86400fe48d6ac2211897f2c15,812328,unsat,1,williams_first_order_carryover,a5b163da70f7a4b586276cec20529dcaf9a596daf59a01894d95ec3f4fd69c3e,3,3,0,3,5,5,baseline,baseline,"[""staged-100"",""staged-1000"",""staged-10"",""staged-10000"",""staged-0"",""baseline""]",parser_inclusive_subprocess_wall_clock,1,timeout,2.008682021,124,-9,1,timeout,exceeded 2 seconds,,,"[""/net/scratch/hscra/plgrid/plgnasqret/codex-control/projects/euf-viper/runs/20260727T073625Z-staged-qg7-e9fef17/target/release/euf-viper"",""fabric-solve"",""--engine"",""quotient-portfolio"",""/net/scratch/hscra/plgrid/plgnasqret/codex-control/projects/euf-viper/corpora/9b39c70a794d52277a4e5d83731f0ebc50a2f3b804eb1dfc8cf32766a5ebeadc/smtlib-2025/QF_UF/QF_UF/QG-classification/qg7/gensys_icl004.smt2""]"
24,0,7037,QF_UF/QG-classification/qg7/gensys_icl004.smt2,7136175cd6dd47a322bb329e0dd1e93d109ee2b86400fe48d6ac2211897f2c15,812328,unsat,1,williams_first_order_carryover,a5b163da70f7a4b586276cec20529dcaf9a596daf59a01894d95ec3f4fd69c3e,4,4,0,4,0,0,staged-1000,staged-1000,"[""staged-1000"",""staged-10000"",""staged-100"",""baseline"",""staged-10"",""staged-0""]",parser_inclusive_subprocess_wall_clock,1,unsat,1.551469193,0,0,0,,,"unsat
",,"[""/net/scratch/hscra/plgrid/plgnasqret/codex-control/projects/euf-viper/runs/20260727T073625Z-staged-qg7-e9fef17/target/release/euf-viper"",""fabric-solve"",""--engine"",""quotient-portfolio"",""/net/scratch/hscra/plgrid/plgnasqret/codex-control/projects/euf-viper/corpora/9b39c70a794d52277a4e5d83731f0ebc50a2f3b804eb1dfc8cf32766a5ebeadc/smtlib-2025/QF_UF/QF_UF/QG-classification/qg7/gensys_icl004.smt2""]"
25,0,7037,QF_UF/QG-classification/qg7/gensys_icl004.smt2,7136175cd6dd47a322bb329e0dd1e93d109ee2b86400fe48d6ac2211897f2c15,812328,unsat,1,williams_first_order_carryover,a5b163da70f7a4b586276cec20529dcaf9a596daf59a01894d95ec3f4fd69c3e,4,4,0,4,1,1,staged-10000,staged-10000,"[""staged-1000"",""staged-10000"",""staged-100"",""baseline"",""staged-10"",""staged-0""]",parser_inclusive_subprocess_wall_clock,1,timeout,2.008432314,124,-9,1,timeout,exceeded 2 seconds,,,"[""/net/scratch/hscra/plgrid/plgnasqret/codex-control/projects/euf-viper/runs/20260727T073625Z-staged-qg7-e9fef17/target/release/euf-viper"",""fabric-solve"",""--engine"",""quotient-portfolio"",""/net/scratch/hscra/plgrid/plgnasqret/codex-control/projects/euf-viper/corpora/9b39c70a794d52277a4e5d83731f0ebc50a2f3b804eb1dfc8cf32766a5ebeadc/smtlib-2025/QF_UF/QF_UF/QG-classification/qg7/gensys_icl004.smt2""]"
26,0,7037,QF_UF/QG-classification/qg7/gensys_icl004.smt2,7136175cd6dd47a322bb329e0dd1e93d109ee2b86400fe48d6ac2211897f2c15,812328,unsat,1,williams_first_order_carryover,a5b163da70f7a4b586276cec20529dcaf9a596daf59a01894d95ec3f4fd69c3e,4,4,0,4,2,2,staged-100,staged-100,"[""staged-1000"",""staged-10000"",""staged-100"",""baseline"",""staged-10"",""staged-0""]",parser_inclusive_subprocess_wall_clock,1,unsat,1.908661828,0,0,0,,,"unsat
",,"[""/net/scratch/hscra/plgrid/plgnasqret/codex-control/projects/euf-viper/runs/20260727T073625Z-staged-qg7-e9fef17/target/release/euf-viper"",""fabric-solve"",""--engine"",""quotient-portfolio"",""/net/scratch/hscra/plgrid/plgnasqret/codex-control/projects/euf-viper/corpora/9b39c70a794d52277a4e5d83731f0ebc50a2f3b804eb1dfc8cf32766a5ebeadc/smtlib-2025/QF_UF/QF_UF/QG-classification/qg7/gensys_icl004.smt2""]"
27,0,7037,QF_UF/QG-classification/qg7/gensys_icl004.smt2,7136175cd6dd47a322bb329e0dd1e93d109ee2b86400fe48d6ac2211897f2c15,812328,unsat,1,williams_first_order_carryover,a5b163da70f7a4b586276cec20529dcaf9a596daf59a01894d95ec3f4fd69c3e,4,4,0,4,3,3,baseline,baseline,"[""staged-1000"",""staged-10000"",""staged-100"",""baseline"",""staged-10"",""staged-0""]",parser_inclusive_subprocess_wall_clock,1,timeout,2.008540686,124,-9,1,timeout,exceeded 2 seconds,,,"[""/net/scratch/hscra/plgrid/plgnasqret/codex-control/projects/euf-viper/runs/20260727T073625Z-staged-qg7-e9fef17/target/release/euf-viper"",""fabric-solve"",""--engine"",""quotient-portfolio"",""/net/scratch/hscra/plgrid/plgnasqret/codex-control/projects/euf-viper/corpora/9b39c70a794d52277a4e5d83731f0ebc50a2f3b804eb1dfc8cf32766a5ebeadc/smtlib-2025/QF_UF/QF_UF/QG-classification/qg7/gensys_icl004.smt2""]"
28,0,7037,QF_UF/QG-classification/qg7/gensys_icl004.smt2,7136175cd6dd47a322bb329e0dd1e93d109ee2b86400fe48d6ac2211897f2c15,812328,unsat,1,williams_first_order_carryover,a5b163da70f7a4b586276cec20529dcaf9a596daf59a01894d95ec3f4fd69c3e,4,4,0,4,4,4,staged-10,staged-10,"[""staged-1000"",""staged-10000"",""staged-100"",""baseline"",""staged-10"",""staged-0""]",parser_inclusive_subprocess_wall_clock,1,unsat,1.667696323,0,0,0,,,"unsat
",,"[""/net/scratch/hscra/plgrid/plgnasqret/codex-control/projects/euf-viper/runs/20260727T073625Z-staged-qg7-e9fef17/target/release/euf-viper"",""fabric-solve"",""--engine"",""quotient-portfolio"",""/net/scratch/hscra/plgrid/plgnasqret/codex-control/projects/euf-viper/corpora/9b39c70a794d52277a4e5d83731f0ebc50a2f3b804eb1dfc8cf32766a5ebeadc/smtlib-2025/QF_UF/QF_UF/QG-classification/qg7/gensys_icl004.smt2""]"
29,0,7037,QF_UF/QG-classification/qg7/gensys_icl004.smt2,7136175cd6dd47a322bb329e0dd1e93d109ee2b86400fe48d6ac2211897f2c15,812328,unsat,1,williams_first_order_carryover,a5b163da70f7a4b586276cec20529dcaf9a596daf59a01894d95ec3f4fd69c3e,4,4,0,4,5,5,staged-0,staged-0,"[""staged-1000"",""staged-10000"",""staged-100"",""baseline"",""staged-10"",""staged-0""]",parser_inclusive_subprocess_wall_clock,1,unsat,1.445580742,0,0,0,,,"unsat
",,"[""/net/scratch/hscra/plgrid/plgnasqret/codex-control/projects/euf-viper/runs/20260727T073625Z-staged-qg7-e9fef17/target/release/euf-viper"",""fabric-solve"",""--engine"",""quotient-portfolio"",""/net/scratch/hscra/plgrid/plgnasqret/codex-control/projects/euf-viper/corpora/9b39c70a794d52277a4e5d83731f0ebc50a2f3b804eb1dfc8cf32766a5ebeadc/smtlib-2025/QF_UF/QF_UF/QG-classification/qg7/gensys_icl004.smt2""]"
30,0,7037,QF_UF/QG-classification/qg7/gensys_icl004.smt2,7136175cd6dd47a322bb329e0dd1e93d109ee2b86400fe48d6ac2211897f2c15,812328,unsat,1,williams_first_order_carryover,a5b163da70f7a4b586276cec20529dcaf9a596daf59a01894d95ec3f4fd69c3e,5,5,0,5,0,0,staged-10000,staged-10000,"[""staged-10000"",""baseline"",""staged-1000"",""staged-0"",""staged-100"",""staged-10""]",parser_inclusive_subprocess_wall_clock,1,timeout,2.009230362,124,-9,1,timeout,exceeded 2 seconds,,,"[""/net/scratch/hscra/plgrid/plgnasqret/codex-control/projects/euf-viper/runs/20260727T073625Z-staged-qg7-e9fef17/target/release/euf-viper"",""fabric-solve"",""--engine"",""quotient-portfolio"",""/net/scratch/hscra/plgrid/plgnasqret/codex-control/projects/euf-viper/corpora/9b39c70a794d52277a4e5d83731f0ebc50a2f3b804eb1dfc8cf32766a5ebeadc/smtlib-2025/QF_UF/QF_UF/QG-classification/qg7/gensys_icl004.smt2""]"
31,0,7037,QF_UF/QG-classification/qg7/gensys_icl004.smt2,7136175cd6dd47a322bb329e0dd1e93d109ee2b86400fe48d6ac2211897f2c15,812328,unsat,1,williams_first_order_carryover,a5b163da70f7a4b586276cec20529dcaf9a596daf59a01894d95ec3f4fd69c3e,5,5,0,5,1,1,baseline,baseline,"[""staged-10000"",""baseline"",""staged-1000"",""staged-0"",""staged-100"",""staged-10""]",parser_inclusive_subprocess_wall_clock,1,timeout,2.007889302,124,-9,1,timeout,exceeded 2 seconds,,,"[""/net/scratch/hscra/plgrid/plgnasqret/codex-control/projects/euf-viper/runs/20260727T073625Z-staged-qg7-e9fef17/target/release/euf-viper"",""fabric-solve"",""--engine"",""quotient-portfolio"",""/net/scratch/hscra/plgrid/plgnasqret/codex-control/projects/euf-viper/corpora/9b39c70a794d52277a4e5d83731f0ebc50a2f3b804eb1dfc8cf32766a5ebeadc/smtlib-2025/QF_UF/QF_UF/QG-classification/qg7/gensys_icl004.smt2""]"
32,0,7037,QF_UF/QG-classification/qg7/gensys_icl004.smt2,7136175cd6dd47a322bb329e0dd1e93d109ee2b86400fe48d6ac2211897f2c15,812328,unsat,1,williams_first_order_carryover,a5b163da70f7a4b586276cec20529dcaf9a596daf59a01894d95ec3f4fd69c3e,5,5,0,5,2,2,staged-1000,staged-1000,"[""staged-10000"",""baseline"",""staged-1000"",""staged-0"",""staged-100"",""staged-10""]",parser_inclusive_subprocess_wall_clock,1,unsat,1.979170076,0,0,0,,,"unsat
",,"[""/net/scratch/hscra/plgrid/plgnasqret/codex-control/projects/euf-viper/runs/20260727T073625Z-staged-qg7-e9fef17/target/release/euf-viper"",""fabric-solve"",""--engine"",""quotient-portfolio"",""/net/scratch/hscra/plgrid/plgnasqret/codex-control/projects/euf-viper/corpora/9b39c70a794d52277a4e5d83731f0ebc50a2f3b804eb1dfc8cf32766a5ebeadc/smtlib-2025/QF_UF/QF_UF/QG-classification/qg7/gensys_icl004.smt2""]"
33,0,7037,QF_UF/QG-classification/qg7/gensys_icl004.smt2,7136175cd6dd47a322bb329e0dd1e93d109ee2b86400fe48d6ac2211897f2c15,812328,unsat,1,williams_first_order_carryover,a5b163da70f7a4b586276cec20529dcaf9a596daf59a01894d95ec3f4fd69c3e,5,5,0,5,3,3,staged-0,staged-0,"[""staged-10000"",""baseline"",""staged-1000"",""staged-0"",""staged-100"",""staged-10""]",parser_inclusive_subprocess_wall_clock,1,unsat,1.719280048,0,0,0,,,"unsat
",,"[""/net/scratch/hscra/plgrid/plgnasqret/codex-control/projects/euf-viper/runs/20260727T073625Z-staged-qg7-e9fef17/target/release/euf-viper"",""fabric-solve"",""--engine"",""quotient-portfolio"",""/net/scratch/hscra/plgrid/plgnasqret/codex-control/projects/euf-viper/corpora/9b39c70a794d52277a4e5d83731f0ebc50a2f3b804eb1dfc8cf32766a5ebeadc/smtlib-2025/QF_UF/QF_UF/QG-classification/qg7/gensys_icl004.smt2""]"
34,0,7037,QF_UF/QG-classification/qg7/gensys_icl004.smt2,7136175cd6dd47a322bb329e0dd1e93d109ee2b86400fe48d6ac2211897f2c15,812328,unsat,1,williams_first_order_carryover,a5b163da70f7a4b586276cec20529dcaf9a596daf59a01894d95ec3f4fd69c3e,5,5,0,5,4,4,staged-100,staged-100,"[""staged-10000"",""baseline"",""staged-1000"",""staged-0"",""staged-100"",""staged-10""]",parser_inclusive_subprocess_wall_clock,1,unsat,1.459926443,0,0,0,,,"unsat
",,"[""/net/scratch/hscra/plgrid/plgnasqret/codex-control/projects/euf-viper/runs/20260727T073625Z-staged-qg7-e9fef17/target/release/euf-viper"",""fabric-solve"",""--engine"",""quotient-portfolio"",""/net/scratch/hscra/plgrid/plgnasqret/codex-control/projects/euf-viper/corpora/9b39c70a794d52277a4e5d83731f0ebc50a2f3b804eb1dfc8cf32766a5ebeadc/smtlib-2025/QF_UF/QF_UF/QG-classification/qg7/gensys_icl004.smt2""]"
35,0,7037,QF_UF/QG-classification/qg7/gensys_icl004.smt2,7136175cd6dd47a322bb329e0dd1e93d109ee2b86400fe48d6ac2211897f2c15,812328,unsat,1,williams_first_order_carryover,a5b163da70f7a4b586276cec20529dcaf9a596daf59a01894d95ec3f4fd69c3e,5,5,0,5,5,5,staged-10,staged-10,"[""staged-10000"",""baseline"",""staged-1000"",""staged-0"",""staged-100"",""staged-10""]",parser_inclusive_subprocess_wall_clock,1,unsat,1.646719632,0,0,0,,,"unsat
",,"[""/net/scratch/hscra/plgrid/plgnasqret/codex-control/projects/euf-viper/runs/20260727T073625Z-staged-qg7-e9fef17/target/release/euf-viper"",""fabric-solve"",""--engine"",""quotient-portfolio"",""/net/scratch/hscra/plgrid/plgnasqret/codex-control/projects/euf-viper/corpora/9b39c70a794d52277a4e5d83731f0ebc50a2f3b804eb1dfc8cf32766a5ebeadc/smtlib-2025/QF_UF/QF_UF/QG-classification/qg7/gensys_icl004.smt2""]"
36,1,7047,QF_UF/QG-classification/qg7/gensys_icl_sk007.smt2,2c664a3b81530af52d8eed9bc73c7d7680cb206dcdbd8f3b96d810259e22ffff,811593,unsat,1,williams_first_order_carryover,a5b163da70f7a4b586276cec20529dcaf9a596daf59a01894d95ec3f4fd69c3e,0,0,0,0,0,0,baseline,baseline,"[""baseline"",""staged-0"",""staged-10000"",""staged-10"",""staged-1000"",""staged-100""]",parser_inclusive_subprocess_wall_clock,1,timeout,2.007991624,124,-9,1,timeout,exceeded 2 seconds,,,"[""/net/scratch/hscra/plgrid/plgnasqret/codex-control/projects/euf-viper/runs/20260727T073625Z-staged-qg7-e9fef17/target/release/euf-viper"",""fabric-solve"",""--engine"",""quotient-portfolio"",""/net/scratch/hscra/plgrid/plgnasqret/codex-control/projects/euf-viper/corpora/9b39c70a794d52277a4e5d83731f0ebc50a2f3b804eb1dfc8cf32766a5ebeadc/smtlib-2025/QF_UF/QF_UF/QG-classification/qg7/gensys_icl_sk007.smt2""]"
37,1,7047,QF_UF/QG-classification/qg7/gensys_icl_sk007.smt2,2c664a3b81530af52d8eed9bc73c7d7680cb206dcdbd8f3b96d810259e22ffff,811593,unsat,1,williams_first_order_carryover,a5b163da70f7a4b586276cec20529dcaf9a596daf59a01894d95ec3f4fd69c3e,0,0,0,0,1,1,staged-0,staged-0,"[""baseline"",""staged-0"",""staged-10000"",""staged-10"",""staged-1000"",""staged-100""]",parser_inclusive_subprocess_wall_clock,1,timeout,2.010376271,124,-9,1,timeout,exceeded 2 seconds,,,"[""/net/scratch/hscra/plgrid/plgnasqret/codex-control/projects/euf-viper/runs/20260727T073625Z-staged-qg7-e9fef17/target/release/euf-viper"",""fabric-solve"",""--engine"",""quotient-portfolio"",""/net/scratch/hscra/plgrid/plgnasqret/codex-control/projects/euf-viper/corpora/9b39c70a794d52277a4e5d83731f0ebc50a2f3b804eb1dfc8cf32766a5ebeadc/smtlib-2025/QF_UF/QF_UF/QG-classification/qg7/gensys_icl_sk007.smt2""]"
38,1,7047,QF_UF/QG-classification/qg7/gensys_icl_sk007.smt2,2c664a3b81530af52d8eed9bc73c7d7680cb206dcdbd8f3b96d810259e22ffff,811593,unsat,1,williams_first_order_carryover,a5b163da70f7a4b586276cec20529dcaf9a596daf59a01894d95ec3f4fd69c3e,0,0,0,0,2,2,staged-10000,staged-10000,"[""baseline"",""staged-0"",""staged-10000"",""staged-10"",""staged-1000"",""staged-100""]",parser_inclusive_subprocess_wall_clock,1,timeout,2.008999334,124,-9,1,timeout,exceeded 2 seconds,,,"[""/net/scratch/hscra/plgrid/plgnasqret/codex-control/projects/euf-viper/runs/20260727T073625Z-staged-qg7-e9fef17/target/release/euf-viper"",""fabric-solve"",""--engine"",""quotient-portfolio"",""/net/scratch/hscra/plgrid/plgnasqret/codex-control/projects/euf-viper/corpora/9b39c70a794d52277a4e5d83731f0ebc50a2f3b804eb1dfc8cf32766a5ebeadc/smtlib-2025/QF_UF/QF_UF/QG-classification/qg7/gensys_icl_sk007.smt2""]"
39,1,7047,QF_UF/QG-classification/qg7/gensys_icl_sk007.smt2,2c664a3b81530af52d8eed9bc73c7d7680cb206dcdbd8f3b96d810259e22ffff,811593,unsat,1,williams_first_order_carryover,a5b163da70f7a4b586276cec20529dcaf9a596daf59a01894d95ec3f4fd69c3e,0,0,0,0,3,3,staged-10,staged-10,"[""baseline"",""staged-0"",""staged-10000"",""staged-10"",""staged-1000"",""staged-100""]",parser_inclusive_subprocess_wall_clock,1,timeout,2.007556804,124,-9,1,timeout,exceeded 2 seconds,,,"[""/net/scratch/hscra/plgrid/plgnasqret/codex-control/projects/euf-viper/runs/20260727T073625Z-staged-qg7-e9fef17/target/release/euf-viper"",""fabric-solve"",""--engine"",""quotient-portfolio"",""/net/scratch/hscra/plgrid/plgnasqret/codex-control/projects/euf-viper/corpora/9b39c70a794d52277a4e5d83731f0ebc50a2f3b804eb1dfc8cf32766a5ebeadc/smtlib-2025/QF_UF/QF_UF/QG-classification/qg7/gensys_icl_sk007.smt2""]"
40,1,7047,QF_UF/QG-classification/qg7/gensys_icl_sk007.smt2,2c664a3b81530af52d8eed9bc73c7d7680cb206dcdbd8f3b96d810259e22ffff,811593,unsat,1,williams_first_order_carryover,a5b163da70f7a4b586276cec20529dcaf9a596daf59a01894d95ec3f4fd69c3e,0,0,0,0,4,4,staged-1000,staged-1000,"[""baseline"",""staged-0"",""staged-10000"",""staged-10"",""staged-1000"",""staged-100""]",parser_inclusive_subprocess_wall_clock,1,timeout,2.010869414,124,-9,1,timeout,exceeded 2 seconds,,,"[""/net/scratch/hscra/plgrid/plgnasqret/codex-control/projects/euf-viper/runs/20260727T073625Z-staged-qg7-e9fef17/target/release/euf-viper"",""fabric-solve"",""--engine"",""quotient-portfolio"",""/net/scratch/hscra/plgrid/plgnasqret/codex-control/projects/euf-viper/corpora/9b39c70a794d52277a4e5d83731f0ebc50a2f3b804eb1dfc8cf32766a5ebeadc/smtlib-2025/QF_UF/QF_UF/QG-classification/qg7/gensys_icl_sk007.smt2""]"
41,1,7047,QF_UF/QG-classification/qg7/gensys_icl_sk007.smt2,2c664a3b81530af52d8eed9bc73c7d7680cb206dcdbd8f3b96d810259e22ffff,811593,unsat,1,williams_first_order_carryover,a5b163da70f7a4b586276cec20529dcaf9a596daf59a01894d95ec3f4fd69c3e,0,0,0,0,5,5,staged-100,staged-100,"[""baseline"",""staged-0"",""staged-10000"",""staged-10"",""staged-1000"",""staged-100""]",parser_inclusive_subprocess_wall_clock,1,timeout,2.011422423,124,-9,1,timeout,exceeded 2 seconds,,,"[""/net/scratch/hscra/plgrid/plgnasqret/codex-control/projects/euf-viper/runs/20260727T073625Z-staged-qg7-e9fef17/target/release/euf-viper"",""fabric-solve"",""--engine"",""quotient-portfolio"",""/net/scratch/hscra/plgrid/plgnasqret/codex-control/projects/euf-viper/corpora/9b39c70a794d52277a4e5d83731f0ebc50a2f3b804eb1dfc8cf32766a5ebeadc/smtlib-2025/QF_UF/QF_UF/QG-classification/qg7/gensys_icl_sk007.smt2""]"
42,1,7047,QF_UF/QG-classification/qg7/gensys_icl_sk007.smt2,2c664a3b81530af52d8eed9bc73c7d7680cb206dcdbd8f3b96d810259e22ffff,811593,unsat,1,williams_first_order_carryover,a5b163da70f7a4b586276cec20529dcaf9a596daf59a01894d95ec3f4fd69c3e,1,1,0,1,0,0,staged-0,staged-0,"[""staged-0"",""staged-10"",""baseline"",""staged-100"",""staged-10000"",""staged-1000""]",parser_inclusive_subprocess_wall_clock,1,timeout,2.008920509,124,-9,1,timeout,exceeded 2 seconds,,,"[""/net/scratch/hscra/plgrid/plgnasqret/codex-control/projects/euf-viper/runs/20260727T073625Z-staged-qg7-e9fef17/target/release/euf-viper"",""fabric-solve"",""--engine"",""quotient-portfolio"",""/net/scratch/hscra/plgrid/plgnasqret/codex-control/projects/euf-viper/corpora/9b39c70a794d52277a4e5d83731f0ebc50a2f3b804eb1dfc8cf32766a5ebeadc/smtlib-2025/QF_UF/QF_UF/QG-classification/qg7/gensys_icl_sk007.smt2""]"
43,1,7047,QF_UF/QG-classification/qg7/gensys_icl_sk007.smt2,2c664a3b81530af52d8eed9bc73c7d7680cb206dcdbd8f3b96d810259e22ffff,811593,unsat,1,williams_first_order_carryover,a5b163da70f7a4b586276cec20529dcaf9a596daf59a01894d95ec3f4fd69c3e,1,1,0,1,1,1,staged-10,staged-10,"[""staged-0"",""staged-10"",""baseline"",""staged-100"",""staged-10000"",""staged-1000""]",parser_inclusive_subprocess_wall_clock,1,timeout,2.006668382,124,-9,1,timeout,exceeded 2 seconds,,,"[""/net/scratch/hscra/plgrid/plgnasqret/codex-control/projects/euf-viper/runs/20260727T073625Z-staged-qg7-e9fef17/target/release/euf-viper"",""fabric-solve"",""--engine"",""quotient-portfolio"",""/net/scratch/hscra/plgrid/plgnasqret/codex-control/projects/euf-viper/corpora/9b39c70a794d52277a4e5d83731f0ebc50a2f3b804eb1dfc8cf32766a5ebeadc/smtlib-2025/QF_UF/QF_UF/QG-classification/qg7/gensys_icl_sk007.smt2""]"
44,1,7047,QF_UF/QG-classification/qg7/gensys_icl_sk007.smt2,2c664a3b81530af52d8eed9bc73c7d7680cb206dcdbd8f3b96d810259e22ffff,811593,unsat,1,williams_first_order_carryover,a5b163da70f7a4b586276cec20529dcaf9a596daf59a01894d95ec3f4fd69c3e,1,1,0,1,2,2,baseline,baseline,"[""staged-0"",""staged-10"",""baseline"",""staged-100"",""staged-10000"",""staged-1000""]",parser_inclusive_subprocess_wall_clock,1,timeout,2.007381045,124,-9,1,timeout,exceeded 2 seconds,,,"[""/net/scratch/hscra/plgrid/plgnasqret/codex-control/projects/euf-viper/runs/20260727T073625Z-staged-qg7-e9fef17/target/release/euf-viper"",""fabric-solve"",""--engine"",""quotient-portfolio"",""/net/scratch/hscra/plgrid/plgnasqret/codex-control/projects/euf-viper/corpora/9b39c70a794d52277a4e5d83731f0ebc50a2f3b804eb1dfc8cf32766a5ebeadc/smtlib-2025/QF_UF/QF_UF/QG-classification/qg7/gensys_icl_sk007.smt2""]"
45,1,7047,QF_UF/QG-classification/qg7/gensys_icl_sk007.smt2,2c664a3b81530af52d8eed9bc73c7d7680cb206dcdbd8f3b96d810259e22ffff,811593,unsat,1,williams_first_order_carryover,a5b163da70f7a4b586276cec20529dcaf9a596daf59a01894d95ec3f4fd69c3e,1,1,0,1,3,3,staged-100,staged-100,"[""staged-0"",""staged-10"",""baseline"",""staged-100"",""staged-10000"",""staged-1000""]",parser_inclusive_subprocess_wall_clock,1,timeout,2.009748544,124,-9,1,timeout,exceeded 2 seconds,,,"[""/net/scratch/hscra/plgrid/plgnasqret/codex-control/projects/euf-viper/runs/20260727T073625Z-staged-qg7-e9fef17/target/release/euf-viper"",""fabric-solve"",""--engine"",""quotient-portfolio"",""/net/scratch/hscra/plgrid/plgnasqret/codex-control/projects/euf-viper/corpora/9b39c70a794d52277a4e5d83731f0ebc50a2f3b804eb1dfc8cf32766a5ebeadc/smtlib-2025/QF_UF/QF_UF/QG-classification/qg7/gensys_icl_sk007.smt2""]"
46,1,7047,QF_UF/QG-classification/qg7/gensys_icl_sk007.smt2,2c664a3b81530af52d8eed9bc73c7d7680cb206dcdbd8f3b96d810259e22ffff,811593,unsat,1,williams_first_order_carryover,a5b163da70f7a4b586276cec20529dcaf9a596daf59a01894d95ec3f4fd69c3e,1,1,0,1,4,4,staged-10000,staged-10000,"[""staged-0"",""staged-10"",""baseline"",""staged-100"",""staged-10000"",""staged-1000""]",parser_inclusive_subprocess_wall_clock,1,timeout,2.009930002,124,-9,1,timeout,exceeded 2 seconds,,,"[""/net/scratch/hscra/plgrid/plgnasqret/codex-control/projects/euf-viper/runs/20260727T073625Z-staged-qg7-e9fef17/target/release/euf-viper"",""fabric-solve"",""--engine"",""quotient-portfolio"",""/net/scratch/hscra/plgrid/plgnasqret/codex-control/projects/euf-viper/corpora/9b39c70a794d52277a4e5d83731f0ebc50a2f3b804eb1dfc8cf32766a5ebeadc/smtlib-2025/QF_UF/QF_UF/QG-classification/qg7/gensys_icl_sk007.smt2""]"
47,1,7047,QF_UF/QG-classification/qg7/gensys_icl_sk007.smt2,2c664a3b81530af52d8eed9bc73c7d7680cb206dcdbd8f3b96d810259e22ffff,811593,unsat,1,williams_first_order_carryover,a5b163da70f7a4b586276cec20529dcaf9a596daf59a01894d95ec3f4fd69c3e,1,1,0,1,5,5,staged-1000,staged-1000,"[""staged-0"",""staged-10"",""baseline"",""staged-100"",""staged-10000"",""staged-1000""]",parser_inclusive_subprocess_wall_clock,1,timeout,2.008259179,124,-9,1,timeout,exceeded 2 seconds,,,"[""/net/scratch/hscra/plgrid/plgnasqret/codex-control/projects/euf-viper/runs/20260727T073625Z-staged-qg7-e9fef17/target/release/euf-viper"",""fabric-solve"",""--engine"",""quotient-portfolio"",""/net/scratch/hscra/plgrid/plgnasqret/codex-control/projects/euf-viper/corpora/9b39c70a794d52277a4e5d83731f0ebc50a2f3b804eb1dfc8cf32766a5ebeadc/smtlib-2025/QF_UF/QF_UF/QG-classification/qg7/gensys_icl_sk007.smt2""]"
48,1,7047,QF_UF/QG-classification/qg7/gensys_icl_sk007.smt2,2c664a3b81530af52d8eed9bc73c7d7680cb206dcdbd8f3b96d810259e22ffff,811593,unsat,1,williams_first_order_carryover,a5b163da70f7a4b586276cec20529dcaf9a596daf59a01894d95ec3f4fd69c3e,2,2,0,2,0,0,staged-10,staged-10,"[""staged-10"",""staged-100"",""staged-0"",""staged-1000"",""baseline"",""staged-10000""]",parser_inclusive_subprocess_wall_clock,1,timeout,2.007390660,124,-9,1,timeout,exceeded 2 seconds,,,"[""/net/scratch/hscra/plgrid/plgnasqret/codex-control/projects/euf-viper/runs/20260727T073625Z-staged-qg7-e9fef17/target/release/euf-viper"",""fabric-solve"",""--engine"",""quotient-portfolio"",""/net/scratch/hscra/plgrid/plgnasqret/codex-control/projects/euf-viper/corpora/9b39c70a794d52277a4e5d83731f0ebc50a2f3b804eb1dfc8cf32766a5ebeadc/smtlib-2025/QF_UF/QF_UF/QG-classification/qg7/gensys_icl_sk007.smt2""]"
49,1,7047,QF_UF/QG-classification/qg7/gensys_icl_sk007.smt2,2c664a3b81530af52d8eed9bc73c7d7680cb206dcdbd8f3b96d810259e22ffff,811593,unsat,1,williams_first_order_carryover,a5b163da70f7a4b586276cec20529dcaf9a596daf59a01894d95ec3f4fd69c3e,2,2,0,2,1,1,staged-100,staged-100,"[""staged-10"",""staged-100"",""staged-0"",""staged-1000"",""baseline"",""staged-10000""]",parser_inclusive_subprocess_wall_clock,1,timeout,2.010466083,124,-9,1,timeout,exceeded 2 seconds,,,"[""/net/scratch/hscra/plgrid/plgnasqret/codex-control/projects/euf-viper/runs/20260727T073625Z-staged-qg7-e9fef17/target/release/euf-viper"",""fabric-solve"",""--engine"",""quotient-portfolio"",""/net/scratch/hscra/plgrid/plgnasqret/codex-control/projects/euf-viper/corpora/9b39c70a794d52277a4e5d83731f0ebc50a2f3b804eb1dfc8cf32766a5ebeadc/smtlib-2025/QF_UF/QF_UF/QG-classification/qg7/gensys_icl_sk007.smt2""]"
50,1,7047,QF_UF/QG-classification/qg7/gensys_icl_sk007.smt2,2c664a3b81530af52d8eed9bc73c7d7680cb206dcdbd8f3b96d810259e22ffff,811593,unsat,1,williams_first_order_carryover,a5b163da70f7a4b586276cec20529dcaf9a596daf59a01894d95ec3f4fd69c3e,2,2,0,2,2,2,staged-0,staged-0,"[""staged-10"",""staged-100"",""staged-0"",""staged-1000"",""baseline"",""staged-10000""]",parser_inclusive_subprocess_wall_clock,1,timeout,2.010979088,124,-9,1,timeout,exceeded 2 seconds,,,"[""/net/scratch/hscra/plgrid/plgnasqret/codex-control/projects/euf-viper/runs/20260727T073625Z-staged-qg7-e9fef17/target/release/euf-viper"",""fabric-solve"",""--engine"",""quotient-portfolio"",""/net/scratch/hscra/plgrid/plgnasqret/codex-control/projects/euf-viper/corpora/9b39c70a794d52277a4e5d83731f0ebc50a2f3b804eb1dfc8cf32766a5ebeadc/smtlib-2025/QF_UF/QF_UF/QG-classification/qg7/gensys_icl_sk007.smt2""]"
51,1,7047,QF_UF/QG-classification/qg7/gensys_icl_sk007.smt2,2c664a3b81530af52d8eed9bc73c7d7680cb206dcdbd8f3b96d810259e22ffff,811593,unsat,1,williams_first_order_carryover,a5b163da70f7a4b586276cec20529dcaf9a596daf59a01894d95ec3f4fd69c3e,2,2,0,2,3,3,staged-1000,staged-1000,"[""staged-10"",""staged-100"",""staged-0"",""staged-1000"",""baseline"",""staged-10000""]",parser_inclusive_subprocess_wall_clock,1,timeout,2.008710175,124,-9,1,timeout,exceeded 2 seconds,,,"[""/net/scratch/hscra/plgrid/plgnasqret/codex-control/projects/euf-viper/runs/20260727T073625Z-staged-qg7-e9fef17/target/release/euf-viper"",""fabric-solve"",""--engine"",""quotient-portfolio"",""/net/scratch/hscra/plgrid/plgnasqret/codex-control/projects/euf-viper/corpora/9b39c70a794d52277a4e5d83731f0ebc50a2f3b804eb1dfc8cf32766a5ebeadc/smtlib-2025/QF_UF/QF_UF/QG-classification/qg7/gensys_icl_sk007.smt2""]"
52,1,7047,QF_UF/QG-classification/qg7/gensys_icl_sk007.smt2,2c664a3b81530af52d8eed9bc73c7d7680cb206dcdbd8f3b96d810259e22ffff,811593,unsat,1,williams_first_order_carryover,a5b163da70f7a4b586276cec20529dcaf9a596daf59a01894d95ec3f4fd69c3e,2,2,0,2,4,4,baseline,baseline,"[""staged-10"",""staged-100"",""staged-0"",""staged-1000"",""baseline"",""staged-10000""]",parser_inclusive_subprocess_wall_clock,1,timeout,2.006158691,124,-9,1,timeout,exceeded 2 seconds,,,"[""/net/scratch/hscra/plgrid/plgnasqret/codex-control/projects/euf-viper/runs/20260727T073625Z-staged-qg7-e9fef17/target/release/euf-viper"",""fabric-solve"",""--engine"",""quotient-portfolio"",""/net/scratch/hscra/plgrid/plgnasqret/codex-control/projects/euf-viper/corpora/9b39c70a794d52277a4e5d83731f0ebc50a2f3b804eb1dfc8cf32766a5ebeadc/smtlib-2025/QF_UF/QF_UF/QG-classification/qg7/gensys_icl_sk007.smt2""]"
53,1,7047,QF_UF/QG-classification/qg7/gensys_icl_sk007.smt2,2c664a3b81530af52d8eed9bc73c7d7680cb206dcdbd8f3b96d810259e22ffff,811593,unsat,1,williams_first_order_carryover,a5b163da70f7a4b586276cec20529dcaf9a596daf59a01894d95ec3f4fd69c3e,2,2,0,2,5,5,staged-10000,staged-10000,"[""staged-10"",""staged-100"",""staged-0"",""staged-1000"",""baseline"",""staged-10000""]",parser_inclusive_subprocess_wall_clock,1,timeout,2.008216209,124,-9,1,timeout,exceeded 2 seconds,,,"[""/net/scratch/hscra/plgrid/plgnasqret/codex-control/projects/euf-viper/runs/20260727T073625Z-staged-qg7-e9fef17/target/release/euf-viper"",""fabric-solve"",""--engine"",""quotient-portfolio"",""/net/scratch/hscra/plgrid/plgnasqret/codex-control/projects/euf-viper/corpora/9b39c70a794d52277a4e5d83731f0ebc50a2f3b804eb1dfc8cf32766a5ebeadc/smtlib-2025/QF_UF/QF_UF/QG-classification/qg7/gensys_icl_sk007.smt2""]"
54,1,7047,QF_UF/QG-classification/qg7/gensys_icl_sk007.smt2,2c664a3b81530af52d8eed9bc73c7d7680cb206dcdbd8f3b96d810259e22ffff,811593,unsat,1,williams_first_order_carryover,a5b163da70f7a4b586276cec20529dcaf9a596daf59a01894d95ec3f4fd69c3e,3,3,0,3,0,0,staged-100,staged-100,"[""staged-100"",""staged-1000"",""staged-10"",""staged-10000"",""staged-0"",""baseline""]",parser_inclusive_subprocess_wall_clock,1,timeout,2.008888876,124,-9,1,timeout,exceeded 2 seconds,,,"[""/net/scratch/hscra/plgrid/plgnasqret/codex-control/projects/euf-viper/runs/20260727T073625Z-staged-qg7-e9fef17/target/release/euf-viper"",""fabric-solve"",""--engine"",""quotient-portfolio"",""/net/scratch/hscra/plgrid/plgnasqret/codex-control/projects/euf-viper/corpora/9b39c70a794d52277a4e5d83731f0ebc50a2f3b804eb1dfc8cf32766a5ebeadc/smtlib-2025/QF_UF/QF_UF/QG-classification/qg7/gensys_icl_sk007.smt2""]"
55,1,7047,QF_UF/QG-classification/qg7/gensys_icl_sk007.smt2,2c664a3b81530af52d8eed9bc73c7d7680cb206dcdbd8f3b96d810259e22ffff,811593,unsat,1,williams_first_order_carryover,a5b163da70f7a4b586276cec20529dcaf9a596daf59a01894d95ec3f4fd69c3e,3,3,0,3,1,1,staged-1000,staged-1000,"[""staged-100"",""staged-1000"",""staged-10"",""staged-10000"",""staged-0"",""baseline""]",parser_inclusive_subprocess_wall_clock,1,timeout,2.009683318,124,-9,1,timeout,exceeded 2 seconds,,,"[""/net/scratch/hscra/plgrid/plgnasqret/codex-control/projects/euf-viper/runs/20260727T073625Z-staged-qg7-e9fef17/target/release/euf-viper"",""fabric-solve"",""--engine"",""quotient-portfolio"",""/net/scratch/hscra/plgrid/plgnasqret/codex-control/projects/euf-viper/corpora/9b39c70a794d52277a4e5d83731f0ebc50a2f3b804eb1dfc8cf32766a5ebeadc/smtlib-2025/QF_UF/QF_UF/QG-classification/qg7/gensys_icl_sk007.smt2""]"
56,1,7047,QF_UF/QG-classification/qg7/gensys_icl_sk007.smt2,2c664a3b81530af52d8eed9bc73c7d7680cb206dcdbd8f3b96d810259e22ffff,811593,unsat,1,williams_first_order_carryover,a5b163da70f7a4b586276cec20529dcaf9a596daf59a01894d95ec3f4fd69c3e,3,3,0,3,2,2,staged-10,staged-10,"[""staged-100"",""staged-1000"",""staged-10"",""staged-10000"",""staged-0"",""baseline""]",parser_inclusive_subprocess_wall_clock,1,timeout,2.008598295,124,-9,1,timeout,exceeded 2 seconds,,,"[""/net/scratch/hscra/plgrid/plgnasqret/codex-control/projects/euf-viper/runs/20260727T073625Z-staged-qg7-e9fef17/target/release/euf-viper"",""fabric-solve"",""--engine"",""quotient-portfolio"",""/net/scratch/hscra/plgrid/plgnasqret/codex-control/projects/euf-viper/corpora/9b39c70a794d52277a4e5d83731f0ebc50a2f3b804eb1dfc8cf32766a5ebeadc/smtlib-2025/QF_UF/QF_UF/QG-classification/qg7/gensys_icl_sk007.smt2""]"
57,1,7047,QF_UF/QG-classification/qg7/gensys_icl_sk007.smt2,2c664a3b81530af52d8eed9bc73c7d7680cb206dcdbd8f3b96d810259e22ffff,811593,unsat,1,williams_first_order_carryover,a5b163da70f7a4b586276cec20529dcaf9a596daf59a01894d95ec3f4fd69c3e,3,3,0,3,3,3,staged-10000,staged-10000,"[""staged-100"",""staged-1000"",""staged-10"",""staged-10000"",""staged-0"",""baseline""]",parser_inclusive_subprocess_wall_clock,1,timeout,2.007118064,124,-9,1,timeout,exceeded 2 seconds,,,"[""/net/scratch/hscra/plgrid/plgnasqret/codex-control/projects/euf-viper/runs/20260727T073625Z-staged-qg7-e9fef17/target/release/euf-viper"",""fabric-solve"",""--engine"",""quotient-portfolio"",""/net/scratch/hscra/plgrid/plgnasqret/codex-control/projects/euf-viper/corpora/9b39c70a794d52277a4e5d83731f0ebc50a2f3b804eb1dfc8cf32766a5ebeadc/smtlib-2025/QF_UF/QF_UF/QG-classification/qg7/gensys_icl_sk007.smt2""]"
58,1,7047,QF_UF/QG-classification/qg7/gensys_icl_sk007.smt2,2c664a3b81530af52d8eed9bc73c7d7680cb206dcdbd8f3b96d810259e22ffff,811593,unsat,1,williams_first_order_carryover,a5b163da70f7a4b586276cec20529dcaf9a596daf59a01894d95ec3f4fd69c3e,3,3,0,3,4,4,staged-0,staged-0,"[""staged-100"",""staged-1000"",""staged-10"",""staged-10000"",""staged-0"",""baseline""]",parser_inclusive_subprocess_wall_clock,1,timeout,2.009963323,124,-9,1,timeout,exceeded 2 seconds,,,"[""/net/scratch/hscra/plgrid/plgnasqret/codex-control/projects/euf-viper/runs/20260727T073625Z-staged-qg7-e9fef17/target/release/euf-viper"",""fabric-solve"",""--engine"",""quotient-portfolio"",""/net/scratch/hscra/plgrid/plgnasqret/codex-control/projects/euf-viper/corpora/9b39c70a794d52277a4e5d83731f0ebc50a2f3b804eb1dfc8cf32766a5ebeadc/smtlib-2025/QF_UF/QF_UF/QG-classification/qg7/gensys_icl_sk007.smt2""]"
59,1,7047,QF_UF/QG-classification/qg7/gensys_icl_sk007.smt2,2c664a3b81530af52d8eed9bc73c7d7680cb206dcdbd8f3b96d810259e22ffff,811593,unsat,1,williams_first_order_carryover,a5b163da70f7a4b586276cec20529dcaf9a596daf59a01894d95ec3f4fd69c3e,3,3,0,3,5,5,baseline,baseline,"[""staged-100"",""staged-1000"",""staged-10"",""staged-10000"",""staged-0"",""baseline""]",parser_inclusive_subprocess_wall_clock,1,timeout,2.009092179,124,-9,1,timeout,exceeded 2 seconds,,,"[""/net/scratch/hscra/plgrid/plgnasqret/codex-control/projects/euf-viper/runs/20260727T073625Z-staged-qg7-e9fef17/target/release/euf-viper"",""fabric-solve"",""--engine"",""quotient-portfolio"",""/net/scratch/hscra/plgrid/plgnasqret/codex-control/projects/euf-viper/corpora/9b39c70a794d52277a4e5d83731f0ebc50a2f3b804eb1dfc8cf32766a5ebeadc/smtlib-2025/QF_UF/QF_UF/QG-classification/qg7/gensys_icl_sk007.smt2""]"
60,1,7047,QF_UF/QG-classification/qg7/gensys_icl_sk007.smt2,2c664a3b81530af52d8eed9bc73c7d7680cb206dcdbd8f3b96d810259e22ffff,811593,unsat,1,williams_first_order_carryover,a5b163da70f7a4b586276cec20529dcaf9a596daf59a01894d95ec3f4fd69c3e,4,4,0,4,0,0,staged-1000,staged-1000,"[""staged-1000"",""staged-10000"",""staged-100"",""baseline"",""staged-10"",""staged-0""]",parser_inclusive_subprocess_wall_clock,1,timeout,2.009520960,124,-9,1,timeout,exceeded 2 seconds,,,"[""/net/scratch/hscra/plgrid/plgnasqret/codex-control/projects/euf-viper/runs/20260727T073625Z-staged-qg7-e9fef17/target/release/euf-viper"",""fabric-solve"",""--engine"",""quotient-portfolio"",""/net/scratch/hscra/plgrid/plgnasqret/codex-control/projects/euf-viper/corpora/9b39c70a794d52277a4e5d83731f0ebc50a2f3b804eb1dfc8cf32766a5ebeadc/smtlib-2025/QF_UF/QF_UF/QG-classification/qg7/gensys_icl_sk007.smt2""]"
61,1,7047,QF_UF/QG-classification/qg7/gensys_icl_sk007.smt2,2c664a3b81530af52d8eed9bc73c7d7680cb206dcdbd8f3b96d810259e22ffff,811593,unsat,1,williams_first_order_carryover,a5b163da70f7a4b586276cec20529dcaf9a596daf59a01894d95ec3f4fd69c3e,4,4,0,4,1,1,staged-10000,staged-10000,"[""staged-1000"",""staged-10000"",""staged-100"",""baseline"",""staged-10"",""staged-0""]",parser_inclusive_subprocess_wall_clock,1,timeout,2.006747416,124,-9,1,timeout,exceeded 2 seconds,,,"[""/net/scratch/hscra/plgrid/plgnasqret/codex-control/projects/euf-viper/runs/20260727T073625Z-staged-qg7-e9fef17/target/release/euf-viper"",""fabric-solve"",""--engine"",""quotient-portfolio"",""/net/scratch/hscra/plgrid/plgnasqret/codex-control/projects/euf-viper/corpora/9b39c70a794d52277a4e5d83731f0ebc50a2f3b804eb1dfc8cf32766a5ebeadc/smtlib-2025/QF_UF/QF_UF/QG-classification/qg7/gensys_icl_sk007.smt2""]"
62,1,7047,QF_UF/QG-classification/qg7/gensys_icl_sk007.smt2,2c664a3b81530af52d8eed9bc73c7d7680cb206dcdbd8f3b96d810259e22ffff,811593,unsat,1,williams_first_order_carryover,a5b163da70f7a4b586276cec20529dcaf9a596daf59a01894d95ec3f4fd69c3e,4,4,0,4,2,2,staged-100,staged-100,"[""staged-1000"",""staged-10000"",""staged-100"",""baseline"",""staged-10"",""staged-0""]",parser_inclusive_subprocess_wall_clock,1,timeout,2.010001755,124,-9,1,timeout,exceeded 2 seconds,,,"[""/net/scratch/hscra/plgrid/plgnasqret/codex-control/projects/euf-viper/runs/20260727T073625Z-staged-qg7-e9fef17/target/release/euf-viper"",""fabric-solve"",""--engine"",""quotient-portfolio"",""/net/scratch/hscra/plgrid/plgnasqret/codex-control/projects/euf-viper/corpora/9b39c70a794d52277a4e5d83731f0ebc50a2f3b804eb1dfc8cf32766a5ebeadc/smtlib-2025/QF_UF/QF_UF/QG-classification/qg7/gensys_icl_sk007.smt2""]"
63,1,7047,QF_UF/QG-classification/qg7/gensys_icl_sk007.smt2,2c664a3b81530af52d8eed9bc73c7d7680cb206dcdbd8f3b96d810259e22ffff,811593,unsat,1,williams_first_order_carryover,a5b163da70f7a4b586276cec20529dcaf9a596daf59a01894d95ec3f4fd69c3e,4,4,0,4,3,3,baseline,baseline,"[""staged-1000"",""staged-10000"",""staged-100"",""baseline"",""staged-10"",""staged-0""]",parser_inclusive_subprocess_wall_clock,1,timeout,2.009036831,124,-9,1,timeout,exceeded 2 seconds,,,"[""/net/scratch/hscra/plgrid/plgnasqret/codex-control/projects/euf-viper/runs/20260727T073625Z-staged-qg7-e9fef17/target/release/euf-viper"",""fabric-solve"",""--engine"",""quotient-portfolio"",""/net/scratch/hscra/plgrid/plgnasqret/codex-control/projects/euf-viper/corpora/9b39c70a794d52277a4e5d83731f0ebc50a2f3b804eb1dfc8cf32766a5ebeadc/smtlib-2025/QF_UF/QF_UF/QG-classification/qg7/gensys_icl_sk007.smt2""]"
64,1,7047,QF_UF/QG-classification/qg7/gensys_icl_sk007.smt2,2c664a3b81530af52d8eed9bc73c7d7680cb206dcdbd8f3b96d810259e22ffff,811593,unsat,1,williams_first_order_carryover,a5b163da70f7a4b586276cec20529dcaf9a596daf59a01894d95ec3f4fd69c3e,4,4,0,4,4,4,staged-10,staged-10,"[""staged-1000"",""staged-10000"",""staged-100"",""baseline"",""staged-10"",""staged-0""]",parser_inclusive_subprocess_wall_clock,1,timeout,2.009348316,124,-9,1,timeout,exceeded 2 seconds,,,"[""/net/scratch/hscra/plgrid/plgnasqret/codex-control/projects/euf-viper/runs/20260727T073625Z-staged-qg7-e9fef17/target/release/euf-viper"",""fabric-solve"",""--engine"",""quotient-portfolio"",""/net/scratch/hscra/plgrid/plgnasqret/codex-control/projects/euf-viper/corpora/9b39c70a794d52277a4e5d83731f0ebc50a2f3b804eb1dfc8cf32766a5ebeadc/smtlib-2025/QF_UF/QF_UF/QG-classification/qg7/gensys_icl_sk007.smt2""]"
65,1,7047,QF_UF/QG-classification/qg7/gensys_icl_sk007.smt2,2c664a3b81530af52d8eed9bc73c7d7680cb206dcdbd8f3b96d810259e22ffff,811593,unsat,1,williams_first_order_carryover,a5b163da70f7a4b586276cec20529dcaf9a596daf59a01894d95ec3f4fd69c3e,4,4,0,4,5,5,staged-0,staged-0,"[""staged-1000"",""staged-10000"",""staged-100"",""baseline"",""staged-10"",""staged-0""]",parser_inclusive_subprocess_wall_clock,1,timeout,2.009520901,124,-9,1,timeout,exceeded 2 seconds,,,"[""/net/scratch/hscra/plgrid/plgnasqret/codex-control/projects/euf-viper/runs/20260727T073625Z-staged-qg7-e9fef17/target/release/euf-viper"",""fabric-solve"",""--engine"",""quotient-portfolio"",""/net/scratch/hscra/plgrid/plgnasqret/codex-control/projects/euf-viper/corpora/9b39c70a794d52277a4e5d83731f0ebc50a2f3b804eb1dfc8cf32766a5ebeadc/smtlib-2025/QF_UF/QF_UF/QG-classification/qg7/gensys_icl_sk007.smt2""]"
66,1,7047,QF_UF/QG-classification/qg7/gensys_icl_sk007.smt2,2c664a3b81530af52d8eed9bc73c7d7680cb206dcdbd8f3b96d810259e22ffff,811593,unsat,1,williams_first_order_carryover,a5b163da70f7a4b586276cec20529dcaf9a596daf59a01894d95ec3f4fd69c3e,5,5,0,5,0,0,staged-10000,staged-10000,"[""staged-10000"",""baseline"",""staged-1000"",""staged-0"",""staged-100"",""staged-10""]",parser_inclusive_subprocess_wall_clock,1,timeout,2.007629467,124,-9,1,timeout,exceeded 2 seconds,,,"[""/net/scratch/hscra/plgrid/plgnasqret/codex-control/projects/euf-viper/runs/20260727T073625Z-staged-qg7-e9fef17/target/release/euf-viper"",""fabric-solve"",""--engine"",""quotient-portfolio"",""/net/scratch/hscra/plgrid/plgnasqret/codex-control/projects/euf-viper/corpora/9b39c70a794d52277a4e5d83731f0ebc50a2f3b804eb1dfc8cf32766a5ebeadc/smtlib-2025/QF_UF/QF_UF/QG-classification/qg7/gensys_icl_sk007.smt2""]"
67,1,7047,QF_UF/QG-classification/qg7/gensys_icl_sk007.smt2,2c664a3b81530af52d8eed9bc73c7d7680cb206dcdbd8f3b96d810259e22ffff,811593,unsat,1,williams_first_order_carryover,a5b163da70f7a4b586276cec20529dcaf9a596daf59a01894d95ec3f4fd69c3e,5,5,0,5,1,1,baseline,baseline,"[""staged-10000"",""baseline"",""staged-1000"",""staged-0"",""staged-100"",""staged-10""]",parser_inclusive_subprocess_wall_clock,1,timeout,2.008576120,124,-9,1,timeout,exceeded 2 seconds,,,"[""/net/scratch/hscra/plgrid/plgnasqret/codex-control/projects/euf-viper/runs/20260727T073625Z-staged-qg7-e9fef17/target/release/euf-viper"",""fabric-solve"",""--engine"",""quotient-portfolio"",""/net/scratch/hscra/plgrid/plgnasqret/codex-control/projects/euf-viper/corpora/9b39c70a794d52277a4e5d83731f0ebc50a2f3b804eb1dfc8cf32766a5ebeadc/smtlib-2025/QF_UF/QF_UF/QG-classification/qg7/gensys_icl_sk007.smt2""]"
68,1,7047,QF_UF/QG-classification/qg7/gensys_icl_sk007.smt2,2c664a3b81530af52d8eed9bc73c7d7680cb206dcdbd8f3b96d810259e22ffff,811593,unsat,1,williams_first_order_carryover,a5b163da70f7a4b586276cec20529dcaf9a596daf59a01894d95ec3f4fd69c3e,5,5,0,5,2,2,staged-1000,staged-1000,"[""staged-10000"",""baseline"",""staged-1000"",""staged-0"",""staged-100"",""staged-10""]",parser_inclusive_subprocess_wall_clock,1,timeout,2.010162059,124,-9,1,timeout,exceeded 2 seconds,,,"[""/net/scratch/hscra/plgrid/plgnasqret/codex-control/projects/euf-viper/runs/20260727T073625Z-staged-qg7-e9fef17/target/release/euf-viper"",""fabric-solve"",""--engine"",""quotient-portfolio"",""/net/scratch/hscra/plgrid/plgnasqret/codex-control/projects/euf-viper/corpora/9b39c70a794d52277a4e5d83731f0ebc50a2f3b804eb1dfc8cf32766a5ebeadc/smtlib-2025/QF_UF/QF_UF/QG-classification/qg7/gensys_icl_sk007.smt2""]"
69,1,7047,QF_UF/QG-classification/qg7/gensys_icl_sk007.smt2,2c664a3b81530af52d8eed9bc73c7d7680cb206dcdbd8f3b96d810259e22ffff,811593,unsat,1,williams_first_order_carryover,a5b163da70f7a4b586276cec20529dcaf9a596daf59a01894d95ec3f4fd69c3e,5,5,0,5,3,3,staged-0,staged-0,"[""staged-10000"",""baseline"",""staged-1000"",""staged-0"",""staged-100"",""staged-10""]",parser_inclusive_subprocess_wall_clock,1,timeout,2.008370373,124,-9,1,timeout,exceeded 2 seconds,,,"[""/net/scratch/hscra/plgrid/plgnasqret/codex-control/projects/euf-viper/runs/20260727T073625Z-staged-qg7-e9fef17/target/release/euf-viper"",""fabric-solve"",""--engine"",""quotient-portfolio"",""/net/scratch/hscra/plgrid/plgnasqret/codex-control/projects/euf-viper/corpora/9b39c70a794d52277a4e5d83731f0ebc50a2f3b804eb1dfc8cf32766a5ebeadc/smtlib-2025/QF_UF/QF_UF/QG-classification/qg7/gensys_icl_sk007.smt2""]"
70,1,7047,QF_UF/QG-classification/qg7/gensys_icl_sk007.smt2,2c664a3b81530af52d8eed9bc73c7d7680cb206dcdbd8f3b96d810259e22ffff,811593,unsat,1,williams_first_order_carryover,a5b163da70f7a4b586276cec20529dcaf9a596daf59a01894d95ec3f4fd69c3e,5,5,0,5,4,4,staged-100,staged-100,"[""staged-10000"",""baseline"",""staged-1000"",""staged-0"",""staged-100"",""staged-10""]",parser_inclusive_subprocess_wall_clock,1,timeout,2.007144006,124,-9,1,timeout,exceeded 2 seconds,,,"[""/net/scratch/hscra/plgrid/plgnasqret/codex-control/projects/euf-viper/runs/20260727T073625Z-staged-qg7-e9fef17/target/release/euf-viper"",""fabric-solve"",""--engine"",""quotient-portfolio"",""/net/scratch/hscra/plgrid/plgnasqret/codex-control/projects/euf-viper/corpora/9b39c70a794d52277a4e5d83731f0ebc50a2f3b804eb1dfc8cf32766a5ebeadc/smtlib-2025/QF_UF/QF_UF/QG-classification/qg7/gensys_icl_sk007.smt2""]"
71,1,7047,QF_UF/QG-classification/qg7/gensys_icl_sk007.smt2,2c664a3b81530af52d8eed9bc73c7d7680cb206dcdbd8f3b96d810259e22ffff,811593,unsat,1,williams_first_order_carryover,a5b163da70f7a4b586276cec20529dcaf9a596daf59a01894d95ec3f4fd69c3e,5,5,0,5,5,5,staged-10,staged-10,"[""staged-10000"",""baseline"",""staged-1000"",""staged-0"",""staged-100"",""staged-10""]",parser_inclusive_subprocess_wall_clock,1,timeout,2.009567405,124,-9,1,timeout,exceeded 2 seconds,,,"[""/net/scratch/hscra/plgrid/plgnasqret/codex-control/projects/euf-viper/runs/20260727T073625Z-staged-qg7-e9fef17/target/release/euf-viper"",""fabric-solve"",""--engine"",""quotient-portfolio"",""/net/scratch/hscra/plgrid/plgnasqret/codex-control/projects/euf-viper/corpora/9b39c70a794d52277a4e5d83731f0ebc50a2f3b804eb1dfc8cf32766a5ebeadc/smtlib-2025/QF_UF/QF_UF/QG-classification/qg7/gensys_icl_sk007.smt2""]"
72,2,7130,QF_UF/QG-classification/qg7/iso_brn_nogen_sk012.smt2,991c46e08e6dafd9541a4c361be524c4e7eedbdd0198ea06c4d1dd6c441eb1c4,6013183,sat,1,williams_first_order_carryover,a5b163da70f7a4b586276cec20529dcaf9a596daf59a01894d95ec3f4fd69c3e,0,0,0,0,0,0,baseline,baseline,"[""baseline"",""staged-0"",""staged-10000"",""staged-10"",""staged-1000"",""staged-100""]",parser_inclusive_subprocess_wall_clock,1,timeout,2.010110296,124,-9,1,timeout,exceeded 2 seconds,,,"[""/net/scratch/hscra/plgrid/plgnasqret/codex-control/projects/euf-viper/runs/20260727T073625Z-staged-qg7-e9fef17/target/release/euf-viper"",""fabric-solve"",""--engine"",""quotient-portfolio"",""/net/scratch/hscra/plgrid/plgnasqret/codex-control/projects/euf-viper/corpora/9b39c70a794d52277a4e5d83731f0ebc50a2f3b804eb1dfc8cf32766a5ebeadc/smtlib-2025/QF_UF/QF_UF/QG-classification/qg7/iso_brn_nogen_sk012.smt2""]"
73,2,7130,QF_UF/QG-classification/qg7/iso_brn_nogen_sk012.smt2,991c46e08e6dafd9541a4c361be524c4e7eedbdd0198ea06c4d1dd6c441eb1c4,6013183,sat,1,williams_first_order_carryover,a5b163da70f7a4b586276cec20529dcaf9a596daf59a01894d95ec3f4fd69c3e,0,0,0,0,1,1,staged-0,staged-0,"[""baseline"",""staged-0"",""staged-10000"",""staged-10"",""staged-1000"",""staged-100""]",parser_inclusive_subprocess_wall_clock,1,timeout,2.026026614,124,-9,1,timeout,exceeded 2 seconds,,,"[""/net/scratch/hscra/plgrid/plgnasqret/codex-control/projects/euf-viper/runs/20260727T073625Z-staged-qg7-e9fef17/target/release/euf-viper"",""fabric-solve"",""--engine"",""quotient-portfolio"",""/net/scratch/hscra/plgrid/plgnasqret/codex-control/projects/euf-viper/corpora/9b39c70a794d52277a4e5d83731f0ebc50a2f3b804eb1dfc8cf32766a5ebeadc/smtlib-2025/QF_UF/QF_UF/QG-classification/qg7/iso_brn_nogen_sk012.smt2""]"
74,2,7130,QF_UF/QG-classification/qg7/iso_brn_nogen_sk012.smt2,991c46e08e6dafd9541a4c361be524c4e7eedbdd0198ea06c4d1dd6c441eb1c4,6013183,sat,1,williams_first_order_carryover,a5b163da70f7a4b586276cec20529dcaf9a596daf59a01894d95ec3f4fd69c3e,0,0,0,0,2,2,staged-10000,staged-10000,"[""baseline"",""staged-0"",""staged-10000"",""staged-10"",""staged-1000"",""staged-100""]",parser_inclusive_subprocess_wall_clock,1,timeout,2.010116436,124,-9,1,timeout,exceeded 2 seconds,,,"[""/net/scratch/hscra/plgrid/plgnasqret/codex-control/projects/euf-viper/runs/20260727T073625Z-staged-qg7-e9fef17/target/release/euf-viper"",""fabric-solve"",""--engine"",""quotient-portfolio"",""/net/scratch/hscra/plgrid/plgnasqret/codex-control/projects/euf-viper/corpora/9b39c70a794d52277a4e5d83731f0ebc50a2f3b804eb1dfc8cf32766a5ebeadc/smtlib-2025/QF_UF/QF_UF/QG-classification/qg7/iso_brn_nogen_sk012.smt2""]"
75,2,7130,QF_UF/QG-classification/qg7/iso_brn_nogen_sk012.smt2,991c46e08e6dafd9541a4c361be524c4e7eedbdd0198ea06c4d1dd6c441eb1c4,6013183,sat,1,williams_first_order_carryover,a5b163da70f7a4b586276cec20529dcaf9a596daf59a01894d95ec3f4fd69c3e,0,0,0,0,3,3,staged-10,staged-10,"[""baseline"",""staged-0"",""staged-10000"",""staged-10"",""staged-1000"",""staged-100""]",parser_inclusive_subprocess_wall_clock,1,timeout,2.018732420,124,-9,1,timeout,exceeded 2 seconds,,,"[""/net/scratch/hscra/plgrid/plgnasqret/codex-control/projects/euf-viper/runs/20260727T073625Z-staged-qg7-e9fef17/target/release/euf-viper"",""fabric-solve"",""--engine"",""quotient-portfolio"",""/net/scratch/hscra/plgrid/plgnasqret/codex-control/projects/euf-viper/corpora/9b39c70a794d52277a4e5d83731f0ebc50a2f3b804eb1dfc8cf32766a5ebeadc/smtlib-2025/QF_UF/QF_UF/QG-classification/qg7/iso_brn_nogen_sk012.smt2""]"
76,2,7130,QF_UF/QG-classification/qg7/iso_brn_nogen_sk012.smt2,991c46e08e6dafd9541a4c361be524c4e7eedbdd0198ea06c4d1dd6c441eb1c4,6013183,sat,1,williams_first_order_carryover,a5b163da70f7a4b586276cec20529dcaf9a596daf59a01894d95ec3f4fd69c3e,0,0,0,0,4,4,staged-1000,staged-1000,"[""baseline"",""staged-0"",""staged-10000"",""staged-10"",""staged-1000"",""staged-100""]",parser_inclusive_subprocess_wall_clock,1,timeout,2.012051299,124,-9,1,timeout,exceeded 2 seconds,,,"[""/net/scratch/hscra/plgrid/plgnasqret/codex-control/projects/euf-viper/runs/20260727T073625Z-staged-qg7-e9fef17/target/release/euf-viper"",""fabric-solve"",""--engine"",""quotient-portfolio"",""/net/scratch/hscra/plgrid/plgnasqret/codex-control/projects/euf-viper/corpora/9b39c70a794d52277a4e5d83731f0ebc50a2f3b804eb1dfc8cf32766a5ebeadc/smtlib-2025/QF_UF/QF_UF/QG-classification/qg7/iso_brn_nogen_sk012.smt2""]"
77,2,7130,QF_UF/QG-classification/qg7/iso_brn_nogen_sk012.smt2,991c46e08e6dafd9541a4c361be524c4e7eedbdd0198ea06c4d1dd6c441eb1c4,6013183,sat,1,williams_first_order_carryover,a5b163da70f7a4b586276cec20529dcaf9a596daf59a01894d95ec3f4fd69c3e,0,0,0,0,5,5,staged-100,staged-100,"[""baseline"",""staged-0"",""staged-10000"",""staged-10"",""staged-1000"",""staged-100""]",parser_inclusive_subprocess_wall_clock,1,timeout,2.021846876,124,-9,1,timeout,exceeded 2 seconds,,,"[""/net/scratch/hscra/plgrid/plgnasqret/codex-control/projects/euf-viper/runs/20260727T073625Z-staged-qg7-e9fef17/target/release/euf-viper"",""fabric-solve"",""--engine"",""quotient-portfolio"",""/net/scratch/hscra/plgrid/plgnasqret/codex-control/projects/euf-viper/corpora/9b39c70a794d52277a4e5d83731f0ebc50a2f3b804eb1dfc8cf32766a5ebeadc/smtlib-2025/QF_UF/QF_UF/QG-classification/qg7/iso_brn_nogen_sk012.smt2""]"
78,2,7130,QF_UF/QG-classification/qg7/iso_brn_nogen_sk012.smt2,991c46e08e6dafd9541a4c361be524c4e7eedbdd0198ea06c4d1dd6c441eb1c4,6013183,sat,1,williams_first_order_carryover,a5b163da70f7a4b586276cec20529dcaf9a596daf59a01894d95ec3f4fd69c3e,1,1,0,1,0,0,staged-0,staged-0,"[""staged-0"",""staged-10"",""baseline"",""staged-100"",""staged-10000"",""staged-1000""]",parser_inclusive_subprocess_wall_clock,1,timeout,2.024792526,124,-9,1,timeout,exceeded 2 seconds,,,"[""/net/scratch/hscra/plgrid/plgnasqret/codex-control/projects/euf-viper/runs/20260727T073625Z-staged-qg7-e9fef17/target/release/euf-viper"",""fabric-solve"",""--engine"",""quotient-portfolio"",""/net/scratch/hscra/plgrid/plgnasqret/codex-control/projects/euf-viper/corpora/9b39c70a794d52277a4e5d83731f0ebc50a2f3b804eb1dfc8cf32766a5ebeadc/smtlib-2025/QF_UF/QF_UF/QG-classification/qg7/iso_brn_nogen_sk012.smt2""]"
79,2,7130,QF_UF/QG-classification/qg7/iso_brn_nogen_sk012.smt2,991c46e08e6dafd9541a4c361be524c4e7eedbdd0198ea06c4d1dd6c441eb1c4,6013183,sat,1,williams_first_order_carryover,a5b163da70f7a4b586276cec20529dcaf9a596daf59a01894d95ec3f4fd69c3e,1,1,0,1,1,1,staged-10,staged-10,"[""staged-0"",""staged-10"",""baseline"",""staged-100"",""staged-10000"",""staged-1000""]",parser_inclusive_subprocess_wall_clock,1,timeout,2.021072552,124,-9,1,timeout,exceeded 2 seconds,,,"[""/net/scratch/hscra/plgrid/plgnasqret/codex-control/projects/euf-viper/runs/20260727T073625Z-staged-qg7-e9fef17/target/release/euf-viper"",""fabric-solve"",""--engine"",""quotient-portfolio"",""/net/scratch/hscra/plgrid/plgnasqret/codex-control/projects/euf-viper/corpora/9b39c70a794d52277a4e5d83731f0ebc50a2f3b804eb1dfc8cf32766a5ebeadc/smtlib-2025/QF_UF/QF_UF/QG-classification/qg7/iso_brn_nogen_sk012.smt2""]"
80,2,7130,QF_UF/QG-classification/qg7/iso_brn_nogen_sk012.smt2,991c46e08e6dafd9541a4c361be524c4e7eedbdd0198ea06c4d1dd6c441eb1c4,6013183,sat,1,williams_first_order_carryover,a5b163da70f7a4b586276cec20529dcaf9a596daf59a01894d95ec3f4fd69c3e,1,1,0,1,2,2,baseline,baseline,"[""staged-0"",""staged-10"",""baseline"",""staged-100"",""staged-10000"",""staged-1000""]",parser_inclusive_subprocess_wall_clock,1,timeout,2.011348759,124,-9,1,timeout,exceeded 2 seconds,,,"[""/net/scratch/hscra/plgrid/plgnasqret/codex-control/projects/euf-viper/runs/20260727T073625Z-staged-qg7-e9fef17/target/release/euf-viper"",""fabric-solve"",""--engine"",""quotient-portfolio"",""/net/scratch/hscra/plgrid/plgnasqret/codex-control/projects/euf-viper/corpora/9b39c70a794d52277a4e5d83731f0ebc50a2f3b804eb1dfc8cf32766a5ebeadc/smtlib-2025/QF_UF/QF_UF/QG-classification/qg7/iso_brn_nogen_sk012.smt2""]"
81,2,7130,QF_UF/QG-classification/qg7/iso_brn_nogen_sk012.smt2,991c46e08e6dafd9541a4c361be524c4e7eedbdd0198ea06c4d1dd6c441eb1c4,6013183,sat,1,williams_first_order_carryover,a5b163da70f7a4b586276cec20529dcaf9a596daf59a01894d95ec3f4fd69c3e,1,1,0,1,3,3,staged-100,staged-100,"[""staged-0"",""staged-10"",""baseline"",""staged-100"",""staged-10000"",""staged-1000""]",parser_inclusive_subprocess_wall_clock,1,timeout,2.020693731,124,-9,1,timeout,exceeded 2 seconds,,,"[""/net/scratch/hscra/plgrid/plgnasqret/codex-control/projects/euf-viper/runs/20260727T073625Z-staged-qg7-e9fef17/target/release/euf-viper"",""fabric-solve"",""--engine"",""quotient-portfolio"",""/net/scratch/hscra/plgrid/plgnasqret/codex-control/projects/euf-viper/corpora/9b39c70a794d52277a4e5d83731f0ebc50a2f3b804eb1dfc8cf32766a5ebeadc/smtlib-2025/QF_UF/QF_UF/QG-classification/qg7/iso_brn_nogen_sk012.smt2""]"
82,2,7130,QF_UF/QG-classification/qg7/iso_brn_nogen_sk012.smt2,991c46e08e6dafd9541a4c361be524c4e7eedbdd0198ea06c4d1dd6c441eb1c4,6013183,sat,1,williams_first_order_carryover,a5b163da70f7a4b586276cec20529dcaf9a596daf59a01894d95ec3f4fd69c3e,1,1,0,1,4,4,staged-10000,staged-10000,"[""staged-0"",""staged-10"",""baseline"",""staged-100"",""staged-10000"",""staged-1000""]",parser_inclusive_subprocess_wall_clock,1,timeout,2.013579903,124,-9,1,timeout,exceeded 2 seconds,,,"[""/net/scratch/hscra/plgrid/plgnasqret/codex-control/projects/euf-viper/runs/20260727T073625Z-staged-qg7-e9fef17/target/release/euf-viper"",""fabric-solve"",""--engine"",""quotient-portfolio"",""/net/scratch/hscra/plgrid/plgnasqret/codex-control/projects/euf-viper/corpora/9b39c70a794d52277a4e5d83731f0ebc50a2f3b804eb1dfc8cf32766a5ebeadc/smtlib-2025/QF_UF/QF_UF/QG-classification/qg7/iso_brn_nogen_sk012.smt2""]"
83,2,7130,QF_UF/QG-classification/qg7/iso_brn_nogen_sk012.smt2,991c46e08e6dafd9541a4c361be524c4e7eedbdd0198ea06c4d1dd6c441eb1c4,6013183,sat,1,williams_first_order_carryover,a5b163da70f7a4b586276cec20529dcaf9a596daf59a01894d95ec3f4fd69c3e,1,1,0,1,5,5,staged-1000,staged-1000,"[""staged-0"",""staged-10"",""baseline"",""staged-100"",""staged-10000"",""staged-1000""]",parser_inclusive_subprocess_wall_clock,1,timeout,2.009937167,124,-9,1,timeout,exceeded 2 seconds,,,"[""/net/scratch/hscra/plgrid/plgnasqret/codex-control/projects/euf-viper/runs/20260727T073625Z-staged-qg7-e9fef17/target/release/euf-viper"",""fabric-solve"",""--engine"",""quotient-portfolio"",""/net/scratch/hscra/plgrid/plgnasqret/codex-control/projects/euf-viper/corpora/9b39c70a794d52277a4e5d83731f0ebc50a2f3b804eb1dfc8cf32766a5ebeadc/smtlib-2025/QF_UF/QF_UF/QG-classification/qg7/iso_brn_nogen_sk012.smt2""]"
84,2,7130,QF_UF/QG-classification/qg7/iso_brn_nogen_sk012.smt2,991c46e08e6dafd9541a4c361be524c4e7eedbdd0198ea06c4d1dd6c441eb1c4,6013183,sat,1,williams_first_order_carryover,a5b163da70f7a4b586276cec20529dcaf9a596daf59a01894d95ec3f4fd69c3e,2,2,0,2,0,0,staged-10,staged-10,"[""staged-10"",""staged-100"",""staged-0"",""staged-1000"",""baseline"",""staged-10000""]",parser_inclusive_subprocess_wall_clock,1,timeout,2.018667823,124,-9,1,timeout,exceeded 2 seconds,,,"[""/net/scratch/hscra/plgrid/plgnasqret/codex-control/projects/euf-viper/runs/20260727T073625Z-staged-qg7-e9fef17/target/release/euf-viper"",""fabric-solve"",""--engine"",""quotient-portfolio"",""/net/scratch/hscra/plgrid/plgnasqret/codex-control/projects/euf-viper/corpora/9b39c70a794d52277a4e5d83731f0ebc50a2f3b804eb1dfc8cf32766a5ebeadc/smtlib-2025/QF_UF/QF_UF/QG-classification/qg7/iso_brn_nogen_sk012.smt2""]"
85,2,7130,QF_UF/QG-classification/qg7/iso_brn_nogen_sk012.smt2,991c46e08e6dafd9541a4c361be524c4e7eedbdd0198ea06c4d1dd6c441eb1c4,6013183,sat,1,williams_first_order_carryover,a5b163da70f7a4b586276cec20529dcaf9a596daf59a01894d95ec3f4fd69c3e,2,2,0,2,1,1,staged-100,staged-100,"[""staged-10"",""staged-100"",""staged-0"",""staged-1000"",""baseline"",""staged-10000""]",parser_inclusive_subprocess_wall_clock,1,timeout,2.023086360,124,-9,1,timeout,exceeded 2 seconds,,,"[""/net/scratch/hscra/plgrid/plgnasqret/codex-control/projects/euf-viper/runs/20260727T073625Z-staged-qg7-e9fef17/target/release/euf-viper"",""fabric-solve"",""--engine"",""quotient-portfolio"",""/net/scratch/hscra/plgrid/plgnasqret/codex-control/projects/euf-viper/corpora/9b39c70a794d52277a4e5d83731f0ebc50a2f3b804eb1dfc8cf32766a5ebeadc/smtlib-2025/QF_UF/QF_UF/QG-classification/qg7/iso_brn_nogen_sk012.smt2""]"
86,2,7130,QF_UF/QG-classification/qg7/iso_brn_nogen_sk012.smt2,991c46e08e6dafd9541a4c361be524c4e7eedbdd0198ea06c4d1dd6c441eb1c4,6013183,sat,1,williams_first_order_carryover,a5b163da70f7a4b586276cec20529dcaf9a596daf59a01894d95ec3f4fd69c3e,2,2,0,2,2,2,staged-0,staged-0,"[""staged-10"",""staged-100"",""staged-0"",""staged-1000"",""baseline"",""staged-10000""]",parser_inclusive_subprocess_wall_clock,1,timeout,2.018583038,124,-9,1,timeout,exceeded 2 seconds,,,"[""/net/scratch/hscra/plgrid/plgnasqret/codex-control/projects/euf-viper/runs/20260727T073625Z-staged-qg7-e9fef17/target/release/euf-viper"",""fabric-solve"",""--engine"",""quotient-portfolio"",""/net/scratch/hscra/plgrid/plgnasqret/codex-control/projects/euf-viper/corpora/9b39c70a794d52277a4e5d83731f0ebc50a2f3b804eb1dfc8cf32766a5ebeadc/smtlib-2025/QF_UF/QF_UF/QG-classification/qg7/iso_brn_nogen_sk012.smt2""]"
87,2,7130,QF_UF/QG-classification/qg7/iso_brn_nogen_sk012.smt2,991c46e08e6dafd9541a4c361be524c4e7eedbdd0198ea06c4d1dd6c441eb1c4,6013183,sat,1,williams_first_order_carryover,a5b163da70f7a4b586276cec20529dcaf9a596daf59a01894d95ec3f4fd69c3e,2,2,0,2,3,3,staged-1000,staged-1000,"[""staged-10"",""staged-100"",""staged-0"",""staged-1000"",""baseline"",""staged-10000""]",parser_inclusive_subprocess_wall_clock,1,timeout,2.012380117,124,-9,1,timeout,exceeded 2 seconds,,,"[""/net/scratch/hscra/plgrid/plgnasqret/codex-control/projects/euf-viper/runs/20260727T073625Z-staged-qg7-e9fef17/target/release/euf-viper"",""fabric-solve"",""--engine"",""quotient-portfolio"",""/net/scratch/hscra/plgrid/plgnasqret/codex-control/projects/euf-viper/corpora/9b39c70a794d52277a4e5d83731f0ebc50a2f3b804eb1dfc8cf32766a5ebeadc/smtlib-2025/QF_UF/QF_UF/QG-classification/qg7/iso_brn_nogen_sk012.smt2""]"
88,2,7130,QF_UF/QG-classification/qg7/iso_brn_nogen_sk012.smt2,991c46e08e6dafd9541a4c361be524c4e7eedbdd0198ea06c4d1dd6c441eb1c4,6013183,sat,1,williams_first_order_carryover,a5b163da70f7a4b586276cec20529dcaf9a596daf59a01894d95ec3f4fd69c3e,2,2,0,2,4,4,baseline,baseline,"[""staged-10"",""staged-100"",""staged-0"",""staged-1000"",""baseline"",""staged-10000""]",parser_inclusive_subprocess_wall_clock,1,timeout,2.009505962,124,-9,1,timeout,exceeded 2 seconds,,,"[""/net/scratch/hscra/plgrid/plgnasqret/codex-control/projects/euf-viper/runs/20260727T073625Z-staged-qg7-e9fef17/target/release/euf-viper"",""fabric-solve"",""--engine"",""quotient-portfolio"",""/net/scratch/hscra/plgrid/plgnasqret/codex-control/projects/euf-viper/corpora/9b39c70a794d52277a4e5d83731f0ebc50a2f3b804eb1dfc8cf32766a5ebeadc/smtlib-2025/QF_UF/QF_UF/QG-classification/qg7/iso_brn_nogen_sk012.smt2""]"
89,2,7130,QF_UF/QG-classification/qg7/iso_brn_nogen_sk012.smt2,991c46e08e6dafd9541a4c361be524c4e7eedbdd0198ea06c4d1dd6c441eb1c4,6013183,sat,1,williams_first_order_carryover,a5b163da70f7a4b586276cec20529dcaf9a596daf59a01894d95ec3f4fd69c3e,2,2,0,2,5,5,staged-10000,staged-10000,"[""staged-10"",""staged-100"",""staged-0"",""staged-1000"",""baseline"",""staged-10000""]",parser_inclusive_subprocess_wall_clock,1,timeout,2.009228211,124,-9,1,timeout,exceeded 2 seconds,,,"[""/net/scratch/hscra/plgrid/plgnasqret/codex-control/projects/euf-viper/runs/20260727T073625Z-staged-qg7-e9fef17/target/release/euf-viper"",""fabric-solve"",""--engine"",""quotient-portfolio"",""/net/scratch/hscra/plgrid/plgnasqret/codex-control/projects/euf-viper/corpora/9b39c70a794d52277a4e5d83731f0ebc50a2f3b804eb1dfc8cf32766a5ebeadc/smtlib-2025/QF_UF/QF_UF/QG-classification/qg7/iso_brn_nogen_sk012.smt2""]"
90,2,7130,QF_UF/QG-classification/qg7/iso_brn_nogen_sk012.smt2,991c46e08e6dafd9541a4c361be524c4e7eedbdd0198ea06c4d1dd6c441eb1c4,6013183,sat,1,williams_first_order_carryover,a5b163da70f7a4b586276cec20529dcaf9a596daf59a01894d95ec3f4fd69c3e,3,3,0,3,0,0,staged-100,staged-100,"[""staged-100"",""staged-1000"",""staged-10"",""staged-10000"",""staged-0"",""baseline""]",parser_inclusive_subprocess_wall_clock,1,timeout,2.020499853,124,-9,1,timeout,exceeded 2 seconds,,,"[""/net/scratch/hscra/plgrid/plgnasqret/codex-control/projects/euf-viper/runs/20260727T073625Z-staged-qg7-e9fef17/target/release/euf-viper"",""fabric-solve"",""--engine"",""quotient-portfolio"",""/net/scratch/hscra/plgrid/plgnasqret/codex-control/projects/euf-viper/corpora/9b39c70a794d52277a4e5d83731f0ebc50a2f3b804eb1dfc8cf32766a5ebeadc/smtlib-2025/QF_UF/QF_UF/QG-classification/qg7/iso_brn_nogen_sk012.smt2""]"
91,2,7130,QF_UF/QG-classification/qg7/iso_brn_nogen_sk012.smt2,991c46e08e6dafd9541a4c361be524c4e7eedbdd0198ea06c4d1dd6c441eb1c4,6013183,sat,1,williams_first_order_carryover,a5b163da70f7a4b586276cec20529dcaf9a596daf59a01894d95ec3f4fd69c3e,3,3,0,3,1,1,staged-1000,staged-1000,"[""staged-100"",""staged-1000"",""staged-10"",""staged-10000"",""staged-0"",""baseline""]",parser_inclusive_subprocess_wall_clock,1,timeout,2.009421217,124,-9,1,timeout,exceeded 2 seconds,,,"[""/net/scratch/hscra/plgrid/plgnasqret/codex-control/projects/euf-viper/runs/20260727T073625Z-staged-qg7-e9fef17/target/release/euf-viper"",""fabric-solve"",""--engine"",""quotient-portfolio"",""/net/scratch/hscra/plgrid/plgnasqret/codex-control/projects/euf-viper/corpora/9b39c70a794d52277a4e5d83731f0ebc50a2f3b804eb1dfc8cf32766a5ebeadc/smtlib-2025/QF_UF/QF_UF/QG-classification/qg7/iso_brn_nogen_sk012.smt2""]"
92,2,7130,QF_UF/QG-classification/qg7/iso_brn_nogen_sk012.smt2,991c46e08e6dafd9541a4c361be524c4e7eedbdd0198ea06c4d1dd6c441eb1c4,6013183,sat,1,williams_first_order_carryover,a5b163da70f7a4b586276cec20529dcaf9a596daf59a01894d95ec3f4fd69c3e,3,3,0,3,2,2,staged-10,staged-10,"[""staged-100"",""staged-1000"",""staged-10"",""staged-10000"",""staged-0"",""baseline""]",parser_inclusive_subprocess_wall_clock,1,timeout,2.025817368,124,-9,1,timeout,exceeded 2 seconds,,,"[""/net/scratch/hscra/plgrid/plgnasqret/codex-control/projects/euf-viper/runs/20260727T073625Z-staged-qg7-e9fef17/target/release/euf-viper"",""fabric-solve"",""--engine"",""quotient-portfolio"",""/net/scratch/hscra/plgrid/plgnasqret/codex-control/projects/euf-viper/corpora/9b39c70a794d52277a4e5d83731f0ebc50a2f3b804eb1dfc8cf32766a5ebeadc/smtlib-2025/QF_UF/QF_UF/QG-classification/qg7/iso_brn_nogen_sk012.smt2""]"
93,2,7130,QF_UF/QG-classification/qg7/iso_brn_nogen_sk012.smt2,991c46e08e6dafd9541a4c361be524c4e7eedbdd0198ea06c4d1dd6c441eb1c4,6013183,sat,1,williams_first_order_carryover,a5b163da70f7a4b586276cec20529dcaf9a596daf59a01894d95ec3f4fd69c3e,3,3,0,3,3,3,staged-10000,staged-10000,"[""staged-100"",""staged-1000"",""staged-10"",""staged-10000"",""staged-0"",""baseline""]",parser_inclusive_subprocess_wall_clock,1,timeout,2.011027339,124,-9,1,timeout,exceeded 2 seconds,,,"[""/net/scratch/hscra/plgrid/plgnasqret/codex-control/projects/euf-viper/runs/20260727T073625Z-staged-qg7-e9fef17/target/release/euf-viper"",""fabric-solve"",""--engine"",""quotient-portfolio"",""/net/scratch/hscra/plgrid/plgnasqret/codex-control/projects/euf-viper/corpora/9b39c70a794d52277a4e5d83731f0ebc50a2f3b804eb1dfc8cf32766a5ebeadc/smtlib-2025/QF_UF/QF_UF/QG-classification/qg7/iso_brn_nogen_sk012.smt2""]"
94,2,7130,QF_UF/QG-classification/qg7/iso_brn_nogen_sk012.smt2,991c46e08e6dafd9541a4c361be524c4e7eedbdd0198ea06c4d1dd6c441eb1c4,6013183,sat,1,williams_first_order_carryover,a5b163da70f7a4b586276cec20529dcaf9a596daf59a01894d95ec3f4fd69c3e,3,3,0,3,4,4,staged-0,staged-0,"[""staged-100"",""staged-1000"",""staged-10"",""staged-10000"",""staged-0"",""baseline""]",parser_inclusive_subprocess_wall_clock,1,timeout,2.019686190,124,-9,1,timeout,exceeded 2 seconds,,,"[""/net/scratch/hscra/plgrid/plgnasqret/codex-control/projects/euf-viper/runs/20260727T073625Z-staged-qg7-e9fef17/target/release/euf-viper"",""fabric-solve"",""--engine"",""quotient-portfolio"",""/net/scratch/hscra/plgrid/plgnasqret/codex-control/projects/euf-viper/corpora/9b39c70a794d52277a4e5d83731f0ebc50a2f3b804eb1dfc8cf32766a5ebeadc/smtlib-2025/QF_UF/QF_UF/QG-classification/qg7/iso_brn_nogen_sk012.smt2""]"
95,2,7130,QF_UF/QG-classification/qg7/iso_brn_nogen_sk012.smt2,991c46e08e6dafd9541a4c361be524c4e7eedbdd0198ea06c4d1dd6c441eb1c4,6013183,sat,1,williams_first_order_carryover,a5b163da70f7a4b586276cec20529dcaf9a596daf59a01894d95ec3f4fd69c3e,3,3,0,3,5,5,baseline,baseline,"[""staged-100"",""staged-1000"",""staged-10"",""staged-10000"",""staged-0"",""baseline""]",parser_inclusive_subprocess_wall_clock,1,timeout,2.013579001,124,-9,1,timeout,exceeded 2 seconds,,,"[""/net/scratch/hscra/plgrid/plgnasqret/codex-control/projects/euf-viper/runs/20260727T073625Z-staged-qg7-e9fef17/target/release/euf-viper"",""fabric-solve"",""--engine"",""quotient-portfolio"",""/net/scratch/hscra/plgrid/plgnasqret/codex-control/projects/euf-viper/corpora/9b39c70a794d52277a4e5d83731f0ebc50a2f3b804eb1dfc8cf32766a5ebeadc/smtlib-2025/QF_UF/QF_UF/QG-classification/qg7/iso_brn_nogen_sk012.smt2""]"
96,2,7130,QF_UF/QG-classification/qg7/iso_brn_nogen_sk012.smt2,991c46e08e6dafd9541a4c361be524c4e7eedbdd0198ea06c4d1dd6c441eb1c4,6013183,sat,1,williams_first_order_carryover,a5b163da70f7a4b586276cec20529dcaf9a596daf59a01894d95ec3f4fd69c3e,4,4,0,4,0,0,staged-1000,staged-1000,"[""staged-1000"",""staged-10000"",""staged-100"",""baseline"",""staged-10"",""staged-0""]",parser_inclusive_subprocess_wall_clock,1,timeout,2.011789920,124,-9,1,timeout,exceeded 2 seconds,,,"[""/net/scratch/hscra/plgrid/plgnasqret/codex-control/projects/euf-viper/runs/20260727T073625Z-staged-qg7-e9fef17/target/release/euf-viper"",""fabric-solve"",""--engine"",""quotient-portfolio"",""/net/scratch/hscra/plgrid/plgnasqret/codex-control/projects/euf-viper/corpora/9b39c70a794d52277a4e5d83731f0ebc50a2f3b804eb1dfc8cf32766a5ebeadc/smtlib-2025/QF_UF/QF_UF/QG-classification/qg7/iso_brn_nogen_sk012.smt2""]"
97,2,7130,QF_UF/QG-classification/qg7/iso_brn_nogen_sk012.smt2,991c46e08e6dafd9541a4c361be524c4e7eedbdd0198ea06c4d1dd6c441eb1c4,6013183,sat,1,williams_first_order_carryover,a5b163da70f7a4b586276cec20529dcaf9a596daf59a01894d95ec3f4fd69c3e,4,4,0,4,1,1,staged-10000,staged-10000,"[""staged-1000"",""staged-10000"",""staged-100"",""baseline"",""staged-10"",""staged-0""]",parser_inclusive_subprocess_wall_clock,1,timeout,2.014054386,124,-9,1,timeout,exceeded 2 seconds,,,"[""/net/scratch/hscra/plgrid/plgnasqret/codex-control/projects/euf-viper/runs/20260727T073625Z-staged-qg7-e9fef17/target/release/euf-viper"",""fabric-solve"",""--engine"",""quotient-portfolio"",""/net/scratch/hscra/plgrid/plgnasqret/codex-control/projects/euf-viper/corpora/9b39c70a794d52277a4e5d83731f0ebc50a2f3b804eb1dfc8cf32766a5ebeadc/smtlib-2025/QF_UF/QF_UF/QG-classification/qg7/iso_brn_nogen_sk012.smt2""]"
98,2,7130,QF_UF/QG-classification/qg7/iso_brn_nogen_sk012.smt2,991c46e08e6dafd9541a4c361be524c4e7eedbdd0198ea06c4d1dd6c441eb1c4,6013183,sat,1,williams_first_order_carryover,a5b163da70f7a4b586276cec20529dcaf9a596daf59a01894d95ec3f4fd69c3e,4,4,0,4,2,2,staged-100,staged-100,"[""staged-1000"",""staged-10000"",""staged-100"",""baseline"",""staged-10"",""staged-0""]",parser_inclusive_subprocess_wall_clock,1,timeout,2.019995371,124,-9,1,timeout,exceeded 2 seconds,,,"[""/net/scratch/hscra/plgrid/plgnasqret/codex-control/projects/euf-viper/runs/20260727T073625Z-staged-qg7-e9fef17/target/release/euf-viper"",""fabric-solve"",""--engine"",""quotient-portfolio"",""/net/scratch/hscra/plgrid/plgnasqret/codex-control/projects/euf-viper/corpora/9b39c70a794d52277a4e5d83731f0ebc50a2f3b804eb1dfc8cf32766a5ebeadc/smtlib-2025/QF_UF/QF_UF/QG-classification/qg7/iso_brn_nogen_sk012.smt2""]"
99,2,7130,QF_UF/QG-classification/qg7/iso_brn_nogen_sk012.smt2,991c46e08e6dafd9541a4c361be524c4e7eedbdd0198ea06c4d1dd6c441eb1c4,6013183,sat,1,williams_first_order_carryover,a5b163da70f7a4b586276cec20529dcaf9a596daf59a01894d95ec3f4fd69c3e,4,4,0,4,3,3,baseline,baseline,"[""staged-1000"",""staged-10000"",""staged-100"",""baseline"",""staged-10"",""staged-0""]",parser_inclusive_subprocess_wall_clock,1,timeout,2.009623409,124,-9,1,timeout,exceeded 2 seconds,,,"[""/net/scratch/hscra/plgrid/plgnasqret/codex-control/projects/euf-viper/runs/20260727T073625Z-staged-qg7-e9fef17/target/release/euf-viper"",""fabric-solve"",""--engine"",""quotient-portfolio"",""/net/scratch/hscra/plgrid/plgnasqret/codex-control/projects/euf-viper/corpora/9b39c70a794d52277a4e5d83731f0ebc50a2f3b804eb1dfc8cf32766a5ebeadc/smtlib-2025/QF_UF/QF_UF/QG-classification/qg7/iso_brn_nogen_sk012.smt2""]"
100,2,7130,QF_UF/QG-classification/qg7/iso_brn_nogen_sk012.smt2,991c46e08e6dafd9541a4c361be524c4e7eedbdd0198ea06c4d1dd6c441eb1c4,6013183,sat,1,williams_first_order_carryover,a5b163da70f7a4b586276cec20529dcaf9a596daf59a01894d95ec3f4fd69c3e,4,4,0,4,4,4,staged-10,staged-10,"[""staged-1000"",""staged-10000"",""staged-100"",""baseline"",""staged-10"",""staged-0""]",parser_inclusive_subprocess_wall_clock,1,timeout,2.025584497,124,-9,1,timeout,exceeded 2 seconds,,,"[""/net/scratch/hscra/plgrid/plgnasqret/codex-control/projects/euf-viper/runs/20260727T073625Z-staged-qg7-e9fef17/target/release/euf-viper"",""fabric-solve"",""--engine"",""quotient-portfolio"",""/net/scratch/hscra/plgrid/plgnasqret/codex-control/projects/euf-viper/corpora/9b39c70a794d52277a4e5d83731f0ebc50a2f3b804eb1dfc8cf32766a5ebeadc/smtlib-2025/QF_UF/QF_UF/QG-classification/qg7/iso_brn_nogen_sk012.smt2""]"
101,2,7130,QF_UF/QG-classification/qg7/iso_brn_nogen_sk012.smt2,991c46e08e6dafd9541a4c361be524c4e7eedbdd0198ea06c4d1dd6c441eb1c4,6013183,sat,1,williams_first_order_carryover,a5b163da70f7a4b586276cec20529dcaf9a596daf59a01894d95ec3f4fd69c3e,4,4,0,4,5,5,staged-0,staged-0,"[""staged-1000"",""staged-10000"",""staged-100"",""baseline"",""staged-10"",""staged-0""]",parser_inclusive_subprocess_wall_clock,1,timeout,2.027165549,124,-9,1,timeout,exceeded 2 seconds,,,"[""/net/scratch/hscra/plgrid/plgnasqret/codex-control/projects/euf-viper/runs/20260727T073625Z-staged-qg7-e9fef17/target/release/euf-viper"",""fabric-solve"",""--engine"",""quotient-portfolio"",""/net/scratch/hscra/plgrid/plgnasqret/codex-control/projects/euf-viper/corpora/9b39c70a794d52277a4e5d83731f0ebc50a2f3b804eb1dfc8cf32766a5ebeadc/smtlib-2025/QF_UF/QF_UF/QG-classification/qg7/iso_brn_nogen_sk012.smt2""]"
102,2,7130,QF_UF/QG-classification/qg7/iso_brn_nogen_sk012.smt2,991c46e08e6dafd9541a4c361be524c4e7eedbdd0198ea06c4d1dd6c441eb1c4,6013183,sat,1,williams_first_order_carryover,a5b163da70f7a4b586276cec20529dcaf9a596daf59a01894d95ec3f4fd69c3e,5,5,0,5,0,0,staged-10000,staged-10000,"[""staged-10000"",""baseline"",""staged-1000"",""staged-0"",""staged-100"",""staged-10""]",parser_inclusive_subprocess_wall_clock,1,timeout,2.011478274,124,-9,1,timeout,exceeded 2 seconds,,,"[""/net/scratch/hscra/plgrid/plgnasqret/codex-control/projects/euf-viper/runs/20260727T073625Z-staged-qg7-e9fef17/target/release/euf-viper"",""fabric-solve"",""--engine"",""quotient-portfolio"",""/net/scratch/hscra/plgrid/plgnasqret/codex-control/projects/euf-viper/corpora/9b39c70a794d52277a4e5d83731f0ebc50a2f3b804eb1dfc8cf32766a5ebeadc/smtlib-2025/QF_UF/QF_UF/QG-classification/qg7/iso_brn_nogen_sk012.smt2""]"
103,2,7130,QF_UF/QG-classification/qg7/iso_brn_nogen_sk012.smt2,991c46e08e6dafd9541a4c361be524c4e7eedbdd0198ea06c4d1dd6c441eb1c4,6013183,sat,1,williams_first_order_carryover,a5b163da70f7a4b586276cec20529dcaf9a596daf59a01894d95ec3f4fd69c3e,5,5,0,5,1,1,baseline,baseline,"[""staged-10000"",""baseline"",""staged-1000"",""staged-0"",""staged-100"",""staged-10""]",parser_inclusive_subprocess_wall_clock,1,timeout,2.009491179,124,-9,1,timeout,exceeded 2 seconds,,,"[""/net/scratch/hscra/plgrid/plgnasqret/codex-control/projects/euf-viper/runs/20260727T073625Z-staged-qg7-e9fef17/target/release/euf-viper"",""fabric-solve"",""--engine"",""quotient-portfolio"",""/net/scratch/hscra/plgrid/plgnasqret/codex-control/projects/euf-viper/corpora/9b39c70a794d52277a4e5d83731f0ebc50a2f3b804eb1dfc8cf32766a5ebeadc/smtlib-2025/QF_UF/QF_UF/QG-classification/qg7/iso_brn_nogen_sk012.smt2""]"
104,2,7130,QF_UF/QG-classification/qg7/iso_brn_nogen_sk012.smt2,991c46e08e6dafd9541a4c361be524c4e7eedbdd0198ea06c4d1dd6c441eb1c4,6013183,sat,1,williams_first_order_carryover,a5b163da70f7a4b586276cec20529dcaf9a596daf59a01894d95ec3f4fd69c3e,5,5,0,5,2,2,staged-1000,staged-1000,"[""staged-10000"",""baseline"",""staged-1000"",""staged-0"",""staged-100"",""staged-10""]",parser_inclusive_subprocess_wall_clock,1,timeout,2.012798111,124,-9,1,timeout,exceeded 2 seconds,,,"[""/net/scratch/hscra/plgrid/plgnasqret/codex-control/projects/euf-viper/runs/20260727T073625Z-staged-qg7-e9fef17/target/release/euf-viper"",""fabric-solve"",""--engine"",""quotient-portfolio"",""/net/scratch/hscra/plgrid/plgnasqret/codex-control/projects/euf-viper/corpora/9b39c70a794d52277a4e5d83731f0ebc50a2f3b804eb1dfc8cf32766a5ebeadc/smtlib-2025/QF_UF/QF_UF/QG-classification/qg7/iso_brn_nogen_sk012.smt2""]"
105,2,7130,QF_UF/QG-classification/qg7/iso_brn_nogen_sk012.smt2,991c46e08e6dafd9541a4c361be524c4e7eedbdd0198ea06c4d1dd6c441eb1c4,6013183,sat,1,williams_first_order_carryover,a5b163da70f7a4b586276cec20529dcaf9a596daf59a01894d95ec3f4fd69c3e,5,5,0,5,3,3,staged-0,staged-0,"[""staged-10000"",""baseline"",""staged-1000"",""staged-0"",""staged-100"",""staged-10""]",parser_inclusive_subprocess_wall_clock,1,timeout,2.021711647,124,-9,1,timeout,exceeded 2 seconds,,,"[""/net/scratch/hscra/plgrid/plgnasqret/codex-control/projects/euf-viper/runs/20260727T073625Z-staged-qg7-e9fef17/target/release/euf-viper"",""fabric-solve"",""--engine"",""quotient-portfolio"",""/net/scratch/hscra/plgrid/plgnasqret/codex-control/projects/euf-viper/corpora/9b39c70a794d52277a4e5d83731f0ebc50a2f3b804eb1dfc8cf32766a5ebeadc/smtlib-2025/QF_UF/QF_UF/QG-classification/qg7/iso_brn_nogen_sk012.smt2""]"
106,2,7130,QF_UF/QG-classification/qg7/iso_brn_nogen_sk012.smt2,991c46e08e6dafd9541a4c361be524c4e7eedbdd0198ea06c4d1dd6c441eb1c4,6013183,sat,1,williams_first_order_carryover,a5b163da70f7a4b586276cec20529dcaf9a596daf59a01894d95ec3f4fd69c3e,5,5,0,5,4,4,staged-100,staged-100,"[""staged-10000"",""baseline"",""staged-1000"",""staged-0"",""staged-100"",""staged-10""]",parser_inclusive_subprocess_wall_clock,1,timeout,2.021406783,124,-9,1,timeout,exceeded 2 seconds,,,"[""/net/scratch/hscra/plgrid/plgnasqret/codex-control/projects/euf-viper/runs/20260727T073625Z-staged-qg7-e9fef17/target/release/euf-viper"",""fabric-solve"",""--engine"",""quotient-portfolio"",""/net/scratch/hscra/plgrid/plgnasqret/codex-control/projects/euf-viper/corpora/9b39c70a794d52277a4e5d83731f0ebc50a2f3b804eb1dfc8cf32766a5ebeadc/smtlib-2025/QF_UF/QF_UF/QG-classification/qg7/iso_brn_nogen_sk012.smt2""]"
107,2,7130,QF_UF/QG-classification/qg7/iso_brn_nogen_sk012.smt2,991c46e08e6dafd9541a4c361be524c4e7eedbdd0198ea06c4d1dd6c441eb1c4,6013183,sat,1,williams_first_order_carryover,a5b163da70f7a4b586276cec20529dcaf9a596daf59a01894d95ec3f4fd69c3e,5,5,0,5,5,5,staged-10,staged-10,"[""staged-10000"",""baseline"",""staged-1000"",""staged-0"",""staged-100"",""staged-10""]",parser_inclusive_subprocess_wall_clock,1,timeout,2.019789374,124,-9,1,timeout,exceeded 2 seconds,,,"[""/net/scratch/hscra/plgrid/plgnasqret/codex-control/projects/euf-viper/runs/20260727T073625Z-staged-qg7-e9fef17/target/release/euf-viper"",""fabric-solve"",""--engine"",""quotient-portfolio"",""/net/scratch/hscra/plgrid/plgnasqret/codex-control/projects/euf-viper/corpora/9b39c70a794d52277a4e5d83731f0ebc50a2f3b804eb1dfc8cf32766a5ebeadc/smtlib-2025/QF_UF/QF_UF/QG-classification/qg7/iso_brn_nogen_sk012.smt2""]"
108,3,7317,QF_UF/QG-classification/qg7/iso_icl_nogen_sk002.smt2,dbcbdc19201c2a39ce2839becb61f4f4191ff1e9738396d894da962b33611c2b,6011031,unsat,1,williams_first_order_carryover,a5b163da70f7a4b586276cec20529dcaf9a596daf59a01894d95ec3f4fd69c3e,0,0,0,0,0,0,baseline,baseline,"[""baseline"",""staged-0"",""staged-10000"",""staged-10"",""staged-1000"",""staged-100""]",parser_inclusive_subprocess_wall_clock,1,timeout,2.009348773,124,-9,1,timeout,exceeded 2 seconds,,,"[""/net/scratch/hscra/plgrid/plgnasqret/codex-control/projects/euf-viper/runs/20260727T073625Z-staged-qg7-e9fef17/target/release/euf-viper"",""fabric-solve"",""--engine"",""quotient-portfolio"",""/net/scratch/hscra/plgrid/plgnasqret/codex-control/projects/euf-viper/corpora/9b39c70a794d52277a4e5d83731f0ebc50a2f3b804eb1dfc8cf32766a5ebeadc/smtlib-2025/QF_UF/QF_UF/QG-classification/qg7/iso_icl_nogen_sk002.smt2""]"
109,3,7317,QF_UF/QG-classification/qg7/iso_icl_nogen_sk002.smt2,dbcbdc19201c2a39ce2839becb61f4f4191ff1e9738396d894da962b33611c2b,6011031,unsat,1,williams_first_order_carryover,a5b163da70f7a4b586276cec20529dcaf9a596daf59a01894d95ec3f4fd69c3e,0,0,0,0,1,1,staged-0,staged-0,"[""baseline"",""staged-0"",""staged-10000"",""staged-10"",""staged-1000"",""staged-100""]",parser_inclusive_subprocess_wall_clock,1,timeout,2.024236867,124,-9,1,timeout,exceeded 2 seconds,,,"[""/net/scratch/hscra/plgrid/plgnasqret/codex-control/projects/euf-viper/runs/20260727T073625Z-staged-qg7-e9fef17/target/release/euf-viper"",""fabric-solve"",""--engine"",""quotient-portfolio"",""/net/scratch/hscra/plgrid/plgnasqret/codex-control/projects/euf-viper/corpora/9b39c70a794d52277a4e5d83731f0ebc50a2f3b804eb1dfc8cf32766a5ebeadc/smtlib-2025/QF_UF/QF_UF/QG-classification/qg7/iso_icl_nogen_sk002.smt2""]"
110,3,7317,QF_UF/QG-classification/qg7/iso_icl_nogen_sk002.smt2,dbcbdc19201c2a39ce2839becb61f4f4191ff1e9738396d894da962b33611c2b,6011031,unsat,1,williams_first_order_carryover,a5b163da70f7a4b586276cec20529dcaf9a596daf59a01894d95ec3f4fd69c3e,0,0,0,0,2,2,staged-10000,staged-10000,"[""baseline"",""staged-0"",""staged-10000"",""staged-10"",""staged-1000"",""staged-100""]",parser_inclusive_subprocess_wall_clock,1,timeout,2.010877280,124,-9,1,timeout,exceeded 2 seconds,,,"[""/net/scratch/hscra/plgrid/plgnasqret/codex-control/projects/euf-viper/runs/20260727T073625Z-staged-qg7-e9fef17/target/release/euf-viper"",""fabric-solve"",""--engine"",""quotient-portfolio"",""/net/scratch/hscra/plgrid/plgnasqret/codex-control/projects/euf-viper/corpora/9b39c70a794d52277a4e5d83731f0ebc50a2f3b804eb1dfc8cf32766a5ebeadc/smtlib-2025/QF_UF/QF_UF/QG-classification/qg7/iso_icl_nogen_sk002.smt2""]"
111,3,7317,QF_UF/QG-classification/qg7/iso_icl_nogen_sk002.smt2,dbcbdc19201c2a39ce2839becb61f4f4191ff1e9738396d894da962b33611c2b,6011031,unsat,1,williams_first_order_carryover,a5b163da70f7a4b586276cec20529dcaf9a596daf59a01894d95ec3f4fd69c3e,0,0,0,0,3,3,staged-10,staged-10,"[""baseline"",""staged-0"",""staged-10000"",""staged-10"",""staged-1000"",""staged-100""]",parser_inclusive_subprocess_wall_clock,1,timeout,2.024283702,124,-9,1,timeout,exceeded 2 seconds,,,"[""/net/scratch/hscra/plgrid/plgnasqret/codex-control/projects/euf-viper/runs/20260727T073625Z-staged-qg7-e9fef17/target/release/euf-viper"",""fabric-solve"",""--engine"",""quotient-portfolio"",""/net/scratch/hscra/plgrid/plgnasqret/codex-control/projects/euf-viper/corpora/9b39c70a794d52277a4e5d83731f0ebc50a2f3b804eb1dfc8cf32766a5ebeadc/smtlib-2025/QF_UF/QF_UF/QG-classification/qg7/iso_icl_nogen_sk002.smt2""]"
112,3,7317,QF_UF/QG-classification/qg7/iso_icl_nogen_sk002.smt2,dbcbdc19201c2a39ce2839becb61f4f4191ff1e9738396d894da962b33611c2b,6011031,unsat,1,williams_first_order_carryover,a5b163da70f7a4b586276cec20529dcaf9a596daf59a01894d95ec3f4fd69c3e,0,0,0,0,4,4,staged-1000,staged-1000,"[""baseline"",""staged-0"",""staged-10000"",""staged-10"",""staged-1000"",""staged-100""]",parser_inclusive_subprocess_wall_clock,1,timeout,2.009885895,124,-9,1,timeout,exceeded 2 seconds,,,"[""/net/scratch/hscra/plgrid/plgnasqret/codex-control/projects/euf-viper/runs/20260727T073625Z-staged-qg7-e9fef17/target/release/euf-viper"",""fabric-solve"",""--engine"",""quotient-portfolio"",""/net/scratch/hscra/plgrid/plgnasqret/codex-control/projects/euf-viper/corpora/9b39c70a794d52277a4e5d83731f0ebc50a2f3b804eb1dfc8cf32766a5ebeadc/smtlib-2025/QF_UF/QF_UF/QG-classification/qg7/iso_icl_nogen_sk002.smt2""]"
113,3,7317,QF_UF/QG-classification/qg7/iso_icl_nogen_sk002.smt2,dbcbdc19201c2a39ce2839becb61f4f4191ff1e9738396d894da962b33611c2b,6011031,unsat,1,williams_first_order_carryover,a5b163da70f7a4b586276cec20529dcaf9a596daf59a01894d95ec3f4fd69c3e,0,0,0,0,5,5,staged-100,staged-100,"[""baseline"",""staged-0"",""staged-10000"",""staged-10"",""staged-1000"",""staged-100""]",parser_inclusive_subprocess_wall_clock,1,timeout,2.019557085,124,-9,1,timeout,exceeded 2 seconds,,,"[""/net/scratch/hscra/plgrid/plgnasqret/codex-control/projects/euf-viper/runs/20260727T073625Z-staged-qg7-e9fef17/target/release/euf-viper"",""fabric-solve"",""--engine"",""quotient-portfolio"",""/net/scratch/hscra/plgrid/plgnasqret/codex-control/projects/euf-viper/corpora/9b39c70a794d52277a4e5d83731f0ebc50a2f3b804eb1dfc8cf32766a5ebeadc/smtlib-2025/QF_UF/QF_UF/QG-classification/qg7/iso_icl_nogen_sk002.smt2""]"
114,3,7317,QF_UF/QG-classification/qg7/iso_icl_nogen_sk002.smt2,dbcbdc19201c2a39ce2839becb61f4f4191ff1e9738396d894da962b33611c2b,6011031,unsat,1,williams_first_order_carryover,a5b163da70f7a4b586276cec20529dcaf9a596daf59a01894d95ec3f4fd69c3e,1,1,0,1,0,0,staged-0,staged-0,"[""staged-0"",""staged-10"",""baseline"",""staged-100"",""staged-10000"",""staged-1000""]",parser_inclusive_subprocess_wall_clock,1,timeout,2.025951721,124,-9,1,timeout,exceeded 2 seconds,,,"[""/net/scratch/hscra/plgrid/plgnasqret/codex-control/projects/euf-viper/runs/20260727T073625Z-staged-qg7-e9fef17/target/release/euf-viper"",""fabric-solve"",""--engine"",""quotient-portfolio"",""/net/scratch/hscra/plgrid/plgnasqret/codex-control/projects/euf-viper/corpora/9b39c70a794d52277a4e5d83731f0ebc50a2f3b804eb1dfc8cf32766a5ebeadc/smtlib-2025/QF_UF/QF_UF/QG-classification/qg7/iso_icl_nogen_sk002.smt2""]"
115,3,7317,QF_UF/QG-classification/qg7/iso_icl_nogen_sk002.smt2,dbcbdc19201c2a39ce2839becb61f4f4191ff1e9738396d894da962b33611c2b,6011031,unsat,1,williams_first_order_carryover,a5b163da70f7a4b586276cec20529dcaf9a596daf59a01894d95ec3f4fd69c3e,1,1,0,1,1,1,staged-10,staged-10,"[""staged-0"",""staged-10"",""baseline"",""staged-100"",""staged-10000"",""staged-1000""]",parser_inclusive_subprocess_wall_clock,1,timeout,2.025186977,124,-9,1,timeout,exceeded 2 seconds,,,"[""/net/scratch/hscra/plgrid/plgnasqret/codex-control/projects/euf-viper/runs/20260727T073625Z-staged-qg7-e9fef17/target/release/euf-viper"",""fabric-solve"",""--engine"",""quotient-portfolio"",""/net/scratch/hscra/plgrid/plgnasqret/codex-control/projects/euf-viper/corpora/9b39c70a794d52277a4e5d83731f0ebc50a2f3b804eb1dfc8cf32766a5ebeadc/smtlib-2025/QF_UF/QF_UF/QG-classification/qg7/iso_icl_nogen_sk002.smt2""]"
116,3,7317,QF_UF/QG-classification/qg7/iso_icl_nogen_sk002.smt2,dbcbdc19201c2a39ce2839becb61f4f4191ff1e9738396d894da962b33611c2b,6011031,unsat,1,williams_first_order_carryover,a5b163da70f7a4b586276cec20529dcaf9a596daf59a01894d95ec3f4fd69c3e,1,1,0,1,2,2,baseline,baseline,"[""staged-0"",""staged-10"",""baseline"",""staged-100"",""staged-10000"",""staged-1000""]",parser_inclusive_subprocess_wall_clock,1,timeout,2.012022809,124,-9,1,timeout,exceeded 2 seconds,,,"[""/net/scratch/hscra/plgrid/plgnasqret/codex-control/projects/euf-viper/runs/20260727T073625Z-staged-qg7-e9fef17/target/release/euf-viper"",""fabric-solve"",""--engine"",""quotient-portfolio"",""/net/scratch/hscra/plgrid/plgnasqret/codex-control/projects/euf-viper/corpora/9b39c70a794d52277a4e5d83731f0ebc50a2f3b804eb1dfc8cf32766a5ebeadc/smtlib-2025/QF_UF/QF_UF/QG-classification/qg7/iso_icl_nogen_sk002.smt2""]"
117,3,7317,QF_UF/QG-classification/qg7/iso_icl_nogen_sk002.smt2,dbcbdc19201c2a39ce2839becb61f4f4191ff1e9738396d894da962b33611c2b,6011031,unsat,1,williams_first_order_carryover,a5b163da70f7a4b586276cec20529dcaf9a596daf59a01894d95ec3f4fd69c3e,1,1,0,1,3,3,staged-100,staged-100,"[""staged-0"",""staged-10"",""baseline"",""staged-100"",""staged-10000"",""staged-1000""]",parser_inclusive_subprocess_wall_clock,1,timeout,2.018642142,124,-9,1,timeout,exceeded 2 seconds,,,"[""/net/scratch/hscra/plgrid/plgnasqret/codex-control/projects/euf-viper/runs/20260727T073625Z-staged-qg7-e9fef17/target/release/euf-viper"",""fabric-solve"",""--engine"",""quotient-portfolio"",""/net/scratch/hscra/plgrid/plgnasqret/codex-control/projects/euf-viper/corpora/9b39c70a794d52277a4e5d83731f0ebc50a2f3b804eb1dfc8cf32766a5ebeadc/smtlib-2025/QF_UF/QF_UF/QG-classification/qg7/iso_icl_nogen_sk002.smt2""]"
118,3,7317,QF_UF/QG-classification/qg7/iso_icl_nogen_sk002.smt2,dbcbdc19201c2a39ce2839becb61f4f4191ff1e9738396d894da962b33611c2b,6011031,unsat,1,williams_first_order_carryover,a5b163da70f7a4b586276cec20529dcaf9a596daf59a01894d95ec3f4fd69c3e,1,1,0,1,4,4,staged-10000,staged-10000,"[""staged-0"",""staged-10"",""baseline"",""staged-100"",""staged-10000"",""staged-1000""]",parser_inclusive_subprocess_wall_clock,1,timeout,2.011375031,124,-9,1,timeout,exceeded 2 seconds,,,"[""/net/scratch/hscra/plgrid/plgnasqret/codex-control/projects/euf-viper/runs/20260727T073625Z-staged-qg7-e9fef17/target/release/euf-viper"",""fabric-solve"",""--engine"",""quotient-portfolio"",""/net/scratch/hscra/plgrid/plgnasqret/codex-control/projects/euf-viper/corpora/9b39c70a794d52277a4e5d83731f0ebc50a2f3b804eb1dfc8cf32766a5ebeadc/smtlib-2025/QF_UF/QF_UF/QG-classification/qg7/iso_icl_nogen_sk002.smt2""]"
119,3,7317,QF_UF/QG-classification/qg7/iso_icl_nogen_sk002.smt2,dbcbdc19201c2a39ce2839becb61f4f4191ff1e9738396d894da962b33611c2b,6011031,unsat,1,williams_first_order_carryover,a5b163da70f7a4b586276cec20529dcaf9a596daf59a01894d95ec3f4fd69c3e,1,1,0,1,5,5,staged-1000,staged-1000,"[""staged-0"",""staged-10"",""baseline"",""staged-100"",""staged-10000"",""staged-1000""]",parser_inclusive_subprocess_wall_clock,1,timeout,2.013026163,124,-9,1,timeout,exceeded 2 seconds,,,"[""/net/scratch/hscra/plgrid/plgnasqret/codex-control/projects/euf-viper/runs/20260727T073625Z-staged-qg7-e9fef17/target/release/euf-viper"",""fabric-solve"",""--engine"",""quotient-portfolio"",""/net/scratch/hscra/plgrid/plgnasqret/codex-control/projects/euf-viper/corpora/9b39c70a794d52277a4e5d83731f0ebc50a2f3b804eb1dfc8cf32766a5ebeadc/smtlib-2025/QF_UF/QF_UF/QG-classification/qg7/iso_icl_nogen_sk002.smt2""]"
120,3,7317,QF_UF/QG-classification/qg7/iso_icl_nogen_sk002.smt2,dbcbdc19201c2a39ce2839becb61f4f4191ff1e9738396d894da962b33611c2b,6011031,unsat,1,williams_first_order_carryover,a5b163da70f7a4b586276cec20529dcaf9a596daf59a01894d95ec3f4fd69c3e,2,2,0,2,0,0,staged-10,staged-10,"[""staged-10"",""staged-100"",""staged-0"",""staged-1000"",""baseline"",""staged-10000""]",parser_inclusive_subprocess_wall_clock,1,timeout,2.026827201,124,-9,1,timeout,exceeded 2 seconds,,,"[""/net/scratch/hscra/plgrid/plgnasqret/codex-control/projects/euf-viper/runs/20260727T073625Z-staged-qg7-e9fef17/target/release/euf-viper"",""fabric-solve"",""--engine"",""quotient-portfolio"",""/net/scratch/hscra/plgrid/plgnasqret/codex-control/projects/euf-viper/corpora/9b39c70a794d52277a4e5d83731f0ebc50a2f3b804eb1dfc8cf32766a5ebeadc/smtlib-2025/QF_UF/QF_UF/QG-classification/qg7/iso_icl_nogen_sk002.smt2""]"
121,3,7317,QF_UF/QG-classification/qg7/iso_icl_nogen_sk002.smt2,dbcbdc19201c2a39ce2839becb61f4f4191ff1e9738396d894da962b33611c2b,6011031,unsat,1,williams_first_order_carryover,a5b163da70f7a4b586276cec20529dcaf9a596daf59a01894d95ec3f4fd69c3e,2,2,0,2,1,1,staged-100,staged-100,"[""staged-10"",""staged-100"",""staged-0"",""staged-1000"",""baseline"",""staged-10000""]",parser_inclusive_subprocess_wall_clock,1,timeout,2.019959925,124,-9,1,timeout,exceeded 2 seconds,,,"[""/net/scratch/hscra/plgrid/plgnasqret/codex-control/projects/euf-viper/runs/20260727T073625Z-staged-qg7-e9fef17/target/release/euf-viper"",""fabric-solve"",""--engine"",""quotient-portfolio"",""/net/scratch/hscra/plgrid/plgnasqret/codex-control/projects/euf-viper/corpora/9b39c70a794d52277a4e5d83731f0ebc50a2f3b804eb1dfc8cf32766a5ebeadc/smtlib-2025/QF_UF/QF_UF/QG-classification/qg7/iso_icl_nogen_sk002.smt2""]"
122,3,7317,QF_UF/QG-classification/qg7/iso_icl_nogen_sk002.smt2,dbcbdc19201c2a39ce2839becb61f4f4191ff1e9738396d894da962b33611c2b,6011031,unsat,1,williams_first_order_carryover,a5b163da70f7a4b586276cec20529dcaf9a596daf59a01894d95ec3f4fd69c3e,2,2,0,2,2,2,staged-0,staged-0,"[""staged-10"",""staged-100"",""staged-0"",""staged-1000"",""baseline"",""staged-10000""]",parser_inclusive_subprocess_wall_clock,1,timeout,2.016890040,124,-9,1,timeout,exceeded 2 seconds,,,"[""/net/scratch/hscra/plgrid/plgnasqret/codex-control/projects/euf-viper/runs/20260727T073625Z-staged-qg7-e9fef17/target/release/euf-viper"",""fabric-solve"",""--engine"",""quotient-portfolio"",""/net/scratch/hscra/plgrid/plgnasqret/codex-control/projects/euf-viper/corpora/9b39c70a794d52277a4e5d83731f0ebc50a2f3b804eb1dfc8cf32766a5ebeadc/smtlib-2025/QF_UF/QF_UF/QG-classification/qg7/iso_icl_nogen_sk002.smt2""]"
123,3,7317,QF_UF/QG-classification/qg7/iso_icl_nogen_sk002.smt2,dbcbdc19201c2a39ce2839becb61f4f4191ff1e9738396d894da962b33611c2b,6011031,unsat,1,williams_first_order_carryover,a5b163da70f7a4b586276cec20529dcaf9a596daf59a01894d95ec3f4fd69c3e,2,2,0,2,3,3,staged-1000,staged-1000,"[""staged-10"",""staged-100"",""staged-0"",""staged-1000"",""baseline"",""staged-10000""]",parser_inclusive_subprocess_wall_clock,1,timeout,2.011327195,124,-9,1,timeout,exceeded 2 seconds,,,"[""/net/scratch/hscra/plgrid/plgnasqret/codex-control/projects/euf-viper/runs/20260727T073625Z-staged-qg7-e9fef17/target/release/euf-viper"",""fabric-solve"",""--engine"",""quotient-portfolio"",""/net/scratch/hscra/plgrid/plgnasqret/codex-control/projects/euf-viper/corpora/9b39c70a794d52277a4e5d83731f0ebc50a2f3b804eb1dfc8cf32766a5ebeadc/smtlib-2025/QF_UF/QF_UF/QG-classification/qg7/iso_icl_nogen_sk002.smt2""]"
124,3,7317,QF_UF/QG-classification/qg7/iso_icl_nogen_sk002.smt2,dbcbdc19201c2a39ce2839becb61f4f4191ff1e9738396d894da962b33611c2b,6011031,unsat,1,williams_first_order_carryover,a5b163da70f7a4b586276cec20529dcaf9a596daf59a01894d95ec3f4fd69c3e,2,2,0,2,4,4,baseline,baseline,"[""staged-10"",""staged-100"",""staged-0"",""staged-1000"",""baseline"",""staged-10000""]",parser_inclusive_subprocess_wall_clock,1,timeout,2.010124315,124,-9,1,timeout,exceeded 2 seconds,,,"[""/net/scratch/hscra/plgrid/plgnasqret/codex-control/projects/euf-viper/runs/20260727T073625Z-staged-qg7-e9fef17/target/release/euf-viper"",""fabric-solve"",""--engine"",""quotient-portfolio"",""/net/scratch/hscra/plgrid/plgnasqret/codex-control/projects/euf-viper/corpora/9b39c70a794d52277a4e5d83731f0ebc50a2f3b804eb1dfc8cf32766a5ebeadc/smtlib-2025/QF_UF/QF_UF/QG-classification/qg7/iso_icl_nogen_sk002.smt2""]"
125,3,7317,QF_UF/QG-classification/qg7/iso_icl_nogen_sk002.smt2,dbcbdc19201c2a39ce2839becb61f4f4191ff1e9738396d894da962b33611c2b,6011031,unsat,1,williams_first_order_carryover,a5b163da70f7a4b586276cec20529dcaf9a596daf59a01894d95ec3f4fd69c3e,2,2,0,2,5,5,staged-10000,staged-10000,"[""staged-10"",""staged-100"",""staged-0"",""staged-1000"",""baseline"",""staged-10000""]",parser_inclusive_subprocess_wall_clock,1,timeout,2.012026405,124,-9,1,timeout,exceeded 2 seconds,,,"[""/net/scratch/hscra/plgrid/plgnasqret/codex-control/projects/euf-viper/runs/20260727T073625Z-staged-qg7-e9fef17/target/release/euf-viper"",""fabric-solve"",""--engine"",""quotient-portfolio"",""/net/scratch/hscra/plgrid/plgnasqret/codex-control/projects/euf-viper/corpora/9b39c70a794d52277a4e5d83731f0ebc50a2f3b804eb1dfc8cf32766a5ebeadc/smtlib-2025/QF_UF/QF_UF/QG-classification/qg7/iso_icl_nogen_sk002.smt2""]"
126,3,7317,QF_UF/QG-classification/qg7/iso_icl_nogen_sk002.smt2,dbcbdc19201c2a39ce2839becb61f4f4191ff1e9738396d894da962b33611c2b,6011031,unsat,1,williams_first_order_carryover,a5b163da70f7a4b586276cec20529dcaf9a596daf59a01894d95ec3f4fd69c3e,3,3,0,3,0,0,staged-100,staged-100,"[""staged-100"",""staged-1000"",""staged-10"",""staged-10000"",""staged-0"",""baseline""]",parser_inclusive_subprocess_wall_clock,1,timeout,2.018982473,124,-9,1,timeout,exceeded 2 seconds,,,"[""/net/scratch/hscra/plgrid/plgnasqret/codex-control/projects/euf-viper/runs/20260727T073625Z-staged-qg7-e9fef17/target/release/euf-viper"",""fabric-solve"",""--engine"",""quotient-portfolio"",""/net/scratch/hscra/plgrid/plgnasqret/codex-control/projects/euf-viper/corpora/9b39c70a794d52277a4e5d83731f0ebc50a2f3b804eb1dfc8cf32766a5ebeadc/smtlib-2025/QF_UF/QF_UF/QG-classification/qg7/iso_icl_nogen_sk002.smt2""]"
127,3,7317,QF_UF/QG-classification/qg7/iso_icl_nogen_sk002.smt2,dbcbdc19201c2a39ce2839becb61f4f4191ff1e9738396d894da962b33611c2b,6011031,unsat,1,williams_first_order_carryover,a5b163da70f7a4b586276cec20529dcaf9a596daf59a01894d95ec3f4fd69c3e,3,3,0,3,1,1,staged-1000,staged-1000,"[""staged-100"",""staged-1000"",""staged-10"",""staged-10000"",""staged-0"",""baseline""]",parser_inclusive_subprocess_wall_clock,1,timeout,2.009541830,124,-9,1,timeout,exceeded 2 seconds,,,"[""/net/scratch/hscra/plgrid/plgnasqret/codex-control/projects/euf-viper/runs/20260727T073625Z-staged-qg7-e9fef17/target/release/euf-viper"",""fabric-solve"",""--engine"",""quotient-portfolio"",""/net/scratch/hscra/plgrid/plgnasqret/codex-control/projects/euf-viper/corpora/9b39c70a794d52277a4e5d83731f0ebc50a2f3b804eb1dfc8cf32766a5ebeadc/smtlib-2025/QF_UF/QF_UF/QG-classification/qg7/iso_icl_nogen_sk002.smt2""]"
128,3,7317,QF_UF/QG-classification/qg7/iso_icl_nogen_sk002.smt2,dbcbdc19201c2a39ce2839becb61f4f4191ff1e9738396d894da962b33611c2b,6011031,unsat,1,williams_first_order_carryover,a5b163da70f7a4b586276cec20529dcaf9a596daf59a01894d95ec3f4fd69c3e,3,3,0,3,2,2,staged-10,staged-10,"[""staged-100"",""staged-1000"",""staged-10"",""staged-10000"",""staged-0"",""baseline""]",parser_inclusive_subprocess_wall_clock,1,timeout,2.022208235,124,-9,1,timeout,exceeded 2 seconds,,,"[""/net/scratch/hscra/plgrid/plgnasqret/codex-control/projects/euf-viper/runs/20260727T073625Z-staged-qg7-e9fef17/target/release/euf-viper"",""fabric-solve"",""--engine"",""quotient-portfolio"",""/net/scratch/hscra/plgrid/plgnasqret/codex-control/projects/euf-viper/corpora/9b39c70a794d52277a4e5d83731f0ebc50a2f3b804eb1dfc8cf32766a5ebeadc/smtlib-2025/QF_UF/QF_UF/QG-classification/qg7/iso_icl_nogen_sk002.smt2""]"
129,3,7317,QF_UF/QG-classification/qg7/iso_icl_nogen_sk002.smt2,dbcbdc19201c2a39ce2839becb61f4f4191ff1e9738396d894da962b33611c2b,6011031,unsat,1,williams_first_order_carryover,a5b163da70f7a4b586276cec20529dcaf9a596daf59a01894d95ec3f4fd69c3e,3,3,0,3,3,3,staged-10000,staged-10000,"[""staged-100"",""staged-1000"",""staged-10"",""staged-10000"",""staged-0"",""baseline""]",parser_inclusive_subprocess_wall_clock,1,timeout,2.010700940,124,-9,1,timeout,exceeded 2 seconds,,,"[""/net/scratch/hscra/plgrid/plgnasqret/codex-control/projects/euf-viper/runs/20260727T073625Z-staged-qg7-e9fef17/target/release/euf-viper"",""fabric-solve"",""--engine"",""quotient-portfolio"",""/net/scratch/hscra/plgrid/plgnasqret/codex-control/projects/euf-viper/corpora/9b39c70a794d52277a4e5d83731f0ebc50a2f3b804eb1dfc8cf32766a5ebeadc/smtlib-2025/QF_UF/QF_UF/QG-classification/qg7/iso_icl_nogen_sk002.smt2""]"
130,3,7317,QF_UF/QG-classification/qg7/iso_icl_nogen_sk002.smt2,dbcbdc19201c2a39ce2839becb61f4f4191ff1e9738396d894da962b33611c2b,6011031,unsat,1,williams_first_order_carryover,a5b163da70f7a4b586276cec20529dcaf9a596daf59a01894d95ec3f4fd69c3e,3,3,0,3,4,4,staged-0,staged-0,"[""staged-100"",""staged-1000"",""staged-10"",""staged-10000"",""staged-0"",""baseline""]",parser_inclusive_subprocess_wall_clock,1,timeout,2.027709583,124,-9,1,timeout,exceeded 2 seconds,,,"[""/net/scratch/hscra/plgrid/plgnasqret/codex-control/projects/euf-viper/runs/20260727T073625Z-staged-qg7-e9fef17/target/release/euf-viper"",""fabric-solve"",""--engine"",""quotient-portfolio"",""/net/scratch/hscra/plgrid/plgnasqret/codex-control/projects/euf-viper/corpora/9b39c70a794d52277a4e5d83731f0ebc50a2f3b804eb1dfc8cf32766a5ebeadc/smtlib-2025/QF_UF/QF_UF/QG-classification/qg7/iso_icl_nogen_sk002.smt2""]"
131,3,7317,QF_UF/QG-classification/qg7/iso_icl_nogen_sk002.smt2,dbcbdc19201c2a39ce2839becb61f4f4191ff1e9738396d894da962b33611c2b,6011031,unsat,1,williams_first_order_carryover,a5b163da70f7a4b586276cec20529dcaf9a596daf59a01894d95ec3f4fd69c3e,3,3,0,3,5,5,baseline,baseline,"[""staged-100"",""staged-1000"",""staged-10"",""staged-10000"",""staged-0"",""baseline""]",parser_inclusive_subprocess_wall_clock,1,timeout,2.011466185,124,-9,1,timeout,exceeded 2 seconds,,,"[""/net/scratch/hscra/plgrid/plgnasqret/codex-control/projects/euf-viper/runs/20260727T073625Z-staged-qg7-e9fef17/target/release/euf-viper"",""fabric-solve"",""--engine"",""quotient-portfolio"",""/net/scratch/hscra/plgrid/plgnasqret/codex-control/projects/euf-viper/corpora/9b39c70a794d52277a4e5d83731f0ebc50a2f3b804eb1dfc8cf32766a5ebeadc/smtlib-2025/QF_UF/QF_UF/QG-classification/qg7/iso_icl_nogen_sk002.smt2""]"
132,3,7317,QF_UF/QG-classification/qg7/iso_icl_nogen_sk002.smt2,dbcbdc19201c2a39ce2839becb61f4f4191ff1e9738396d894da962b33611c2b,6011031,unsat,1,williams_first_order_carryover,a5b163da70f7a4b586276cec20529dcaf9a596daf59a01894d95ec3f4fd69c3e,4,4,0,4,0,0,staged-1000,staged-1000,"[""staged-1000"",""staged-10000"",""staged-100"",""baseline"",""staged-10"",""staged-0""]",parser_inclusive_subprocess_wall_clock,1,timeout,2.011182866,124,-9,1,timeout,exceeded 2 seconds,,,"[""/net/scratch/hscra/plgrid/plgnasqret/codex-control/projects/euf-viper/runs/20260727T073625Z-staged-qg7-e9fef17/target/release/euf-viper"",""fabric-solve"",""--engine"",""quotient-portfolio"",""/net/scratch/hscra/plgrid/plgnasqret/codex-control/projects/euf-viper/corpora/9b39c70a794d52277a4e5d83731f0ebc50a2f3b804eb1dfc8cf32766a5ebeadc/smtlib-2025/QF_UF/QF_UF/QG-classification/qg7/iso_icl_nogen_sk002.smt2""]"
133,3,7317,QF_UF/QG-classification/qg7/iso_icl_nogen_sk002.smt2,dbcbdc19201c2a39ce2839becb61f4f4191ff1e9738396d894da962b33611c2b,6011031,unsat,1,williams_first_order_carryover,a5b163da70f7a4b586276cec20529dcaf9a596daf59a01894d95ec3f4fd69c3e,4,4,0,4,1,1,staged-10000,staged-10000,"[""staged-1000"",""staged-10000"",""staged-100"",""baseline"",""staged-10"",""staged-0""]",parser_inclusive_subprocess_wall_clock,1,timeout,2.012934057,124,-9,1,timeout,exceeded 2 seconds,,,"[""/net/scratch/hscra/plgrid/plgnasqret/codex-control/projects/euf-viper/runs/20260727T073625Z-staged-qg7-e9fef17/target/release/euf-viper"",""fabric-solve"",""--engine"",""quotient-portfolio"",""/net/scratch/hscra/plgrid/plgnasqret/codex-control/projects/euf-viper/corpora/9b39c70a794d52277a4e5d83731f0ebc50a2f3b804eb1dfc8cf32766a5ebeadc/smtlib-2025/QF_UF/QF_UF/QG-classification/qg7/iso_icl_nogen_sk002.smt2""]"
134,3,7317,QF_UF/QG-classification/qg7/iso_icl_nogen_sk002.smt2,dbcbdc19201c2a39ce2839becb61f4f4191ff1e9738396d894da962b33611c2b,6011031,unsat,1,williams_first_order_carryover,a5b163da70f7a4b586276cec20529dcaf9a596daf59a01894d95ec3f4fd69c3e,4,4,0,4,2,2,staged-100,staged-100,"[""staged-1000"",""staged-10000"",""staged-100"",""baseline"",""staged-10"",""staged-0""]",parser_inclusive_subprocess_wall_clock,1,timeout,2.027986944,124,-9,1,timeout,exceeded 2 seconds,,,"[""/net/scratch/hscra/plgrid/plgnasqret/codex-control/projects/euf-viper/runs/20260727T073625Z-staged-qg7-e9fef17/target/release/euf-viper"",""fabric-solve"",""--engine"",""quotient-portfolio"",""/net/scratch/hscra/plgrid/plgnasqret/codex-control/projects/euf-viper/corpora/9b39c70a794d52277a4e5d83731f0ebc50a2f3b804eb1dfc8cf32766a5ebeadc/smtlib-2025/QF_UF/QF_UF/QG-classification/qg7/iso_icl_nogen_sk002.smt2""]"
135,3,7317,QF_UF/QG-classification/qg7/iso_icl_nogen_sk002.smt2,dbcbdc19201c2a39ce2839becb61f4f4191ff1e9738396d894da962b33611c2b,6011031,unsat,1,williams_first_order_carryover,a5b163da70f7a4b586276cec20529dcaf9a596daf59a01894d95ec3f4fd69c3e,4,4,0,4,3,3,baseline,baseline,"[""staged-1000"",""staged-10000"",""staged-100"",""baseline"",""staged-10"",""staged-0""]",parser_inclusive_subprocess_wall_clock,1,timeout,2.011109850,124,-9,1,timeout,exceeded 2 seconds,,,"[""/net/scratch/hscra/plgrid/plgnasqret/codex-control/projects/euf-viper/runs/20260727T073625Z-staged-qg7-e9fef17/target/release/euf-viper"",""fabric-solve"",""--engine"",""quotient-portfolio"",""/net/scratch/hscra/plgrid/plgnasqret/codex-control/projects/euf-viper/corpora/9b39c70a794d52277a4e5d83731f0ebc50a2f3b804eb1dfc8cf32766a5ebeadc/smtlib-2025/QF_UF/QF_UF/QG-classification/qg7/iso_icl_nogen_sk002.smt2""]"
136,3,7317,QF_UF/QG-classification/qg7/iso_icl_nogen_sk002.smt2,dbcbdc19201c2a39ce2839becb61f4f4191ff1e9738396d894da962b33611c2b,6011031,unsat,1,williams_first_order_carryover,a5b163da70f7a4b586276cec20529dcaf9a596daf59a01894d95ec3f4fd69c3e,4,4,0,4,4,4,staged-10,staged-10,"[""staged-1000"",""staged-10000"",""staged-100"",""baseline"",""staged-10"",""staged-0""]",parser_inclusive_subprocess_wall_clock,1,timeout,2.018151163,124,-9,1,timeout,exceeded 2 seconds,,,"[""/net/scratch/hscra/plgrid/plgnasqret/codex-control/projects/euf-viper/runs/20260727T073625Z-staged-qg7-e9fef17/target/release/euf-viper"",""fabric-solve"",""--engine"",""quotient-portfolio"",""/net/scratch/hscra/plgrid/plgnasqret/codex-control/projects/euf-viper/corpora/9b39c70a794d52277a4e5d83731f0ebc50a2f3b804eb1dfc8cf32766a5ebeadc/smtlib-2025/QF_UF/QF_UF/QG-classification/qg7/iso_icl_nogen_sk002.smt2""]"
137,3,7317,QF_UF/QG-classification/qg7/iso_icl_nogen_sk002.smt2,dbcbdc19201c2a39ce2839becb61f4f4191ff1e9738396d894da962b33611c2b,6011031,unsat,1,williams_first_order_carryover,a5b163da70f7a4b586276cec20529dcaf9a596daf59a01894d95ec3f4fd69c3e,4,4,0,4,5,5,staged-0,staged-0,"[""staged-1000"",""staged-10000"",""staged-100"",""baseline"",""staged-10"",""staged-0""]",parser_inclusive_subprocess_wall_clock,1,timeout,2.024344949,124,-9,1,timeout,exceeded 2 seconds,,,"[""/net/scratch/hscra/plgrid/plgnasqret/codex-control/projects/euf-viper/runs/20260727T073625Z-staged-qg7-e9fef17/target/release/euf-viper"",""fabric-solve"",""--engine"",""quotient-portfolio"",""/net/scratch/hscra/plgrid/plgnasqret/codex-control/projects/euf-viper/corpora/9b39c70a794d52277a4e5d83731f0ebc50a2f3b804eb1dfc8cf32766a5ebeadc/smtlib-2025/QF_UF/QF_UF/QG-classification/qg7/iso_icl_nogen_sk002.smt2""]"
138,3,7317,QF_UF/QG-classification/qg7/iso_icl_nogen_sk002.smt2,dbcbdc19201c2a39ce2839becb61f4f4191ff1e9738396d894da962b33611c2b,6011031,unsat,1,williams_first_order_carryover,a5b163da70f7a4b586276cec20529dcaf9a596daf59a01894d95ec3f4fd69c3e,5,5,0,5,0,0,staged-10000,staged-10000,"[""staged-10000"",""baseline"",""staged-1000"",""staged-0"",""staged-100"",""staged-10""]",parser_inclusive_subprocess_wall_clock,1,timeout,2.011622705,124,-9,1,timeout,exceeded 2 seconds,,,"[""/net/scratch/hscra/plgrid/plgnasqret/codex-control/projects/euf-viper/runs/20260727T073625Z-staged-qg7-e9fef17/target/release/euf-viper"",""fabric-solve"",""--engine"",""quotient-portfolio"",""/net/scratch/hscra/plgrid/plgnasqret/codex-control/projects/euf-viper/corpora/9b39c70a794d52277a4e5d83731f0ebc50a2f3b804eb1dfc8cf32766a5ebeadc/smtlib-2025/QF_UF/QF_UF/QG-classification/qg7/iso_icl_nogen_sk002.smt2""]"
139,3,7317,QF_UF/QG-classification/qg7/iso_icl_nogen_sk002.smt2,dbcbdc19201c2a39ce2839becb61f4f4191ff1e9738396d894da962b33611c2b,6011031,unsat,1,williams_first_order_carryover,a5b163da70f7a4b586276cec20529dcaf9a596daf59a01894d95ec3f4fd69c3e,5,5,0,5,1,1,baseline,baseline,"[""staged-10000"",""baseline"",""staged-1000"",""staged-0"",""staged-100"",""staged-10""]",parser_inclusive_subprocess_wall_clock,1,timeout,2.013215984,124,-9,1,timeout,exceeded 2 seconds,,,"[""/net/scratch/hscra/plgrid/plgnasqret/codex-control/projects/euf-viper/runs/20260727T073625Z-staged-qg7-e9fef17/target/release/euf-viper"",""fabric-solve"",""--engine"",""quotient-portfolio"",""/net/scratch/hscra/plgrid/plgnasqret/codex-control/projects/euf-viper/corpora/9b39c70a794d52277a4e5d83731f0ebc50a2f3b804eb1dfc8cf32766a5ebeadc/smtlib-2025/QF_UF/QF_UF/QG-classification/qg7/iso_icl_nogen_sk002.smt2""]"
140,3,7317,QF_UF/QG-classification/qg7/iso_icl_nogen_sk002.smt2,dbcbdc19201c2a39ce2839becb61f4f4191ff1e9738396d894da962b33611c2b,6011031,unsat,1,williams_first_order_carryover,a5b163da70f7a4b586276cec20529dcaf9a596daf59a01894d95ec3f4fd69c3e,5,5,0,5,2,2,staged-1000,staged-1000,"[""staged-10000"",""baseline"",""staged-1000"",""staged-0"",""staged-100"",""staged-10""]",parser_inclusive_subprocess_wall_clock,1,timeout,2.011029732,124,-9,1,timeout,exceeded 2 seconds,,,"[""/net/scratch/hscra/plgrid/plgnasqret/codex-control/projects/euf-viper/runs/20260727T073625Z-staged-qg7-e9fef17/target/release/euf-viper"",""fabric-solve"",""--engine"",""quotient-portfolio"",""/net/scratch/hscra/plgrid/plgnasqret/codex-control/projects/euf-viper/corpora/9b39c70a794d52277a4e5d83731f0ebc50a2f3b804eb1dfc8cf32766a5ebeadc/smtlib-2025/QF_UF/QF_UF/QG-classification/qg7/iso_icl_nogen_sk002.smt2""]"
141,3,7317,QF_UF/QG-classification/qg7/iso_icl_nogen_sk002.smt2,dbcbdc19201c2a39ce2839becb61f4f4191ff1e9738396d894da962b33611c2b,6011031,unsat,1,williams_first_order_carryover,a5b163da70f7a4b586276cec20529dcaf9a596daf59a01894d95ec3f4fd69c3e,5,5,0,5,3,3,staged-0,staged-0,"[""staged-10000"",""baseline"",""staged-1000"",""staged-0"",""staged-100"",""staged-10""]",parser_inclusive_subprocess_wall_clock,1,timeout,2.019377480,124,-9,1,timeout,exceeded 2 seconds,,,"[""/net/scratch/hscra/plgrid/plgnasqret/codex-control/projects/euf-viper/runs/20260727T073625Z-staged-qg7-e9fef17/target/release/euf-viper"",""fabric-solve"",""--engine"",""quotient-portfolio"",""/net/scratch/hscra/plgrid/plgnasqret/codex-control/projects/euf-viper/corpora/9b39c70a794d52277a4e5d83731f0ebc50a2f3b804eb1dfc8cf32766a5ebeadc/smtlib-2025/QF_UF/QF_UF/QG-classification/qg7/iso_icl_nogen_sk002.smt2""]"
142,3,7317,QF_UF/QG-classification/qg7/iso_icl_nogen_sk002.smt2,dbcbdc19201c2a39ce2839becb61f4f4191ff1e9738396d894da962b33611c2b,6011031,unsat,1,williams_first_order_carryover,a5b163da70f7a4b586276cec20529dcaf9a596daf59a01894d95ec3f4fd69c3e,5,5,0,5,4,4,staged-100,staged-100,"[""staged-10000"",""baseline"",""staged-1000"",""staged-0"",""staged-100"",""staged-10""]",parser_inclusive_subprocess_wall_clock,1,timeout,2.026712111,124,-9,1,timeout,exceeded 2 seconds,,,"[""/net/scratch/hscra/plgrid/plgnasqret/codex-control/projects/euf-viper/runs/20260727T073625Z-staged-qg7-e9fef17/target/release/euf-viper"",""fabric-solve"",""--engine"",""quotient-portfolio"",""/net/scratch/hscra/plgrid/plgnasqret/codex-control/projects/euf-viper/corpora/9b39c70a794d52277a4e5d83731f0ebc50a2f3b804eb1dfc8cf32766a5ebeadc/smtlib-2025/QF_UF/QF_UF/QG-classification/qg7/iso_icl_nogen_sk002.smt2""]"
143,3,7317,QF_UF/QG-classification/qg7/iso_icl_nogen_sk002.smt2,dbcbdc19201c2a39ce2839becb61f4f4191ff1e9738396d894da962b33611c2b,6011031,unsat,1,williams_first_order_carryover,a5b163da70f7a4b586276cec20529dcaf9a596daf59a01894d95ec3f4fd69c3e,5,5,0,5,5,5,staged-10,staged-10,"[""staged-10000"",""baseline"",""staged-1000"",""staged-0"",""staged-100"",""staged-10""]",parser_inclusive_subprocess_wall_clock,1,timeout,2.020952609,124,-9,1,timeout,exceeded 2 seconds,,,"[""/net/scratch/hscra/plgrid/plgnasqret/codex-control/projects/euf-viper/runs/20260727T073625Z-staged-qg7-e9fef17/target/release/euf-viper"",""fabric-solve"",""--engine"",""quotient-portfolio"",""/net/scratch/hscra/plgrid/plgnasqret/codex-control/projects/euf-viper/corpora/9b39c70a794d52277a4e5d83731f0ebc50a2f3b804eb1dfc8cf32766a5ebeadc/smtlib-2025/QF_UF/QF_UF/QG-classification/qg7/iso_icl_nogen_sk002.smt2""]"
144,4,7324,QF_UF/QG-classification/qg7/iso_icl_repgen002.smt2,ab529683e2c7e623ce791e86597d32178a15b72584f04074e5ff497161c2b58e,59064,unsat,1,williams_first_order_carryover,a5b163da70f7a4b586276cec20529dcaf9a596daf59a01894d95ec3f4fd69c3e,0,0,0,0,0,0,baseline,baseline,"[""baseline"",""staged-0"",""staged-10000"",""staged-10"",""staged-1000"",""staged-100""]",parser_inclusive_subprocess_wall_clock,1,timeout,2.007448302,124,-9,1,timeout,exceeded 2 seconds,,,"[""/net/scratch/hscra/plgrid/plgnasqret/codex-control/projects/euf-viper/runs/20260727T073625Z-staged-qg7-e9fef17/target/release/euf-viper"",""fabric-solve"",""--engine"",""quotient-portfolio"",""/net/scratch/hscra/plgrid/plgnasqret/codex-control/projects/euf-viper/corpora/9b39c70a794d52277a4e5d83731f0ebc50a2f3b804eb1dfc8cf32766a5ebeadc/smtlib-2025/QF_UF/QF_UF/QG-classification/qg7/iso_icl_repgen002.smt2""]"
145,4,7324,QF_UF/QG-classification/qg7/iso_icl_repgen002.smt2,ab529683e2c7e623ce791e86597d32178a15b72584f04074e5ff497161c2b58e,59064,unsat,1,williams_first_order_carryover,a5b163da70f7a4b586276cec20529dcaf9a596daf59a01894d95ec3f4fd69c3e,0,0,0,0,1,1,staged-0,staged-0,"[""baseline"",""staged-0"",""staged-10000"",""staged-10"",""staged-1000"",""staged-100""]",parser_inclusive_subprocess_wall_clock,1,timeout,2.009559805,124,-9,1,timeout,exceeded 2 seconds,,,"[""/net/scratch/hscra/plgrid/plgnasqret/codex-control/projects/euf-viper/runs/20260727T073625Z-staged-qg7-e9fef17/target/release/euf-viper"",""fabric-solve"",""--engine"",""quotient-portfolio"",""/net/scratch/hscra/plgrid/plgnasqret/codex-control/projects/euf-viper/corpora/9b39c70a794d52277a4e5d83731f0ebc50a2f3b804eb1dfc8cf32766a5ebeadc/smtlib-2025/QF_UF/QF_UF/QG-classification/qg7/iso_icl_repgen002.smt2""]"
146,4,7324,QF_UF/QG-classification/qg7/iso_icl_repgen002.smt2,ab529683e2c7e623ce791e86597d32178a15b72584f04074e5ff497161c2b58e,59064,unsat,1,williams_first_order_carryover,a5b163da70f7a4b586276cec20529dcaf9a596daf59a01894d95ec3f4fd69c3e,0,0,0,0,2,2,staged-10000,staged-10000,"[""baseline"",""staged-0"",""staged-10000"",""staged-10"",""staged-1000"",""staged-100""]",parser_inclusive_subprocess_wall_clock,1,timeout,2.007086587,124,-9,1,timeout,exceeded 2 seconds,,,"[""/net/scratch/hscra/plgrid/plgnasqret/codex-control/projects/euf-viper/runs/20260727T073625Z-staged-qg7-e9fef17/target/release/euf-viper"",""fabric-solve"",""--engine"",""quotient-portfolio"",""/net/scratch/hscra/plgrid/plgnasqret/codex-control/projects/euf-viper/corpora/9b39c70a794d52277a4e5d83731f0ebc50a2f3b804eb1dfc8cf32766a5ebeadc/smtlib-2025/QF_UF/QF_UF/QG-classification/qg7/iso_icl_repgen002.smt2""]"
147,4,7324,QF_UF/QG-classification/qg7/iso_icl_repgen002.smt2,ab529683e2c7e623ce791e86597d32178a15b72584f04074e5ff497161c2b58e,59064,unsat,1,williams_first_order_carryover,a5b163da70f7a4b586276cec20529dcaf9a596daf59a01894d95ec3f4fd69c3e,0,0,0,0,3,3,staged-10,staged-10,"[""baseline"",""staged-0"",""staged-10000"",""staged-10"",""staged-1000"",""staged-100""]",parser_inclusive_subprocess_wall_clock,1,timeout,2.008731050,124,-9,1,timeout,exceeded 2 seconds,,,"[""/net/scratch/hscra/plgrid/plgnasqret/codex-control/projects/euf-viper/runs/20260727T073625Z-staged-qg7-e9fef17/target/release/euf-viper"",""fabric-solve"",""--engine"",""quotient-portfolio"",""/net/scratch/hscra/plgrid/plgnasqret/codex-control/projects/euf-viper/corpora/9b39c70a794d52277a4e5d83731f0ebc50a2f3b804eb1dfc8cf32766a5ebeadc/smtlib-2025/QF_UF/QF_UF/QG-classification/qg7/iso_icl_repgen002.smt2""]"
148,4,7324,QF_UF/QG-classification/qg7/iso_icl_repgen002.smt2,ab529683e2c7e623ce791e86597d32178a15b72584f04074e5ff497161c2b58e,59064,unsat,1,williams_first_order_carryover,a5b163da70f7a4b586276cec20529dcaf9a596daf59a01894d95ec3f4fd69c3e,0,0,0,0,4,4,staged-1000,staged-1000,"[""baseline"",""staged-0"",""staged-10000"",""staged-10"",""staged-1000"",""staged-100""]",parser_inclusive_subprocess_wall_clock,1,timeout,2.009780866,124,-9,1,timeout,exceeded 2 seconds,,,"[""/net/scratch/hscra/plgrid/plgnasqret/codex-control/projects/euf-viper/runs/20260727T073625Z-staged-qg7-e9fef17/target/release/euf-viper"",""fabric-solve"",""--engine"",""quotient-portfolio"",""/net/scratch/hscra/plgrid/plgnasqret/codex-control/projects/euf-viper/corpora/9b39c70a794d52277a4e5d83731f0ebc50a2f3b804eb1dfc8cf32766a5ebeadc/smtlib-2025/QF_UF/QF_UF/QG-classification/qg7/iso_icl_repgen002.smt2""]"
149,4,7324,QF_UF/QG-classification/qg7/iso_icl_repgen002.smt2,ab529683e2c7e623ce791e86597d32178a15b72584f04074e5ff497161c2b58e,59064,unsat,1,williams_first_order_carryover,a5b163da70f7a4b586276cec20529dcaf9a596daf59a01894d95ec3f4fd69c3e,0,0,0,0,5,5,staged-100,staged-100,"[""baseline"",""staged-0"",""staged-10000"",""staged-10"",""staged-1000"",""staged-100""]",parser_inclusive_subprocess_wall_clock,1,timeout,2.010785572,124,-9,1,timeout,exceeded 2 seconds,,,"[""/net/scratch/hscra/plgrid/plgnasqret/codex-control/projects/euf-viper/runs/20260727T073625Z-staged-qg7-e9fef17/target/release/euf-viper"",""fabric-solve"",""--engine"",""quotient-portfolio"",""/net/scratch/hscra/plgrid/plgnasqret/codex-control/projects/euf-viper/corpora/9b39c70a794d52277a4e5d83731f0ebc50a2f3b804eb1dfc8cf32766a5ebeadc/smtlib-2025/QF_UF/QF_UF/QG-classification/qg7/iso_icl_repgen002.smt2""]"
150,4,7324,QF_UF/QG-classification/qg7/iso_icl_repgen002.smt2,ab529683e2c7e623ce791e86597d32178a15b72584f04074e5ff497161c2b58e,59064,unsat,1,williams_first_order_carryover,a5b163da70f7a4b586276cec20529dcaf9a596daf59a01894d95ec3f4fd69c3e,1,1,0,1,0,0,staged-0,staged-0,"[""staged-0"",""staged-10"",""baseline"",""staged-100"",""staged-10000"",""staged-1000""]",parser_inclusive_subprocess_wall_clock,1,timeout,2.008851912,124,-9,1,timeout,exceeded 2 seconds,,,"[""/net/scratch/hscra/plgrid/plgnasqret/codex-control/projects/euf-viper/runs/20260727T073625Z-staged-qg7-e9fef17/target/release/euf-viper"",""fabric-solve"",""--engine"",""quotient-portfolio"",""/net/scratch/hscra/plgrid/plgnasqret/codex-control/projects/euf-viper/corpora/9b39c70a794d52277a4e5d83731f0ebc50a2f3b804eb1dfc8cf32766a5ebeadc/smtlib-2025/QF_UF/QF_UF/QG-classification/qg7/iso_icl_repgen002.smt2""]"
151,4,7324,QF_UF/QG-classification/qg7/iso_icl_repgen002.smt2,ab529683e2c7e623ce791e86597d32178a15b72584f04074e5ff497161c2b58e,59064,unsat,1,williams_first_order_carryover,a5b163da70f7a4b586276cec20529dcaf9a596daf59a01894d95ec3f4fd69c3e,1,1,0,1,1,1,staged-10,staged-10,"[""staged-0"",""staged-10"",""baseline"",""staged-100"",""staged-10000"",""staged-1000""]",parser_inclusive_subprocess_wall_clock,1,timeout,2.007743060,124,-9,1,timeout,exceeded 2 seconds,,,"[""/net/scratch/hscra/plgrid/plgnasqret/codex-control/projects/euf-viper/runs/20260727T073625Z-staged-qg7-e9fef17/target/release/euf-viper"",""fabric-solve"",""--engine"",""quotient-portfolio"",""/net/scratch/hscra/plgrid/plgnasqret/codex-control/projects/euf-viper/corpora/9b39c70a794d52277a4e5d83731f0ebc50a2f3b804eb1dfc8cf32766a5ebeadc/smtlib-2025/QF_UF/QF_UF/QG-classification/qg7/iso_icl_repgen002.smt2""]"
152,4,7324,QF_UF/QG-classification/qg7/iso_icl_repgen002.smt2,ab529683e2c7e623ce791e86597d32178a15b72584f04074e5ff497161c2b58e,59064,unsat,1,williams_first_order_carryover,a5b163da70f7a4b586276cec20529dcaf9a596daf59a01894d95ec3f4fd69c3e,1,1,0,1,2,2,baseline,baseline,"[""staged-0"",""staged-10"",""baseline"",""staged-100"",""staged-10000"",""staged-1000""]",parser_inclusive_subprocess_wall_clock,1,timeout,2.008078433,124,-9,1,timeout,exceeded 2 seconds,,,"[""/net/scratch/hscra/plgrid/plgnasqret/codex-control/projects/euf-viper/runs/20260727T073625Z-staged-qg7-e9fef17/target/release/euf-viper"",""fabric-solve"",""--engine"",""quotient-portfolio"",""/net/scratch/hscra/plgrid/plgnasqret/codex-control/projects/euf-viper/corpora/9b39c70a794d52277a4e5d83731f0ebc50a2f3b804eb1dfc8cf32766a5ebeadc/smtlib-2025/QF_UF/QF_UF/QG-classification/qg7/iso_icl_repgen002.smt2""]"
153,4,7324,QF_UF/QG-classification/qg7/iso_icl_repgen002.smt2,ab529683e2c7e623ce791e86597d32178a15b72584f04074e5ff497161c2b58e,59064,unsat,1,williams_first_order_carryover,a5b163da70f7a4b586276cec20529dcaf9a596daf59a01894d95ec3f4fd69c3e,1,1,0,1,3,3,staged-100,staged-100,"[""staged-0"",""staged-10"",""baseline"",""staged-100"",""staged-10000"",""staged-1000""]",parser_inclusive_subprocess_wall_clock,1,timeout,2.010855663,124,-9,1,timeout,exceeded 2 seconds,,,"[""/net/scratch/hscra/plgrid/plgnasqret/codex-control/projects/euf-viper/runs/20260727T073625Z-staged-qg7-e9fef17/target/release/euf-viper"",""fabric-solve"",""--engine"",""quotient-portfolio"",""/net/scratch/hscra/plgrid/plgnasqret/codex-control/projects/euf-viper/corpora/9b39c70a794d52277a4e5d83731f0ebc50a2f3b804eb1dfc8cf32766a5ebeadc/smtlib-2025/QF_UF/QF_UF/QG-classification/qg7/iso_icl_repgen002.smt2""]"
154,4,7324,QF_UF/QG-classification/qg7/iso_icl_repgen002.smt2,ab529683e2c7e623ce791e86597d32178a15b72584f04074e5ff497161c2b58e,59064,unsat,1,williams_first_order_carryover,a5b163da70f7a4b586276cec20529dcaf9a596daf59a01894d95ec3f4fd69c3e,1,1,0,1,4,4,staged-10000,staged-10000,"[""staged-0"",""staged-10"",""baseline"",""staged-100"",""staged-10000"",""staged-1000""]",parser_inclusive_subprocess_wall_clock,1,timeout,2.007855850,124,-9,1,timeout,exceeded 2 seconds,,,"[""/net/scratch/hscra/plgrid/plgnasqret/codex-control/projects/euf-viper/runs/20260727T073625Z-staged-qg7-e9fef17/target/release/euf-viper"",""fabric-solve"",""--engine"",""quotient-portfolio"",""/net/scratch/hscra/plgrid/plgnasqret/codex-control/projects/euf-viper/corpora/9b39c70a794d52277a4e5d83731f0ebc50a2f3b804eb1dfc8cf32766a5ebeadc/smtlib-2025/QF_UF/QF_UF/QG-classification/qg7/iso_icl_repgen002.smt2""]"
155,4,7324,QF_UF/QG-classification/qg7/iso_icl_repgen002.smt2,ab529683e2c7e623ce791e86597d32178a15b72584f04074e5ff497161c2b58e,59064,unsat,1,williams_first_order_carryover,a5b163da70f7a4b586276cec20529dcaf9a596daf59a01894d95ec3f4fd69c3e,1,1,0,1,5,5,staged-1000,staged-1000,"[""staged-0"",""staged-10"",""baseline"",""staged-100"",""staged-10000"",""staged-1000""]",parser_inclusive_subprocess_wall_clock,1,timeout,2.007073447,124,-9,1,timeout,exceeded 2 seconds,,,"[""/net/scratch/hscra/plgrid/plgnasqret/codex-control/projects/euf-viper/runs/20260727T073625Z-staged-qg7-e9fef17/target/release/euf-viper"",""fabric-solve"",""--engine"",""quotient-portfolio"",""/net/scratch/hscra/plgrid/plgnasqret/codex-control/projects/euf-viper/corpora/9b39c70a794d52277a4e5d83731f0ebc50a2f3b804eb1dfc8cf32766a5ebeadc/smtlib-2025/QF_UF/QF_UF/QG-classification/qg7/iso_icl_repgen002.smt2""]"
156,4,7324,QF_UF/QG-classification/qg7/iso_icl_repgen002.smt2,ab529683e2c7e623ce791e86597d32178a15b72584f04074e5ff497161c2b58e,59064,unsat,1,williams_first_order_carryover,a5b163da70f7a4b586276cec20529dcaf9a596daf59a01894d95ec3f4fd69c3e,2,2,0,2,0,0,staged-10,staged-10,"[""staged-10"",""staged-100"",""staged-0"",""staged-1000"",""baseline"",""staged-10000""]",parser_inclusive_subprocess_wall_clock,1,timeout,2.008465468,124,-9,1,timeout,exceeded 2 seconds,,,"[""/net/scratch/hscra/plgrid/plgnasqret/codex-control/projects/euf-viper/runs/20260727T073625Z-staged-qg7-e9fef17/target/release/euf-viper"",""fabric-solve"",""--engine"",""quotient-portfolio"",""/net/scratch/hscra/plgrid/plgnasqret/codex-control/projects/euf-viper/corpora/9b39c70a794d52277a4e5d83731f0ebc50a2f3b804eb1dfc8cf32766a5ebeadc/smtlib-2025/QF_UF/QF_UF/QG-classification/qg7/iso_icl_repgen002.smt2""]"
157,4,7324,QF_UF/QG-classification/qg7/iso_icl_repgen002.smt2,ab529683e2c7e623ce791e86597d32178a15b72584f04074e5ff497161c2b58e,59064,unsat,1,williams_first_order_carryover,a5b163da70f7a4b586276cec20529dcaf9a596daf59a01894d95ec3f4fd69c3e,2,2,0,2,1,1,staged-100,staged-100,"[""staged-10"",""staged-100"",""staged-0"",""staged-1000"",""baseline"",""staged-10000""]",parser_inclusive_subprocess_wall_clock,1,timeout,2.008569183,124,-9,1,timeout,exceeded 2 seconds,,,"[""/net/scratch/hscra/plgrid/plgnasqret/codex-control/projects/euf-viper/runs/20260727T073625Z-staged-qg7-e9fef17/target/release/euf-viper"",""fabric-solve"",""--engine"",""quotient-portfolio"",""/net/scratch/hscra/plgrid/plgnasqret/codex-control/projects/euf-viper/corpora/9b39c70a794d52277a4e5d83731f0ebc50a2f3b804eb1dfc8cf32766a5ebeadc/smtlib-2025/QF_UF/QF_UF/QG-classification/qg7/iso_icl_repgen002.smt2""]"
158,4,7324,QF_UF/QG-classification/qg7/iso_icl_repgen002.smt2,ab529683e2c7e623ce791e86597d32178a15b72584f04074e5ff497161c2b58e,59064,unsat,1,williams_first_order_carryover,a5b163da70f7a4b586276cec20529dcaf9a596daf59a01894d95ec3f4fd69c3e,2,2,0,2,2,2,staged-0,staged-0,"[""staged-10"",""staged-100"",""staged-0"",""staged-1000"",""baseline"",""staged-10000""]",parser_inclusive_subprocess_wall_clock,1,timeout,2.010023622,124,-9,1,timeout,exceeded 2 seconds,,,"[""/net/scratch/hscra/plgrid/plgnasqret/codex-control/projects/euf-viper/runs/20260727T073625Z-staged-qg7-e9fef17/target/release/euf-viper"",""fabric-solve"",""--engine"",""quotient-portfolio"",""/net/scratch/hscra/plgrid/plgnasqret/codex-control/projects/euf-viper/corpora/9b39c70a794d52277a4e5d83731f0ebc50a2f3b804eb1dfc8cf32766a5ebeadc/smtlib-2025/QF_UF/QF_UF/QG-classification/qg7/iso_icl_repgen002.smt2""]"
159,4,7324,QF_UF/QG-classification/qg7/iso_icl_repgen002.smt2,ab529683e2c7e623ce791e86597d32178a15b72584f04074e5ff497161c2b58e,59064,unsat,1,williams_first_order_carryover,a5b163da70f7a4b586276cec20529dcaf9a596daf59a01894d95ec3f4fd69c3e,2,2,0,2,3,3,staged-1000,staged-1000,"[""staged-10"",""staged-100"",""staged-0"",""staged-1000"",""baseline"",""staged-10000""]",parser_inclusive_subprocess_wall_clock,1,timeout,2.009329299,124,-9,1,timeout,exceeded 2 seconds,,,"[""/net/scratch/hscra/plgrid/plgnasqret/codex-control/projects/euf-viper/runs/20260727T073625Z-staged-qg7-e9fef17/target/release/euf-viper"",""fabric-solve"",""--engine"",""quotient-portfolio"",""/net/scratch/hscra/plgrid/plgnasqret/codex-control/projects/euf-viper/corpora/9b39c70a794d52277a4e5d83731f0ebc50a2f3b804eb1dfc8cf32766a5ebeadc/smtlib-2025/QF_UF/QF_UF/QG-classification/qg7/iso_icl_repgen002.smt2""]"
160,4,7324,QF_UF/QG-classification/qg7/iso_icl_repgen002.smt2,ab529683e2c7e623ce791e86597d32178a15b72584f04074e5ff497161c2b58e,59064,unsat,1,williams_first_order_carryover,a5b163da70f7a4b586276cec20529dcaf9a596daf59a01894d95ec3f4fd69c3e,2,2,0,2,4,4,baseline,baseline,"[""staged-10"",""staged-100"",""staged-0"",""staged-1000"",""baseline"",""staged-10000""]",parser_inclusive_subprocess_wall_clock,1,timeout,2.006264602,124,-9,1,timeout,exceeded 2 seconds,,,"[""/net/scratch/hscra/plgrid/plgnasqret/codex-control/projects/euf-viper/runs/20260727T073625Z-staged-qg7-e9fef17/target/release/euf-viper"",""fabric-solve"",""--engine"",""quotient-portfolio"",""/net/scratch/hscra/plgrid/plgnasqret/codex-control/projects/euf-viper/corpora/9b39c70a794d52277a4e5d83731f0ebc50a2f3b804eb1dfc8cf32766a5ebeadc/smtlib-2025/QF_UF/QF_UF/QG-classification/qg7/iso_icl_repgen002.smt2""]"
161,4,7324,QF_UF/QG-classification/qg7/iso_icl_repgen002.smt2,ab529683e2c7e623ce791e86597d32178a15b72584f04074e5ff497161c2b58e,59064,unsat,1,williams_first_order_carryover,a5b163da70f7a4b586276cec20529dcaf9a596daf59a01894d95ec3f4fd69c3e,2,2,0,2,5,5,staged-10000,staged-10000,"[""staged-10"",""staged-100"",""staged-0"",""staged-1000"",""baseline"",""staged-10000""]",parser_inclusive_subprocess_wall_clock,1,timeout,2.007914222,124,-9,1,timeout,exceeded 2 seconds,,,"[""/net/scratch/hscra/plgrid/plgnasqret/codex-control/projects/euf-viper/runs/20260727T073625Z-staged-qg7-e9fef17/target/release/euf-viper"",""fabric-solve"",""--engine"",""quotient-portfolio"",""/net/scratch/hscra/plgrid/plgnasqret/codex-control/projects/euf-viper/corpora/9b39c70a794d52277a4e5d83731f0ebc50a2f3b804eb1dfc8cf32766a5ebeadc/smtlib-2025/QF_UF/QF_UF/QG-classification/qg7/iso_icl_repgen002.smt2""]"
162,4,7324,QF_UF/QG-classification/qg7/iso_icl_repgen002.smt2,ab529683e2c7e623ce791e86597d32178a15b72584f04074e5ff497161c2b58e,59064,unsat,1,williams_first_order_carryover,a5b163da70f7a4b586276cec20529dcaf9a596daf59a01894d95ec3f4fd69c3e,3,3,0,3,0,0,staged-100,staged-100,"[""staged-100"",""staged-1000"",""staged-10"",""staged-10000"",""staged-0"",""baseline""]",parser_inclusive_subprocess_wall_clock,1,timeout,2.009599539,124,-9,1,timeout,exceeded 2 seconds,,,"[""/net/scratch/hscra/plgrid/plgnasqret/codex-control/projects/euf-viper/runs/20260727T073625Z-staged-qg7-e9fef17/target/release/euf-viper"",""fabric-solve"",""--engine"",""quotient-portfolio"",""/net/scratch/hscra/plgrid/plgnasqret/codex-control/projects/euf-viper/corpora/9b39c70a794d52277a4e5d83731f0ebc50a2f3b804eb1dfc8cf32766a5ebeadc/smtlib-2025/QF_UF/QF_UF/QG-classification/qg7/iso_icl_repgen002.smt2""]"
163,4,7324,QF_UF/QG-classification/qg7/iso_icl_repgen002.smt2,ab529683e2c7e623ce791e86597d32178a15b72584f04074e5ff497161c2b58e,59064,unsat,1,williams_first_order_carryover,a5b163da70f7a4b586276cec20529dcaf9a596daf59a01894d95ec3f4fd69c3e,3,3,0,3,1,1,staged-1000,staged-1000,"[""staged-100"",""staged-1000"",""staged-10"",""staged-10000"",""staged-0"",""baseline""]",parser_inclusive_subprocess_wall_clock,1,timeout,2.009920318,124,-9,1,timeout,exceeded 2 seconds,,,"[""/net/scratch/hscra/plgrid/plgnasqret/codex-control/projects/euf-viper/runs/20260727T073625Z-staged-qg7-e9fef17/target/release/euf-viper"",""fabric-solve"",""--engine"",""quotient-portfolio"",""/net/scratch/hscra/plgrid/plgnasqret/codex-control/projects/euf-viper/corpora/9b39c70a794d52277a4e5d83731f0ebc50a2f3b804eb1dfc8cf32766a5ebeadc/smtlib-2025/QF_UF/QF_UF/QG-classification/qg7/iso_icl_repgen002.smt2""]"
164,4,7324,QF_UF/QG-classification/qg7/iso_icl_repgen002.smt2,ab529683e2c7e623ce791e86597d32178a15b72584f04074e5ff497161c2b58e,59064,unsat,1,williams_first_order_carryover,a5b163da70f7a4b586276cec20529dcaf9a596daf59a01894d95ec3f4fd69c3e,3,3,0,3,2,2,staged-10,staged-10,"[""staged-100"",""staged-1000"",""staged-10"",""staged-10000"",""staged-0"",""baseline""]",parser_inclusive_subprocess_wall_clock,1,timeout,2.008643059,124,-9,1,timeout,exceeded 2 seconds,,,"[""/net/scratch/hscra/plgrid/plgnasqret/codex-control/projects/euf-viper/runs/20260727T073625Z-staged-qg7-e9fef17/target/release/euf-viper"",""fabric-solve"",""--engine"",""quotient-portfolio"",""/net/scratch/hscra/plgrid/plgnasqret/codex-control/projects/euf-viper/corpora/9b39c70a794d52277a4e5d83731f0ebc50a2f3b804eb1dfc8cf32766a5ebeadc/smtlib-2025/QF_UF/QF_UF/QG-classification/qg7/iso_icl_repgen002.smt2""]"
165,4,7324,QF_UF/QG-classification/qg7/iso_icl_repgen002.smt2,ab529683e2c7e623ce791e86597d32178a15b72584f04074e5ff497161c2b58e,59064,unsat,1,williams_first_order_carryover,a5b163da70f7a4b586276cec20529dcaf9a596daf59a01894d95ec3f4fd69c3e,3,3,0,3,3,3,staged-10000,staged-10000,"[""staged-100"",""staged-1000"",""staged-10"",""staged-10000"",""staged-0"",""baseline""]",parser_inclusive_subprocess_wall_clock,1,timeout,2.007101572,124,-9,1,timeout,exceeded 2 seconds,,,"[""/net/scratch/hscra/plgrid/plgnasqret/codex-control/projects/euf-viper/runs/20260727T073625Z-staged-qg7-e9fef17/target/release/euf-viper"",""fabric-solve"",""--engine"",""quotient-portfolio"",""/net/scratch/hscra/plgrid/plgnasqret/codex-control/projects/euf-viper/corpora/9b39c70a794d52277a4e5d83731f0ebc50a2f3b804eb1dfc8cf32766a5ebeadc/smtlib-2025/QF_UF/QF_UF/QG-classification/qg7/iso_icl_repgen002.smt2""]"
166,4,7324,QF_UF/QG-classification/qg7/iso_icl_repgen002.smt2,ab529683e2c7e623ce791e86597d32178a15b72584f04074e5ff497161c2b58e,59064,unsat,1,williams_first_order_carryover,a5b163da70f7a4b586276cec20529dcaf9a596daf59a01894d95ec3f4fd69c3e,3,3,0,3,4,4,staged-0,staged-0,"[""staged-100"",""staged-1000"",""staged-10"",""staged-10000"",""staged-0"",""baseline""]",parser_inclusive_subprocess_wall_clock,1,timeout,2.009824546,124,-9,1,timeout,exceeded 2 seconds,,,"[""/net/scratch/hscra/plgrid/plgnasqret/codex-control/projects/euf-viper/runs/20260727T073625Z-staged-qg7-e9fef17/target/release/euf-viper"",""fabric-solve"",""--engine"",""quotient-portfolio"",""/net/scratch/hscra/plgrid/plgnasqret/codex-control/projects/euf-viper/corpora/9b39c70a794d52277a4e5d83731f0ebc50a2f3b804eb1dfc8cf32766a5ebeadc/smtlib-2025/QF_UF/QF_UF/QG-classification/qg7/iso_icl_repgen002.smt2""]"
167,4,7324,QF_UF/QG-classification/qg7/iso_icl_repgen002.smt2,ab529683e2c7e623ce791e86597d32178a15b72584f04074e5ff497161c2b58e,59064,unsat,1,williams_first_order_carryover,a5b163da70f7a4b586276cec20529dcaf9a596daf59a01894d95ec3f4fd69c3e,3,3,0,3,5,5,baseline,baseline,"[""staged-100"",""staged-1000"",""staged-10"",""staged-10000"",""staged-0"",""baseline""]",parser_inclusive_subprocess_wall_clock,1,timeout,2.007738292,124,-9,1,timeout,exceeded 2 seconds,,,"[""/net/scratch/hscra/plgrid/plgnasqret/codex-control/projects/euf-viper/runs/20260727T073625Z-staged-qg7-e9fef17/target/release/euf-viper"",""fabric-solve"",""--engine"",""quotient-portfolio"",""/net/scratch/hscra/plgrid/plgnasqret/codex-control/projects/euf-viper/corpora/9b39c70a794d52277a4e5d83731f0ebc50a2f3b804eb1dfc8cf32766a5ebeadc/smtlib-2025/QF_UF/QF_UF/QG-classification/qg7/iso_icl_repgen002.smt2""]"
168,4,7324,QF_UF/QG-classification/qg7/iso_icl_repgen002.smt2,ab529683e2c7e623ce791e86597d32178a15b72584f04074e5ff497161c2b58e,59064,unsat,1,williams_first_order_carryover,a5b163da70f7a4b586276cec20529dcaf9a596daf59a01894d95ec3f4fd69c3e,4,4,0,4,0,0,staged-1000,staged-1000,"[""staged-1000"",""staged-10000"",""staged-100"",""baseline"",""staged-10"",""staged-0""]",parser_inclusive_subprocess_wall_clock,1,timeout,2.009082157,124,-9,1,timeout,exceeded 2 seconds,,,"[""/net/scratch/hscra/plgrid/plgnasqret/codex-control/projects/euf-viper/runs/20260727T073625Z-staged-qg7-e9fef17/target/release/euf-viper"",""fabric-solve"",""--engine"",""quotient-portfolio"",""/net/scratch/hscra/plgrid/plgnasqret/codex-control/projects/euf-viper/corpora/9b39c70a794d52277a4e5d83731f0ebc50a2f3b804eb1dfc8cf32766a5ebeadc/smtlib-2025/QF_UF/QF_UF/QG-classification/qg7/iso_icl_repgen002.smt2""]"
169,4,7324,QF_UF/QG-classification/qg7/iso_icl_repgen002.smt2,ab529683e2c7e623ce791e86597d32178a15b72584f04074e5ff497161c2b58e,59064,unsat,1,williams_first_order_carryover,a5b163da70f7a4b586276cec20529dcaf9a596daf59a01894d95ec3f4fd69c3e,4,4,0,4,1,1,staged-10000,staged-10000,"[""staged-1000"",""staged-10000"",""staged-100"",""baseline"",""staged-10"",""staged-0""]",parser_inclusive_subprocess_wall_clock,1,timeout,2.006494618,124,-9,1,timeout,exceeded 2 seconds,,,"[""/net/scratch/hscra/plgrid/plgnasqret/codex-control/projects/euf-viper/runs/20260727T073625Z-staged-qg7-e9fef17/target/release/euf-viper"",""fabric-solve"",""--engine"",""quotient-portfolio"",""/net/scratch/hscra/plgrid/plgnasqret/codex-control/projects/euf-viper/corpora/9b39c70a794d52277a4e5d83731f0ebc50a2f3b804eb1dfc8cf32766a5ebeadc/smtlib-2025/QF_UF/QF_UF/QG-classification/qg7/iso_icl_repgen002.smt2""]"
170,4,7324,QF_UF/QG-classification/qg7/iso_icl_repgen002.smt2,ab529683e2c7e623ce791e86597d32178a15b72584f04074e5ff497161c2b58e,59064,unsat,1,williams_first_order_carryover,a5b163da70f7a4b586276cec20529dcaf9a596daf59a01894d95ec3f4fd69c3e,4,4,0,4,2,2,staged-100,staged-100,"[""staged-1000"",""staged-10000"",""staged-100"",""baseline"",""staged-10"",""staged-0""]",parser_inclusive_subprocess_wall_clock,1,timeout,2.008680890,124,-9,1,timeout,exceeded 2 seconds,,,"[""/net/scratch/hscra/plgrid/plgnasqret/codex-control/projects/euf-viper/runs/20260727T073625Z-staged-qg7-e9fef17/target/release/euf-viper"",""fabric-solve"",""--engine"",""quotient-portfolio"",""/net/scratch/hscra/plgrid/plgnasqret/codex-control/projects/euf-viper/corpora/9b39c70a794d52277a4e5d83731f0ebc50a2f3b804eb1dfc8cf32766a5ebeadc/smtlib-2025/QF_UF/QF_UF/QG-classification/qg7/iso_icl_repgen002.smt2""]"
171,4,7324,QF_UF/QG-classification/qg7/iso_icl_repgen002.smt2,ab529683e2c7e623ce791e86597d32178a15b72584f04074e5ff497161c2b58e,59064,unsat,1,williams_first_order_carryover,a5b163da70f7a4b586276cec20529dcaf9a596daf59a01894d95ec3f4fd69c3e,4,4,0,4,3,3,baseline,baseline,"[""staged-1000"",""staged-10000"",""staged-100"",""baseline"",""staged-10"",""staged-0""]",parser_inclusive_subprocess_wall_clock,1,timeout,2.007063801,124,-9,1,timeout,exceeded 2 seconds,,,"[""/net/scratch/hscra/plgrid/plgnasqret/codex-control/projects/euf-viper/runs/20260727T073625Z-staged-qg7-e9fef17/target/release/euf-viper"",""fabric-solve"",""--engine"",""quotient-portfolio"",""/net/scratch/hscra/plgrid/plgnasqret/codex-control/projects/euf-viper/corpora/9b39c70a794d52277a4e5d83731f0ebc50a2f3b804eb1dfc8cf32766a5ebeadc/smtlib-2025/QF_UF/QF_UF/QG-classification/qg7/iso_icl_repgen002.smt2""]"
172,4,7324,QF_UF/QG-classification/qg7/iso_icl_repgen002.smt2,ab529683e2c7e623ce791e86597d32178a15b72584f04074e5ff497161c2b58e,59064,unsat,1,williams_first_order_carryover,a5b163da70f7a4b586276cec20529dcaf9a596daf59a01894d95ec3f4fd69c3e,4,4,0,4,4,4,staged-10,staged-10,"[""staged-1000"",""staged-10000"",""staged-100"",""baseline"",""staged-10"",""staged-0""]",parser_inclusive_subprocess_wall_clock,1,timeout,2.008970329,124,-9,1,timeout,exceeded 2 seconds,,,"[""/net/scratch/hscra/plgrid/plgnasqret/codex-control/projects/euf-viper/runs/20260727T073625Z-staged-qg7-e9fef17/target/release/euf-viper"",""fabric-solve"",""--engine"",""quotient-portfolio"",""/net/scratch/hscra/plgrid/plgnasqret/codex-control/projects/euf-viper/corpora/9b39c70a794d52277a4e5d83731f0ebc50a2f3b804eb1dfc8cf32766a5ebeadc/smtlib-2025/QF_UF/QF_UF/QG-classification/qg7/iso_icl_repgen002.smt2""]"
173,4,7324,QF_UF/QG-classification/qg7/iso_icl_repgen002.smt2,ab529683e2c7e623ce791e86597d32178a15b72584f04074e5ff497161c2b58e,59064,unsat,1,williams_first_order_carryover,a5b163da70f7a4b586276cec20529dcaf9a596daf59a01894d95ec3f4fd69c3e,4,4,0,4,5,5,staged-0,staged-0,"[""staged-1000"",""staged-10000"",""staged-100"",""baseline"",""staged-10"",""staged-0""]",parser_inclusive_subprocess_wall_clock,1,timeout,2.009226116,124,-9,1,timeout,exceeded 2 seconds,,,"[""/net/scratch/hscra/plgrid/plgnasqret/codex-control/projects/euf-viper/runs/20260727T073625Z-staged-qg7-e9fef17/target/release/euf-viper"",""fabric-solve"",""--engine"",""quotient-portfolio"",""/net/scratch/hscra/plgrid/plgnasqret/codex-control/projects/euf-viper/corpora/9b39c70a794d52277a4e5d83731f0ebc50a2f3b804eb1dfc8cf32766a5ebeadc/smtlib-2025/QF_UF/QF_UF/QG-classification/qg7/iso_icl_repgen002.smt2""]"
174,4,7324,QF_UF/QG-classification/qg7/iso_icl_repgen002.smt2,ab529683e2c7e623ce791e86597d32178a15b72584f04074e5ff497161c2b58e,59064,unsat,1,williams_first_order_carryover,a5b163da70f7a4b586276cec20529dcaf9a596daf59a01894d95ec3f4fd69c3e,5,5,0,5,0,0,staged-10000,staged-10000,"[""staged-10000"",""baseline"",""staged-1000"",""staged-0"",""staged-100"",""staged-10""]",parser_inclusive_subprocess_wall_clock,1,timeout,2.006933254,124,-9,1,timeout,exceeded 2 seconds,,,"[""/net/scratch/hscra/plgrid/plgnasqret/codex-control/projects/euf-viper/runs/20260727T073625Z-staged-qg7-e9fef17/target/release/euf-viper"",""fabric-solve"",""--engine"",""quotient-portfolio"",""/net/scratch/hscra/plgrid/plgnasqret/codex-control/projects/euf-viper/corpora/9b39c70a794d52277a4e5d83731f0ebc50a2f3b804eb1dfc8cf32766a5ebeadc/smtlib-2025/QF_UF/QF_UF/QG-classification/qg7/iso_icl_repgen002.smt2""]"
175,4,7324,QF_UF/QG-classification/qg7/iso_icl_repgen002.smt2,ab529683e2c7e623ce791e86597d32178a15b72584f04074e5ff497161c2b58e,59064,unsat,1,williams_first_order_carryover,a5b163da70f7a4b586276cec20529dcaf9a596daf59a01894d95ec3f4fd69c3e,5,5,0,5,1,1,baseline,baseline,"[""staged-10000"",""baseline"",""staged-1000"",""staged-0"",""staged-100"",""staged-10""]",parser_inclusive_subprocess_wall_clock,1,timeout,2.006437737,124,-9,1,timeout,exceeded 2 seconds,,,"[""/net/scratch/hscra/plgrid/plgnasqret/codex-control/projects/euf-viper/runs/20260727T073625Z-staged-qg7-e9fef17/target/release/euf-viper"",""fabric-solve"",""--engine"",""quotient-portfolio"",""/net/scratch/hscra/plgrid/plgnasqret/codex-control/projects/euf-viper/corpora/9b39c70a794d52277a4e5d83731f0ebc50a2f3b804eb1dfc8cf32766a5ebeadc/smtlib-2025/QF_UF/QF_UF/QG-classification/qg7/iso_icl_repgen002.smt2""]"
176,4,7324,QF_UF/QG-classification/qg7/iso_icl_repgen002.smt2,ab529683e2c7e623ce791e86597d32178a15b72584f04074e5ff497161c2b58e,59064,unsat,1,williams_first_order_carryover,a5b163da70f7a4b586276cec20529dcaf9a596daf59a01894d95ec3f4fd69c3e,5,5,0,5,2,2,staged-1000,staged-1000,"[""staged-10000"",""baseline"",""staged-1000"",""staged-0"",""staged-100"",""staged-10""]",parser_inclusive_subprocess_wall_clock,1,timeout,2.009656069,124,-9,1,timeout,exceeded 2 seconds,,,"[""/net/scratch/hscra/plgrid/plgnasqret/codex-control/projects/euf-viper/runs/20260727T073625Z-staged-qg7-e9fef17/target/release/euf-viper"",""fabric-solve"",""--engine"",""quotient-portfolio"",""/net/scratch/hscra/plgrid/plgnasqret/codex-control/projects/euf-viper/corpora/9b39c70a794d52277a4e5d83731f0ebc50a2f3b804eb1dfc8cf32766a5ebeadc/smtlib-2025/QF_UF/QF_UF/QG-classification/qg7/iso_icl_repgen002.smt2""]"
177,4,7324,QF_UF/QG-classification/qg7/iso_icl_repgen002.smt2,ab529683e2c7e623ce791e86597d32178a15b72584f04074e5ff497161c2b58e,59064,unsat,1,williams_first_order_carryover,a5b163da70f7a4b586276cec20529dcaf9a596daf59a01894d95ec3f4fd69c3e,5,5,0,5,3,3,staged-0,staged-0,"[""staged-10000"",""baseline"",""staged-1000"",""staged-0"",""staged-100"",""staged-10""]",parser_inclusive_subprocess_wall_clock,1,timeout,2.009443360,124,-9,1,timeout,exceeded 2 seconds,,,"[""/net/scratch/hscra/plgrid/plgnasqret/codex-control/projects/euf-viper/runs/20260727T073625Z-staged-qg7-e9fef17/target/release/euf-viper"",""fabric-solve"",""--engine"",""quotient-portfolio"",""/net/scratch/hscra/plgrid/plgnasqret/codex-control/projects/euf-viper/corpora/9b39c70a794d52277a4e5d83731f0ebc50a2f3b804eb1dfc8cf32766a5ebeadc/smtlib-2025/QF_UF/QF_UF/QG-classification/qg7/iso_icl_repgen002.smt2""]"
178,4,7324,QF_UF/QG-classification/qg7/iso_icl_repgen002.smt2,ab529683e2c7e623ce791e86597d32178a15b72584f04074e5ff497161c2b58e,59064,unsat,1,williams_first_order_carryover,a5b163da70f7a4b586276cec20529dcaf9a596daf59a01894d95ec3f4fd69c3e,5,5,0,5,4,4,staged-100,staged-100,"[""staged-10000"",""baseline"",""staged-1000"",""staged-0"",""staged-100"",""staged-10""]",parser_inclusive_subprocess_wall_clock,1,timeout,2.008816786,124,-9,1,timeout,exceeded 2 seconds,,,"[""/net/scratch/hscra/plgrid/plgnasqret/codex-control/projects/euf-viper/runs/20260727T073625Z-staged-qg7-e9fef17/target/release/euf-viper"",""fabric-solve"",""--engine"",""quotient-portfolio"",""/net/scratch/hscra/plgrid/plgnasqret/codex-control/projects/euf-viper/corpora/9b39c70a794d52277a4e5d83731f0ebc50a2f3b804eb1dfc8cf32766a5ebeadc/smtlib-2025/QF_UF/QF_UF/QG-classification/qg7/iso_icl_repgen002.smt2""]"
179,4,7324,QF_UF/QG-classification/qg7/iso_icl_repgen002.smt2,ab529683e2c7e623ce791e86597d32178a15b72584f04074e5ff497161c2b58e,59064,unsat,1,williams_first_order_carryover,a5b163da70f7a4b586276cec20529dcaf9a596daf59a01894d95ec3f4fd69c3e,5,5,0,5,5,5,staged-10,staged-10,"[""staged-10000"",""baseline"",""staged-1000"",""staged-0"",""staged-100"",""staged-10""]",parser_inclusive_subprocess_wall_clock,1,timeout,2.006595597,124,-9,1,timeout,exceeded 2 seconds,,,"[""/net/scratch/hscra/plgrid/plgnasqret/codex-control/projects/euf-viper/runs/20260727T073625Z-staged-qg7-e9fef17/target/release/euf-viper"",""fabric-solve"",""--engine"",""quotient-portfolio"",""/net/scratch/hscra/plgrid/plgnasqret/codex-control/projects/euf-viper/corpora/9b39c70a794d52277a4e5d83731f0ebc50a2f3b804eb1dfc8cf32766a5ebeadc/smtlib-2025/QF_UF/QF_UF/QG-classification/qg7/iso_icl_repgen002.smt2""]"
180,5,7332,QF_UF/QG-classification/qg7/iso_icl_repgen_sk003.smt2,664fe1816ec402cb0c18a0eee34d139001b42852e8ef9f61abe61c1efa287c7b,59057,unsat,1,williams_first_order_carryover,a5b163da70f7a4b586276cec20529dcaf9a596daf59a01894d95ec3f4fd69c3e,0,0,0,0,0,0,baseline,baseline,"[""baseline"",""staged-0"",""staged-10000"",""staged-10"",""staged-1000"",""staged-100""]",parser_inclusive_subprocess_wall_clock,1,timeout,2.007325457,124,-9,1,timeout,exceeded 2 seconds,,,"[""/net/scratch/hscra/plgrid/plgnasqret/codex-control/projects/euf-viper/runs/20260727T073625Z-staged-qg7-e9fef17/target/release/euf-viper"",""fabric-solve"",""--engine"",""quotient-portfolio"",""/net/scratch/hscra/plgrid/plgnasqret/codex-control/projects/euf-viper/corpora/9b39c70a794d52277a4e5d83731f0ebc50a2f3b804eb1dfc8cf32766a5ebeadc/smtlib-2025/QF_UF/QF_UF/QG-classification/qg7/iso_icl_repgen_sk003.smt2""]"
181,5,7332,QF_UF/QG-classification/qg7/iso_icl_repgen_sk003.smt2,664fe1816ec402cb0c18a0eee34d139001b42852e8ef9f61abe61c1efa287c7b,59057,unsat,1,williams_first_order_carryover,a5b163da70f7a4b586276cec20529dcaf9a596daf59a01894d95ec3f4fd69c3e,0,0,0,0,1,1,staged-0,staged-0,"[""baseline"",""staged-0"",""staged-10000"",""staged-10"",""staged-1000"",""staged-100""]",parser_inclusive_subprocess_wall_clock,1,timeout,2.009170948,124,-9,1,timeout,exceeded 2 seconds,,,"[""/net/scratch/hscra/plgrid/plgnasqret/codex-control/projects/euf-viper/runs/20260727T073625Z-staged-qg7-e9fef17/target/release/euf-viper"",""fabric-solve"",""--engine"",""quotient-portfolio"",""/net/scratch/hscra/plgrid/plgnasqret/codex-control/projects/euf-viper/corpora/9b39c70a794d52277a4e5d83731f0ebc50a2f3b804eb1dfc8cf32766a5ebeadc/smtlib-2025/QF_UF/QF_UF/QG-classification/qg7/iso_icl_repgen_sk003.smt2""]"
182,5,7332,QF_UF/QG-classification/qg7/iso_icl_repgen_sk003.smt2,664fe1816ec402cb0c18a0eee34d139001b42852e8ef9f61abe61c1efa287c7b,59057,unsat,1,williams_first_order_carryover,a5b163da70f7a4b586276cec20529dcaf9a596daf59a01894d95ec3f4fd69c3e,0,0,0,0,2,2,staged-10000,staged-10000,"[""baseline"",""staged-0"",""staged-10000"",""staged-10"",""staged-1000"",""staged-100""]",parser_inclusive_subprocess_wall_clock,1,timeout,2.009436870,124,-9,1,timeout,exceeded 2 seconds,,,"[""/net/scratch/hscra/plgrid/plgnasqret/codex-control/projects/euf-viper/runs/20260727T073625Z-staged-qg7-e9fef17/target/release/euf-viper"",""fabric-solve"",""--engine"",""quotient-portfolio"",""/net/scratch/hscra/plgrid/plgnasqret/codex-control/projects/euf-viper/corpora/9b39c70a794d52277a4e5d83731f0ebc50a2f3b804eb1dfc8cf32766a5ebeadc/smtlib-2025/QF_UF/QF_UF/QG-classification/qg7/iso_icl_repgen_sk003.smt2""]"
183,5,7332,QF_UF/QG-classification/qg7/iso_icl_repgen_sk003.smt2,664fe1816ec402cb0c18a0eee34d139001b42852e8ef9f61abe61c1efa287c7b,59057,unsat,1,williams_first_order_carryover,a5b163da70f7a4b586276cec20529dcaf9a596daf59a01894d95ec3f4fd69c3e,0,0,0,0,3,3,staged-10,staged-10,"[""baseline"",""staged-0"",""staged-10000"",""staged-10"",""staged-1000"",""staged-100""]",parser_inclusive_subprocess_wall_clock,1,timeout,2.008844640,124,-9,1,timeout,exceeded 2 seconds,,,"[""/net/scratch/hscra/plgrid/plgnasqret/codex-control/projects/euf-viper/runs/20260727T073625Z-staged-qg7-e9fef17/target/release/euf-viper"",""fabric-solve"",""--engine"",""quotient-portfolio"",""/net/scratch/hscra/plgrid/plgnasqret/codex-control/projects/euf-viper/corpora/9b39c70a794d52277a4e5d83731f0ebc50a2f3b804eb1dfc8cf32766a5ebeadc/smtlib-2025/QF_UF/QF_UF/QG-classification/qg7/iso_icl_repgen_sk003.smt2""]"
184,5,7332,QF_UF/QG-classification/qg7/iso_icl_repgen_sk003.smt2,664fe1816ec402cb0c18a0eee34d139001b42852e8ef9f61abe61c1efa287c7b,59057,unsat,1,williams_first_order_carryover,a5b163da70f7a4b586276cec20529dcaf9a596daf59a01894d95ec3f4fd69c3e,0,0,0,0,4,4,staged-1000,staged-1000,"[""baseline"",""staged-0"",""staged-10000"",""staged-10"",""staged-1000"",""staged-100""]",parser_inclusive_subprocess_wall_clock,1,timeout,2.009442369,124,-9,1,timeout,exceeded 2 seconds,,,"[""/net/scratch/hscra/plgrid/plgnasqret/codex-control/projects/euf-viper/runs/20260727T073625Z-staged-qg7-e9fef17/target/release/euf-viper"",""fabric-solve"",""--engine"",""quotient-portfolio"",""/net/scratch/hscra/plgrid/plgnasqret/codex-control/projects/euf-viper/corpora/9b39c70a794d52277a4e5d83731f0ebc50a2f3b804eb1dfc8cf32766a5ebeadc/smtlib-2025/QF_UF/QF_UF/QG-classification/qg7/iso_icl_repgen_sk003.smt2""]"
185,5,7332,QF_UF/QG-classification/qg7/iso_icl_repgen_sk003.smt2,664fe1816ec402cb0c18a0eee34d139001b42852e8ef9f61abe61c1efa287c7b,59057,unsat,1,williams_first_order_carryover,a5b163da70f7a4b586276cec20529dcaf9a596daf59a01894d95ec3f4fd69c3e,0,0,0,0,5,5,staged-100,staged-100,"[""baseline"",""staged-0"",""staged-10000"",""staged-10"",""staged-1000"",""staged-100""]",parser_inclusive_subprocess_wall_clock,1,timeout,2.010629083,124,-9,1,timeout,exceeded 2 seconds,,,"[""/net/scratch/hscra/plgrid/plgnasqret/codex-control/projects/euf-viper/runs/20260727T073625Z-staged-qg7-e9fef17/target/release/euf-viper"",""fabric-solve"",""--engine"",""quotient-portfolio"",""/net/scratch/hscra/plgrid/plgnasqret/codex-control/projects/euf-viper/corpora/9b39c70a794d52277a4e5d83731f0ebc50a2f3b804eb1dfc8cf32766a5ebeadc/smtlib-2025/QF_UF/QF_UF/QG-classification/qg7/iso_icl_repgen_sk003.smt2""]"
186,5,7332,QF_UF/QG-classification/qg7/iso_icl_repgen_sk003.smt2,664fe1816ec402cb0c18a0eee34d139001b42852e8ef9f61abe61c1efa287c7b,59057,unsat,1,williams_first_order_carryover,a5b163da70f7a4b586276cec20529dcaf9a596daf59a01894d95ec3f4fd69c3e,1,1,0,1,0,0,staged-0,staged-0,"[""staged-0"",""staged-10"",""baseline"",""staged-100"",""staged-10000"",""staged-1000""]",parser_inclusive_subprocess_wall_clock,1,timeout,2.010000736,124,-9,1,timeout,exceeded 2 seconds,,,"[""/net/scratch/hscra/plgrid/plgnasqret/codex-control/projects/euf-viper/runs/20260727T073625Z-staged-qg7-e9fef17/target/release/euf-viper"",""fabric-solve"",""--engine"",""quotient-portfolio"",""/net/scratch/hscra/plgrid/plgnasqret/codex-control/projects/euf-viper/corpora/9b39c70a794d52277a4e5d83731f0ebc50a2f3b804eb1dfc8cf32766a5ebeadc/smtlib-2025/QF_UF/QF_UF/QG-classification/qg7/iso_icl_repgen_sk003.smt2""]"
187,5,7332,QF_UF/QG-classification/qg7/iso_icl_repgen_sk003.smt2,664fe1816ec402cb0c18a0eee34d139001b42852e8ef9f61abe61c1efa287c7b,59057,unsat,1,williams_first_order_carryover,a5b163da70f7a4b586276cec20529dcaf9a596daf59a01894d95ec3f4fd69c3e,1,1,0,1,1,1,staged-10,staged-10,"[""staged-0"",""staged-10"",""baseline"",""staged-100"",""staged-10000"",""staged-1000""]",parser_inclusive_subprocess_wall_clock,1,timeout,2.008649400,124,-9,1,timeout,exceeded 2 seconds,,,"[""/net/scratch/hscra/plgrid/plgnasqret/codex-control/projects/euf-viper/runs/20260727T073625Z-staged-qg7-e9fef17/target/release/euf-viper"",""fabric-solve"",""--engine"",""quotient-portfolio"",""/net/scratch/hscra/plgrid/plgnasqret/codex-control/projects/euf-viper/corpora/9b39c70a794d52277a4e5d83731f0ebc50a2f3b804eb1dfc8cf32766a5ebeadc/smtlib-2025/QF_UF/QF_UF/QG-classification/qg7/iso_icl_repgen_sk003.smt2""]"
188,5,7332,QF_UF/QG-classification/qg7/iso_icl_repgen_sk003.smt2,664fe1816ec402cb0c18a0eee34d139001b42852e8ef9f61abe61c1efa287c7b,59057,unsat,1,williams_first_order_carryover,a5b163da70f7a4b586276cec20529dcaf9a596daf59a01894d95ec3f4fd69c3e,1,1,0,1,2,2,baseline,baseline,"[""staged-0"",""staged-10"",""baseline"",""staged-100"",""staged-10000"",""staged-1000""]",parser_inclusive_subprocess_wall_clock,1,timeout,2.006258393,124,-9,1,timeout,exceeded 2 seconds,,,"[""/net/scratch/hscra/plgrid/plgnasqret/codex-control/projects/euf-viper/runs/20260727T073625Z-staged-qg7-e9fef17/target/release/euf-viper"",""fabric-solve"",""--engine"",""quotient-portfolio"",""/net/scratch/hscra/plgrid/plgnasqret/codex-control/projects/euf-viper/corpora/9b39c70a794d52277a4e5d83731f0ebc50a2f3b804eb1dfc8cf32766a5ebeadc/smtlib-2025/QF_UF/QF_UF/QG-classification/qg7/iso_icl_repgen_sk003.smt2""]"
189,5,7332,QF_UF/QG-classification/qg7/iso_icl_repgen_sk003.smt2,664fe1816ec402cb0c18a0eee34d139001b42852e8ef9f61abe61c1efa287c7b,59057,unsat,1,williams_first_order_carryover,a5b163da70f7a4b586276cec20529dcaf9a596daf59a01894d95ec3f4fd69c3e,1,1,0,1,3,3,staged-100,staged-100,"[""staged-0"",""staged-10"",""baseline"",""staged-100"",""staged-10000"",""staged-1000""]",parser_inclusive_subprocess_wall_clock,1,timeout,2.008759815,124,-9,1,timeout,exceeded 2 seconds,,,"[""/net/scratch/hscra/plgrid/plgnasqret/codex-control/projects/euf-viper/runs/20260727T073625Z-staged-qg7-e9fef17/target/release/euf-viper"",""fabric-solve"",""--engine"",""quotient-portfolio"",""/net/scratch/hscra/plgrid/plgnasqret/codex-control/projects/euf-viper/corpora/9b39c70a794d52277a4e5d83731f0ebc50a2f3b804eb1dfc8cf32766a5ebeadc/smtlib-2025/QF_UF/QF_UF/QG-classification/qg7/iso_icl_repgen_sk003.smt2""]"
190,5,7332,QF_UF/QG-classification/qg7/iso_icl_repgen_sk003.smt2,664fe1816ec402cb0c18a0eee34d139001b42852e8ef9f61abe61c1efa287c7b,59057,unsat,1,williams_first_order_carryover,a5b163da70f7a4b586276cec20529dcaf9a596daf59a01894d95ec3f4fd69c3e,1,1,0,1,4,4,staged-10000,staged-10000,"[""staged-0"",""staged-10"",""baseline"",""staged-100"",""staged-10000"",""staged-1000""]",parser_inclusive_subprocess_wall_clock,1,timeout,2.008472409,124,-9,1,timeout,exceeded 2 seconds,,,"[""/net/scratch/hscra/plgrid/plgnasqret/codex-control/projects/euf-viper/runs/20260727T073625Z-staged-qg7-e9fef17/target/release/euf-viper"",""fabric-solve"",""--engine"",""quotient-portfolio"",""/net/scratch/hscra/plgrid/plgnasqret/codex-control/projects/euf-viper/corpora/9b39c70a794d52277a4e5d83731f0ebc50a2f3b804eb1dfc8cf32766a5ebeadc/smtlib-2025/QF_UF/QF_UF/QG-classification/qg7/iso_icl_repgen_sk003.smt2""]"
191,5,7332,QF_UF/QG-classification/qg7/iso_icl_repgen_sk003.smt2,664fe1816ec402cb0c18a0eee34d139001b42852e8ef9f61abe61c1efa287c7b,59057,unsat,1,williams_first_order_carryover,a5b163da70f7a4b586276cec20529dcaf9a596daf59a01894d95ec3f4fd69c3e,1,1,0,1,5,5,staged-1000,staged-1000,"[""staged-0"",""staged-10"",""baseline"",""staged-100"",""staged-10000"",""staged-1000""]",parser_inclusive_subprocess_wall_clock,1,timeout,2.009301755,124,-9,1,timeout,exceeded 2 seconds,,,"[""/net/scratch/hscra/plgrid/plgnasqret/codex-control/projects/euf-viper/runs/20260727T073625Z-staged-qg7-e9fef17/target/release/euf-viper"",""fabric-solve"",""--engine"",""quotient-portfolio"",""/net/scratch/hscra/plgrid/plgnasqret/codex-control/projects/euf-viper/corpora/9b39c70a794d52277a4e5d83731f0ebc50a2f3b804eb1dfc8cf32766a5ebeadc/smtlib-2025/QF_UF/QF_UF/QG-classification/qg7/iso_icl_repgen_sk003.smt2""]"
192,5,7332,QF_UF/QG-classification/qg7/iso_icl_repgen_sk003.smt2,664fe1816ec402cb0c18a0eee34d139001b42852e8ef9f61abe61c1efa287c7b,59057,unsat,1,williams_first_order_carryover,a5b163da70f7a4b586276cec20529dcaf9a596daf59a01894d95ec3f4fd69c3e,2,2,0,2,0,0,staged-10,staged-10,"[""staged-10"",""staged-100"",""staged-0"",""staged-1000"",""baseline"",""staged-10000""]",parser_inclusive_subprocess_wall_clock,1,timeout,2.009217872,124,-9,1,timeout,exceeded 2 seconds,,,"[""/net/scratch/hscra/plgrid/plgnasqret/codex-control/projects/euf-viper/runs/20260727T073625Z-staged-qg7-e9fef17/target/release/euf-viper"",""fabric-solve"",""--engine"",""quotient-portfolio"",""/net/scratch/hscra/plgrid/plgnasqret/codex-control/projects/euf-viper/corpora/9b39c70a794d52277a4e5d83731f0ebc50a2f3b804eb1dfc8cf32766a5ebeadc/smtlib-2025/QF_UF/QF_UF/QG-classification/qg7/iso_icl_repgen_sk003.smt2""]"
193,5,7332,QF_UF/QG-classification/qg7/iso_icl_repgen_sk003.smt2,664fe1816ec402cb0c18a0eee34d139001b42852e8ef9f61abe61c1efa287c7b,59057,unsat,1,williams_first_order_carryover,a5b163da70f7a4b586276cec20529dcaf9a596daf59a01894d95ec3f4fd69c3e,2,2,0,2,1,1,staged-100,staged-100,"[""staged-10"",""staged-100"",""staged-0"",""staged-1000"",""baseline"",""staged-10000""]",parser_inclusive_subprocess_wall_clock,1,timeout,2.007357588,124,-9,1,timeout,exceeded 2 seconds,,,"[""/net/scratch/hscra/plgrid/plgnasqret/codex-control/projects/euf-viper/runs/20260727T073625Z-staged-qg7-e9fef17/target/release/euf-viper"",""fabric-solve"",""--engine"",""quotient-portfolio"",""/net/scratch/hscra/plgrid/plgnasqret/codex-control/projects/euf-viper/corpora/9b39c70a794d52277a4e5d83731f0ebc50a2f3b804eb1dfc8cf32766a5ebeadc/smtlib-2025/QF_UF/QF_UF/QG-classification/qg7/iso_icl_repgen_sk003.smt2""]"
194,5,7332,QF_UF/QG-classification/qg7/iso_icl_repgen_sk003.smt2,664fe1816ec402cb0c18a0eee34d139001b42852e8ef9f61abe61c1efa287c7b,59057,unsat,1,williams_first_order_carryover,a5b163da70f7a4b586276cec20529dcaf9a596daf59a01894d95ec3f4fd69c3e,2,2,0,2,2,2,staged-0,staged-0,"[""staged-10"",""staged-100"",""staged-0"",""staged-1000"",""baseline"",""staged-10000""]",parser_inclusive_subprocess_wall_clock,1,timeout,2.009335869,124,-9,1,timeout,exceeded 2 seconds,,,"[""/net/scratch/hscra/plgrid/plgnasqret/codex-control/projects/euf-viper/runs/20260727T073625Z-staged-qg7-e9fef17/target/release/euf-viper"",""fabric-solve"",""--engine"",""quotient-portfolio"",""/net/scratch/hscra/plgrid/plgnasqret/codex-control/projects/euf-viper/corpora/9b39c70a794d52277a4e5d83731f0ebc50a2f3b804eb1dfc8cf32766a5ebeadc/smtlib-2025/QF_UF/QF_UF/QG-classification/qg7/iso_icl_repgen_sk003.smt2""]"
195,5,7332,QF_UF/QG-classification/qg7/iso_icl_repgen_sk003.smt2,664fe1816ec402cb0c18a0eee34d139001b42852e8ef9f61abe61c1efa287c7b,59057,unsat,1,williams_first_order_carryover,a5b163da70f7a4b586276cec20529dcaf9a596daf59a01894d95ec3f4fd69c3e,2,2,0,2,3,3,staged-1000,staged-1000,"[""staged-10"",""staged-100"",""staged-0"",""staged-1000"",""baseline"",""staged-10000""]",parser_inclusive_subprocess_wall_clock,1,timeout,2.009646163,124,-9,1,timeout,exceeded 2 seconds,,,"[""/net/scratch/hscra/plgrid/plgnasqret/codex-control/projects/euf-viper/runs/20260727T073625Z-staged-qg7-e9fef17/target/release/euf-viper"",""fabric-solve"",""--engine"",""quotient-portfolio"",""/net/scratch/hscra/plgrid/plgnasqret/codex-control/projects/euf-viper/corpora/9b39c70a794d52277a4e5d83731f0ebc50a2f3b804eb1dfc8cf32766a5ebeadc/smtlib-2025/QF_UF/QF_UF/QG-classification/qg7/iso_icl_repgen_sk003.smt2""]"
196,5,7332,QF_UF/QG-classification/qg7/iso_icl_repgen_sk003.smt2,664fe1816ec402cb0c18a0eee34d139001b42852e8ef9f61abe61c1efa287c7b,59057,unsat,1,williams_first_order_carryover,a5b163da70f7a4b586276cec20529dcaf9a596daf59a01894d95ec3f4fd69c3e,2,2,0,2,4,4,baseline,baseline,"[""staged-10"",""staged-100"",""staged-0"",""staged-1000"",""baseline"",""staged-10000""]",parser_inclusive_subprocess_wall_clock,1,timeout,2.008461481,124,-9,1,timeout,exceeded 2 seconds,,,"[""/net/scratch/hscra/plgrid/plgnasqret/codex-control/projects/euf-viper/runs/20260727T073625Z-staged-qg7-e9fef17/target/release/euf-viper"",""fabric-solve"",""--engine"",""quotient-portfolio"",""/net/scratch/hscra/plgrid/plgnasqret/codex-control/projects/euf-viper/corpora/9b39c70a794d52277a4e5d83731f0ebc50a2f3b804eb1dfc8cf32766a5ebeadc/smtlib-2025/QF_UF/QF_UF/QG-classification/qg7/iso_icl_repgen_sk003.smt2""]"
197,5,7332,QF_UF/QG-classification/qg7/iso_icl_repgen_sk003.smt2,664fe1816ec402cb0c18a0eee34d139001b42852e8ef9f61abe61c1efa287c7b,59057,unsat,1,williams_first_order_carryover,a5b163da70f7a4b586276cec20529dcaf9a596daf59a01894d95ec3f4fd69c3e,2,2,0,2,5,5,staged-10000,staged-10000,"[""staged-10"",""staged-100"",""staged-0"",""staged-1000"",""baseline"",""staged-10000""]",parser_inclusive_subprocess_wall_clock,1,timeout,2.008292423,124,-9,1,timeout,exceeded 2 seconds,,,"[""/net/scratch/hscra/plgrid/plgnasqret/codex-control/projects/euf-viper/runs/20260727T073625Z-staged-qg7-e9fef17/target/release/euf-viper"",""fabric-solve"",""--engine"",""quotient-portfolio"",""/net/scratch/hscra/plgrid/plgnasqret/codex-control/projects/euf-viper/corpora/9b39c70a794d52277a4e5d83731f0ebc50a2f3b804eb1dfc8cf32766a5ebeadc/smtlib-2025/QF_UF/QF_UF/QG-classification/qg7/iso_icl_repgen_sk003.smt2""]"
198,5,7332,QF_UF/QG-classification/qg7/iso_icl_repgen_sk003.smt2,664fe1816ec402cb0c18a0eee34d139001b42852e8ef9f61abe61c1efa287c7b,59057,unsat,1,williams_first_order_carryover,a5b163da70f7a4b586276cec20529dcaf9a596daf59a01894d95ec3f4fd69c3e,3,3,0,3,0,0,staged-100,staged-100,"[""staged-100"",""staged-1000"",""staged-10"",""staged-10000"",""staged-0"",""baseline""]",parser_inclusive_subprocess_wall_clock,1,timeout,2.006257881,124,-9,1,timeout,exceeded 2 seconds,,,"[""/net/scratch/hscra/plgrid/plgnasqret/codex-control/projects/euf-viper/runs/20260727T073625Z-staged-qg7-e9fef17/target/release/euf-viper"",""fabric-solve"",""--engine"",""quotient-portfolio"",""/net/scratch/hscra/plgrid/plgnasqret/codex-control/projects/euf-viper/corpora/9b39c70a794d52277a4e5d83731f0ebc50a2f3b804eb1dfc8cf32766a5ebeadc/smtlib-2025/QF_UF/QF_UF/QG-classification/qg7/iso_icl_repgen_sk003.smt2""]"
199,5,7332,QF_UF/QG-classification/qg7/iso_icl_repgen_sk003.smt2,664fe1816ec402cb0c18a0eee34d139001b42852e8ef9f61abe61c1efa287c7b,59057,unsat,1,williams_first_order_carryover,a5b163da70f7a4b586276cec20529dcaf9a596daf59a01894d95ec3f4fd69c3e,3,3,0,3,1,1,staged-1000,staged-1000,"[""staged-100"",""staged-1000"",""staged-10"",""staged-10000"",""staged-0"",""baseline""]",parser_inclusive_subprocess_wall_clock,1,timeout,2.008504019,124,-9,1,timeout,exceeded 2 seconds,,,"[""/net/scratch/hscra/plgrid/plgnasqret/codex-control/projects/euf-viper/runs/20260727T073625Z-staged-qg7-e9fef17/target/release/euf-viper"",""fabric-solve"",""--engine"",""quotient-portfolio"",""/net/scratch/hscra/plgrid/plgnasqret/codex-control/projects/euf-viper/corpora/9b39c70a794d52277a4e5d83731f0ebc50a2f3b804eb1dfc8cf32766a5ebeadc/smtlib-2025/QF_UF/QF_UF/QG-classification/qg7/iso_icl_repgen_sk003.smt2""]"
200,5,7332,QF_UF/QG-classification/qg7/iso_icl_repgen_sk003.smt2,664fe1816ec402cb0c18a0eee34d139001b42852e8ef9f61abe61c1efa287c7b,59057,unsat,1,williams_first_order_carryover,a5b163da70f7a4b586276cec20529dcaf9a596daf59a01894d95ec3f4fd69c3e,3,3,0,3,2,2,staged-10,staged-10,"[""staged-100"",""staged-1000"",""staged-10"",""staged-10000"",""staged-0"",""baseline""]",parser_inclusive_subprocess_wall_clock,1,timeout,2.009572155,124,-9,1,timeout,exceeded 2 seconds,,,"[""/net/scratch/hscra/plgrid/plgnasqret/codex-control/projects/euf-viper/runs/20260727T073625Z-staged-qg7-e9fef17/target/release/euf-viper"",""fabric-solve"",""--engine"",""quotient-portfolio"",""/net/scratch/hscra/plgrid/plgnasqret/codex-control/projects/euf-viper/corpora/9b39c70a794d52277a4e5d83731f0ebc50a2f3b804eb1dfc8cf32766a5ebeadc/smtlib-2025/QF_UF/QF_UF/QG-classification/qg7/iso_icl_repgen_sk003.smt2""]"
201,5,7332,QF_UF/QG-classification/qg7/iso_icl_repgen_sk003.smt2,664fe1816ec402cb0c18a0eee34d139001b42852e8ef9f61abe61c1efa287c7b,59057,unsat,1,williams_first_order_carryover,a5b163da70f7a4b586276cec20529dcaf9a596daf59a01894d95ec3f4fd69c3e,3,3,0,3,3,3,staged-10000,staged-10000,"[""staged-100"",""staged-1000"",""staged-10"",""staged-10000"",""staged-0"",""baseline""]",parser_inclusive_subprocess_wall_clock,1,timeout,2.010535355,124,-9,1,timeout,exceeded 2 seconds,,,"[""/net/scratch/hscra/plgrid/plgnasqret/codex-control/projects/euf-viper/runs/20260727T073625Z-staged-qg7-e9fef17/target/release/euf-viper"",""fabric-solve"",""--engine"",""quotient-portfolio"",""/net/scratch/hscra/plgrid/plgnasqret/codex-control/projects/euf-viper/corpora/9b39c70a794d52277a4e5d83731f0ebc50a2f3b804eb1dfc8cf32766a5ebeadc/smtlib-2025/QF_UF/QF_UF/QG-classification/qg7/iso_icl_repgen_sk003.smt2""]"
202,5,7332,QF_UF/QG-classification/qg7/iso_icl_repgen_sk003.smt2,664fe1816ec402cb0c18a0eee34d139001b42852e8ef9f61abe61c1efa287c7b,59057,unsat,1,williams_first_order_carryover,a5b163da70f7a4b586276cec20529dcaf9a596daf59a01894d95ec3f4fd69c3e,3,3,0,3,4,4,staged-0,staged-0,"[""staged-100"",""staged-1000"",""staged-10"",""staged-10000"",""staged-0"",""baseline""]",parser_inclusive_subprocess_wall_clock,1,timeout,2.009059761,124,-9,1,timeout,exceeded 2 seconds,,,"[""/net/scratch/hscra/plgrid/plgnasqret/codex-control/projects/euf-viper/runs/20260727T073625Z-staged-qg7-e9fef17/target/release/euf-viper"",""fabric-solve"",""--engine"",""quotient-portfolio"",""/net/scratch/hscra/plgrid/plgnasqret/codex-control/projects/euf-viper/corpora/9b39c70a794d52277a4e5d83731f0ebc50a2f3b804eb1dfc8cf32766a5ebeadc/smtlib-2025/QF_UF/QF_UF/QG-classification/qg7/iso_icl_repgen_sk003.smt2""]"
203,5,7332,QF_UF/QG-classification/qg7/iso_icl_repgen_sk003.smt2,664fe1816ec402cb0c18a0eee34d139001b42852e8ef9f61abe61c1efa287c7b,59057,unsat,1,williams_first_order_carryover,a5b163da70f7a4b586276cec20529dcaf9a596daf59a01894d95ec3f4fd69c3e,3,3,0,3,5,5,baseline,baseline,"[""staged-100"",""staged-1000"",""staged-10"",""staged-10000"",""staged-0"",""baseline""]",parser_inclusive_subprocess_wall_clock,1,timeout,2.006462817,124,-9,1,timeout,exceeded 2 seconds,,,"[""/net/scratch/hscra/plgrid/plgnasqret/codex-control/projects/euf-viper/runs/20260727T073625Z-staged-qg7-e9fef17/target/release/euf-viper"",""fabric-solve"",""--engine"",""quotient-portfolio"",""/net/scratch/hscra/plgrid/plgnasqret/codex-control/projects/euf-viper/corpora/9b39c70a794d52277a4e5d83731f0ebc50a2f3b804eb1dfc8cf32766a5ebeadc/smtlib-2025/QF_UF/QF_UF/QG-classification/qg7/iso_icl_repgen_sk003.smt2""]"
204,5,7332,QF_UF/QG-classification/qg7/iso_icl_repgen_sk003.smt2,664fe1816ec402cb0c18a0eee34d139001b42852e8ef9f61abe61c1efa287c7b,59057,unsat,1,williams_first_order_carryover,a5b163da70f7a4b586276cec20529dcaf9a596daf59a01894d95ec3f4fd69c3e,4,4,0,4,0,0,staged-1000,staged-1000,"[""staged-1000"",""staged-10000"",""staged-100"",""baseline"",""staged-10"",""staged-0""]",parser_inclusive_subprocess_wall_clock,1,timeout,2.009575821,124,-9,1,timeout,exceeded 2 seconds,,,"[""/net/scratch/hscra/plgrid/plgnasqret/codex-control/projects/euf-viper/runs/20260727T073625Z-staged-qg7-e9fef17/target/release/euf-viper"",""fabric-solve"",""--engine"",""quotient-portfolio"",""/net/scratch/hscra/plgrid/plgnasqret/codex-control/projects/euf-viper/corpora/9b39c70a794d52277a4e5d83731f0ebc50a2f3b804eb1dfc8cf32766a5ebeadc/smtlib-2025/QF_UF/QF_UF/QG-classification/qg7/iso_icl_repgen_sk003.smt2""]"
205,5,7332,QF_UF/QG-classification/qg7/iso_icl_repgen_sk003.smt2,664fe1816ec402cb0c18a0eee34d139001b42852e8ef9f61abe61c1efa287c7b,59057,unsat,1,williams_first_order_carryover,a5b163da70f7a4b586276cec20529dcaf9a596daf59a01894d95ec3f4fd69c3e,4,4,0,4,1,1,staged-10000,staged-10000,"[""staged-1000"",""staged-10000"",""staged-100"",""baseline"",""staged-10"",""staged-0""]",parser_inclusive_subprocess_wall_clock,1,timeout,2.011179347,124,-9,1,timeout,exceeded 2 seconds,,,"[""/net/scratch/hscra/plgrid/plgnasqret/codex-control/projects/euf-viper/runs/20260727T073625Z-staged-qg7-e9fef17/target/release/euf-viper"",""fabric-solve"",""--engine"",""quotient-portfolio"",""/net/scratch/hscra/plgrid/plgnasqret/codex-control/projects/euf-viper/corpora/9b39c70a794d52277a4e5d83731f0ebc50a2f3b804eb1dfc8cf32766a5ebeadc/smtlib-2025/QF_UF/QF_UF/QG-classification/qg7/iso_icl_repgen_sk003.smt2""]"
206,5,7332,QF_UF/QG-classification/qg7/iso_icl_repgen_sk003.smt2,664fe1816ec402cb0c18a0eee34d139001b42852e8ef9f61abe61c1efa287c7b,59057,unsat,1,williams_first_order_carryover,a5b163da70f7a4b586276cec20529dcaf9a596daf59a01894d95ec3f4fd69c3e,4,4,0,4,2,2,staged-100,staged-100,"[""staged-1000"",""staged-10000"",""staged-100"",""baseline"",""staged-10"",""staged-0""]",parser_inclusive_subprocess_wall_clock,1,timeout,2.008543372,124,-9,1,timeout,exceeded 2 seconds,,,"[""/net/scratch/hscra/plgrid/plgnasqret/codex-control/projects/euf-viper/runs/20260727T073625Z-staged-qg7-e9fef17/target/release/euf-viper"",""fabric-solve"",""--engine"",""quotient-portfolio"",""/net/scratch/hscra/plgrid/plgnasqret/codex-control/projects/euf-viper/corpora/9b39c70a794d52277a4e5d83731f0ebc50a2f3b804eb1dfc8cf32766a5ebeadc/smtlib-2025/QF_UF/QF_UF/QG-classification/qg7/iso_icl_repgen_sk003.smt2""]"
207,5,7332,QF_UF/QG-classification/qg7/iso_icl_repgen_sk003.smt2,664fe1816ec402cb0c18a0eee34d139001b42852e8ef9f61abe61c1efa287c7b,59057,unsat,1,williams_first_order_carryover,a5b163da70f7a4b586276cec20529dcaf9a596daf59a01894d95ec3f4fd69c3e,4,4,0,4,3,3,baseline,baseline,"[""staged-1000"",""staged-10000"",""staged-100"",""baseline"",""staged-10"",""staged-0""]",parser_inclusive_subprocess_wall_clock,1,timeout,2.005080375,124,-9,1,timeout,exceeded 2 seconds,,,"[""/net/scratch/hscra/plgrid/plgnasqret/codex-control/projects/euf-viper/runs/20260727T073625Z-staged-qg7-e9fef17/target/release/euf-viper"",""fabric-solve"",""--engine"",""quotient-portfolio"",""/net/scratch/hscra/plgrid/plgnasqret/codex-control/projects/euf-viper/corpora/9b39c70a794d52277a4e5d83731f0ebc50a2f3b804eb1dfc8cf32766a5ebeadc/smtlib-2025/QF_UF/QF_UF/QG-classification/qg7/iso_icl_repgen_sk003.smt2""]"
208,5,7332,QF_UF/QG-classification/qg7/iso_icl_repgen_sk003.smt2,664fe1816ec402cb0c18a0eee34d139001b42852e8ef9f61abe61c1efa287c7b,59057,unsat,1,williams_first_order_carryover,a5b163da70f7a4b586276cec20529dcaf9a596daf59a01894d95ec3f4fd69c3e,4,4,0,4,4,4,staged-10,staged-10,"[""staged-1000"",""staged-10000"",""staged-100"",""baseline"",""staged-10"",""staged-0""]",parser_inclusive_subprocess_wall_clock,1,timeout,2.008397332,124,-9,1,timeout,exceeded 2 seconds,,,"[""/net/scratch/hscra/plgrid/plgnasqret/codex-control/projects/euf-viper/runs/20260727T073625Z-staged-qg7-e9fef17/target/release/euf-viper"",""fabric-solve"",""--engine"",""quotient-portfolio"",""/net/scratch/hscra/plgrid/plgnasqret/codex-control/projects/euf-viper/corpora/9b39c70a794d52277a4e5d83731f0ebc50a2f3b804eb1dfc8cf32766a5ebeadc/smtlib-2025/QF_UF/QF_UF/QG-classification/qg7/iso_icl_repgen_sk003.smt2""]"
209,5,7332,QF_UF/QG-classification/qg7/iso_icl_repgen_sk003.smt2,664fe1816ec402cb0c18a0eee34d139001b42852e8ef9f61abe61c1efa287c7b,59057,unsat,1,williams_first_order_carryover,a5b163da70f7a4b586276cec20529dcaf9a596daf59a01894d95ec3f4fd69c3e,4,4,0,4,5,5,staged-0,staged-0,"[""staged-1000"",""staged-10000"",""staged-100"",""baseline"",""staged-10"",""staged-0""]",parser_inclusive_subprocess_wall_clock,1,timeout,2.008757875,124,-9,1,timeout,exceeded 2 seconds,,,"[""/net/scratch/hscra/plgrid/plgnasqret/codex-control/projects/euf-viper/runs/20260727T073625Z-staged-qg7-e9fef17/target/release/euf-viper"",""fabric-solve"",""--engine"",""quotient-portfolio"",""/net/scratch/hscra/plgrid/plgnasqret/codex-control/projects/euf-viper/corpora/9b39c70a794d52277a4e5d83731f0ebc50a2f3b804eb1dfc8cf32766a5ebeadc/smtlib-2025/QF_UF/QF_UF/QG-classification/qg7/iso_icl_repgen_sk003.smt2""]"
210,5,7332,QF_UF/QG-classification/qg7/iso_icl_repgen_sk003.smt2,664fe1816ec402cb0c18a0eee34d139001b42852e8ef9f61abe61c1efa287c7b,59057,unsat,1,williams_first_order_carryover,a5b163da70f7a4b586276cec20529dcaf9a596daf59a01894d95ec3f4fd69c3e,5,5,0,5,0,0,staged-10000,staged-10000,"[""staged-10000"",""baseline"",""staged-1000"",""staged-0"",""staged-100"",""staged-10""]",parser_inclusive_subprocess_wall_clock,1,timeout,2.008334573,124,-9,1,timeout,exceeded 2 seconds,,,"[""/net/scratch/hscra/plgrid/plgnasqret/codex-control/projects/euf-viper/runs/20260727T073625Z-staged-qg7-e9fef17/target/release/euf-viper"",""fabric-solve"",""--engine"",""quotient-portfolio"",""/net/scratch/hscra/plgrid/plgnasqret/codex-control/projects/euf-viper/corpora/9b39c70a794d52277a4e5d83731f0ebc50a2f3b804eb1dfc8cf32766a5ebeadc/smtlib-2025/QF_UF/QF_UF/QG-classification/qg7/iso_icl_repgen_sk003.smt2""]"
211,5,7332,QF_UF/QG-classification/qg7/iso_icl_repgen_sk003.smt2,664fe1816ec402cb0c18a0eee34d139001b42852e8ef9f61abe61c1efa287c7b,59057,unsat,1,williams_first_order_carryover,a5b163da70f7a4b586276cec20529dcaf9a596daf59a01894d95ec3f4fd69c3e,5,5,0,5,1,1,baseline,baseline,"[""staged-10000"",""baseline"",""staged-1000"",""staged-0"",""staged-100"",""staged-10""]",parser_inclusive_subprocess_wall_clock,1,timeout,2.007374878,124,-9,1,timeout,exceeded 2 seconds,,,"[""/net/scratch/hscra/plgrid/plgnasqret/codex-control/projects/euf-viper/runs/20260727T073625Z-staged-qg7-e9fef17/target/release/euf-viper"",""fabric-solve"",""--engine"",""quotient-portfolio"",""/net/scratch/hscra/plgrid/plgnasqret/codex-control/projects/euf-viper/corpora/9b39c70a794d52277a4e5d83731f0ebc50a2f3b804eb1dfc8cf32766a5ebeadc/smtlib-2025/QF_UF/QF_UF/QG-classification/qg7/iso_icl_repgen_sk003.smt2""]"
212,5,7332,QF_UF/QG-classification/qg7/iso_icl_repgen_sk003.smt2,664fe1816ec402cb0c18a0eee34d139001b42852e8ef9f61abe61c1efa287c7b,59057,unsat,1,williams_first_order_carryover,a5b163da70f7a4b586276cec20529dcaf9a596daf59a01894d95ec3f4fd69c3e,5,5,0,5,2,2,staged-1000,staged-1000,"[""staged-10000"",""baseline"",""staged-1000"",""staged-0"",""staged-100"",""staged-10""]",parser_inclusive_subprocess_wall_clock,1,timeout,2.007868483,124,-9,1,timeout,exceeded 2 seconds,,,"[""/net/scratch/hscra/plgrid/plgnasqret/codex-control/projects/euf-viper/runs/20260727T073625Z-staged-qg7-e9fef17/target/release/euf-viper"",""fabric-solve"",""--engine"",""quotient-portfolio"",""/net/scratch/hscra/plgrid/plgnasqret/codex-control/projects/euf-viper/corpora/9b39c70a794d52277a4e5d83731f0ebc50a2f3b804eb1dfc8cf32766a5ebeadc/smtlib-2025/QF_UF/QF_UF/QG-classification/qg7/iso_icl_repgen_sk003.smt2""]"
213,5,7332,QF_UF/QG-classification/qg7/iso_icl_repgen_sk003.smt2,664fe1816ec402cb0c18a0eee34d139001b42852e8ef9f61abe61c1efa287c7b,59057,unsat,1,williams_first_order_carryover,a5b163da70f7a4b586276cec20529dcaf9a596daf59a01894d95ec3f4fd69c3e,5,5,0,5,3,3,staged-0,staged-0,"[""staged-10000"",""baseline"",""staged-1000"",""staged-0"",""staged-100"",""staged-10""]",parser_inclusive_subprocess_wall_clock,1,timeout,2.009060836,124,-9,1,timeout,exceeded 2 seconds,,,"[""/net/scratch/hscra/plgrid/plgnasqret/codex-control/projects/euf-viper/runs/20260727T073625Z-staged-qg7-e9fef17/target/release/euf-viper"",""fabric-solve"",""--engine"",""quotient-portfolio"",""/net/scratch/hscra/plgrid/plgnasqret/codex-control/projects/euf-viper/corpora/9b39c70a794d52277a4e5d83731f0ebc50a2f3b804eb1dfc8cf32766a5ebeadc/smtlib-2025/QF_UF/QF_UF/QG-classification/qg7/iso_icl_repgen_sk003.smt2""]"
214,5,7332,QF_UF/QG-classification/qg7/iso_icl_repgen_sk003.smt2,664fe1816ec402cb0c18a0eee34d139001b42852e8ef9f61abe61c1efa287c7b,59057,unsat,1,williams_first_order_carryover,a5b163da70f7a4b586276cec20529dcaf9a596daf59a01894d95ec3f4fd69c3e,5,5,0,5,4,4,staged-100,staged-100,"[""staged-10000"",""baseline"",""staged-1000"",""staged-0"",""staged-100"",""staged-10""]",parser_inclusive_subprocess_wall_clock,1,timeout,2.008754280,124,-9,1,timeout,exceeded 2 seconds,,,"[""/net/scratch/hscra/plgrid/plgnasqret/codex-control/projects/euf-viper/runs/20260727T073625Z-staged-qg7-e9fef17/target/release/euf-viper"",""fabric-solve"",""--engine"",""quotient-portfolio"",""/net/scratch/hscra/plgrid/plgnasqret/codex-control/projects/euf-viper/corpora/9b39c70a794d52277a4e5d83731f0ebc50a2f3b804eb1dfc8cf32766a5ebeadc/smtlib-2025/QF_UF/QF_UF/QG-classification/qg7/iso_icl_repgen_sk003.smt2""]"
215,5,7332,QF_UF/QG-classification/qg7/iso_icl_repgen_sk003.smt2,664fe1816ec402cb0c18a0eee34d139001b42852e8ef9f61abe61c1efa287c7b,59057,unsat,1,williams_first_order_carryover,a5b163da70f7a4b586276cec20529dcaf9a596daf59a01894d95ec3f4fd69c3e,5,5,0,5,5,5,staged-10,staged-10,"[""staged-10000"",""baseline"",""staged-1000"",""staged-0"",""staged-100"",""staged-10""]",parser_inclusive_subprocess_wall_clock,1,timeout,2.008162088,124,-9,1,timeout,exceeded 2 seconds,,,"[""/net/scratch/hscra/plgrid/plgnasqret/codex-control/projects/euf-viper/runs/20260727T073625Z-staged-qg7-e9fef17/target/release/euf-viper"",""fabric-solve"",""--engine"",""quotient-portfolio"",""/net/scratch/hscra/plgrid/plgnasqret/codex-control/projects/euf-viper/corpora/9b39c70a794d52277a4e5d83731f0ebc50a2f3b804eb1dfc8cf32766a5ebeadc/smtlib-2025/QF_UF/QF_UF/QG-classification/qg7/iso_icl_repgen_sk003.smt2""]"
