sequence,row_index,id,relative_path,source_sha256,source_size_bytes,expected_status,schedule_schema_version,schedule_design,schedule_sha256,repeat,schedule_row,complete_block,row_in_block,order_in_repeat,arm_position,label,arm,schedule_order_json,timing_scope,parser_inclusive,result,time_s,exit_code,process_returncode,timed_out,error_kind,error_detail,stdout,stderr,argv_json
0,0,6928,QF_UF/QG-classification/qg7/gensys_brn005.smt2,bb0c8f6ac3c90fd17db9941d0b5301a165bb905d7a98471ae7fd0aed2c49f3af,811349,sat,1,williams_first_order_carryover,f142088f68ffae0501ab8de7e323efb430c2912e83fc68ef048bfb8276401870,0,0,0,0,0,0,baseline,baseline,"[""baseline"",""proof-seed-0"",""proof-seed-32"",""proof-seed-4"",""proof-seed-16"",""proof-seed-8""]",parser_inclusive_subprocess_wall_clock,1,sat,0.104623827,0,0,0,,,"sat
",,"[""/net/scratch/hscra/plgrid/plgnasqret/codex-control/projects/euf-viper/runs/20260727T113307Z-proof-seed-qg7-2d4a372/target/release/euf-viper"",""fabric-solve"",""--engine"",""quotient-portfolio"",""/net/scratch/hscra/plgrid/plgnasqret/codex-control/projects/euf-viper/corpora/9b39c70a794d52277a4e5d83731f0ebc50a2f3b804eb1dfc8cf32766a5ebeadc/smtlib-2025/QF_UF/QF_UF/QG-classification/qg7/gensys_brn005.smt2""]"
1,0,6928,QF_UF/QG-classification/qg7/gensys_brn005.smt2,bb0c8f6ac3c90fd17db9941d0b5301a165bb905d7a98471ae7fd0aed2c49f3af,811349,sat,1,williams_first_order_carryover,f142088f68ffae0501ab8de7e323efb430c2912e83fc68ef048bfb8276401870,0,0,0,0,1,1,proof-seed-0,proof-seed-0,"[""baseline"",""proof-seed-0"",""proof-seed-32"",""proof-seed-4"",""proof-seed-16"",""proof-seed-8""]",parser_inclusive_subprocess_wall_clock,1,sat,0.283814282,0,0,0,,,"sat
",,"[""/net/scratch/hscra/plgrid/plgnasqret/codex-control/projects/euf-viper/runs/20260727T113307Z-proof-seed-qg7-2d4a372/target/release/euf-viper"",""fabric-solve"",""--engine"",""quotient-portfolio"",""/net/scratch/hscra/plgrid/plgnasqret/codex-control/projects/euf-viper/corpora/9b39c70a794d52277a4e5d83731f0ebc50a2f3b804eb1dfc8cf32766a5ebeadc/smtlib-2025/QF_UF/QF_UF/QG-classification/qg7/gensys_brn005.smt2""]"
2,0,6928,QF_UF/QG-classification/qg7/gensys_brn005.smt2,bb0c8f6ac3c90fd17db9941d0b5301a165bb905d7a98471ae7fd0aed2c49f3af,811349,sat,1,williams_first_order_carryover,f142088f68ffae0501ab8de7e323efb430c2912e83fc68ef048bfb8276401870,0,0,0,0,2,2,proof-seed-32,proof-seed-32,"[""baseline"",""proof-seed-0"",""proof-seed-32"",""proof-seed-4"",""proof-seed-16"",""proof-seed-8""]",parser_inclusive_subprocess_wall_clock,1,sat,0.291426399,0,0,0,,,"sat
",,"[""/net/scratch/hscra/plgrid/plgnasqret/codex-control/projects/euf-viper/runs/20260727T113307Z-proof-seed-qg7-2d4a372/target/release/euf-viper"",""fabric-solve"",""--engine"",""quotient-portfolio"",""/net/scratch/hscra/plgrid/plgnasqret/codex-control/projects/euf-viper/corpora/9b39c70a794d52277a4e5d83731f0ebc50a2f3b804eb1dfc8cf32766a5ebeadc/smtlib-2025/QF_UF/QF_UF/QG-classification/qg7/gensys_brn005.smt2""]"
3,0,6928,QF_UF/QG-classification/qg7/gensys_brn005.smt2,bb0c8f6ac3c90fd17db9941d0b5301a165bb905d7a98471ae7fd0aed2c49f3af,811349,sat,1,williams_first_order_carryover,f142088f68ffae0501ab8de7e323efb430c2912e83fc68ef048bfb8276401870,0,0,0,0,3,3,proof-seed-4,proof-seed-4,"[""baseline"",""proof-seed-0"",""proof-seed-32"",""proof-seed-4"",""proof-seed-16"",""proof-seed-8""]",parser_inclusive_subprocess_wall_clock,1,sat,0.287361181,0,0,0,,,"sat
",,"[""/net/scratch/hscra/plgrid/plgnasqret/codex-control/projects/euf-viper/runs/20260727T113307Z-proof-seed-qg7-2d4a372/target/release/euf-viper"",""fabric-solve"",""--engine"",""quotient-portfolio"",""/net/scratch/hscra/plgrid/plgnasqret/codex-control/projects/euf-viper/corpora/9b39c70a794d52277a4e5d83731f0ebc50a2f3b804eb1dfc8cf32766a5ebeadc/smtlib-2025/QF_UF/QF_UF/QG-classification/qg7/gensys_brn005.smt2""]"
4,0,6928,QF_UF/QG-classification/qg7/gensys_brn005.smt2,bb0c8f6ac3c90fd17db9941d0b5301a165bb905d7a98471ae7fd0aed2c49f3af,811349,sat,1,williams_first_order_carryover,f142088f68ffae0501ab8de7e323efb430c2912e83fc68ef048bfb8276401870,0,0,0,0,4,4,proof-seed-16,proof-seed-16,"[""baseline"",""proof-seed-0"",""proof-seed-32"",""proof-seed-4"",""proof-seed-16"",""proof-seed-8""]",parser_inclusive_subprocess_wall_clock,1,sat,0.279491245,0,0,0,,,"sat
",,"[""/net/scratch/hscra/plgrid/plgnasqret/codex-control/projects/euf-viper/runs/20260727T113307Z-proof-seed-qg7-2d4a372/target/release/euf-viper"",""fabric-solve"",""--engine"",""quotient-portfolio"",""/net/scratch/hscra/plgrid/plgnasqret/codex-control/projects/euf-viper/corpora/9b39c70a794d52277a4e5d83731f0ebc50a2f3b804eb1dfc8cf32766a5ebeadc/smtlib-2025/QF_UF/QF_UF/QG-classification/qg7/gensys_brn005.smt2""]"
5,0,6928,QF_UF/QG-classification/qg7/gensys_brn005.smt2,bb0c8f6ac3c90fd17db9941d0b5301a165bb905d7a98471ae7fd0aed2c49f3af,811349,sat,1,williams_first_order_carryover,f142088f68ffae0501ab8de7e323efb430c2912e83fc68ef048bfb8276401870,0,0,0,0,5,5,proof-seed-8,proof-seed-8,"[""baseline"",""proof-seed-0"",""proof-seed-32"",""proof-seed-4"",""proof-seed-16"",""proof-seed-8""]",parser_inclusive_subprocess_wall_clock,1,sat,0.274239847,0,0,0,,,"sat
",,"[""/net/scratch/hscra/plgrid/plgnasqret/codex-control/projects/euf-viper/runs/20260727T113307Z-proof-seed-qg7-2d4a372/target/release/euf-viper"",""fabric-solve"",""--engine"",""quotient-portfolio"",""/net/scratch/hscra/plgrid/plgnasqret/codex-control/projects/euf-viper/corpora/9b39c70a794d52277a4e5d83731f0ebc50a2f3b804eb1dfc8cf32766a5ebeadc/smtlib-2025/QF_UF/QF_UF/QG-classification/qg7/gensys_brn005.smt2""]"
6,0,6928,QF_UF/QG-classification/qg7/gensys_brn005.smt2,bb0c8f6ac3c90fd17db9941d0b5301a165bb905d7a98471ae7fd0aed2c49f3af,811349,sat,1,williams_first_order_carryover,f142088f68ffae0501ab8de7e323efb430c2912e83fc68ef048bfb8276401870,1,1,0,1,0,0,proof-seed-0,proof-seed-0,"[""proof-seed-0"",""proof-seed-4"",""baseline"",""proof-seed-8"",""proof-seed-32"",""proof-seed-16""]",parser_inclusive_subprocess_wall_clock,1,sat,0.275300777,0,0,0,,,"sat
",,"[""/net/scratch/hscra/plgrid/plgnasqret/codex-control/projects/euf-viper/runs/20260727T113307Z-proof-seed-qg7-2d4a372/target/release/euf-viper"",""fabric-solve"",""--engine"",""quotient-portfolio"",""/net/scratch/hscra/plgrid/plgnasqret/codex-control/projects/euf-viper/corpora/9b39c70a794d52277a4e5d83731f0ebc50a2f3b804eb1dfc8cf32766a5ebeadc/smtlib-2025/QF_UF/QF_UF/QG-classification/qg7/gensys_brn005.smt2""]"
7,0,6928,QF_UF/QG-classification/qg7/gensys_brn005.smt2,bb0c8f6ac3c90fd17db9941d0b5301a165bb905d7a98471ae7fd0aed2c49f3af,811349,sat,1,williams_first_order_carryover,f142088f68ffae0501ab8de7e323efb430c2912e83fc68ef048bfb8276401870,1,1,0,1,1,1,proof-seed-4,proof-seed-4,"[""proof-seed-0"",""proof-seed-4"",""baseline"",""proof-seed-8"",""proof-seed-32"",""proof-seed-16""]",parser_inclusive_subprocess_wall_clock,1,sat,0.275982296,0,0,0,,,"sat
",,"[""/net/scratch/hscra/plgrid/plgnasqret/codex-control/projects/euf-viper/runs/20260727T113307Z-proof-seed-qg7-2d4a372/target/release/euf-viper"",""fabric-solve"",""--engine"",""quotient-portfolio"",""/net/scratch/hscra/plgrid/plgnasqret/codex-control/projects/euf-viper/corpora/9b39c70a794d52277a4e5d83731f0ebc50a2f3b804eb1dfc8cf32766a5ebeadc/smtlib-2025/QF_UF/QF_UF/QG-classification/qg7/gensys_brn005.smt2""]"
8,0,6928,QF_UF/QG-classification/qg7/gensys_brn005.smt2,bb0c8f6ac3c90fd17db9941d0b5301a165bb905d7a98471ae7fd0aed2c49f3af,811349,sat,1,williams_first_order_carryover,f142088f68ffae0501ab8de7e323efb430c2912e83fc68ef048bfb8276401870,1,1,0,1,2,2,baseline,baseline,"[""proof-seed-0"",""proof-seed-4"",""baseline"",""proof-seed-8"",""proof-seed-32"",""proof-seed-16""]",parser_inclusive_subprocess_wall_clock,1,sat,0.103507538,0,0,0,,,"sat
",,"[""/net/scratch/hscra/plgrid/plgnasqret/codex-control/projects/euf-viper/runs/20260727T113307Z-proof-seed-qg7-2d4a372/target/release/euf-viper"",""fabric-solve"",""--engine"",""quotient-portfolio"",""/net/scratch/hscra/plgrid/plgnasqret/codex-control/projects/euf-viper/corpora/9b39c70a794d52277a4e5d83731f0ebc50a2f3b804eb1dfc8cf32766a5ebeadc/smtlib-2025/QF_UF/QF_UF/QG-classification/qg7/gensys_brn005.smt2""]"
9,0,6928,QF_UF/QG-classification/qg7/gensys_brn005.smt2,bb0c8f6ac3c90fd17db9941d0b5301a165bb905d7a98471ae7fd0aed2c49f3af,811349,sat,1,williams_first_order_carryover,f142088f68ffae0501ab8de7e323efb430c2912e83fc68ef048bfb8276401870,1,1,0,1,3,3,proof-seed-8,proof-seed-8,"[""proof-seed-0"",""proof-seed-4"",""baseline"",""proof-seed-8"",""proof-seed-32"",""proof-seed-16""]",parser_inclusive_subprocess_wall_clock,1,sat,0.276285617,0,0,0,,,"sat
",,"[""/net/scratch/hscra/plgrid/plgnasqret/codex-control/projects/euf-viper/runs/20260727T113307Z-proof-seed-qg7-2d4a372/target/release/euf-viper"",""fabric-solve"",""--engine"",""quotient-portfolio"",""/net/scratch/hscra/plgrid/plgnasqret/codex-control/projects/euf-viper/corpora/9b39c70a794d52277a4e5d83731f0ebc50a2f3b804eb1dfc8cf32766a5ebeadc/smtlib-2025/QF_UF/QF_UF/QG-classification/qg7/gensys_brn005.smt2""]"
10,0,6928,QF_UF/QG-classification/qg7/gensys_brn005.smt2,bb0c8f6ac3c90fd17db9941d0b5301a165bb905d7a98471ae7fd0aed2c49f3af,811349,sat,1,williams_first_order_carryover,f142088f68ffae0501ab8de7e323efb430c2912e83fc68ef048bfb8276401870,1,1,0,1,4,4,proof-seed-32,proof-seed-32,"[""proof-seed-0"",""proof-seed-4"",""baseline"",""proof-seed-8"",""proof-seed-32"",""proof-seed-16""]",parser_inclusive_subprocess_wall_clock,1,sat,0.278187330,0,0,0,,,"sat
",,"[""/net/scratch/hscra/plgrid/plgnasqret/codex-control/projects/euf-viper/runs/20260727T113307Z-proof-seed-qg7-2d4a372/target/release/euf-viper"",""fabric-solve"",""--engine"",""quotient-portfolio"",""/net/scratch/hscra/plgrid/plgnasqret/codex-control/projects/euf-viper/corpora/9b39c70a794d52277a4e5d83731f0ebc50a2f3b804eb1dfc8cf32766a5ebeadc/smtlib-2025/QF_UF/QF_UF/QG-classification/qg7/gensys_brn005.smt2""]"
11,0,6928,QF_UF/QG-classification/qg7/gensys_brn005.smt2,bb0c8f6ac3c90fd17db9941d0b5301a165bb905d7a98471ae7fd0aed2c49f3af,811349,sat,1,williams_first_order_carryover,f142088f68ffae0501ab8de7e323efb430c2912e83fc68ef048bfb8276401870,1,1,0,1,5,5,proof-seed-16,proof-seed-16,"[""proof-seed-0"",""proof-seed-4"",""baseline"",""proof-seed-8"",""proof-seed-32"",""proof-seed-16""]",parser_inclusive_subprocess_wall_clock,1,sat,0.276438820,0,0,0,,,"sat
",,"[""/net/scratch/hscra/plgrid/plgnasqret/codex-control/projects/euf-viper/runs/20260727T113307Z-proof-seed-qg7-2d4a372/target/release/euf-viper"",""fabric-solve"",""--engine"",""quotient-portfolio"",""/net/scratch/hscra/plgrid/plgnasqret/codex-control/projects/euf-viper/corpora/9b39c70a794d52277a4e5d83731f0ebc50a2f3b804eb1dfc8cf32766a5ebeadc/smtlib-2025/QF_UF/QF_UF/QG-classification/qg7/gensys_brn005.smt2""]"
12,0,6928,QF_UF/QG-classification/qg7/gensys_brn005.smt2,bb0c8f6ac3c90fd17db9941d0b5301a165bb905d7a98471ae7fd0aed2c49f3af,811349,sat,1,williams_first_order_carryover,f142088f68ffae0501ab8de7e323efb430c2912e83fc68ef048bfb8276401870,2,2,0,2,0,0,proof-seed-4,proof-seed-4,"[""proof-seed-4"",""proof-seed-8"",""proof-seed-0"",""proof-seed-16"",""baseline"",""proof-seed-32""]",parser_inclusive_subprocess_wall_clock,1,sat,0.276476639,0,0,0,,,"sat
",,"[""/net/scratch/hscra/plgrid/plgnasqret/codex-control/projects/euf-viper/runs/20260727T113307Z-proof-seed-qg7-2d4a372/target/release/euf-viper"",""fabric-solve"",""--engine"",""quotient-portfolio"",""/net/scratch/hscra/plgrid/plgnasqret/codex-control/projects/euf-viper/corpora/9b39c70a794d52277a4e5d83731f0ebc50a2f3b804eb1dfc8cf32766a5ebeadc/smtlib-2025/QF_UF/QF_UF/QG-classification/qg7/gensys_brn005.smt2""]"
13,0,6928,QF_UF/QG-classification/qg7/gensys_brn005.smt2,bb0c8f6ac3c90fd17db9941d0b5301a165bb905d7a98471ae7fd0aed2c49f3af,811349,sat,1,williams_first_order_carryover,f142088f68ffae0501ab8de7e323efb430c2912e83fc68ef048bfb8276401870,2,2,0,2,1,1,proof-seed-8,proof-seed-8,"[""proof-seed-4"",""proof-seed-8"",""proof-seed-0"",""proof-seed-16"",""baseline"",""proof-seed-32""]",parser_inclusive_subprocess_wall_clock,1,sat,0.274920906,0,0,0,,,"sat
",,"[""/net/scratch/hscra/plgrid/plgnasqret/codex-control/projects/euf-viper/runs/20260727T113307Z-proof-seed-qg7-2d4a372/target/release/euf-viper"",""fabric-solve"",""--engine"",""quotient-portfolio"",""/net/scratch/hscra/plgrid/plgnasqret/codex-control/projects/euf-viper/corpora/9b39c70a794d52277a4e5d83731f0ebc50a2f3b804eb1dfc8cf32766a5ebeadc/smtlib-2025/QF_UF/QF_UF/QG-classification/qg7/gensys_brn005.smt2""]"
14,0,6928,QF_UF/QG-classification/qg7/gensys_brn005.smt2,bb0c8f6ac3c90fd17db9941d0b5301a165bb905d7a98471ae7fd0aed2c49f3af,811349,sat,1,williams_first_order_carryover,f142088f68ffae0501ab8de7e323efb430c2912e83fc68ef048bfb8276401870,2,2,0,2,2,2,proof-seed-0,proof-seed-0,"[""proof-seed-4"",""proof-seed-8"",""proof-seed-0"",""proof-seed-16"",""baseline"",""proof-seed-32""]",parser_inclusive_subprocess_wall_clock,1,sat,0.272265539,0,0,0,,,"sat
",,"[""/net/scratch/hscra/plgrid/plgnasqret/codex-control/projects/euf-viper/runs/20260727T113307Z-proof-seed-qg7-2d4a372/target/release/euf-viper"",""fabric-solve"",""--engine"",""quotient-portfolio"",""/net/scratch/hscra/plgrid/plgnasqret/codex-control/projects/euf-viper/corpora/9b39c70a794d52277a4e5d83731f0ebc50a2f3b804eb1dfc8cf32766a5ebeadc/smtlib-2025/QF_UF/QF_UF/QG-classification/qg7/gensys_brn005.smt2""]"
15,0,6928,QF_UF/QG-classification/qg7/gensys_brn005.smt2,bb0c8f6ac3c90fd17db9941d0b5301a165bb905d7a98471ae7fd0aed2c49f3af,811349,sat,1,williams_first_order_carryover,f142088f68ffae0501ab8de7e323efb430c2912e83fc68ef048bfb8276401870,2,2,0,2,3,3,proof-seed-16,proof-seed-16,"[""proof-seed-4"",""proof-seed-8"",""proof-seed-0"",""proof-seed-16"",""baseline"",""proof-seed-32""]",parser_inclusive_subprocess_wall_clock,1,sat,0.271978535,0,0,0,,,"sat
",,"[""/net/scratch/hscra/plgrid/plgnasqret/codex-control/projects/euf-viper/runs/20260727T113307Z-proof-seed-qg7-2d4a372/target/release/euf-viper"",""fabric-solve"",""--engine"",""quotient-portfolio"",""/net/scratch/hscra/plgrid/plgnasqret/codex-control/projects/euf-viper/corpora/9b39c70a794d52277a4e5d83731f0ebc50a2f3b804eb1dfc8cf32766a5ebeadc/smtlib-2025/QF_UF/QF_UF/QG-classification/qg7/gensys_brn005.smt2""]"
16,0,6928,QF_UF/QG-classification/qg7/gensys_brn005.smt2,bb0c8f6ac3c90fd17db9941d0b5301a165bb905d7a98471ae7fd0aed2c49f3af,811349,sat,1,williams_first_order_carryover,f142088f68ffae0501ab8de7e323efb430c2912e83fc68ef048bfb8276401870,2,2,0,2,4,4,baseline,baseline,"[""proof-seed-4"",""proof-seed-8"",""proof-seed-0"",""proof-seed-16"",""baseline"",""proof-seed-32""]",parser_inclusive_subprocess_wall_clock,1,sat,0.104663891,0,0,0,,,"sat
",,"[""/net/scratch/hscra/plgrid/plgnasqret/codex-control/projects/euf-viper/runs/20260727T113307Z-proof-seed-qg7-2d4a372/target/release/euf-viper"",""fabric-solve"",""--engine"",""quotient-portfolio"",""/net/scratch/hscra/plgrid/plgnasqret/codex-control/projects/euf-viper/corpora/9b39c70a794d52277a4e5d83731f0ebc50a2f3b804eb1dfc8cf32766a5ebeadc/smtlib-2025/QF_UF/QF_UF/QG-classification/qg7/gensys_brn005.smt2""]"
17,0,6928,QF_UF/QG-classification/qg7/gensys_brn005.smt2,bb0c8f6ac3c90fd17db9941d0b5301a165bb905d7a98471ae7fd0aed2c49f3af,811349,sat,1,williams_first_order_carryover,f142088f68ffae0501ab8de7e323efb430c2912e83fc68ef048bfb8276401870,2,2,0,2,5,5,proof-seed-32,proof-seed-32,"[""proof-seed-4"",""proof-seed-8"",""proof-seed-0"",""proof-seed-16"",""baseline"",""proof-seed-32""]",parser_inclusive_subprocess_wall_clock,1,sat,0.274610594,0,0,0,,,"sat
",,"[""/net/scratch/hscra/plgrid/plgnasqret/codex-control/projects/euf-viper/runs/20260727T113307Z-proof-seed-qg7-2d4a372/target/release/euf-viper"",""fabric-solve"",""--engine"",""quotient-portfolio"",""/net/scratch/hscra/plgrid/plgnasqret/codex-control/projects/euf-viper/corpora/9b39c70a794d52277a4e5d83731f0ebc50a2f3b804eb1dfc8cf32766a5ebeadc/smtlib-2025/QF_UF/QF_UF/QG-classification/qg7/gensys_brn005.smt2""]"
18,0,6928,QF_UF/QG-classification/qg7/gensys_brn005.smt2,bb0c8f6ac3c90fd17db9941d0b5301a165bb905d7a98471ae7fd0aed2c49f3af,811349,sat,1,williams_first_order_carryover,f142088f68ffae0501ab8de7e323efb430c2912e83fc68ef048bfb8276401870,3,3,0,3,0,0,proof-seed-8,proof-seed-8,"[""proof-seed-8"",""proof-seed-16"",""proof-seed-4"",""proof-seed-32"",""proof-seed-0"",""baseline""]",parser_inclusive_subprocess_wall_clock,1,sat,0.275024119,0,0,0,,,"sat
",,"[""/net/scratch/hscra/plgrid/plgnasqret/codex-control/projects/euf-viper/runs/20260727T113307Z-proof-seed-qg7-2d4a372/target/release/euf-viper"",""fabric-solve"",""--engine"",""quotient-portfolio"",""/net/scratch/hscra/plgrid/plgnasqret/codex-control/projects/euf-viper/corpora/9b39c70a794d52277a4e5d83731f0ebc50a2f3b804eb1dfc8cf32766a5ebeadc/smtlib-2025/QF_UF/QF_UF/QG-classification/qg7/gensys_brn005.smt2""]"
19,0,6928,QF_UF/QG-classification/qg7/gensys_brn005.smt2,bb0c8f6ac3c90fd17db9941d0b5301a165bb905d7a98471ae7fd0aed2c49f3af,811349,sat,1,williams_first_order_carryover,f142088f68ffae0501ab8de7e323efb430c2912e83fc68ef048bfb8276401870,3,3,0,3,1,1,proof-seed-16,proof-seed-16,"[""proof-seed-8"",""proof-seed-16"",""proof-seed-4"",""proof-seed-32"",""proof-seed-0"",""baseline""]",parser_inclusive_subprocess_wall_clock,1,sat,0.273029009,0,0,0,,,"sat
",,"[""/net/scratch/hscra/plgrid/plgnasqret/codex-control/projects/euf-viper/runs/20260727T113307Z-proof-seed-qg7-2d4a372/target/release/euf-viper"",""fabric-solve"",""--engine"",""quotient-portfolio"",""/net/scratch/hscra/plgrid/plgnasqret/codex-control/projects/euf-viper/corpora/9b39c70a794d52277a4e5d83731f0ebc50a2f3b804eb1dfc8cf32766a5ebeadc/smtlib-2025/QF_UF/QF_UF/QG-classification/qg7/gensys_brn005.smt2""]"
20,0,6928,QF_UF/QG-classification/qg7/gensys_brn005.smt2,bb0c8f6ac3c90fd17db9941d0b5301a165bb905d7a98471ae7fd0aed2c49f3af,811349,sat,1,williams_first_order_carryover,f142088f68ffae0501ab8de7e323efb430c2912e83fc68ef048bfb8276401870,3,3,0,3,2,2,proof-seed-4,proof-seed-4,"[""proof-seed-8"",""proof-seed-16"",""proof-seed-4"",""proof-seed-32"",""proof-seed-0"",""baseline""]",parser_inclusive_subprocess_wall_clock,1,sat,0.271128088,0,0,0,,,"sat
",,"[""/net/scratch/hscra/plgrid/plgnasqret/codex-control/projects/euf-viper/runs/20260727T113307Z-proof-seed-qg7-2d4a372/target/release/euf-viper"",""fabric-solve"",""--engine"",""quotient-portfolio"",""/net/scratch/hscra/plgrid/plgnasqret/codex-control/projects/euf-viper/corpora/9b39c70a794d52277a4e5d83731f0ebc50a2f3b804eb1dfc8cf32766a5ebeadc/smtlib-2025/QF_UF/QF_UF/QG-classification/qg7/gensys_brn005.smt2""]"
21,0,6928,QF_UF/QG-classification/qg7/gensys_brn005.smt2,bb0c8f6ac3c90fd17db9941d0b5301a165bb905d7a98471ae7fd0aed2c49f3af,811349,sat,1,williams_first_order_carryover,f142088f68ffae0501ab8de7e323efb430c2912e83fc68ef048bfb8276401870,3,3,0,3,3,3,proof-seed-32,proof-seed-32,"[""proof-seed-8"",""proof-seed-16"",""proof-seed-4"",""proof-seed-32"",""proof-seed-0"",""baseline""]",parser_inclusive_subprocess_wall_clock,1,sat,0.269866570,0,0,0,,,"sat
",,"[""/net/scratch/hscra/plgrid/plgnasqret/codex-control/projects/euf-viper/runs/20260727T113307Z-proof-seed-qg7-2d4a372/target/release/euf-viper"",""fabric-solve"",""--engine"",""quotient-portfolio"",""/net/scratch/hscra/plgrid/plgnasqret/codex-control/projects/euf-viper/corpora/9b39c70a794d52277a4e5d83731f0ebc50a2f3b804eb1dfc8cf32766a5ebeadc/smtlib-2025/QF_UF/QF_UF/QG-classification/qg7/gensys_brn005.smt2""]"
22,0,6928,QF_UF/QG-classification/qg7/gensys_brn005.smt2,bb0c8f6ac3c90fd17db9941d0b5301a165bb905d7a98471ae7fd0aed2c49f3af,811349,sat,1,williams_first_order_carryover,f142088f68ffae0501ab8de7e323efb430c2912e83fc68ef048bfb8276401870,3,3,0,3,4,4,proof-seed-0,proof-seed-0,"[""proof-seed-8"",""proof-seed-16"",""proof-seed-4"",""proof-seed-32"",""proof-seed-0"",""baseline""]",parser_inclusive_subprocess_wall_clock,1,sat,0.270789802,0,0,0,,,"sat
",,"[""/net/scratch/hscra/plgrid/plgnasqret/codex-control/projects/euf-viper/runs/20260727T113307Z-proof-seed-qg7-2d4a372/target/release/euf-viper"",""fabric-solve"",""--engine"",""quotient-portfolio"",""/net/scratch/hscra/plgrid/plgnasqret/codex-control/projects/euf-viper/corpora/9b39c70a794d52277a4e5d83731f0ebc50a2f3b804eb1dfc8cf32766a5ebeadc/smtlib-2025/QF_UF/QF_UF/QG-classification/qg7/gensys_brn005.smt2""]"
23,0,6928,QF_UF/QG-classification/qg7/gensys_brn005.smt2,bb0c8f6ac3c90fd17db9941d0b5301a165bb905d7a98471ae7fd0aed2c49f3af,811349,sat,1,williams_first_order_carryover,f142088f68ffae0501ab8de7e323efb430c2912e83fc68ef048bfb8276401870,3,3,0,3,5,5,baseline,baseline,"[""proof-seed-8"",""proof-seed-16"",""proof-seed-4"",""proof-seed-32"",""proof-seed-0"",""baseline""]",parser_inclusive_subprocess_wall_clock,1,sat,0.102950206,0,0,0,,,"sat
",,"[""/net/scratch/hscra/plgrid/plgnasqret/codex-control/projects/euf-viper/runs/20260727T113307Z-proof-seed-qg7-2d4a372/target/release/euf-viper"",""fabric-solve"",""--engine"",""quotient-portfolio"",""/net/scratch/hscra/plgrid/plgnasqret/codex-control/projects/euf-viper/corpora/9b39c70a794d52277a4e5d83731f0ebc50a2f3b804eb1dfc8cf32766a5ebeadc/smtlib-2025/QF_UF/QF_UF/QG-classification/qg7/gensys_brn005.smt2""]"
24,0,6928,QF_UF/QG-classification/qg7/gensys_brn005.smt2,bb0c8f6ac3c90fd17db9941d0b5301a165bb905d7a98471ae7fd0aed2c49f3af,811349,sat,1,williams_first_order_carryover,f142088f68ffae0501ab8de7e323efb430c2912e83fc68ef048bfb8276401870,4,4,0,4,0,0,proof-seed-16,proof-seed-16,"[""proof-seed-16"",""proof-seed-32"",""proof-seed-8"",""baseline"",""proof-seed-4"",""proof-seed-0""]",parser_inclusive_subprocess_wall_clock,1,sat,0.269440205,0,0,0,,,"sat
",,"[""/net/scratch/hscra/plgrid/plgnasqret/codex-control/projects/euf-viper/runs/20260727T113307Z-proof-seed-qg7-2d4a372/target/release/euf-viper"",""fabric-solve"",""--engine"",""quotient-portfolio"",""/net/scratch/hscra/plgrid/plgnasqret/codex-control/projects/euf-viper/corpora/9b39c70a794d52277a4e5d83731f0ebc50a2f3b804eb1dfc8cf32766a5ebeadc/smtlib-2025/QF_UF/QF_UF/QG-classification/qg7/gensys_brn005.smt2""]"
25,0,6928,QF_UF/QG-classification/qg7/gensys_brn005.smt2,bb0c8f6ac3c90fd17db9941d0b5301a165bb905d7a98471ae7fd0aed2c49f3af,811349,sat,1,williams_first_order_carryover,f142088f68ffae0501ab8de7e323efb430c2912e83fc68ef048bfb8276401870,4,4,0,4,1,1,proof-seed-32,proof-seed-32,"[""proof-seed-16"",""proof-seed-32"",""proof-seed-8"",""baseline"",""proof-seed-4"",""proof-seed-0""]",parser_inclusive_subprocess_wall_clock,1,sat,0.270761167,0,0,0,,,"sat
",,"[""/net/scratch/hscra/plgrid/plgnasqret/codex-control/projects/euf-viper/runs/20260727T113307Z-proof-seed-qg7-2d4a372/target/release/euf-viper"",""fabric-solve"",""--engine"",""quotient-portfolio"",""/net/scratch/hscra/plgrid/plgnasqret/codex-control/projects/euf-viper/corpora/9b39c70a794d52277a4e5d83731f0ebc50a2f3b804eb1dfc8cf32766a5ebeadc/smtlib-2025/QF_UF/QF_UF/QG-classification/qg7/gensys_brn005.smt2""]"
26,0,6928,QF_UF/QG-classification/qg7/gensys_brn005.smt2,bb0c8f6ac3c90fd17db9941d0b5301a165bb905d7a98471ae7fd0aed2c49f3af,811349,sat,1,williams_first_order_carryover,f142088f68ffae0501ab8de7e323efb430c2912e83fc68ef048bfb8276401870,4,4,0,4,2,2,proof-seed-8,proof-seed-8,"[""proof-seed-16"",""proof-seed-32"",""proof-seed-8"",""baseline"",""proof-seed-4"",""proof-seed-0""]",parser_inclusive_subprocess_wall_clock,1,sat,0.271440153,0,0,0,,,"sat
",,"[""/net/scratch/hscra/plgrid/plgnasqret/codex-control/projects/euf-viper/runs/20260727T113307Z-proof-seed-qg7-2d4a372/target/release/euf-viper"",""fabric-solve"",""--engine"",""quotient-portfolio"",""/net/scratch/hscra/plgrid/plgnasqret/codex-control/projects/euf-viper/corpora/9b39c70a794d52277a4e5d83731f0ebc50a2f3b804eb1dfc8cf32766a5ebeadc/smtlib-2025/QF_UF/QF_UF/QG-classification/qg7/gensys_brn005.smt2""]"
27,0,6928,QF_UF/QG-classification/qg7/gensys_brn005.smt2,bb0c8f6ac3c90fd17db9941d0b5301a165bb905d7a98471ae7fd0aed2c49f3af,811349,sat,1,williams_first_order_carryover,f142088f68ffae0501ab8de7e323efb430c2912e83fc68ef048bfb8276401870,4,4,0,4,3,3,baseline,baseline,"[""proof-seed-16"",""proof-seed-32"",""proof-seed-8"",""baseline"",""proof-seed-4"",""proof-seed-0""]",parser_inclusive_subprocess_wall_clock,1,sat,0.101735271,0,0,0,,,"sat
",,"[""/net/scratch/hscra/plgrid/plgnasqret/codex-control/projects/euf-viper/runs/20260727T113307Z-proof-seed-qg7-2d4a372/target/release/euf-viper"",""fabric-solve"",""--engine"",""quotient-portfolio"",""/net/scratch/hscra/plgrid/plgnasqret/codex-control/projects/euf-viper/corpora/9b39c70a794d52277a4e5d83731f0ebc50a2f3b804eb1dfc8cf32766a5ebeadc/smtlib-2025/QF_UF/QF_UF/QG-classification/qg7/gensys_brn005.smt2""]"
28,0,6928,QF_UF/QG-classification/qg7/gensys_brn005.smt2,bb0c8f6ac3c90fd17db9941d0b5301a165bb905d7a98471ae7fd0aed2c49f3af,811349,sat,1,williams_first_order_carryover,f142088f68ffae0501ab8de7e323efb430c2912e83fc68ef048bfb8276401870,4,4,0,4,4,4,proof-seed-4,proof-seed-4,"[""proof-seed-16"",""proof-seed-32"",""proof-seed-8"",""baseline"",""proof-seed-4"",""proof-seed-0""]",parser_inclusive_subprocess_wall_clock,1,sat,0.276385105,0,0,0,,,"sat
",,"[""/net/scratch/hscra/plgrid/plgnasqret/codex-control/projects/euf-viper/runs/20260727T113307Z-proof-seed-qg7-2d4a372/target/release/euf-viper"",""fabric-solve"",""--engine"",""quotient-portfolio"",""/net/scratch/hscra/plgrid/plgnasqret/codex-control/projects/euf-viper/corpora/9b39c70a794d52277a4e5d83731f0ebc50a2f3b804eb1dfc8cf32766a5ebeadc/smtlib-2025/QF_UF/QF_UF/QG-classification/qg7/gensys_brn005.smt2""]"
29,0,6928,QF_UF/QG-classification/qg7/gensys_brn005.smt2,bb0c8f6ac3c90fd17db9941d0b5301a165bb905d7a98471ae7fd0aed2c49f3af,811349,sat,1,williams_first_order_carryover,f142088f68ffae0501ab8de7e323efb430c2912e83fc68ef048bfb8276401870,4,4,0,4,5,5,proof-seed-0,proof-seed-0,"[""proof-seed-16"",""proof-seed-32"",""proof-seed-8"",""baseline"",""proof-seed-4"",""proof-seed-0""]",parser_inclusive_subprocess_wall_clock,1,sat,0.273978132,0,0,0,,,"sat
",,"[""/net/scratch/hscra/plgrid/plgnasqret/codex-control/projects/euf-viper/runs/20260727T113307Z-proof-seed-qg7-2d4a372/target/release/euf-viper"",""fabric-solve"",""--engine"",""quotient-portfolio"",""/net/scratch/hscra/plgrid/plgnasqret/codex-control/projects/euf-viper/corpora/9b39c70a794d52277a4e5d83731f0ebc50a2f3b804eb1dfc8cf32766a5ebeadc/smtlib-2025/QF_UF/QF_UF/QG-classification/qg7/gensys_brn005.smt2""]"
30,0,6928,QF_UF/QG-classification/qg7/gensys_brn005.smt2,bb0c8f6ac3c90fd17db9941d0b5301a165bb905d7a98471ae7fd0aed2c49f3af,811349,sat,1,williams_first_order_carryover,f142088f68ffae0501ab8de7e323efb430c2912e83fc68ef048bfb8276401870,5,5,0,5,0,0,proof-seed-32,proof-seed-32,"[""proof-seed-32"",""baseline"",""proof-seed-16"",""proof-seed-0"",""proof-seed-8"",""proof-seed-4""]",parser_inclusive_subprocess_wall_clock,1,sat,0.271570489,0,0,0,,,"sat
",,"[""/net/scratch/hscra/plgrid/plgnasqret/codex-control/projects/euf-viper/runs/20260727T113307Z-proof-seed-qg7-2d4a372/target/release/euf-viper"",""fabric-solve"",""--engine"",""quotient-portfolio"",""/net/scratch/hscra/plgrid/plgnasqret/codex-control/projects/euf-viper/corpora/9b39c70a794d52277a4e5d83731f0ebc50a2f3b804eb1dfc8cf32766a5ebeadc/smtlib-2025/QF_UF/QF_UF/QG-classification/qg7/gensys_brn005.smt2""]"
31,0,6928,QF_UF/QG-classification/qg7/gensys_brn005.smt2,bb0c8f6ac3c90fd17db9941d0b5301a165bb905d7a98471ae7fd0aed2c49f3af,811349,sat,1,williams_first_order_carryover,f142088f68ffae0501ab8de7e323efb430c2912e83fc68ef048bfb8276401870,5,5,0,5,1,1,baseline,baseline,"[""proof-seed-32"",""baseline"",""proof-seed-16"",""proof-seed-0"",""proof-seed-8"",""proof-seed-4""]",parser_inclusive_subprocess_wall_clock,1,sat,0.103561965,0,0,0,,,"sat
",,"[""/net/scratch/hscra/plgrid/plgnasqret/codex-control/projects/euf-viper/runs/20260727T113307Z-proof-seed-qg7-2d4a372/target/release/euf-viper"",""fabric-solve"",""--engine"",""quotient-portfolio"",""/net/scratch/hscra/plgrid/plgnasqret/codex-control/projects/euf-viper/corpora/9b39c70a794d52277a4e5d83731f0ebc50a2f3b804eb1dfc8cf32766a5ebeadc/smtlib-2025/QF_UF/QF_UF/QG-classification/qg7/gensys_brn005.smt2""]"
32,0,6928,QF_UF/QG-classification/qg7/gensys_brn005.smt2,bb0c8f6ac3c90fd17db9941d0b5301a165bb905d7a98471ae7fd0aed2c49f3af,811349,sat,1,williams_first_order_carryover,f142088f68ffae0501ab8de7e323efb430c2912e83fc68ef048bfb8276401870,5,5,0,5,2,2,proof-seed-16,proof-seed-16,"[""proof-seed-32"",""baseline"",""proof-seed-16"",""proof-seed-0"",""proof-seed-8"",""proof-seed-4""]",parser_inclusive_subprocess_wall_clock,1,sat,0.273120384,0,0,0,,,"sat
",,"[""/net/scratch/hscra/plgrid/plgnasqret/codex-control/projects/euf-viper/runs/20260727T113307Z-proof-seed-qg7-2d4a372/target/release/euf-viper"",""fabric-solve"",""--engine"",""quotient-portfolio"",""/net/scratch/hscra/plgrid/plgnasqret/codex-control/projects/euf-viper/corpora/9b39c70a794d52277a4e5d83731f0ebc50a2f3b804eb1dfc8cf32766a5ebeadc/smtlib-2025/QF_UF/QF_UF/QG-classification/qg7/gensys_brn005.smt2""]"
33,0,6928,QF_UF/QG-classification/qg7/gensys_brn005.smt2,bb0c8f6ac3c90fd17db9941d0b5301a165bb905d7a98471ae7fd0aed2c49f3af,811349,sat,1,williams_first_order_carryover,f142088f68ffae0501ab8de7e323efb430c2912e83fc68ef048bfb8276401870,5,5,0,5,3,3,proof-seed-0,proof-seed-0,"[""proof-seed-32"",""baseline"",""proof-seed-16"",""proof-seed-0"",""proof-seed-8"",""proof-seed-4""]",parser_inclusive_subprocess_wall_clock,1,sat,0.272931905,0,0,0,,,"sat
",,"[""/net/scratch/hscra/plgrid/plgnasqret/codex-control/projects/euf-viper/runs/20260727T113307Z-proof-seed-qg7-2d4a372/target/release/euf-viper"",""fabric-solve"",""--engine"",""quotient-portfolio"",""/net/scratch/hscra/plgrid/plgnasqret/codex-control/projects/euf-viper/corpora/9b39c70a794d52277a4e5d83731f0ebc50a2f3b804eb1dfc8cf32766a5ebeadc/smtlib-2025/QF_UF/QF_UF/QG-classification/qg7/gensys_brn005.smt2""]"
34,0,6928,QF_UF/QG-classification/qg7/gensys_brn005.smt2,bb0c8f6ac3c90fd17db9941d0b5301a165bb905d7a98471ae7fd0aed2c49f3af,811349,sat,1,williams_first_order_carryover,f142088f68ffae0501ab8de7e323efb430c2912e83fc68ef048bfb8276401870,5,5,0,5,4,4,proof-seed-8,proof-seed-8,"[""proof-seed-32"",""baseline"",""proof-seed-16"",""proof-seed-0"",""proof-seed-8"",""proof-seed-4""]",parser_inclusive_subprocess_wall_clock,1,sat,0.273486644,0,0,0,,,"sat
",,"[""/net/scratch/hscra/plgrid/plgnasqret/codex-control/projects/euf-viper/runs/20260727T113307Z-proof-seed-qg7-2d4a372/target/release/euf-viper"",""fabric-solve"",""--engine"",""quotient-portfolio"",""/net/scratch/hscra/plgrid/plgnasqret/codex-control/projects/euf-viper/corpora/9b39c70a794d52277a4e5d83731f0ebc50a2f3b804eb1dfc8cf32766a5ebeadc/smtlib-2025/QF_UF/QF_UF/QG-classification/qg7/gensys_brn005.smt2""]"
35,0,6928,QF_UF/QG-classification/qg7/gensys_brn005.smt2,bb0c8f6ac3c90fd17db9941d0b5301a165bb905d7a98471ae7fd0aed2c49f3af,811349,sat,1,williams_first_order_carryover,f142088f68ffae0501ab8de7e323efb430c2912e83fc68ef048bfb8276401870,5,5,0,5,5,5,proof-seed-4,proof-seed-4,"[""proof-seed-32"",""baseline"",""proof-seed-16"",""proof-seed-0"",""proof-seed-8"",""proof-seed-4""]",parser_inclusive_subprocess_wall_clock,1,sat,0.271393378,0,0,0,,,"sat
",,"[""/net/scratch/hscra/plgrid/plgnasqret/codex-control/projects/euf-viper/runs/20260727T113307Z-proof-seed-qg7-2d4a372/target/release/euf-viper"",""fabric-solve"",""--engine"",""quotient-portfolio"",""/net/scratch/hscra/plgrid/plgnasqret/codex-control/projects/euf-viper/corpora/9b39c70a794d52277a4e5d83731f0ebc50a2f3b804eb1dfc8cf32766a5ebeadc/smtlib-2025/QF_UF/QF_UF/QG-classification/qg7/gensys_brn005.smt2""]"
36,1,7037,QF_UF/QG-classification/qg7/gensys_icl004.smt2,7136175cd6dd47a322bb329e0dd1e93d109ee2b86400fe48d6ac2211897f2c15,812328,unsat,1,williams_first_order_carryover,f142088f68ffae0501ab8de7e323efb430c2912e83fc68ef048bfb8276401870,0,0,0,0,0,0,baseline,baseline,"[""baseline"",""proof-seed-0"",""proof-seed-32"",""proof-seed-4"",""proof-seed-16"",""proof-seed-8""]",parser_inclusive_subprocess_wall_clock,1,timeout,2.006152677,124,-9,1,timeout,exceeded 2 seconds,,,"[""/net/scratch/hscra/plgrid/plgnasqret/codex-control/projects/euf-viper/runs/20260727T113307Z-proof-seed-qg7-2d4a372/target/release/euf-viper"",""fabric-solve"",""--engine"",""quotient-portfolio"",""/net/scratch/hscra/plgrid/plgnasqret/codex-control/projects/euf-viper/corpora/9b39c70a794d52277a4e5d83731f0ebc50a2f3b804eb1dfc8cf32766a5ebeadc/smtlib-2025/QF_UF/QF_UF/QG-classification/qg7/gensys_icl004.smt2""]"
37,1,7037,QF_UF/QG-classification/qg7/gensys_icl004.smt2,7136175cd6dd47a322bb329e0dd1e93d109ee2b86400fe48d6ac2211897f2c15,812328,unsat,1,williams_first_order_carryover,f142088f68ffae0501ab8de7e323efb430c2912e83fc68ef048bfb8276401870,0,0,0,0,1,1,proof-seed-0,proof-seed-0,"[""baseline"",""proof-seed-0"",""proof-seed-32"",""proof-seed-4"",""proof-seed-16"",""proof-seed-8""]",parser_inclusive_subprocess_wall_clock,1,unsat,1.405631512,0,0,0,,,"unsat
",,"[""/net/scratch/hscra/plgrid/plgnasqret/codex-control/projects/euf-viper/runs/20260727T113307Z-proof-seed-qg7-2d4a372/target/release/euf-viper"",""fabric-solve"",""--engine"",""quotient-portfolio"",""/net/scratch/hscra/plgrid/plgnasqret/codex-control/projects/euf-viper/corpora/9b39c70a794d52277a4e5d83731f0ebc50a2f3b804eb1dfc8cf32766a5ebeadc/smtlib-2025/QF_UF/QF_UF/QG-classification/qg7/gensys_icl004.smt2""]"
38,1,7037,QF_UF/QG-classification/qg7/gensys_icl004.smt2,7136175cd6dd47a322bb329e0dd1e93d109ee2b86400fe48d6ac2211897f2c15,812328,unsat,1,williams_first_order_carryover,f142088f68ffae0501ab8de7e323efb430c2912e83fc68ef048bfb8276401870,0,0,0,0,2,2,proof-seed-32,proof-seed-32,"[""baseline"",""proof-seed-0"",""proof-seed-32"",""proof-seed-4"",""proof-seed-16"",""proof-seed-8""]",parser_inclusive_subprocess_wall_clock,1,unsat,1.522776272,0,0,0,,,"unsat
",,"[""/net/scratch/hscra/plgrid/plgnasqret/codex-control/projects/euf-viper/runs/20260727T113307Z-proof-seed-qg7-2d4a372/target/release/euf-viper"",""fabric-solve"",""--engine"",""quotient-portfolio"",""/net/scratch/hscra/plgrid/plgnasqret/codex-control/projects/euf-viper/corpora/9b39c70a794d52277a4e5d83731f0ebc50a2f3b804eb1dfc8cf32766a5ebeadc/smtlib-2025/QF_UF/QF_UF/QG-classification/qg7/gensys_icl004.smt2""]"
39,1,7037,QF_UF/QG-classification/qg7/gensys_icl004.smt2,7136175cd6dd47a322bb329e0dd1e93d109ee2b86400fe48d6ac2211897f2c15,812328,unsat,1,williams_first_order_carryover,f142088f68ffae0501ab8de7e323efb430c2912e83fc68ef048bfb8276401870,0,0,0,0,3,3,proof-seed-4,proof-seed-4,"[""baseline"",""proof-seed-0"",""proof-seed-32"",""proof-seed-4"",""proof-seed-16"",""proof-seed-8""]",parser_inclusive_subprocess_wall_clock,1,unsat,1.574100856,0,0,0,,,"unsat
",,"[""/net/scratch/hscra/plgrid/plgnasqret/codex-control/projects/euf-viper/runs/20260727T113307Z-proof-seed-qg7-2d4a372/target/release/euf-viper"",""fabric-solve"",""--engine"",""quotient-portfolio"",""/net/scratch/hscra/plgrid/plgnasqret/codex-control/projects/euf-viper/corpora/9b39c70a794d52277a4e5d83731f0ebc50a2f3b804eb1dfc8cf32766a5ebeadc/smtlib-2025/QF_UF/QF_UF/QG-classification/qg7/gensys_icl004.smt2""]"
40,1,7037,QF_UF/QG-classification/qg7/gensys_icl004.smt2,7136175cd6dd47a322bb329e0dd1e93d109ee2b86400fe48d6ac2211897f2c15,812328,unsat,1,williams_first_order_carryover,f142088f68ffae0501ab8de7e323efb430c2912e83fc68ef048bfb8276401870,0,0,0,0,4,4,proof-seed-16,proof-seed-16,"[""baseline"",""proof-seed-0"",""proof-seed-32"",""proof-seed-4"",""proof-seed-16"",""proof-seed-8""]",parser_inclusive_subprocess_wall_clock,1,unsat,1.524583565,0,0,0,,,"unsat
",,"[""/net/scratch/hscra/plgrid/plgnasqret/codex-control/projects/euf-viper/runs/20260727T113307Z-proof-seed-qg7-2d4a372/target/release/euf-viper"",""fabric-solve"",""--engine"",""quotient-portfolio"",""/net/scratch/hscra/plgrid/plgnasqret/codex-control/projects/euf-viper/corpora/9b39c70a794d52277a4e5d83731f0ebc50a2f3b804eb1dfc8cf32766a5ebeadc/smtlib-2025/QF_UF/QF_UF/QG-classification/qg7/gensys_icl004.smt2""]"
41,1,7037,QF_UF/QG-classification/qg7/gensys_icl004.smt2,7136175cd6dd47a322bb329e0dd1e93d109ee2b86400fe48d6ac2211897f2c15,812328,unsat,1,williams_first_order_carryover,f142088f68ffae0501ab8de7e323efb430c2912e83fc68ef048bfb8276401870,0,0,0,0,5,5,proof-seed-8,proof-seed-8,"[""baseline"",""proof-seed-0"",""proof-seed-32"",""proof-seed-4"",""proof-seed-16"",""proof-seed-8""]",parser_inclusive_subprocess_wall_clock,1,unsat,1.428089955,0,0,0,,,"unsat
",,"[""/net/scratch/hscra/plgrid/plgnasqret/codex-control/projects/euf-viper/runs/20260727T113307Z-proof-seed-qg7-2d4a372/target/release/euf-viper"",""fabric-solve"",""--engine"",""quotient-portfolio"",""/net/scratch/hscra/plgrid/plgnasqret/codex-control/projects/euf-viper/corpora/9b39c70a794d52277a4e5d83731f0ebc50a2f3b804eb1dfc8cf32766a5ebeadc/smtlib-2025/QF_UF/QF_UF/QG-classification/qg7/gensys_icl004.smt2""]"
42,1,7037,QF_UF/QG-classification/qg7/gensys_icl004.smt2,7136175cd6dd47a322bb329e0dd1e93d109ee2b86400fe48d6ac2211897f2c15,812328,unsat,1,williams_first_order_carryover,f142088f68ffae0501ab8de7e323efb430c2912e83fc68ef048bfb8276401870,1,1,0,1,0,0,proof-seed-0,proof-seed-0,"[""proof-seed-0"",""proof-seed-4"",""baseline"",""proof-seed-8"",""proof-seed-32"",""proof-seed-16""]",parser_inclusive_subprocess_wall_clock,1,unsat,1.401877627,0,0,0,,,"unsat
",,"[""/net/scratch/hscra/plgrid/plgnasqret/codex-control/projects/euf-viper/runs/20260727T113307Z-proof-seed-qg7-2d4a372/target/release/euf-viper"",""fabric-solve"",""--engine"",""quotient-portfolio"",""/net/scratch/hscra/plgrid/plgnasqret/codex-control/projects/euf-viper/corpora/9b39c70a794d52277a4e5d83731f0ebc50a2f3b804eb1dfc8cf32766a5ebeadc/smtlib-2025/QF_UF/QF_UF/QG-classification/qg7/gensys_icl004.smt2""]"
43,1,7037,QF_UF/QG-classification/qg7/gensys_icl004.smt2,7136175cd6dd47a322bb329e0dd1e93d109ee2b86400fe48d6ac2211897f2c15,812328,unsat,1,williams_first_order_carryover,f142088f68ffae0501ab8de7e323efb430c2912e83fc68ef048bfb8276401870,1,1,0,1,1,1,proof-seed-4,proof-seed-4,"[""proof-seed-0"",""proof-seed-4"",""baseline"",""proof-seed-8"",""proof-seed-32"",""proof-seed-16""]",parser_inclusive_subprocess_wall_clock,1,unsat,1.567835442,0,0,0,,,"unsat
",,"[""/net/scratch/hscra/plgrid/plgnasqret/codex-control/projects/euf-viper/runs/20260727T113307Z-proof-seed-qg7-2d4a372/target/release/euf-viper"",""fabric-solve"",""--engine"",""quotient-portfolio"",""/net/scratch/hscra/plgrid/plgnasqret/codex-control/projects/euf-viper/corpora/9b39c70a794d52277a4e5d83731f0ebc50a2f3b804eb1dfc8cf32766a5ebeadc/smtlib-2025/QF_UF/QF_UF/QG-classification/qg7/gensys_icl004.smt2""]"
44,1,7037,QF_UF/QG-classification/qg7/gensys_icl004.smt2,7136175cd6dd47a322bb329e0dd1e93d109ee2b86400fe48d6ac2211897f2c15,812328,unsat,1,williams_first_order_carryover,f142088f68ffae0501ab8de7e323efb430c2912e83fc68ef048bfb8276401870,1,1,0,1,2,2,baseline,baseline,"[""proof-seed-0"",""proof-seed-4"",""baseline"",""proof-seed-8"",""proof-seed-32"",""proof-seed-16""]",parser_inclusive_subprocess_wall_clock,1,timeout,2.006406289,124,-9,1,timeout,exceeded 2 seconds,,,"[""/net/scratch/hscra/plgrid/plgnasqret/codex-control/projects/euf-viper/runs/20260727T113307Z-proof-seed-qg7-2d4a372/target/release/euf-viper"",""fabric-solve"",""--engine"",""quotient-portfolio"",""/net/scratch/hscra/plgrid/plgnasqret/codex-control/projects/euf-viper/corpora/9b39c70a794d52277a4e5d83731f0ebc50a2f3b804eb1dfc8cf32766a5ebeadc/smtlib-2025/QF_UF/QF_UF/QG-classification/qg7/gensys_icl004.smt2""]"
45,1,7037,QF_UF/QG-classification/qg7/gensys_icl004.smt2,7136175cd6dd47a322bb329e0dd1e93d109ee2b86400fe48d6ac2211897f2c15,812328,unsat,1,williams_first_order_carryover,f142088f68ffae0501ab8de7e323efb430c2912e83fc68ef048bfb8276401870,1,1,0,1,3,3,proof-seed-8,proof-seed-8,"[""proof-seed-0"",""proof-seed-4"",""baseline"",""proof-seed-8"",""proof-seed-32"",""proof-seed-16""]",parser_inclusive_subprocess_wall_clock,1,unsat,1.434058750,0,0,0,,,"unsat
",,"[""/net/scratch/hscra/plgrid/plgnasqret/codex-control/projects/euf-viper/runs/20260727T113307Z-proof-seed-qg7-2d4a372/target/release/euf-viper"",""fabric-solve"",""--engine"",""quotient-portfolio"",""/net/scratch/hscra/plgrid/plgnasqret/codex-control/projects/euf-viper/corpora/9b39c70a794d52277a4e5d83731f0ebc50a2f3b804eb1dfc8cf32766a5ebeadc/smtlib-2025/QF_UF/QF_UF/QG-classification/qg7/gensys_icl004.smt2""]"
46,1,7037,QF_UF/QG-classification/qg7/gensys_icl004.smt2,7136175cd6dd47a322bb329e0dd1e93d109ee2b86400fe48d6ac2211897f2c15,812328,unsat,1,williams_first_order_carryover,f142088f68ffae0501ab8de7e323efb430c2912e83fc68ef048bfb8276401870,1,1,0,1,4,4,proof-seed-32,proof-seed-32,"[""proof-seed-0"",""proof-seed-4"",""baseline"",""proof-seed-8"",""proof-seed-32"",""proof-seed-16""]",parser_inclusive_subprocess_wall_clock,1,unsat,1.525454424,0,0,0,,,"unsat
",,"[""/net/scratch/hscra/plgrid/plgnasqret/codex-control/projects/euf-viper/runs/20260727T113307Z-proof-seed-qg7-2d4a372/target/release/euf-viper"",""fabric-solve"",""--engine"",""quotient-portfolio"",""/net/scratch/hscra/plgrid/plgnasqret/codex-control/projects/euf-viper/corpora/9b39c70a794d52277a4e5d83731f0ebc50a2f3b804eb1dfc8cf32766a5ebeadc/smtlib-2025/QF_UF/QF_UF/QG-classification/qg7/gensys_icl004.smt2""]"
47,1,7037,QF_UF/QG-classification/qg7/gensys_icl004.smt2,7136175cd6dd47a322bb329e0dd1e93d109ee2b86400fe48d6ac2211897f2c15,812328,unsat,1,williams_first_order_carryover,f142088f68ffae0501ab8de7e323efb430c2912e83fc68ef048bfb8276401870,1,1,0,1,5,5,proof-seed-16,proof-seed-16,"[""proof-seed-0"",""proof-seed-4"",""baseline"",""proof-seed-8"",""proof-seed-32"",""proof-seed-16""]",parser_inclusive_subprocess_wall_clock,1,unsat,1.555876070,0,0,0,,,"unsat
",,"[""/net/scratch/hscra/plgrid/plgnasqret/codex-control/projects/euf-viper/runs/20260727T113307Z-proof-seed-qg7-2d4a372/target/release/euf-viper"",""fabric-solve"",""--engine"",""quotient-portfolio"",""/net/scratch/hscra/plgrid/plgnasqret/codex-control/projects/euf-viper/corpora/9b39c70a794d52277a4e5d83731f0ebc50a2f3b804eb1dfc8cf32766a5ebeadc/smtlib-2025/QF_UF/QF_UF/QG-classification/qg7/gensys_icl004.smt2""]"
48,1,7037,QF_UF/QG-classification/qg7/gensys_icl004.smt2,7136175cd6dd47a322bb329e0dd1e93d109ee2b86400fe48d6ac2211897f2c15,812328,unsat,1,williams_first_order_carryover,f142088f68ffae0501ab8de7e323efb430c2912e83fc68ef048bfb8276401870,2,2,0,2,0,0,proof-seed-4,proof-seed-4,"[""proof-seed-4"",""proof-seed-8"",""proof-seed-0"",""proof-seed-16"",""baseline"",""proof-seed-32""]",parser_inclusive_subprocess_wall_clock,1,unsat,1.571807573,0,0,0,,,"unsat
",,"[""/net/scratch/hscra/plgrid/plgnasqret/codex-control/projects/euf-viper/runs/20260727T113307Z-proof-seed-qg7-2d4a372/target/release/euf-viper"",""fabric-solve"",""--engine"",""quotient-portfolio"",""/net/scratch/hscra/plgrid/plgnasqret/codex-control/projects/euf-viper/corpora/9b39c70a794d52277a4e5d83731f0ebc50a2f3b804eb1dfc8cf32766a5ebeadc/smtlib-2025/QF_UF/QF_UF/QG-classification/qg7/gensys_icl004.smt2""]"
49,1,7037,QF_UF/QG-classification/qg7/gensys_icl004.smt2,7136175cd6dd47a322bb329e0dd1e93d109ee2b86400fe48d6ac2211897f2c15,812328,unsat,1,williams_first_order_carryover,f142088f68ffae0501ab8de7e323efb430c2912e83fc68ef048bfb8276401870,2,2,0,2,1,1,proof-seed-8,proof-seed-8,"[""proof-seed-4"",""proof-seed-8"",""proof-seed-0"",""proof-seed-16"",""baseline"",""proof-seed-32""]",parser_inclusive_subprocess_wall_clock,1,unsat,1.432015802,0,0,0,,,"unsat
",,"[""/net/scratch/hscra/plgrid/plgnasqret/codex-control/projects/euf-viper/runs/20260727T113307Z-proof-seed-qg7-2d4a372/target/release/euf-viper"",""fabric-solve"",""--engine"",""quotient-portfolio"",""/net/scratch/hscra/plgrid/plgnasqret/codex-control/projects/euf-viper/corpora/9b39c70a794d52277a4e5d83731f0ebc50a2f3b804eb1dfc8cf32766a5ebeadc/smtlib-2025/QF_UF/QF_UF/QG-classification/qg7/gensys_icl004.smt2""]"
50,1,7037,QF_UF/QG-classification/qg7/gensys_icl004.smt2,7136175cd6dd47a322bb329e0dd1e93d109ee2b86400fe48d6ac2211897f2c15,812328,unsat,1,williams_first_order_carryover,f142088f68ffae0501ab8de7e323efb430c2912e83fc68ef048bfb8276401870,2,2,0,2,2,2,proof-seed-0,proof-seed-0,"[""proof-seed-4"",""proof-seed-8"",""proof-seed-0"",""proof-seed-16"",""baseline"",""proof-seed-32""]",parser_inclusive_subprocess_wall_clock,1,unsat,1.405844180,0,0,0,,,"unsat
",,"[""/net/scratch/hscra/plgrid/plgnasqret/codex-control/projects/euf-viper/runs/20260727T113307Z-proof-seed-qg7-2d4a372/target/release/euf-viper"",""fabric-solve"",""--engine"",""quotient-portfolio"",""/net/scratch/hscra/plgrid/plgnasqret/codex-control/projects/euf-viper/corpora/9b39c70a794d52277a4e5d83731f0ebc50a2f3b804eb1dfc8cf32766a5ebeadc/smtlib-2025/QF_UF/QF_UF/QG-classification/qg7/gensys_icl004.smt2""]"
51,1,7037,QF_UF/QG-classification/qg7/gensys_icl004.smt2,7136175cd6dd47a322bb329e0dd1e93d109ee2b86400fe48d6ac2211897f2c15,812328,unsat,1,williams_first_order_carryover,f142088f68ffae0501ab8de7e323efb430c2912e83fc68ef048bfb8276401870,2,2,0,2,3,3,proof-seed-16,proof-seed-16,"[""proof-seed-4"",""proof-seed-8"",""proof-seed-0"",""proof-seed-16"",""baseline"",""proof-seed-32""]",parser_inclusive_subprocess_wall_clock,1,unsat,1.517202316,0,0,0,,,"unsat
",,"[""/net/scratch/hscra/plgrid/plgnasqret/codex-control/projects/euf-viper/runs/20260727T113307Z-proof-seed-qg7-2d4a372/target/release/euf-viper"",""fabric-solve"",""--engine"",""quotient-portfolio"",""/net/scratch/hscra/plgrid/plgnasqret/codex-control/projects/euf-viper/corpora/9b39c70a794d52277a4e5d83731f0ebc50a2f3b804eb1dfc8cf32766a5ebeadc/smtlib-2025/QF_UF/QF_UF/QG-classification/qg7/gensys_icl004.smt2""]"
52,1,7037,QF_UF/QG-classification/qg7/gensys_icl004.smt2,7136175cd6dd47a322bb329e0dd1e93d109ee2b86400fe48d6ac2211897f2c15,812328,unsat,1,williams_first_order_carryover,f142088f68ffae0501ab8de7e323efb430c2912e83fc68ef048bfb8276401870,2,2,0,2,4,4,baseline,baseline,"[""proof-seed-4"",""proof-seed-8"",""proof-seed-0"",""proof-seed-16"",""baseline"",""proof-seed-32""]",parser_inclusive_subprocess_wall_clock,1,timeout,2.005968182,124,-9,1,timeout,exceeded 2 seconds,,,"[""/net/scratch/hscra/plgrid/plgnasqret/codex-control/projects/euf-viper/runs/20260727T113307Z-proof-seed-qg7-2d4a372/target/release/euf-viper"",""fabric-solve"",""--engine"",""quotient-portfolio"",""/net/scratch/hscra/plgrid/plgnasqret/codex-control/projects/euf-viper/corpora/9b39c70a794d52277a4e5d83731f0ebc50a2f3b804eb1dfc8cf32766a5ebeadc/smtlib-2025/QF_UF/QF_UF/QG-classification/qg7/gensys_icl004.smt2""]"
53,1,7037,QF_UF/QG-classification/qg7/gensys_icl004.smt2,7136175cd6dd47a322bb329e0dd1e93d109ee2b86400fe48d6ac2211897f2c15,812328,unsat,1,williams_first_order_carryover,f142088f68ffae0501ab8de7e323efb430c2912e83fc68ef048bfb8276401870,2,2,0,2,5,5,proof-seed-32,proof-seed-32,"[""proof-seed-4"",""proof-seed-8"",""proof-seed-0"",""proof-seed-16"",""baseline"",""proof-seed-32""]",parser_inclusive_subprocess_wall_clock,1,unsat,1.529713762,0,0,0,,,"unsat
",,"[""/net/scratch/hscra/plgrid/plgnasqret/codex-control/projects/euf-viper/runs/20260727T113307Z-proof-seed-qg7-2d4a372/target/release/euf-viper"",""fabric-solve"",""--engine"",""quotient-portfolio"",""/net/scratch/hscra/plgrid/plgnasqret/codex-control/projects/euf-viper/corpora/9b39c70a794d52277a4e5d83731f0ebc50a2f3b804eb1dfc8cf32766a5ebeadc/smtlib-2025/QF_UF/QF_UF/QG-classification/qg7/gensys_icl004.smt2""]"
54,1,7037,QF_UF/QG-classification/qg7/gensys_icl004.smt2,7136175cd6dd47a322bb329e0dd1e93d109ee2b86400fe48d6ac2211897f2c15,812328,unsat,1,williams_first_order_carryover,f142088f68ffae0501ab8de7e323efb430c2912e83fc68ef048bfb8276401870,3,3,0,3,0,0,proof-seed-8,proof-seed-8,"[""proof-seed-8"",""proof-seed-16"",""proof-seed-4"",""proof-seed-32"",""proof-seed-0"",""baseline""]",parser_inclusive_subprocess_wall_clock,1,unsat,1.423960593,0,0,0,,,"unsat
",,"[""/net/scratch/hscra/plgrid/plgnasqret/codex-control/projects/euf-viper/runs/20260727T113307Z-proof-seed-qg7-2d4a372/target/release/euf-viper"",""fabric-solve"",""--engine"",""quotient-portfolio"",""/net/scratch/hscra/plgrid/plgnasqret/codex-control/projects/euf-viper/corpora/9b39c70a794d52277a4e5d83731f0ebc50a2f3b804eb1dfc8cf32766a5ebeadc/smtlib-2025/QF_UF/QF_UF/QG-classification/qg7/gensys_icl004.smt2""]"
55,1,7037,QF_UF/QG-classification/qg7/gensys_icl004.smt2,7136175cd6dd47a322bb329e0dd1e93d109ee2b86400fe48d6ac2211897f2c15,812328,unsat,1,williams_first_order_carryover,f142088f68ffae0501ab8de7e323efb430c2912e83fc68ef048bfb8276401870,3,3,0,3,1,1,proof-seed-16,proof-seed-16,"[""proof-seed-8"",""proof-seed-16"",""proof-seed-4"",""proof-seed-32"",""proof-seed-0"",""baseline""]",parser_inclusive_subprocess_wall_clock,1,unsat,1.513921543,0,0,0,,,"unsat
",,"[""/net/scratch/hscra/plgrid/plgnasqret/codex-control/projects/euf-viper/runs/20260727T113307Z-proof-seed-qg7-2d4a372/target/release/euf-viper"",""fabric-solve"",""--engine"",""quotient-portfolio"",""/net/scratch/hscra/plgrid/plgnasqret/codex-control/projects/euf-viper/corpora/9b39c70a794d52277a4e5d83731f0ebc50a2f3b804eb1dfc8cf32766a5ebeadc/smtlib-2025/QF_UF/QF_UF/QG-classification/qg7/gensys_icl004.smt2""]"
56,1,7037,QF_UF/QG-classification/qg7/gensys_icl004.smt2,7136175cd6dd47a322bb329e0dd1e93d109ee2b86400fe48d6ac2211897f2c15,812328,unsat,1,williams_first_order_carryover,f142088f68ffae0501ab8de7e323efb430c2912e83fc68ef048bfb8276401870,3,3,0,3,2,2,proof-seed-4,proof-seed-4,"[""proof-seed-8"",""proof-seed-16"",""proof-seed-4"",""proof-seed-32"",""proof-seed-0"",""baseline""]",parser_inclusive_subprocess_wall_clock,1,unsat,1.567312616,0,0,0,,,"unsat
",,"[""/net/scratch/hscra/plgrid/plgnasqret/codex-control/projects/euf-viper/runs/20260727T113307Z-proof-seed-qg7-2d4a372/target/release/euf-viper"",""fabric-solve"",""--engine"",""quotient-portfolio"",""/net/scratch/hscra/plgrid/plgnasqret/codex-control/projects/euf-viper/corpora/9b39c70a794d52277a4e5d83731f0ebc50a2f3b804eb1dfc8cf32766a5ebeadc/smtlib-2025/QF_UF/QF_UF/QG-classification/qg7/gensys_icl004.smt2""]"
57,1,7037,QF_UF/QG-classification/qg7/gensys_icl004.smt2,7136175cd6dd47a322bb329e0dd1e93d109ee2b86400fe48d6ac2211897f2c15,812328,unsat,1,williams_first_order_carryover,f142088f68ffae0501ab8de7e323efb430c2912e83fc68ef048bfb8276401870,3,3,0,3,3,3,proof-seed-32,proof-seed-32,"[""proof-seed-8"",""proof-seed-16"",""proof-seed-4"",""proof-seed-32"",""proof-seed-0"",""baseline""]",parser_inclusive_subprocess_wall_clock,1,unsat,1.514364674,0,0,0,,,"unsat
",,"[""/net/scratch/hscra/plgrid/plgnasqret/codex-control/projects/euf-viper/runs/20260727T113307Z-proof-seed-qg7-2d4a372/target/release/euf-viper"",""fabric-solve"",""--engine"",""quotient-portfolio"",""/net/scratch/hscra/plgrid/plgnasqret/codex-control/projects/euf-viper/corpora/9b39c70a794d52277a4e5d83731f0ebc50a2f3b804eb1dfc8cf32766a5ebeadc/smtlib-2025/QF_UF/QF_UF/QG-classification/qg7/gensys_icl004.smt2""]"
58,1,7037,QF_UF/QG-classification/qg7/gensys_icl004.smt2,7136175cd6dd47a322bb329e0dd1e93d109ee2b86400fe48d6ac2211897f2c15,812328,unsat,1,williams_first_order_carryover,f142088f68ffae0501ab8de7e323efb430c2912e83fc68ef048bfb8276401870,3,3,0,3,4,4,proof-seed-0,proof-seed-0,"[""proof-seed-8"",""proof-seed-16"",""proof-seed-4"",""proof-seed-32"",""proof-seed-0"",""baseline""]",parser_inclusive_subprocess_wall_clock,1,unsat,1.400110934,0,0,0,,,"unsat
",,"[""/net/scratch/hscra/plgrid/plgnasqret/codex-control/projects/euf-viper/runs/20260727T113307Z-proof-seed-qg7-2d4a372/target/release/euf-viper"",""fabric-solve"",""--engine"",""quotient-portfolio"",""/net/scratch/hscra/plgrid/plgnasqret/codex-control/projects/euf-viper/corpora/9b39c70a794d52277a4e5d83731f0ebc50a2f3b804eb1dfc8cf32766a5ebeadc/smtlib-2025/QF_UF/QF_UF/QG-classification/qg7/gensys_icl004.smt2""]"
59,1,7037,QF_UF/QG-classification/qg7/gensys_icl004.smt2,7136175cd6dd47a322bb329e0dd1e93d109ee2b86400fe48d6ac2211897f2c15,812328,unsat,1,williams_first_order_carryover,f142088f68ffae0501ab8de7e323efb430c2912e83fc68ef048bfb8276401870,3,3,0,3,5,5,baseline,baseline,"[""proof-seed-8"",""proof-seed-16"",""proof-seed-4"",""proof-seed-32"",""proof-seed-0"",""baseline""]",parser_inclusive_subprocess_wall_clock,1,timeout,2.006217932,124,-9,1,timeout,exceeded 2 seconds,,,"[""/net/scratch/hscra/plgrid/plgnasqret/codex-control/projects/euf-viper/runs/20260727T113307Z-proof-seed-qg7-2d4a372/target/release/euf-viper"",""fabric-solve"",""--engine"",""quotient-portfolio"",""/net/scratch/hscra/plgrid/plgnasqret/codex-control/projects/euf-viper/corpora/9b39c70a794d52277a4e5d83731f0ebc50a2f3b804eb1dfc8cf32766a5ebeadc/smtlib-2025/QF_UF/QF_UF/QG-classification/qg7/gensys_icl004.smt2""]"
60,1,7037,QF_UF/QG-classification/qg7/gensys_icl004.smt2,7136175cd6dd47a322bb329e0dd1e93d109ee2b86400fe48d6ac2211897f2c15,812328,unsat,1,williams_first_order_carryover,f142088f68ffae0501ab8de7e323efb430c2912e83fc68ef048bfb8276401870,4,4,0,4,0,0,proof-seed-16,proof-seed-16,"[""proof-seed-16"",""proof-seed-32"",""proof-seed-8"",""baseline"",""proof-seed-4"",""proof-seed-0""]",parser_inclusive_subprocess_wall_clock,1,unsat,1.518712060,0,0,0,,,"unsat
",,"[""/net/scratch/hscra/plgrid/plgnasqret/codex-control/projects/euf-viper/runs/20260727T113307Z-proof-seed-qg7-2d4a372/target/release/euf-viper"",""fabric-solve"",""--engine"",""quotient-portfolio"",""/net/scratch/hscra/plgrid/plgnasqret/codex-control/projects/euf-viper/corpora/9b39c70a794d52277a4e5d83731f0ebc50a2f3b804eb1dfc8cf32766a5ebeadc/smtlib-2025/QF_UF/QF_UF/QG-classification/qg7/gensys_icl004.smt2""]"
61,1,7037,QF_UF/QG-classification/qg7/gensys_icl004.smt2,7136175cd6dd47a322bb329e0dd1e93d109ee2b86400fe48d6ac2211897f2c15,812328,unsat,1,williams_first_order_carryover,f142088f68ffae0501ab8de7e323efb430c2912e83fc68ef048bfb8276401870,4,4,0,4,1,1,proof-seed-32,proof-seed-32,"[""proof-seed-16"",""proof-seed-32"",""proof-seed-8"",""baseline"",""proof-seed-4"",""proof-seed-0""]",parser_inclusive_subprocess_wall_clock,1,unsat,1.516520469,0,0,0,,,"unsat
",,"[""/net/scratch/hscra/plgrid/plgnasqret/codex-control/projects/euf-viper/runs/20260727T113307Z-proof-seed-qg7-2d4a372/target/release/euf-viper"",""fabric-solve"",""--engine"",""quotient-portfolio"",""/net/scratch/hscra/plgrid/plgnasqret/codex-control/projects/euf-viper/corpora/9b39c70a794d52277a4e5d83731f0ebc50a2f3b804eb1dfc8cf32766a5ebeadc/smtlib-2025/QF_UF/QF_UF/QG-classification/qg7/gensys_icl004.smt2""]"
62,1,7037,QF_UF/QG-classification/qg7/gensys_icl004.smt2,7136175cd6dd47a322bb329e0dd1e93d109ee2b86400fe48d6ac2211897f2c15,812328,unsat,1,williams_first_order_carryover,f142088f68ffae0501ab8de7e323efb430c2912e83fc68ef048bfb8276401870,4,4,0,4,2,2,proof-seed-8,proof-seed-8,"[""proof-seed-16"",""proof-seed-32"",""proof-seed-8"",""baseline"",""proof-seed-4"",""proof-seed-0""]",parser_inclusive_subprocess_wall_clock,1,unsat,1.437821612,0,0,0,,,"unsat
",,"[""/net/scratch/hscra/plgrid/plgnasqret/codex-control/projects/euf-viper/runs/20260727T113307Z-proof-seed-qg7-2d4a372/target/release/euf-viper"",""fabric-solve"",""--engine"",""quotient-portfolio"",""/net/scratch/hscra/plgrid/plgnasqret/codex-control/projects/euf-viper/corpora/9b39c70a794d52277a4e5d83731f0ebc50a2f3b804eb1dfc8cf32766a5ebeadc/smtlib-2025/QF_UF/QF_UF/QG-classification/qg7/gensys_icl004.smt2""]"
63,1,7037,QF_UF/QG-classification/qg7/gensys_icl004.smt2,7136175cd6dd47a322bb329e0dd1e93d109ee2b86400fe48d6ac2211897f2c15,812328,unsat,1,williams_first_order_carryover,f142088f68ffae0501ab8de7e323efb430c2912e83fc68ef048bfb8276401870,4,4,0,4,3,3,baseline,baseline,"[""proof-seed-16"",""proof-seed-32"",""proof-seed-8"",""baseline"",""proof-seed-4"",""proof-seed-0""]",parser_inclusive_subprocess_wall_clock,1,timeout,2.005868629,124,-9,1,timeout,exceeded 2 seconds,,,"[""/net/scratch/hscra/plgrid/plgnasqret/codex-control/projects/euf-viper/runs/20260727T113307Z-proof-seed-qg7-2d4a372/target/release/euf-viper"",""fabric-solve"",""--engine"",""quotient-portfolio"",""/net/scratch/hscra/plgrid/plgnasqret/codex-control/projects/euf-viper/corpora/9b39c70a794d52277a4e5d83731f0ebc50a2f3b804eb1dfc8cf32766a5ebeadc/smtlib-2025/QF_UF/QF_UF/QG-classification/qg7/gensys_icl004.smt2""]"
64,1,7037,QF_UF/QG-classification/qg7/gensys_icl004.smt2,7136175cd6dd47a322bb329e0dd1e93d109ee2b86400fe48d6ac2211897f2c15,812328,unsat,1,williams_first_order_carryover,f142088f68ffae0501ab8de7e323efb430c2912e83fc68ef048bfb8276401870,4,4,0,4,4,4,proof-seed-4,proof-seed-4,"[""proof-seed-16"",""proof-seed-32"",""proof-seed-8"",""baseline"",""proof-seed-4"",""proof-seed-0""]",parser_inclusive_subprocess_wall_clock,1,unsat,1.567286054,0,0,0,,,"unsat
",,"[""/net/scratch/hscra/plgrid/plgnasqret/codex-control/projects/euf-viper/runs/20260727T113307Z-proof-seed-qg7-2d4a372/target/release/euf-viper"",""fabric-solve"",""--engine"",""quotient-portfolio"",""/net/scratch/hscra/plgrid/plgnasqret/codex-control/projects/euf-viper/corpora/9b39c70a794d52277a4e5d83731f0ebc50a2f3b804eb1dfc8cf32766a5ebeadc/smtlib-2025/QF_UF/QF_UF/QG-classification/qg7/gensys_icl004.smt2""]"
65,1,7037,QF_UF/QG-classification/qg7/gensys_icl004.smt2,7136175cd6dd47a322bb329e0dd1e93d109ee2b86400fe48d6ac2211897f2c15,812328,unsat,1,williams_first_order_carryover,f142088f68ffae0501ab8de7e323efb430c2912e83fc68ef048bfb8276401870,4,4,0,4,5,5,proof-seed-0,proof-seed-0,"[""proof-seed-16"",""proof-seed-32"",""proof-seed-8"",""baseline"",""proof-seed-4"",""proof-seed-0""]",parser_inclusive_subprocess_wall_clock,1,unsat,1.407802757,0,0,0,,,"unsat
",,"[""/net/scratch/hscra/plgrid/plgnasqret/codex-control/projects/euf-viper/runs/20260727T113307Z-proof-seed-qg7-2d4a372/target/release/euf-viper"",""fabric-solve"",""--engine"",""quotient-portfolio"",""/net/scratch/hscra/plgrid/plgnasqret/codex-control/projects/euf-viper/corpora/9b39c70a794d52277a4e5d83731f0ebc50a2f3b804eb1dfc8cf32766a5ebeadc/smtlib-2025/QF_UF/QF_UF/QG-classification/qg7/gensys_icl004.smt2""]"
66,1,7037,QF_UF/QG-classification/qg7/gensys_icl004.smt2,7136175cd6dd47a322bb329e0dd1e93d109ee2b86400fe48d6ac2211897f2c15,812328,unsat,1,williams_first_order_carryover,f142088f68ffae0501ab8de7e323efb430c2912e83fc68ef048bfb8276401870,5,5,0,5,0,0,proof-seed-32,proof-seed-32,"[""proof-seed-32"",""baseline"",""proof-seed-16"",""proof-seed-0"",""proof-seed-8"",""proof-seed-4""]",parser_inclusive_subprocess_wall_clock,1,unsat,1.520138019,0,0,0,,,"unsat
",,"[""/net/scratch/hscra/plgrid/plgnasqret/codex-control/projects/euf-viper/runs/20260727T113307Z-proof-seed-qg7-2d4a372/target/release/euf-viper"",""fabric-solve"",""--engine"",""quotient-portfolio"",""/net/scratch/hscra/plgrid/plgnasqret/codex-control/projects/euf-viper/corpora/9b39c70a794d52277a4e5d83731f0ebc50a2f3b804eb1dfc8cf32766a5ebeadc/smtlib-2025/QF_UF/QF_UF/QG-classification/qg7/gensys_icl004.smt2""]"
67,1,7037,QF_UF/QG-classification/qg7/gensys_icl004.smt2,7136175cd6dd47a322bb329e0dd1e93d109ee2b86400fe48d6ac2211897f2c15,812328,unsat,1,williams_first_order_carryover,f142088f68ffae0501ab8de7e323efb430c2912e83fc68ef048bfb8276401870,5,5,0,5,1,1,baseline,baseline,"[""proof-seed-32"",""baseline"",""proof-seed-16"",""proof-seed-0"",""proof-seed-8"",""proof-seed-4""]",parser_inclusive_subprocess_wall_clock,1,timeout,2.005405795,124,-9,1,timeout,exceeded 2 seconds,,,"[""/net/scratch/hscra/plgrid/plgnasqret/codex-control/projects/euf-viper/runs/20260727T113307Z-proof-seed-qg7-2d4a372/target/release/euf-viper"",""fabric-solve"",""--engine"",""quotient-portfolio"",""/net/scratch/hscra/plgrid/plgnasqret/codex-control/projects/euf-viper/corpora/9b39c70a794d52277a4e5d83731f0ebc50a2f3b804eb1dfc8cf32766a5ebeadc/smtlib-2025/QF_UF/QF_UF/QG-classification/qg7/gensys_icl004.smt2""]"
68,1,7037,QF_UF/QG-classification/qg7/gensys_icl004.smt2,7136175cd6dd47a322bb329e0dd1e93d109ee2b86400fe48d6ac2211897f2c15,812328,unsat,1,williams_first_order_carryover,f142088f68ffae0501ab8de7e323efb430c2912e83fc68ef048bfb8276401870,5,5,0,5,2,2,proof-seed-16,proof-seed-16,"[""proof-seed-32"",""baseline"",""proof-seed-16"",""proof-seed-0"",""proof-seed-8"",""proof-seed-4""]",parser_inclusive_subprocess_wall_clock,1,unsat,1.516038816,0,0,0,,,"unsat
",,"[""/net/scratch/hscra/plgrid/plgnasqret/codex-control/projects/euf-viper/runs/20260727T113307Z-proof-seed-qg7-2d4a372/target/release/euf-viper"",""fabric-solve"",""--engine"",""quotient-portfolio"",""/net/scratch/hscra/plgrid/plgnasqret/codex-control/projects/euf-viper/corpora/9b39c70a794d52277a4e5d83731f0ebc50a2f3b804eb1dfc8cf32766a5ebeadc/smtlib-2025/QF_UF/QF_UF/QG-classification/qg7/gensys_icl004.smt2""]"
69,1,7037,QF_UF/QG-classification/qg7/gensys_icl004.smt2,7136175cd6dd47a322bb329e0dd1e93d109ee2b86400fe48d6ac2211897f2c15,812328,unsat,1,williams_first_order_carryover,f142088f68ffae0501ab8de7e323efb430c2912e83fc68ef048bfb8276401870,5,5,0,5,3,3,proof-seed-0,proof-seed-0,"[""proof-seed-32"",""baseline"",""proof-seed-16"",""proof-seed-0"",""proof-seed-8"",""proof-seed-4""]",parser_inclusive_subprocess_wall_clock,1,unsat,1.407905630,0,0,0,,,"unsat
",,"[""/net/scratch/hscra/plgrid/plgnasqret/codex-control/projects/euf-viper/runs/20260727T113307Z-proof-seed-qg7-2d4a372/target/release/euf-viper"",""fabric-solve"",""--engine"",""quotient-portfolio"",""/net/scratch/hscra/plgrid/plgnasqret/codex-control/projects/euf-viper/corpora/9b39c70a794d52277a4e5d83731f0ebc50a2f3b804eb1dfc8cf32766a5ebeadc/smtlib-2025/QF_UF/QF_UF/QG-classification/qg7/gensys_icl004.smt2""]"
70,1,7037,QF_UF/QG-classification/qg7/gensys_icl004.smt2,7136175cd6dd47a322bb329e0dd1e93d109ee2b86400fe48d6ac2211897f2c15,812328,unsat,1,williams_first_order_carryover,f142088f68ffae0501ab8de7e323efb430c2912e83fc68ef048bfb8276401870,5,5,0,5,4,4,proof-seed-8,proof-seed-8,"[""proof-seed-32"",""baseline"",""proof-seed-16"",""proof-seed-0"",""proof-seed-8"",""proof-seed-4""]",parser_inclusive_subprocess_wall_clock,1,unsat,1.430293259,0,0,0,,,"unsat
",,"[""/net/scratch/hscra/plgrid/plgnasqret/codex-control/projects/euf-viper/runs/20260727T113307Z-proof-seed-qg7-2d4a372/target/release/euf-viper"",""fabric-solve"",""--engine"",""quotient-portfolio"",""/net/scratch/hscra/plgrid/plgnasqret/codex-control/projects/euf-viper/corpora/9b39c70a794d52277a4e5d83731f0ebc50a2f3b804eb1dfc8cf32766a5ebeadc/smtlib-2025/QF_UF/QF_UF/QG-classification/qg7/gensys_icl004.smt2""]"
71,1,7037,QF_UF/QG-classification/qg7/gensys_icl004.smt2,7136175cd6dd47a322bb329e0dd1e93d109ee2b86400fe48d6ac2211897f2c15,812328,unsat,1,williams_first_order_carryover,f142088f68ffae0501ab8de7e323efb430c2912e83fc68ef048bfb8276401870,5,5,0,5,5,5,proof-seed-4,proof-seed-4,"[""proof-seed-32"",""baseline"",""proof-seed-16"",""proof-seed-0"",""proof-seed-8"",""proof-seed-4""]",parser_inclusive_subprocess_wall_clock,1,unsat,1.569037497,0,0,0,,,"unsat
",,"[""/net/scratch/hscra/plgrid/plgnasqret/codex-control/projects/euf-viper/runs/20260727T113307Z-proof-seed-qg7-2d4a372/target/release/euf-viper"",""fabric-solve"",""--engine"",""quotient-portfolio"",""/net/scratch/hscra/plgrid/plgnasqret/codex-control/projects/euf-viper/corpora/9b39c70a794d52277a4e5d83731f0ebc50a2f3b804eb1dfc8cf32766a5ebeadc/smtlib-2025/QF_UF/QF_UF/QG-classification/qg7/gensys_icl004.smt2""]"
72,2,7103,QF_UF/QG-classification/qg7/iso_brn_nogen004.smt2,3e4914effa02b8d689a61bc65e4ea213412bce832414ef17c0bc542f8b51e40b,6012110,sat,1,williams_first_order_carryover,f142088f68ffae0501ab8de7e323efb430c2912e83fc68ef048bfb8276401870,0,0,0,0,0,0,baseline,baseline,"[""baseline"",""proof-seed-0"",""proof-seed-32"",""proof-seed-4"",""proof-seed-16"",""proof-seed-8""]",parser_inclusive_subprocess_wall_clock,1,sat,0.318126392,0,0,0,,,"sat
",,"[""/net/scratch/hscra/plgrid/plgnasqret/codex-control/projects/euf-viper/runs/20260727T113307Z-proof-seed-qg7-2d4a372/target/release/euf-viper"",""fabric-solve"",""--engine"",""quotient-portfolio"",""/net/scratch/hscra/plgrid/plgnasqret/codex-control/projects/euf-viper/corpora/9b39c70a794d52277a4e5d83731f0ebc50a2f3b804eb1dfc8cf32766a5ebeadc/smtlib-2025/QF_UF/QF_UF/QG-classification/qg7/iso_brn_nogen004.smt2""]"
73,2,7103,QF_UF/QG-classification/qg7/iso_brn_nogen004.smt2,3e4914effa02b8d689a61bc65e4ea213412bce832414ef17c0bc542f8b51e40b,6012110,sat,1,williams_first_order_carryover,f142088f68ffae0501ab8de7e323efb430c2912e83fc68ef048bfb8276401870,0,0,0,0,1,1,proof-seed-0,proof-seed-0,"[""baseline"",""proof-seed-0"",""proof-seed-32"",""proof-seed-4"",""proof-seed-16"",""proof-seed-8""]",parser_inclusive_subprocess_wall_clock,1,sat,0.313934512,0,0,0,,,"sat
",,"[""/net/scratch/hscra/plgrid/plgnasqret/codex-control/projects/euf-viper/runs/20260727T113307Z-proof-seed-qg7-2d4a372/target/release/euf-viper"",""fabric-solve"",""--engine"",""quotient-portfolio"",""/net/scratch/hscra/plgrid/plgnasqret/codex-control/projects/euf-viper/corpora/9b39c70a794d52277a4e5d83731f0ebc50a2f3b804eb1dfc8cf32766a5ebeadc/smtlib-2025/QF_UF/QF_UF/QG-classification/qg7/iso_brn_nogen004.smt2""]"
74,2,7103,QF_UF/QG-classification/qg7/iso_brn_nogen004.smt2,3e4914effa02b8d689a61bc65e4ea213412bce832414ef17c0bc542f8b51e40b,6012110,sat,1,williams_first_order_carryover,f142088f68ffae0501ab8de7e323efb430c2912e83fc68ef048bfb8276401870,0,0,0,0,2,2,proof-seed-32,proof-seed-32,"[""baseline"",""proof-seed-0"",""proof-seed-32"",""proof-seed-4"",""proof-seed-16"",""proof-seed-8""]",parser_inclusive_subprocess_wall_clock,1,sat,0.311007467,0,0,0,,,"sat
",,"[""/net/scratch/hscra/plgrid/plgnasqret/codex-control/projects/euf-viper/runs/20260727T113307Z-proof-seed-qg7-2d4a372/target/release/euf-viper"",""fabric-solve"",""--engine"",""quotient-portfolio"",""/net/scratch/hscra/plgrid/plgnasqret/codex-control/projects/euf-viper/corpora/9b39c70a794d52277a4e5d83731f0ebc50a2f3b804eb1dfc8cf32766a5ebeadc/smtlib-2025/QF_UF/QF_UF/QG-classification/qg7/iso_brn_nogen004.smt2""]"
75,2,7103,QF_UF/QG-classification/qg7/iso_brn_nogen004.smt2,3e4914effa02b8d689a61bc65e4ea213412bce832414ef17c0bc542f8b51e40b,6012110,sat,1,williams_first_order_carryover,f142088f68ffae0501ab8de7e323efb430c2912e83fc68ef048bfb8276401870,0,0,0,0,3,3,proof-seed-4,proof-seed-4,"[""baseline"",""proof-seed-0"",""proof-seed-32"",""proof-seed-4"",""proof-seed-16"",""proof-seed-8""]",parser_inclusive_subprocess_wall_clock,1,sat,0.311705292,0,0,0,,,"sat
",,"[""/net/scratch/hscra/plgrid/plgnasqret/codex-control/projects/euf-viper/runs/20260727T113307Z-proof-seed-qg7-2d4a372/target/release/euf-viper"",""fabric-solve"",""--engine"",""quotient-portfolio"",""/net/scratch/hscra/plgrid/plgnasqret/codex-control/projects/euf-viper/corpora/9b39c70a794d52277a4e5d83731f0ebc50a2f3b804eb1dfc8cf32766a5ebeadc/smtlib-2025/QF_UF/QF_UF/QG-classification/qg7/iso_brn_nogen004.smt2""]"
76,2,7103,QF_UF/QG-classification/qg7/iso_brn_nogen004.smt2,3e4914effa02b8d689a61bc65e4ea213412bce832414ef17c0bc542f8b51e40b,6012110,sat,1,williams_first_order_carryover,f142088f68ffae0501ab8de7e323efb430c2912e83fc68ef048bfb8276401870,0,0,0,0,4,4,proof-seed-16,proof-seed-16,"[""baseline"",""proof-seed-0"",""proof-seed-32"",""proof-seed-4"",""proof-seed-16"",""proof-seed-8""]",parser_inclusive_subprocess_wall_clock,1,sat,0.314151747,0,0,0,,,"sat
",,"[""/net/scratch/hscra/plgrid/plgnasqret/codex-control/projects/euf-viper/runs/20260727T113307Z-proof-seed-qg7-2d4a372/target/release/euf-viper"",""fabric-solve"",""--engine"",""quotient-portfolio"",""/net/scratch/hscra/plgrid/plgnasqret/codex-control/projects/euf-viper/corpora/9b39c70a794d52277a4e5d83731f0ebc50a2f3b804eb1dfc8cf32766a5ebeadc/smtlib-2025/QF_UF/QF_UF/QG-classification/qg7/iso_brn_nogen004.smt2""]"
77,2,7103,QF_UF/QG-classification/qg7/iso_brn_nogen004.smt2,3e4914effa02b8d689a61bc65e4ea213412bce832414ef17c0bc542f8b51e40b,6012110,sat,1,williams_first_order_carryover,f142088f68ffae0501ab8de7e323efb430c2912e83fc68ef048bfb8276401870,0,0,0,0,5,5,proof-seed-8,proof-seed-8,"[""baseline"",""proof-seed-0"",""proof-seed-32"",""proof-seed-4"",""proof-seed-16"",""proof-seed-8""]",parser_inclusive_subprocess_wall_clock,1,sat,0.315210874,0,0,0,,,"sat
",,"[""/net/scratch/hscra/plgrid/plgnasqret/codex-control/projects/euf-viper/runs/20260727T113307Z-proof-seed-qg7-2d4a372/target/release/euf-viper"",""fabric-solve"",""--engine"",""quotient-portfolio"",""/net/scratch/hscra/plgrid/plgnasqret/codex-control/projects/euf-viper/corpora/9b39c70a794d52277a4e5d83731f0ebc50a2f3b804eb1dfc8cf32766a5ebeadc/smtlib-2025/QF_UF/QF_UF/QG-classification/qg7/iso_brn_nogen004.smt2""]"
78,2,7103,QF_UF/QG-classification/qg7/iso_brn_nogen004.smt2,3e4914effa02b8d689a61bc65e4ea213412bce832414ef17c0bc542f8b51e40b,6012110,sat,1,williams_first_order_carryover,f142088f68ffae0501ab8de7e323efb430c2912e83fc68ef048bfb8276401870,1,1,0,1,0,0,proof-seed-0,proof-seed-0,"[""proof-seed-0"",""proof-seed-4"",""baseline"",""proof-seed-8"",""proof-seed-32"",""proof-seed-16""]",parser_inclusive_subprocess_wall_clock,1,sat,0.310643761,0,0,0,,,"sat
",,"[""/net/scratch/hscra/plgrid/plgnasqret/codex-control/projects/euf-viper/runs/20260727T113307Z-proof-seed-qg7-2d4a372/target/release/euf-viper"",""fabric-solve"",""--engine"",""quotient-portfolio"",""/net/scratch/hscra/plgrid/plgnasqret/codex-control/projects/euf-viper/corpora/9b39c70a794d52277a4e5d83731f0ebc50a2f3b804eb1dfc8cf32766a5ebeadc/smtlib-2025/QF_UF/QF_UF/QG-classification/qg7/iso_brn_nogen004.smt2""]"
79,2,7103,QF_UF/QG-classification/qg7/iso_brn_nogen004.smt2,3e4914effa02b8d689a61bc65e4ea213412bce832414ef17c0bc542f8b51e40b,6012110,sat,1,williams_first_order_carryover,f142088f68ffae0501ab8de7e323efb430c2912e83fc68ef048bfb8276401870,1,1,0,1,1,1,proof-seed-4,proof-seed-4,"[""proof-seed-0"",""proof-seed-4"",""baseline"",""proof-seed-8"",""proof-seed-32"",""proof-seed-16""]",parser_inclusive_subprocess_wall_clock,1,sat,0.310840763,0,0,0,,,"sat
",,"[""/net/scratch/hscra/plgrid/plgnasqret/codex-control/projects/euf-viper/runs/20260727T113307Z-proof-seed-qg7-2d4a372/target/release/euf-viper"",""fabric-solve"",""--engine"",""quotient-portfolio"",""/net/scratch/hscra/plgrid/plgnasqret/codex-control/projects/euf-viper/corpora/9b39c70a794d52277a4e5d83731f0ebc50a2f3b804eb1dfc8cf32766a5ebeadc/smtlib-2025/QF_UF/QF_UF/QG-classification/qg7/iso_brn_nogen004.smt2""]"
80,2,7103,QF_UF/QG-classification/qg7/iso_brn_nogen004.smt2,3e4914effa02b8d689a61bc65e4ea213412bce832414ef17c0bc542f8b51e40b,6012110,sat,1,williams_first_order_carryover,f142088f68ffae0501ab8de7e323efb430c2912e83fc68ef048bfb8276401870,1,1,0,1,2,2,baseline,baseline,"[""proof-seed-0"",""proof-seed-4"",""baseline"",""proof-seed-8"",""proof-seed-32"",""proof-seed-16""]",parser_inclusive_subprocess_wall_clock,1,sat,0.308758255,0,0,0,,,"sat
",,"[""/net/scratch/hscra/plgrid/plgnasqret/codex-control/projects/euf-viper/runs/20260727T113307Z-proof-seed-qg7-2d4a372/target/release/euf-viper"",""fabric-solve"",""--engine"",""quotient-portfolio"",""/net/scratch/hscra/plgrid/plgnasqret/codex-control/projects/euf-viper/corpora/9b39c70a794d52277a4e5d83731f0ebc50a2f3b804eb1dfc8cf32766a5ebeadc/smtlib-2025/QF_UF/QF_UF/QG-classification/qg7/iso_brn_nogen004.smt2""]"
81,2,7103,QF_UF/QG-classification/qg7/iso_brn_nogen004.smt2,3e4914effa02b8d689a61bc65e4ea213412bce832414ef17c0bc542f8b51e40b,6012110,sat,1,williams_first_order_carryover,f142088f68ffae0501ab8de7e323efb430c2912e83fc68ef048bfb8276401870,1,1,0,1,3,3,proof-seed-8,proof-seed-8,"[""proof-seed-0"",""proof-seed-4"",""baseline"",""proof-seed-8"",""proof-seed-32"",""proof-seed-16""]",parser_inclusive_subprocess_wall_clock,1,sat,0.310401987,0,0,0,,,"sat
",,"[""/net/scratch/hscra/plgrid/plgnasqret/codex-control/projects/euf-viper/runs/20260727T113307Z-proof-seed-qg7-2d4a372/target/release/euf-viper"",""fabric-solve"",""--engine"",""quotient-portfolio"",""/net/scratch/hscra/plgrid/plgnasqret/codex-control/projects/euf-viper/corpora/9b39c70a794d52277a4e5d83731f0ebc50a2f3b804eb1dfc8cf32766a5ebeadc/smtlib-2025/QF_UF/QF_UF/QG-classification/qg7/iso_brn_nogen004.smt2""]"
82,2,7103,QF_UF/QG-classification/qg7/iso_brn_nogen004.smt2,3e4914effa02b8d689a61bc65e4ea213412bce832414ef17c0bc542f8b51e40b,6012110,sat,1,williams_first_order_carryover,f142088f68ffae0501ab8de7e323efb430c2912e83fc68ef048bfb8276401870,1,1,0,1,4,4,proof-seed-32,proof-seed-32,"[""proof-seed-0"",""proof-seed-4"",""baseline"",""proof-seed-8"",""proof-seed-32"",""proof-seed-16""]",parser_inclusive_subprocess_wall_clock,1,sat,0.315104446,0,0,0,,,"sat
",,"[""/net/scratch/hscra/plgrid/plgnasqret/codex-control/projects/euf-viper/runs/20260727T113307Z-proof-seed-qg7-2d4a372/target/release/euf-viper"",""fabric-solve"",""--engine"",""quotient-portfolio"",""/net/scratch/hscra/plgrid/plgnasqret/codex-control/projects/euf-viper/corpora/9b39c70a794d52277a4e5d83731f0ebc50a2f3b804eb1dfc8cf32766a5ebeadc/smtlib-2025/QF_UF/QF_UF/QG-classification/qg7/iso_brn_nogen004.smt2""]"
83,2,7103,QF_UF/QG-classification/qg7/iso_brn_nogen004.smt2,3e4914effa02b8d689a61bc65e4ea213412bce832414ef17c0bc542f8b51e40b,6012110,sat,1,williams_first_order_carryover,f142088f68ffae0501ab8de7e323efb430c2912e83fc68ef048bfb8276401870,1,1,0,1,5,5,proof-seed-16,proof-seed-16,"[""proof-seed-0"",""proof-seed-4"",""baseline"",""proof-seed-8"",""proof-seed-32"",""proof-seed-16""]",parser_inclusive_subprocess_wall_clock,1,sat,0.311951372,0,0,0,,,"sat
",,"[""/net/scratch/hscra/plgrid/plgnasqret/codex-control/projects/euf-viper/runs/20260727T113307Z-proof-seed-qg7-2d4a372/target/release/euf-viper"",""fabric-solve"",""--engine"",""quotient-portfolio"",""/net/scratch/hscra/plgrid/plgnasqret/codex-control/projects/euf-viper/corpora/9b39c70a794d52277a4e5d83731f0ebc50a2f3b804eb1dfc8cf32766a5ebeadc/smtlib-2025/QF_UF/QF_UF/QG-classification/qg7/iso_brn_nogen004.smt2""]"
84,2,7103,QF_UF/QG-classification/qg7/iso_brn_nogen004.smt2,3e4914effa02b8d689a61bc65e4ea213412bce832414ef17c0bc542f8b51e40b,6012110,sat,1,williams_first_order_carryover,f142088f68ffae0501ab8de7e323efb430c2912e83fc68ef048bfb8276401870,2,2,0,2,0,0,proof-seed-4,proof-seed-4,"[""proof-seed-4"",""proof-seed-8"",""proof-seed-0"",""proof-seed-16"",""baseline"",""proof-seed-32""]",parser_inclusive_subprocess_wall_clock,1,sat,0.310021705,0,0,0,,,"sat
",,"[""/net/scratch/hscra/plgrid/plgnasqret/codex-control/projects/euf-viper/runs/20260727T113307Z-proof-seed-qg7-2d4a372/target/release/euf-viper"",""fabric-solve"",""--engine"",""quotient-portfolio"",""/net/scratch/hscra/plgrid/plgnasqret/codex-control/projects/euf-viper/corpora/9b39c70a794d52277a4e5d83731f0ebc50a2f3b804eb1dfc8cf32766a5ebeadc/smtlib-2025/QF_UF/QF_UF/QG-classification/qg7/iso_brn_nogen004.smt2""]"
85,2,7103,QF_UF/QG-classification/qg7/iso_brn_nogen004.smt2,3e4914effa02b8d689a61bc65e4ea213412bce832414ef17c0bc542f8b51e40b,6012110,sat,1,williams_first_order_carryover,f142088f68ffae0501ab8de7e323efb430c2912e83fc68ef048bfb8276401870,2,2,0,2,1,1,proof-seed-8,proof-seed-8,"[""proof-seed-4"",""proof-seed-8"",""proof-seed-0"",""proof-seed-16"",""baseline"",""proof-seed-32""]",parser_inclusive_subprocess_wall_clock,1,sat,0.310193007,0,0,0,,,"sat
",,"[""/net/scratch/hscra/plgrid/plgnasqret/codex-control/projects/euf-viper/runs/20260727T113307Z-proof-seed-qg7-2d4a372/target/release/euf-viper"",""fabric-solve"",""--engine"",""quotient-portfolio"",""/net/scratch/hscra/plgrid/plgnasqret/codex-control/projects/euf-viper/corpora/9b39c70a794d52277a4e5d83731f0ebc50a2f3b804eb1dfc8cf32766a5ebeadc/smtlib-2025/QF_UF/QF_UF/QG-classification/qg7/iso_brn_nogen004.smt2""]"
86,2,7103,QF_UF/QG-classification/qg7/iso_brn_nogen004.smt2,3e4914effa02b8d689a61bc65e4ea213412bce832414ef17c0bc542f8b51e40b,6012110,sat,1,williams_first_order_carryover,f142088f68ffae0501ab8de7e323efb430c2912e83fc68ef048bfb8276401870,2,2,0,2,2,2,proof-seed-0,proof-seed-0,"[""proof-seed-4"",""proof-seed-8"",""proof-seed-0"",""proof-seed-16"",""baseline"",""proof-seed-32""]",parser_inclusive_subprocess_wall_clock,1,sat,0.313060718,0,0,0,,,"sat
",,"[""/net/scratch/hscra/plgrid/plgnasqret/codex-control/projects/euf-viper/runs/20260727T113307Z-proof-seed-qg7-2d4a372/target/release/euf-viper"",""fabric-solve"",""--engine"",""quotient-portfolio"",""/net/scratch/hscra/plgrid/plgnasqret/codex-control/projects/euf-viper/corpora/9b39c70a794d52277a4e5d83731f0ebc50a2f3b804eb1dfc8cf32766a5ebeadc/smtlib-2025/QF_UF/QF_UF/QG-classification/qg7/iso_brn_nogen004.smt2""]"
87,2,7103,QF_UF/QG-classification/qg7/iso_brn_nogen004.smt2,3e4914effa02b8d689a61bc65e4ea213412bce832414ef17c0bc542f8b51e40b,6012110,sat,1,williams_first_order_carryover,f142088f68ffae0501ab8de7e323efb430c2912e83fc68ef048bfb8276401870,2,2,0,2,3,3,proof-seed-16,proof-seed-16,"[""proof-seed-4"",""proof-seed-8"",""proof-seed-0"",""proof-seed-16"",""baseline"",""proof-seed-32""]",parser_inclusive_subprocess_wall_clock,1,sat,0.312189899,0,0,0,,,"sat
",,"[""/net/scratch/hscra/plgrid/plgnasqret/codex-control/projects/euf-viper/runs/20260727T113307Z-proof-seed-qg7-2d4a372/target/release/euf-viper"",""fabric-solve"",""--engine"",""quotient-portfolio"",""/net/scratch/hscra/plgrid/plgnasqret/codex-control/projects/euf-viper/corpora/9b39c70a794d52277a4e5d83731f0ebc50a2f3b804eb1dfc8cf32766a5ebeadc/smtlib-2025/QF_UF/QF_UF/QG-classification/qg7/iso_brn_nogen004.smt2""]"
88,2,7103,QF_UF/QG-classification/qg7/iso_brn_nogen004.smt2,3e4914effa02b8d689a61bc65e4ea213412bce832414ef17c0bc542f8b51e40b,6012110,sat,1,williams_first_order_carryover,f142088f68ffae0501ab8de7e323efb430c2912e83fc68ef048bfb8276401870,2,2,0,2,4,4,baseline,baseline,"[""proof-seed-4"",""proof-seed-8"",""proof-seed-0"",""proof-seed-16"",""baseline"",""proof-seed-32""]",parser_inclusive_subprocess_wall_clock,1,sat,0.310229705,0,0,0,,,"sat
",,"[""/net/scratch/hscra/plgrid/plgnasqret/codex-control/projects/euf-viper/runs/20260727T113307Z-proof-seed-qg7-2d4a372/target/release/euf-viper"",""fabric-solve"",""--engine"",""quotient-portfolio"",""/net/scratch/hscra/plgrid/plgnasqret/codex-control/projects/euf-viper/corpora/9b39c70a794d52277a4e5d83731f0ebc50a2f3b804eb1dfc8cf32766a5ebeadc/smtlib-2025/QF_UF/QF_UF/QG-classification/qg7/iso_brn_nogen004.smt2""]"
89,2,7103,QF_UF/QG-classification/qg7/iso_brn_nogen004.smt2,3e4914effa02b8d689a61bc65e4ea213412bce832414ef17c0bc542f8b51e40b,6012110,sat,1,williams_first_order_carryover,f142088f68ffae0501ab8de7e323efb430c2912e83fc68ef048bfb8276401870,2,2,0,2,5,5,proof-seed-32,proof-seed-32,"[""proof-seed-4"",""proof-seed-8"",""proof-seed-0"",""proof-seed-16"",""baseline"",""proof-seed-32""]",parser_inclusive_subprocess_wall_clock,1,sat,0.310512963,0,0,0,,,"sat
",,"[""/net/scratch/hscra/plgrid/plgnasqret/codex-control/projects/euf-viper/runs/20260727T113307Z-proof-seed-qg7-2d4a372/target/release/euf-viper"",""fabric-solve"",""--engine"",""quotient-portfolio"",""/net/scratch/hscra/plgrid/plgnasqret/codex-control/projects/euf-viper/corpora/9b39c70a794d52277a4e5d83731f0ebc50a2f3b804eb1dfc8cf32766a5ebeadc/smtlib-2025/QF_UF/QF_UF/QG-classification/qg7/iso_brn_nogen004.smt2""]"
90,2,7103,QF_UF/QG-classification/qg7/iso_brn_nogen004.smt2,3e4914effa02b8d689a61bc65e4ea213412bce832414ef17c0bc542f8b51e40b,6012110,sat,1,williams_first_order_carryover,f142088f68ffae0501ab8de7e323efb430c2912e83fc68ef048bfb8276401870,3,3,0,3,0,0,proof-seed-8,proof-seed-8,"[""proof-seed-8"",""proof-seed-16"",""proof-seed-4"",""proof-seed-32"",""proof-seed-0"",""baseline""]",parser_inclusive_subprocess_wall_clock,1,sat,0.309843383,0,0,0,,,"sat
",,"[""/net/scratch/hscra/plgrid/plgnasqret/codex-control/projects/euf-viper/runs/20260727T113307Z-proof-seed-qg7-2d4a372/target/release/euf-viper"",""fabric-solve"",""--engine"",""quotient-portfolio"",""/net/scratch/hscra/plgrid/plgnasqret/codex-control/projects/euf-viper/corpora/9b39c70a794d52277a4e5d83731f0ebc50a2f3b804eb1dfc8cf32766a5ebeadc/smtlib-2025/QF_UF/QF_UF/QG-classification/qg7/iso_brn_nogen004.smt2""]"
91,2,7103,QF_UF/QG-classification/qg7/iso_brn_nogen004.smt2,3e4914effa02b8d689a61bc65e4ea213412bce832414ef17c0bc542f8b51e40b,6012110,sat,1,williams_first_order_carryover,f142088f68ffae0501ab8de7e323efb430c2912e83fc68ef048bfb8276401870,3,3,0,3,1,1,proof-seed-16,proof-seed-16,"[""proof-seed-8"",""proof-seed-16"",""proof-seed-4"",""proof-seed-32"",""proof-seed-0"",""baseline""]",parser_inclusive_subprocess_wall_clock,1,sat,0.308207281,0,0,0,,,"sat
",,"[""/net/scratch/hscra/plgrid/plgnasqret/codex-control/projects/euf-viper/runs/20260727T113307Z-proof-seed-qg7-2d4a372/target/release/euf-viper"",""fabric-solve"",""--engine"",""quotient-portfolio"",""/net/scratch/hscra/plgrid/plgnasqret/codex-control/projects/euf-viper/corpora/9b39c70a794d52277a4e5d83731f0ebc50a2f3b804eb1dfc8cf32766a5ebeadc/smtlib-2025/QF_UF/QF_UF/QG-classification/qg7/iso_brn_nogen004.smt2""]"
92,2,7103,QF_UF/QG-classification/qg7/iso_brn_nogen004.smt2,3e4914effa02b8d689a61bc65e4ea213412bce832414ef17c0bc542f8b51e40b,6012110,sat,1,williams_first_order_carryover,f142088f68ffae0501ab8de7e323efb430c2912e83fc68ef048bfb8276401870,3,3,0,3,2,2,proof-seed-4,proof-seed-4,"[""proof-seed-8"",""proof-seed-16"",""proof-seed-4"",""proof-seed-32"",""proof-seed-0"",""baseline""]",parser_inclusive_subprocess_wall_clock,1,sat,0.309641644,0,0,0,,,"sat
",,"[""/net/scratch/hscra/plgrid/plgnasqret/codex-control/projects/euf-viper/runs/20260727T113307Z-proof-seed-qg7-2d4a372/target/release/euf-viper"",""fabric-solve"",""--engine"",""quotient-portfolio"",""/net/scratch/hscra/plgrid/plgnasqret/codex-control/projects/euf-viper/corpora/9b39c70a794d52277a4e5d83731f0ebc50a2f3b804eb1dfc8cf32766a5ebeadc/smtlib-2025/QF_UF/QF_UF/QG-classification/qg7/iso_brn_nogen004.smt2""]"
93,2,7103,QF_UF/QG-classification/qg7/iso_brn_nogen004.smt2,3e4914effa02b8d689a61bc65e4ea213412bce832414ef17c0bc542f8b51e40b,6012110,sat,1,williams_first_order_carryover,f142088f68ffae0501ab8de7e323efb430c2912e83fc68ef048bfb8276401870,3,3,0,3,3,3,proof-seed-32,proof-seed-32,"[""proof-seed-8"",""proof-seed-16"",""proof-seed-4"",""proof-seed-32"",""proof-seed-0"",""baseline""]",parser_inclusive_subprocess_wall_clock,1,sat,0.311440752,0,0,0,,,"sat
",,"[""/net/scratch/hscra/plgrid/plgnasqret/codex-control/projects/euf-viper/runs/20260727T113307Z-proof-seed-qg7-2d4a372/target/release/euf-viper"",""fabric-solve"",""--engine"",""quotient-portfolio"",""/net/scratch/hscra/plgrid/plgnasqret/codex-control/projects/euf-viper/corpora/9b39c70a794d52277a4e5d83731f0ebc50a2f3b804eb1dfc8cf32766a5ebeadc/smtlib-2025/QF_UF/QF_UF/QG-classification/qg7/iso_brn_nogen004.smt2""]"
94,2,7103,QF_UF/QG-classification/qg7/iso_brn_nogen004.smt2,3e4914effa02b8d689a61bc65e4ea213412bce832414ef17c0bc542f8b51e40b,6012110,sat,1,williams_first_order_carryover,f142088f68ffae0501ab8de7e323efb430c2912e83fc68ef048bfb8276401870,3,3,0,3,4,4,proof-seed-0,proof-seed-0,"[""proof-seed-8"",""proof-seed-16"",""proof-seed-4"",""proof-seed-32"",""proof-seed-0"",""baseline""]",parser_inclusive_subprocess_wall_clock,1,sat,0.307858369,0,0,0,,,"sat
",,"[""/net/scratch/hscra/plgrid/plgnasqret/codex-control/projects/euf-viper/runs/20260727T113307Z-proof-seed-qg7-2d4a372/target/release/euf-viper"",""fabric-solve"",""--engine"",""quotient-portfolio"",""/net/scratch/hscra/plgrid/plgnasqret/codex-control/projects/euf-viper/corpora/9b39c70a794d52277a4e5d83731f0ebc50a2f3b804eb1dfc8cf32766a5ebeadc/smtlib-2025/QF_UF/QF_UF/QG-classification/qg7/iso_brn_nogen004.smt2""]"
95,2,7103,QF_UF/QG-classification/qg7/iso_brn_nogen004.smt2,3e4914effa02b8d689a61bc65e4ea213412bce832414ef17c0bc542f8b51e40b,6012110,sat,1,williams_first_order_carryover,f142088f68ffae0501ab8de7e323efb430c2912e83fc68ef048bfb8276401870,3,3,0,3,5,5,baseline,baseline,"[""proof-seed-8"",""proof-seed-16"",""proof-seed-4"",""proof-seed-32"",""proof-seed-0"",""baseline""]",parser_inclusive_subprocess_wall_clock,1,sat,0.308301471,0,0,0,,,"sat
",,"[""/net/scratch/hscra/plgrid/plgnasqret/codex-control/projects/euf-viper/runs/20260727T113307Z-proof-seed-qg7-2d4a372/target/release/euf-viper"",""fabric-solve"",""--engine"",""quotient-portfolio"",""/net/scratch/hscra/plgrid/plgnasqret/codex-control/projects/euf-viper/corpora/9b39c70a794d52277a4e5d83731f0ebc50a2f3b804eb1dfc8cf32766a5ebeadc/smtlib-2025/QF_UF/QF_UF/QG-classification/qg7/iso_brn_nogen004.smt2""]"
96,2,7103,QF_UF/QG-classification/qg7/iso_brn_nogen004.smt2,3e4914effa02b8d689a61bc65e4ea213412bce832414ef17c0bc542f8b51e40b,6012110,sat,1,williams_first_order_carryover,f142088f68ffae0501ab8de7e323efb430c2912e83fc68ef048bfb8276401870,4,4,0,4,0,0,proof-seed-16,proof-seed-16,"[""proof-seed-16"",""proof-seed-32"",""proof-seed-8"",""baseline"",""proof-seed-4"",""proof-seed-0""]",parser_inclusive_subprocess_wall_clock,1,sat,0.313002787,0,0,0,,,"sat
",,"[""/net/scratch/hscra/plgrid/plgnasqret/codex-control/projects/euf-viper/runs/20260727T113307Z-proof-seed-qg7-2d4a372/target/release/euf-viper"",""fabric-solve"",""--engine"",""quotient-portfolio"",""/net/scratch/hscra/plgrid/plgnasqret/codex-control/projects/euf-viper/corpora/9b39c70a794d52277a4e5d83731f0ebc50a2f3b804eb1dfc8cf32766a5ebeadc/smtlib-2025/QF_UF/QF_UF/QG-classification/qg7/iso_brn_nogen004.smt2""]"
97,2,7103,QF_UF/QG-classification/qg7/iso_brn_nogen004.smt2,3e4914effa02b8d689a61bc65e4ea213412bce832414ef17c0bc542f8b51e40b,6012110,sat,1,williams_first_order_carryover,f142088f68ffae0501ab8de7e323efb430c2912e83fc68ef048bfb8276401870,4,4,0,4,1,1,proof-seed-32,proof-seed-32,"[""proof-seed-16"",""proof-seed-32"",""proof-seed-8"",""baseline"",""proof-seed-4"",""proof-seed-0""]",parser_inclusive_subprocess_wall_clock,1,sat,0.312544982,0,0,0,,,"sat
",,"[""/net/scratch/hscra/plgrid/plgnasqret/codex-control/projects/euf-viper/runs/20260727T113307Z-proof-seed-qg7-2d4a372/target/release/euf-viper"",""fabric-solve"",""--engine"",""quotient-portfolio"",""/net/scratch/hscra/plgrid/plgnasqret/codex-control/projects/euf-viper/corpora/9b39c70a794d52277a4e5d83731f0ebc50a2f3b804eb1dfc8cf32766a5ebeadc/smtlib-2025/QF_UF/QF_UF/QG-classification/qg7/iso_brn_nogen004.smt2""]"
98,2,7103,QF_UF/QG-classification/qg7/iso_brn_nogen004.smt2,3e4914effa02b8d689a61bc65e4ea213412bce832414ef17c0bc542f8b51e40b,6012110,sat,1,williams_first_order_carryover,f142088f68ffae0501ab8de7e323efb430c2912e83fc68ef048bfb8276401870,4,4,0,4,2,2,proof-seed-8,proof-seed-8,"[""proof-seed-16"",""proof-seed-32"",""proof-seed-8"",""baseline"",""proof-seed-4"",""proof-seed-0""]",parser_inclusive_subprocess_wall_clock,1,sat,0.311287781,0,0,0,,,"sat
",,"[""/net/scratch/hscra/plgrid/plgnasqret/codex-control/projects/euf-viper/runs/20260727T113307Z-proof-seed-qg7-2d4a372/target/release/euf-viper"",""fabric-solve"",""--engine"",""quotient-portfolio"",""/net/scratch/hscra/plgrid/plgnasqret/codex-control/projects/euf-viper/corpora/9b39c70a794d52277a4e5d83731f0ebc50a2f3b804eb1dfc8cf32766a5ebeadc/smtlib-2025/QF_UF/QF_UF/QG-classification/qg7/iso_brn_nogen004.smt2""]"
99,2,7103,QF_UF/QG-classification/qg7/iso_brn_nogen004.smt2,3e4914effa02b8d689a61bc65e4ea213412bce832414ef17c0bc542f8b51e40b,6012110,sat,1,williams_first_order_carryover,f142088f68ffae0501ab8de7e323efb430c2912e83fc68ef048bfb8276401870,4,4,0,4,3,3,baseline,baseline,"[""proof-seed-16"",""proof-seed-32"",""proof-seed-8"",""baseline"",""proof-seed-4"",""proof-seed-0""]",parser_inclusive_subprocess_wall_clock,1,sat,0.312345897,0,0,0,,,"sat
",,"[""/net/scratch/hscra/plgrid/plgnasqret/codex-control/projects/euf-viper/runs/20260727T113307Z-proof-seed-qg7-2d4a372/target/release/euf-viper"",""fabric-solve"",""--engine"",""quotient-portfolio"",""/net/scratch/hscra/plgrid/plgnasqret/codex-control/projects/euf-viper/corpora/9b39c70a794d52277a4e5d83731f0ebc50a2f3b804eb1dfc8cf32766a5ebeadc/smtlib-2025/QF_UF/QF_UF/QG-classification/qg7/iso_brn_nogen004.smt2""]"
100,2,7103,QF_UF/QG-classification/qg7/iso_brn_nogen004.smt2,3e4914effa02b8d689a61bc65e4ea213412bce832414ef17c0bc542f8b51e40b,6012110,sat,1,williams_first_order_carryover,f142088f68ffae0501ab8de7e323efb430c2912e83fc68ef048bfb8276401870,4,4,0,4,4,4,proof-seed-4,proof-seed-4,"[""proof-seed-16"",""proof-seed-32"",""proof-seed-8"",""baseline"",""proof-seed-4"",""proof-seed-0""]",parser_inclusive_subprocess_wall_clock,1,sat,0.319230550,0,0,0,,,"sat
",,"[""/net/scratch/hscra/plgrid/plgnasqret/codex-control/projects/euf-viper/runs/20260727T113307Z-proof-seed-qg7-2d4a372/target/release/euf-viper"",""fabric-solve"",""--engine"",""quotient-portfolio"",""/net/scratch/hscra/plgrid/plgnasqret/codex-control/projects/euf-viper/corpora/9b39c70a794d52277a4e5d83731f0ebc50a2f3b804eb1dfc8cf32766a5ebeadc/smtlib-2025/QF_UF/QF_UF/QG-classification/qg7/iso_brn_nogen004.smt2""]"
101,2,7103,QF_UF/QG-classification/qg7/iso_brn_nogen004.smt2,3e4914effa02b8d689a61bc65e4ea213412bce832414ef17c0bc542f8b51e40b,6012110,sat,1,williams_first_order_carryover,f142088f68ffae0501ab8de7e323efb430c2912e83fc68ef048bfb8276401870,4,4,0,4,5,5,proof-seed-0,proof-seed-0,"[""proof-seed-16"",""proof-seed-32"",""proof-seed-8"",""baseline"",""proof-seed-4"",""proof-seed-0""]",parser_inclusive_subprocess_wall_clock,1,sat,0.312305373,0,0,0,,,"sat
",,"[""/net/scratch/hscra/plgrid/plgnasqret/codex-control/projects/euf-viper/runs/20260727T113307Z-proof-seed-qg7-2d4a372/target/release/euf-viper"",""fabric-solve"",""--engine"",""quotient-portfolio"",""/net/scratch/hscra/plgrid/plgnasqret/codex-control/projects/euf-viper/corpora/9b39c70a794d52277a4e5d83731f0ebc50a2f3b804eb1dfc8cf32766a5ebeadc/smtlib-2025/QF_UF/QF_UF/QG-classification/qg7/iso_brn_nogen004.smt2""]"
102,2,7103,QF_UF/QG-classification/qg7/iso_brn_nogen004.smt2,3e4914effa02b8d689a61bc65e4ea213412bce832414ef17c0bc542f8b51e40b,6012110,sat,1,williams_first_order_carryover,f142088f68ffae0501ab8de7e323efb430c2912e83fc68ef048bfb8276401870,5,5,0,5,0,0,proof-seed-32,proof-seed-32,"[""proof-seed-32"",""baseline"",""proof-seed-16"",""proof-seed-0"",""proof-seed-8"",""proof-seed-4""]",parser_inclusive_subprocess_wall_clock,1,sat,0.310571536,0,0,0,,,"sat
",,"[""/net/scratch/hscra/plgrid/plgnasqret/codex-control/projects/euf-viper/runs/20260727T113307Z-proof-seed-qg7-2d4a372/target/release/euf-viper"",""fabric-solve"",""--engine"",""quotient-portfolio"",""/net/scratch/hscra/plgrid/plgnasqret/codex-control/projects/euf-viper/corpora/9b39c70a794d52277a4e5d83731f0ebc50a2f3b804eb1dfc8cf32766a5ebeadc/smtlib-2025/QF_UF/QF_UF/QG-classification/qg7/iso_brn_nogen004.smt2""]"
103,2,7103,QF_UF/QG-classification/qg7/iso_brn_nogen004.smt2,3e4914effa02b8d689a61bc65e4ea213412bce832414ef17c0bc542f8b51e40b,6012110,sat,1,williams_first_order_carryover,f142088f68ffae0501ab8de7e323efb430c2912e83fc68ef048bfb8276401870,5,5,0,5,1,1,baseline,baseline,"[""proof-seed-32"",""baseline"",""proof-seed-16"",""proof-seed-0"",""proof-seed-8"",""proof-seed-4""]",parser_inclusive_subprocess_wall_clock,1,sat,0.314160600,0,0,0,,,"sat
",,"[""/net/scratch/hscra/plgrid/plgnasqret/codex-control/projects/euf-viper/runs/20260727T113307Z-proof-seed-qg7-2d4a372/target/release/euf-viper"",""fabric-solve"",""--engine"",""quotient-portfolio"",""/net/scratch/hscra/plgrid/plgnasqret/codex-control/projects/euf-viper/corpora/9b39c70a794d52277a4e5d83731f0ebc50a2f3b804eb1dfc8cf32766a5ebeadc/smtlib-2025/QF_UF/QF_UF/QG-classification/qg7/iso_brn_nogen004.smt2""]"
104,2,7103,QF_UF/QG-classification/qg7/iso_brn_nogen004.smt2,3e4914effa02b8d689a61bc65e4ea213412bce832414ef17c0bc542f8b51e40b,6012110,sat,1,williams_first_order_carryover,f142088f68ffae0501ab8de7e323efb430c2912e83fc68ef048bfb8276401870,5,5,0,5,2,2,proof-seed-16,proof-seed-16,"[""proof-seed-32"",""baseline"",""proof-seed-16"",""proof-seed-0"",""proof-seed-8"",""proof-seed-4""]",parser_inclusive_subprocess_wall_clock,1,sat,0.312530058,0,0,0,,,"sat
",,"[""/net/scratch/hscra/plgrid/plgnasqret/codex-control/projects/euf-viper/runs/20260727T113307Z-proof-seed-qg7-2d4a372/target/release/euf-viper"",""fabric-solve"",""--engine"",""quotient-portfolio"",""/net/scratch/hscra/plgrid/plgnasqret/codex-control/projects/euf-viper/corpora/9b39c70a794d52277a4e5d83731f0ebc50a2f3b804eb1dfc8cf32766a5ebeadc/smtlib-2025/QF_UF/QF_UF/QG-classification/qg7/iso_brn_nogen004.smt2""]"
105,2,7103,QF_UF/QG-classification/qg7/iso_brn_nogen004.smt2,3e4914effa02b8d689a61bc65e4ea213412bce832414ef17c0bc542f8b51e40b,6012110,sat,1,williams_first_order_carryover,f142088f68ffae0501ab8de7e323efb430c2912e83fc68ef048bfb8276401870,5,5,0,5,3,3,proof-seed-0,proof-seed-0,"[""proof-seed-32"",""baseline"",""proof-seed-16"",""proof-seed-0"",""proof-seed-8"",""proof-seed-4""]",parser_inclusive_subprocess_wall_clock,1,sat,0.315203292,0,0,0,,,"sat
",,"[""/net/scratch/hscra/plgrid/plgnasqret/codex-control/projects/euf-viper/runs/20260727T113307Z-proof-seed-qg7-2d4a372/target/release/euf-viper"",""fabric-solve"",""--engine"",""quotient-portfolio"",""/net/scratch/hscra/plgrid/plgnasqret/codex-control/projects/euf-viper/corpora/9b39c70a794d52277a4e5d83731f0ebc50a2f3b804eb1dfc8cf32766a5ebeadc/smtlib-2025/QF_UF/QF_UF/QG-classification/qg7/iso_brn_nogen004.smt2""]"
106,2,7103,QF_UF/QG-classification/qg7/iso_brn_nogen004.smt2,3e4914effa02b8d689a61bc65e4ea213412bce832414ef17c0bc542f8b51e40b,6012110,sat,1,williams_first_order_carryover,f142088f68ffae0501ab8de7e323efb430c2912e83fc68ef048bfb8276401870,5,5,0,5,4,4,proof-seed-8,proof-seed-8,"[""proof-seed-32"",""baseline"",""proof-seed-16"",""proof-seed-0"",""proof-seed-8"",""proof-seed-4""]",parser_inclusive_subprocess_wall_clock,1,sat,0.321843149,0,0,0,,,"sat
",,"[""/net/scratch/hscra/plgrid/plgnasqret/codex-control/projects/euf-viper/runs/20260727T113307Z-proof-seed-qg7-2d4a372/target/release/euf-viper"",""fabric-solve"",""--engine"",""quotient-portfolio"",""/net/scratch/hscra/plgrid/plgnasqret/codex-control/projects/euf-viper/corpora/9b39c70a794d52277a4e5d83731f0ebc50a2f3b804eb1dfc8cf32766a5ebeadc/smtlib-2025/QF_UF/QF_UF/QG-classification/qg7/iso_brn_nogen004.smt2""]"
107,2,7103,QF_UF/QG-classification/qg7/iso_brn_nogen004.smt2,3e4914effa02b8d689a61bc65e4ea213412bce832414ef17c0bc542f8b51e40b,6012110,sat,1,williams_first_order_carryover,f142088f68ffae0501ab8de7e323efb430c2912e83fc68ef048bfb8276401870,5,5,0,5,5,5,proof-seed-4,proof-seed-4,"[""proof-seed-32"",""baseline"",""proof-seed-16"",""proof-seed-0"",""proof-seed-8"",""proof-seed-4""]",parser_inclusive_subprocess_wall_clock,1,sat,0.312789869,0,0,0,,,"sat
",,"[""/net/scratch/hscra/plgrid/plgnasqret/codex-control/projects/euf-viper/runs/20260727T113307Z-proof-seed-qg7-2d4a372/target/release/euf-viper"",""fabric-solve"",""--engine"",""quotient-portfolio"",""/net/scratch/hscra/plgrid/plgnasqret/codex-control/projects/euf-viper/corpora/9b39c70a794d52277a4e5d83731f0ebc50a2f3b804eb1dfc8cf32766a5ebeadc/smtlib-2025/QF_UF/QF_UF/QG-classification/qg7/iso_brn_nogen004.smt2""]"
108,3,7311,QF_UF/QG-classification/qg7/iso_icl_nogen003.smt2,5143c7d94d43c5dc077fb8c92dcc7bce4c672c79c03dcbeef901dd8a8532f5a8,6013964,unsat,1,williams_first_order_carryover,f142088f68ffae0501ab8de7e323efb430c2912e83fc68ef048bfb8276401870,0,0,0,0,0,0,baseline,baseline,"[""baseline"",""proof-seed-0"",""proof-seed-32"",""proof-seed-4"",""proof-seed-16"",""proof-seed-8""]",parser_inclusive_subprocess_wall_clock,1,unsat,0.336456824,0,0,0,,,"unsat
",,"[""/net/scratch/hscra/plgrid/plgnasqret/codex-control/projects/euf-viper/runs/20260727T113307Z-proof-seed-qg7-2d4a372/target/release/euf-viper"",""fabric-solve"",""--engine"",""quotient-portfolio"",""/net/scratch/hscra/plgrid/plgnasqret/codex-control/projects/euf-viper/corpora/9b39c70a794d52277a4e5d83731f0ebc50a2f3b804eb1dfc8cf32766a5ebeadc/smtlib-2025/QF_UF/QF_UF/QG-classification/qg7/iso_icl_nogen003.smt2""]"
109,3,7311,QF_UF/QG-classification/qg7/iso_icl_nogen003.smt2,5143c7d94d43c5dc077fb8c92dcc7bce4c672c79c03dcbeef901dd8a8532f5a8,6013964,unsat,1,williams_first_order_carryover,f142088f68ffae0501ab8de7e323efb430c2912e83fc68ef048bfb8276401870,0,0,0,0,1,1,proof-seed-0,proof-seed-0,"[""baseline"",""proof-seed-0"",""proof-seed-32"",""proof-seed-4"",""proof-seed-16"",""proof-seed-8""]",parser_inclusive_subprocess_wall_clock,1,unsat,0.328440508,0,0,0,,,"unsat
",,"[""/net/scratch/hscra/plgrid/plgnasqret/codex-control/projects/euf-viper/runs/20260727T113307Z-proof-seed-qg7-2d4a372/target/release/euf-viper"",""fabric-solve"",""--engine"",""quotient-portfolio"",""/net/scratch/hscra/plgrid/plgnasqret/codex-control/projects/euf-viper/corpora/9b39c70a794d52277a4e5d83731f0ebc50a2f3b804eb1dfc8cf32766a5ebeadc/smtlib-2025/QF_UF/QF_UF/QG-classification/qg7/iso_icl_nogen003.smt2""]"
110,3,7311,QF_UF/QG-classification/qg7/iso_icl_nogen003.smt2,5143c7d94d43c5dc077fb8c92dcc7bce4c672c79c03dcbeef901dd8a8532f5a8,6013964,unsat,1,williams_first_order_carryover,f142088f68ffae0501ab8de7e323efb430c2912e83fc68ef048bfb8276401870,0,0,0,0,2,2,proof-seed-32,proof-seed-32,"[""baseline"",""proof-seed-0"",""proof-seed-32"",""proof-seed-4"",""proof-seed-16"",""proof-seed-8""]",parser_inclusive_subprocess_wall_clock,1,unsat,0.329483069,0,0,0,,,"unsat
",,"[""/net/scratch/hscra/plgrid/plgnasqret/codex-control/projects/euf-viper/runs/20260727T113307Z-proof-seed-qg7-2d4a372/target/release/euf-viper"",""fabric-solve"",""--engine"",""quotient-portfolio"",""/net/scratch/hscra/plgrid/plgnasqret/codex-control/projects/euf-viper/corpora/9b39c70a794d52277a4e5d83731f0ebc50a2f3b804eb1dfc8cf32766a5ebeadc/smtlib-2025/QF_UF/QF_UF/QG-classification/qg7/iso_icl_nogen003.smt2""]"
111,3,7311,QF_UF/QG-classification/qg7/iso_icl_nogen003.smt2,5143c7d94d43c5dc077fb8c92dcc7bce4c672c79c03dcbeef901dd8a8532f5a8,6013964,unsat,1,williams_first_order_carryover,f142088f68ffae0501ab8de7e323efb430c2912e83fc68ef048bfb8276401870,0,0,0,0,3,3,proof-seed-4,proof-seed-4,"[""baseline"",""proof-seed-0"",""proof-seed-32"",""proof-seed-4"",""proof-seed-16"",""proof-seed-8""]",parser_inclusive_subprocess_wall_clock,1,unsat,0.327565472,0,0,0,,,"unsat
",,"[""/net/scratch/hscra/plgrid/plgnasqret/codex-control/projects/euf-viper/runs/20260727T113307Z-proof-seed-qg7-2d4a372/target/release/euf-viper"",""fabric-solve"",""--engine"",""quotient-portfolio"",""/net/scratch/hscra/plgrid/plgnasqret/codex-control/projects/euf-viper/corpora/9b39c70a794d52277a4e5d83731f0ebc50a2f3b804eb1dfc8cf32766a5ebeadc/smtlib-2025/QF_UF/QF_UF/QG-classification/qg7/iso_icl_nogen003.smt2""]"
112,3,7311,QF_UF/QG-classification/qg7/iso_icl_nogen003.smt2,5143c7d94d43c5dc077fb8c92dcc7bce4c672c79c03dcbeef901dd8a8532f5a8,6013964,unsat,1,williams_first_order_carryover,f142088f68ffae0501ab8de7e323efb430c2912e83fc68ef048bfb8276401870,0,0,0,0,4,4,proof-seed-16,proof-seed-16,"[""baseline"",""proof-seed-0"",""proof-seed-32"",""proof-seed-4"",""proof-seed-16"",""proof-seed-8""]",parser_inclusive_subprocess_wall_clock,1,unsat,0.331120883,0,0,0,,,"unsat
",,"[""/net/scratch/hscra/plgrid/plgnasqret/codex-control/projects/euf-viper/runs/20260727T113307Z-proof-seed-qg7-2d4a372/target/release/euf-viper"",""fabric-solve"",""--engine"",""quotient-portfolio"",""/net/scratch/hscra/plgrid/plgnasqret/codex-control/projects/euf-viper/corpora/9b39c70a794d52277a4e5d83731f0ebc50a2f3b804eb1dfc8cf32766a5ebeadc/smtlib-2025/QF_UF/QF_UF/QG-classification/qg7/iso_icl_nogen003.smt2""]"
113,3,7311,QF_UF/QG-classification/qg7/iso_icl_nogen003.smt2,5143c7d94d43c5dc077fb8c92dcc7bce4c672c79c03dcbeef901dd8a8532f5a8,6013964,unsat,1,williams_first_order_carryover,f142088f68ffae0501ab8de7e323efb430c2912e83fc68ef048bfb8276401870,0,0,0,0,5,5,proof-seed-8,proof-seed-8,"[""baseline"",""proof-seed-0"",""proof-seed-32"",""proof-seed-4"",""proof-seed-16"",""proof-seed-8""]",parser_inclusive_subprocess_wall_clock,1,unsat,0.330244956,0,0,0,,,"unsat
",,"[""/net/scratch/hscra/plgrid/plgnasqret/codex-control/projects/euf-viper/runs/20260727T113307Z-proof-seed-qg7-2d4a372/target/release/euf-viper"",""fabric-solve"",""--engine"",""quotient-portfolio"",""/net/scratch/hscra/plgrid/plgnasqret/codex-control/projects/euf-viper/corpora/9b39c70a794d52277a4e5d83731f0ebc50a2f3b804eb1dfc8cf32766a5ebeadc/smtlib-2025/QF_UF/QF_UF/QG-classification/qg7/iso_icl_nogen003.smt2""]"
114,3,7311,QF_UF/QG-classification/qg7/iso_icl_nogen003.smt2,5143c7d94d43c5dc077fb8c92dcc7bce4c672c79c03dcbeef901dd8a8532f5a8,6013964,unsat,1,williams_first_order_carryover,f142088f68ffae0501ab8de7e323efb430c2912e83fc68ef048bfb8276401870,1,1,0,1,0,0,proof-seed-0,proof-seed-0,"[""proof-seed-0"",""proof-seed-4"",""baseline"",""proof-seed-8"",""proof-seed-32"",""proof-seed-16""]",parser_inclusive_subprocess_wall_clock,1,unsat,0.328863518,0,0,0,,,"unsat
",,"[""/net/scratch/hscra/plgrid/plgnasqret/codex-control/projects/euf-viper/runs/20260727T113307Z-proof-seed-qg7-2d4a372/target/release/euf-viper"",""fabric-solve"",""--engine"",""quotient-portfolio"",""/net/scratch/hscra/plgrid/plgnasqret/codex-control/projects/euf-viper/corpora/9b39c70a794d52277a4e5d83731f0ebc50a2f3b804eb1dfc8cf32766a5ebeadc/smtlib-2025/QF_UF/QF_UF/QG-classification/qg7/iso_icl_nogen003.smt2""]"
115,3,7311,QF_UF/QG-classification/qg7/iso_icl_nogen003.smt2,5143c7d94d43c5dc077fb8c92dcc7bce4c672c79c03dcbeef901dd8a8532f5a8,6013964,unsat,1,williams_first_order_carryover,f142088f68ffae0501ab8de7e323efb430c2912e83fc68ef048bfb8276401870,1,1,0,1,1,1,proof-seed-4,proof-seed-4,"[""proof-seed-0"",""proof-seed-4"",""baseline"",""proof-seed-8"",""proof-seed-32"",""proof-seed-16""]",parser_inclusive_subprocess_wall_clock,1,unsat,0.328686558,0,0,0,,,"unsat
",,"[""/net/scratch/hscra/plgrid/plgnasqret/codex-control/projects/euf-viper/runs/20260727T113307Z-proof-seed-qg7-2d4a372/target/release/euf-viper"",""fabric-solve"",""--engine"",""quotient-portfolio"",""/net/scratch/hscra/plgrid/plgnasqret/codex-control/projects/euf-viper/corpora/9b39c70a794d52277a4e5d83731f0ebc50a2f3b804eb1dfc8cf32766a5ebeadc/smtlib-2025/QF_UF/QF_UF/QG-classification/qg7/iso_icl_nogen003.smt2""]"
116,3,7311,QF_UF/QG-classification/qg7/iso_icl_nogen003.smt2,5143c7d94d43c5dc077fb8c92dcc7bce4c672c79c03dcbeef901dd8a8532f5a8,6013964,unsat,1,williams_first_order_carryover,f142088f68ffae0501ab8de7e323efb430c2912e83fc68ef048bfb8276401870,1,1,0,1,2,2,baseline,baseline,"[""proof-seed-0"",""proof-seed-4"",""baseline"",""proof-seed-8"",""proof-seed-32"",""proof-seed-16""]",parser_inclusive_subprocess_wall_clock,1,unsat,0.330449380,0,0,0,,,"unsat
",,"[""/net/scratch/hscra/plgrid/plgnasqret/codex-control/projects/euf-viper/runs/20260727T113307Z-proof-seed-qg7-2d4a372/target/release/euf-viper"",""fabric-solve"",""--engine"",""quotient-portfolio"",""/net/scratch/hscra/plgrid/plgnasqret/codex-control/projects/euf-viper/corpora/9b39c70a794d52277a4e5d83731f0ebc50a2f3b804eb1dfc8cf32766a5ebeadc/smtlib-2025/QF_UF/QF_UF/QG-classification/qg7/iso_icl_nogen003.smt2""]"
117,3,7311,QF_UF/QG-classification/qg7/iso_icl_nogen003.smt2,5143c7d94d43c5dc077fb8c92dcc7bce4c672c79c03dcbeef901dd8a8532f5a8,6013964,unsat,1,williams_first_order_carryover,f142088f68ffae0501ab8de7e323efb430c2912e83fc68ef048bfb8276401870,1,1,0,1,3,3,proof-seed-8,proof-seed-8,"[""proof-seed-0"",""proof-seed-4"",""baseline"",""proof-seed-8"",""proof-seed-32"",""proof-seed-16""]",parser_inclusive_subprocess_wall_clock,1,unsat,0.328348362,0,0,0,,,"unsat
",,"[""/net/scratch/hscra/plgrid/plgnasqret/codex-control/projects/euf-viper/runs/20260727T113307Z-proof-seed-qg7-2d4a372/target/release/euf-viper"",""fabric-solve"",""--engine"",""quotient-portfolio"",""/net/scratch/hscra/plgrid/plgnasqret/codex-control/projects/euf-viper/corpora/9b39c70a794d52277a4e5d83731f0ebc50a2f3b804eb1dfc8cf32766a5ebeadc/smtlib-2025/QF_UF/QF_UF/QG-classification/qg7/iso_icl_nogen003.smt2""]"
118,3,7311,QF_UF/QG-classification/qg7/iso_icl_nogen003.smt2,5143c7d94d43c5dc077fb8c92dcc7bce4c672c79c03dcbeef901dd8a8532f5a8,6013964,unsat,1,williams_first_order_carryover,f142088f68ffae0501ab8de7e323efb430c2912e83fc68ef048bfb8276401870,1,1,0,1,4,4,proof-seed-32,proof-seed-32,"[""proof-seed-0"",""proof-seed-4"",""baseline"",""proof-seed-8"",""proof-seed-32"",""proof-seed-16""]",parser_inclusive_subprocess_wall_clock,1,unsat,0.329542664,0,0,0,,,"unsat
",,"[""/net/scratch/hscra/plgrid/plgnasqret/codex-control/projects/euf-viper/runs/20260727T113307Z-proof-seed-qg7-2d4a372/target/release/euf-viper"",""fabric-solve"",""--engine"",""quotient-portfolio"",""/net/scratch/hscra/plgrid/plgnasqret/codex-control/projects/euf-viper/corpora/9b39c70a794d52277a4e5d83731f0ebc50a2f3b804eb1dfc8cf32766a5ebeadc/smtlib-2025/QF_UF/QF_UF/QG-classification/qg7/iso_icl_nogen003.smt2""]"
119,3,7311,QF_UF/QG-classification/qg7/iso_icl_nogen003.smt2,5143c7d94d43c5dc077fb8c92dcc7bce4c672c79c03dcbeef901dd8a8532f5a8,6013964,unsat,1,williams_first_order_carryover,f142088f68ffae0501ab8de7e323efb430c2912e83fc68ef048bfb8276401870,1,1,0,1,5,5,proof-seed-16,proof-seed-16,"[""proof-seed-0"",""proof-seed-4"",""baseline"",""proof-seed-8"",""proof-seed-32"",""proof-seed-16""]",parser_inclusive_subprocess_wall_clock,1,unsat,0.326662862,0,0,0,,,"unsat
",,"[""/net/scratch/hscra/plgrid/plgnasqret/codex-control/projects/euf-viper/runs/20260727T113307Z-proof-seed-qg7-2d4a372/target/release/euf-viper"",""fabric-solve"",""--engine"",""quotient-portfolio"",""/net/scratch/hscra/plgrid/plgnasqret/codex-control/projects/euf-viper/corpora/9b39c70a794d52277a4e5d83731f0ebc50a2f3b804eb1dfc8cf32766a5ebeadc/smtlib-2025/QF_UF/QF_UF/QG-classification/qg7/iso_icl_nogen003.smt2""]"
120,3,7311,QF_UF/QG-classification/qg7/iso_icl_nogen003.smt2,5143c7d94d43c5dc077fb8c92dcc7bce4c672c79c03dcbeef901dd8a8532f5a8,6013964,unsat,1,williams_first_order_carryover,f142088f68ffae0501ab8de7e323efb430c2912e83fc68ef048bfb8276401870,2,2,0,2,0,0,proof-seed-4,proof-seed-4,"[""proof-seed-4"",""proof-seed-8"",""proof-seed-0"",""proof-seed-16"",""baseline"",""proof-seed-32""]",parser_inclusive_subprocess_wall_clock,1,unsat,0.331307819,0,0,0,,,"unsat
",,"[""/net/scratch/hscra/plgrid/plgnasqret/codex-control/projects/euf-viper/runs/20260727T113307Z-proof-seed-qg7-2d4a372/target/release/euf-viper"",""fabric-solve"",""--engine"",""quotient-portfolio"",""/net/scratch/hscra/plgrid/plgnasqret/codex-control/projects/euf-viper/corpora/9b39c70a794d52277a4e5d83731f0ebc50a2f3b804eb1dfc8cf32766a5ebeadc/smtlib-2025/QF_UF/QF_UF/QG-classification/qg7/iso_icl_nogen003.smt2""]"
121,3,7311,QF_UF/QG-classification/qg7/iso_icl_nogen003.smt2,5143c7d94d43c5dc077fb8c92dcc7bce4c672c79c03dcbeef901dd8a8532f5a8,6013964,unsat,1,williams_first_order_carryover,f142088f68ffae0501ab8de7e323efb430c2912e83fc68ef048bfb8276401870,2,2,0,2,1,1,proof-seed-8,proof-seed-8,"[""proof-seed-4"",""proof-seed-8"",""proof-seed-0"",""proof-seed-16"",""baseline"",""proof-seed-32""]",parser_inclusive_subprocess_wall_clock,1,unsat,0.324944501,0,0,0,,,"unsat
",,"[""/net/scratch/hscra/plgrid/plgnasqret/codex-control/projects/euf-viper/runs/20260727T113307Z-proof-seed-qg7-2d4a372/target/release/euf-viper"",""fabric-solve"",""--engine"",""quotient-portfolio"",""/net/scratch/hscra/plgrid/plgnasqret/codex-control/projects/euf-viper/corpora/9b39c70a794d52277a4e5d83731f0ebc50a2f3b804eb1dfc8cf32766a5ebeadc/smtlib-2025/QF_UF/QF_UF/QG-classification/qg7/iso_icl_nogen003.smt2""]"
122,3,7311,QF_UF/QG-classification/qg7/iso_icl_nogen003.smt2,5143c7d94d43c5dc077fb8c92dcc7bce4c672c79c03dcbeef901dd8a8532f5a8,6013964,unsat,1,williams_first_order_carryover,f142088f68ffae0501ab8de7e323efb430c2912e83fc68ef048bfb8276401870,2,2,0,2,2,2,proof-seed-0,proof-seed-0,"[""proof-seed-4"",""proof-seed-8"",""proof-seed-0"",""proof-seed-16"",""baseline"",""proof-seed-32""]",parser_inclusive_subprocess_wall_clock,1,unsat,0.327249602,0,0,0,,,"unsat
",,"[""/net/scratch/hscra/plgrid/plgnasqret/codex-control/projects/euf-viper/runs/20260727T113307Z-proof-seed-qg7-2d4a372/target/release/euf-viper"",""fabric-solve"",""--engine"",""quotient-portfolio"",""/net/scratch/hscra/plgrid/plgnasqret/codex-control/projects/euf-viper/corpora/9b39c70a794d52277a4e5d83731f0ebc50a2f3b804eb1dfc8cf32766a5ebeadc/smtlib-2025/QF_UF/QF_UF/QG-classification/qg7/iso_icl_nogen003.smt2""]"
123,3,7311,QF_UF/QG-classification/qg7/iso_icl_nogen003.smt2,5143c7d94d43c5dc077fb8c92dcc7bce4c672c79c03dcbeef901dd8a8532f5a8,6013964,unsat,1,williams_first_order_carryover,f142088f68ffae0501ab8de7e323efb430c2912e83fc68ef048bfb8276401870,2,2,0,2,3,3,proof-seed-16,proof-seed-16,"[""proof-seed-4"",""proof-seed-8"",""proof-seed-0"",""proof-seed-16"",""baseline"",""proof-seed-32""]",parser_inclusive_subprocess_wall_clock,1,unsat,0.328583905,0,0,0,,,"unsat
",,"[""/net/scratch/hscra/plgrid/plgnasqret/codex-control/projects/euf-viper/runs/20260727T113307Z-proof-seed-qg7-2d4a372/target/release/euf-viper"",""fabric-solve"",""--engine"",""quotient-portfolio"",""/net/scratch/hscra/plgrid/plgnasqret/codex-control/projects/euf-viper/corpora/9b39c70a794d52277a4e5d83731f0ebc50a2f3b804eb1dfc8cf32766a5ebeadc/smtlib-2025/QF_UF/QF_UF/QG-classification/qg7/iso_icl_nogen003.smt2""]"
124,3,7311,QF_UF/QG-classification/qg7/iso_icl_nogen003.smt2,5143c7d94d43c5dc077fb8c92dcc7bce4c672c79c03dcbeef901dd8a8532f5a8,6013964,unsat,1,williams_first_order_carryover,f142088f68ffae0501ab8de7e323efb430c2912e83fc68ef048bfb8276401870,2,2,0,2,4,4,baseline,baseline,"[""proof-seed-4"",""proof-seed-8"",""proof-seed-0"",""proof-seed-16"",""baseline"",""proof-seed-32""]",parser_inclusive_subprocess_wall_clock,1,unsat,0.328849726,0,0,0,,,"unsat
",,"[""/net/scratch/hscra/plgrid/plgnasqret/codex-control/projects/euf-viper/runs/20260727T113307Z-proof-seed-qg7-2d4a372/target/release/euf-viper"",""fabric-solve"",""--engine"",""quotient-portfolio"",""/net/scratch/hscra/plgrid/plgnasqret/codex-control/projects/euf-viper/corpora/9b39c70a794d52277a4e5d83731f0ebc50a2f3b804eb1dfc8cf32766a5ebeadc/smtlib-2025/QF_UF/QF_UF/QG-classification/qg7/iso_icl_nogen003.smt2""]"
125,3,7311,QF_UF/QG-classification/qg7/iso_icl_nogen003.smt2,5143c7d94d43c5dc077fb8c92dcc7bce4c672c79c03dcbeef901dd8a8532f5a8,6013964,unsat,1,williams_first_order_carryover,f142088f68ffae0501ab8de7e323efb430c2912e83fc68ef048bfb8276401870,2,2,0,2,5,5,proof-seed-32,proof-seed-32,"[""proof-seed-4"",""proof-seed-8"",""proof-seed-0"",""proof-seed-16"",""baseline"",""proof-seed-32""]",parser_inclusive_subprocess_wall_clock,1,unsat,0.330137816,0,0,0,,,"unsat
",,"[""/net/scratch/hscra/plgrid/plgnasqret/codex-control/projects/euf-viper/runs/20260727T113307Z-proof-seed-qg7-2d4a372/target/release/euf-viper"",""fabric-solve"",""--engine"",""quotient-portfolio"",""/net/scratch/hscra/plgrid/plgnasqret/codex-control/projects/euf-viper/corpora/9b39c70a794d52277a4e5d83731f0ebc50a2f3b804eb1dfc8cf32766a5ebeadc/smtlib-2025/QF_UF/QF_UF/QG-classification/qg7/iso_icl_nogen003.smt2""]"
126,3,7311,QF_UF/QG-classification/qg7/iso_icl_nogen003.smt2,5143c7d94d43c5dc077fb8c92dcc7bce4c672c79c03dcbeef901dd8a8532f5a8,6013964,unsat,1,williams_first_order_carryover,f142088f68ffae0501ab8de7e323efb430c2912e83fc68ef048bfb8276401870,3,3,0,3,0,0,proof-seed-8,proof-seed-8,"[""proof-seed-8"",""proof-seed-16"",""proof-seed-4"",""proof-seed-32"",""proof-seed-0"",""baseline""]",parser_inclusive_subprocess_wall_clock,1,unsat,0.327303257,0,0,0,,,"unsat
",,"[""/net/scratch/hscra/plgrid/plgnasqret/codex-control/projects/euf-viper/runs/20260727T113307Z-proof-seed-qg7-2d4a372/target/release/euf-viper"",""fabric-solve"",""--engine"",""quotient-portfolio"",""/net/scratch/hscra/plgrid/plgnasqret/codex-control/projects/euf-viper/corpora/9b39c70a794d52277a4e5d83731f0ebc50a2f3b804eb1dfc8cf32766a5ebeadc/smtlib-2025/QF_UF/QF_UF/QG-classification/qg7/iso_icl_nogen003.smt2""]"
127,3,7311,QF_UF/QG-classification/qg7/iso_icl_nogen003.smt2,5143c7d94d43c5dc077fb8c92dcc7bce4c672c79c03dcbeef901dd8a8532f5a8,6013964,unsat,1,williams_first_order_carryover,f142088f68ffae0501ab8de7e323efb430c2912e83fc68ef048bfb8276401870,3,3,0,3,1,1,proof-seed-16,proof-seed-16,"[""proof-seed-8"",""proof-seed-16"",""proof-seed-4"",""proof-seed-32"",""proof-seed-0"",""baseline""]",parser_inclusive_subprocess_wall_clock,1,unsat,0.329636102,0,0,0,,,"unsat
",,"[""/net/scratch/hscra/plgrid/plgnasqret/codex-control/projects/euf-viper/runs/20260727T113307Z-proof-seed-qg7-2d4a372/target/release/euf-viper"",""fabric-solve"",""--engine"",""quotient-portfolio"",""/net/scratch/hscra/plgrid/plgnasqret/codex-control/projects/euf-viper/corpora/9b39c70a794d52277a4e5d83731f0ebc50a2f3b804eb1dfc8cf32766a5ebeadc/smtlib-2025/QF_UF/QF_UF/QG-classification/qg7/iso_icl_nogen003.smt2""]"
128,3,7311,QF_UF/QG-classification/qg7/iso_icl_nogen003.smt2,5143c7d94d43c5dc077fb8c92dcc7bce4c672c79c03dcbeef901dd8a8532f5a8,6013964,unsat,1,williams_first_order_carryover,f142088f68ffae0501ab8de7e323efb430c2912e83fc68ef048bfb8276401870,3,3,0,3,2,2,proof-seed-4,proof-seed-4,"[""proof-seed-8"",""proof-seed-16"",""proof-seed-4"",""proof-seed-32"",""proof-seed-0"",""baseline""]",parser_inclusive_subprocess_wall_clock,1,unsat,0.325401435,0,0,0,,,"unsat
",,"[""/net/scratch/hscra/plgrid/plgnasqret/codex-control/projects/euf-viper/runs/20260727T113307Z-proof-seed-qg7-2d4a372/target/release/euf-viper"",""fabric-solve"",""--engine"",""quotient-portfolio"",""/net/scratch/hscra/plgrid/plgnasqret/codex-control/projects/euf-viper/corpora/9b39c70a794d52277a4e5d83731f0ebc50a2f3b804eb1dfc8cf32766a5ebeadc/smtlib-2025/QF_UF/QF_UF/QG-classification/qg7/iso_icl_nogen003.smt2""]"
129,3,7311,QF_UF/QG-classification/qg7/iso_icl_nogen003.smt2,5143c7d94d43c5dc077fb8c92dcc7bce4c672c79c03dcbeef901dd8a8532f5a8,6013964,unsat,1,williams_first_order_carryover,f142088f68ffae0501ab8de7e323efb430c2912e83fc68ef048bfb8276401870,3,3,0,3,3,3,proof-seed-32,proof-seed-32,"[""proof-seed-8"",""proof-seed-16"",""proof-seed-4"",""proof-seed-32"",""proof-seed-0"",""baseline""]",parser_inclusive_subprocess_wall_clock,1,unsat,0.326818820,0,0,0,,,"unsat
",,"[""/net/scratch/hscra/plgrid/plgnasqret/codex-control/projects/euf-viper/runs/20260727T113307Z-proof-seed-qg7-2d4a372/target/release/euf-viper"",""fabric-solve"",""--engine"",""quotient-portfolio"",""/net/scratch/hscra/plgrid/plgnasqret/codex-control/projects/euf-viper/corpora/9b39c70a794d52277a4e5d83731f0ebc50a2f3b804eb1dfc8cf32766a5ebeadc/smtlib-2025/QF_UF/QF_UF/QG-classification/qg7/iso_icl_nogen003.smt2""]"
130,3,7311,QF_UF/QG-classification/qg7/iso_icl_nogen003.smt2,5143c7d94d43c5dc077fb8c92dcc7bce4c672c79c03dcbeef901dd8a8532f5a8,6013964,unsat,1,williams_first_order_carryover,f142088f68ffae0501ab8de7e323efb430c2912e83fc68ef048bfb8276401870,3,3,0,3,4,4,proof-seed-0,proof-seed-0,"[""proof-seed-8"",""proof-seed-16"",""proof-seed-4"",""proof-seed-32"",""proof-seed-0"",""baseline""]",parser_inclusive_subprocess_wall_clock,1,unsat,0.325640823,0,0,0,,,"unsat
",,"[""/net/scratch/hscra/plgrid/plgnasqret/codex-control/projects/euf-viper/runs/20260727T113307Z-proof-seed-qg7-2d4a372/target/release/euf-viper"",""fabric-solve"",""--engine"",""quotient-portfolio"",""/net/scratch/hscra/plgrid/plgnasqret/codex-control/projects/euf-viper/corpora/9b39c70a794d52277a4e5d83731f0ebc50a2f3b804eb1dfc8cf32766a5ebeadc/smtlib-2025/QF_UF/QF_UF/QG-classification/qg7/iso_icl_nogen003.smt2""]"
131,3,7311,QF_UF/QG-classification/qg7/iso_icl_nogen003.smt2,5143c7d94d43c5dc077fb8c92dcc7bce4c672c79c03dcbeef901dd8a8532f5a8,6013964,unsat,1,williams_first_order_carryover,f142088f68ffae0501ab8de7e323efb430c2912e83fc68ef048bfb8276401870,3,3,0,3,5,5,baseline,baseline,"[""proof-seed-8"",""proof-seed-16"",""proof-seed-4"",""proof-seed-32"",""proof-seed-0"",""baseline""]",parser_inclusive_subprocess_wall_clock,1,unsat,0.328096923,0,0,0,,,"unsat
",,"[""/net/scratch/hscra/plgrid/plgnasqret/codex-control/projects/euf-viper/runs/20260727T113307Z-proof-seed-qg7-2d4a372/target/release/euf-viper"",""fabric-solve"",""--engine"",""quotient-portfolio"",""/net/scratch/hscra/plgrid/plgnasqret/codex-control/projects/euf-viper/corpora/9b39c70a794d52277a4e5d83731f0ebc50a2f3b804eb1dfc8cf32766a5ebeadc/smtlib-2025/QF_UF/QF_UF/QG-classification/qg7/iso_icl_nogen003.smt2""]"
132,3,7311,QF_UF/QG-classification/qg7/iso_icl_nogen003.smt2,5143c7d94d43c5dc077fb8c92dcc7bce4c672c79c03dcbeef901dd8a8532f5a8,6013964,unsat,1,williams_first_order_carryover,f142088f68ffae0501ab8de7e323efb430c2912e83fc68ef048bfb8276401870,4,4,0,4,0,0,proof-seed-16,proof-seed-16,"[""proof-seed-16"",""proof-seed-32"",""proof-seed-8"",""baseline"",""proof-seed-4"",""proof-seed-0""]",parser_inclusive_subprocess_wall_clock,1,unsat,0.327929378,0,0,0,,,"unsat
",,"[""/net/scratch/hscra/plgrid/plgnasqret/codex-control/projects/euf-viper/runs/20260727T113307Z-proof-seed-qg7-2d4a372/target/release/euf-viper"",""fabric-solve"",""--engine"",""quotient-portfolio"",""/net/scratch/hscra/plgrid/plgnasqret/codex-control/projects/euf-viper/corpora/9b39c70a794d52277a4e5d83731f0ebc50a2f3b804eb1dfc8cf32766a5ebeadc/smtlib-2025/QF_UF/QF_UF/QG-classification/qg7/iso_icl_nogen003.smt2""]"
133,3,7311,QF_UF/QG-classification/qg7/iso_icl_nogen003.smt2,5143c7d94d43c5dc077fb8c92dcc7bce4c672c79c03dcbeef901dd8a8532f5a8,6013964,unsat,1,williams_first_order_carryover,f142088f68ffae0501ab8de7e323efb430c2912e83fc68ef048bfb8276401870,4,4,0,4,1,1,proof-seed-32,proof-seed-32,"[""proof-seed-16"",""proof-seed-32"",""proof-seed-8"",""baseline"",""proof-seed-4"",""proof-seed-0""]",parser_inclusive_subprocess_wall_clock,1,unsat,0.330996947,0,0,0,,,"unsat
",,"[""/net/scratch/hscra/plgrid/plgnasqret/codex-control/projects/euf-viper/runs/20260727T113307Z-proof-seed-qg7-2d4a372/target/release/euf-viper"",""fabric-solve"",""--engine"",""quotient-portfolio"",""/net/scratch/hscra/plgrid/plgnasqret/codex-control/projects/euf-viper/corpora/9b39c70a794d52277a4e5d83731f0ebc50a2f3b804eb1dfc8cf32766a5ebeadc/smtlib-2025/QF_UF/QF_UF/QG-classification/qg7/iso_icl_nogen003.smt2""]"
134,3,7311,QF_UF/QG-classification/qg7/iso_icl_nogen003.smt2,5143c7d94d43c5dc077fb8c92dcc7bce4c672c79c03dcbeef901dd8a8532f5a8,6013964,unsat,1,williams_first_order_carryover,f142088f68ffae0501ab8de7e323efb430c2912e83fc68ef048bfb8276401870,4,4,0,4,2,2,proof-seed-8,proof-seed-8,"[""proof-seed-16"",""proof-seed-32"",""proof-seed-8"",""baseline"",""proof-seed-4"",""proof-seed-0""]",parser_inclusive_subprocess_wall_clock,1,unsat,0.329951311,0,0,0,,,"unsat
",,"[""/net/scratch/hscra/plgrid/plgnasqret/codex-control/projects/euf-viper/runs/20260727T113307Z-proof-seed-qg7-2d4a372/target/release/euf-viper"",""fabric-solve"",""--engine"",""quotient-portfolio"",""/net/scratch/hscra/plgrid/plgnasqret/codex-control/projects/euf-viper/corpora/9b39c70a794d52277a4e5d83731f0ebc50a2f3b804eb1dfc8cf32766a5ebeadc/smtlib-2025/QF_UF/QF_UF/QG-classification/qg7/iso_icl_nogen003.smt2""]"
135,3,7311,QF_UF/QG-classification/qg7/iso_icl_nogen003.smt2,5143c7d94d43c5dc077fb8c92dcc7bce4c672c79c03dcbeef901dd8a8532f5a8,6013964,unsat,1,williams_first_order_carryover,f142088f68ffae0501ab8de7e323efb430c2912e83fc68ef048bfb8276401870,4,4,0,4,3,3,baseline,baseline,"[""proof-seed-16"",""proof-seed-32"",""proof-seed-8"",""baseline"",""proof-seed-4"",""proof-seed-0""]",parser_inclusive_subprocess_wall_clock,1,unsat,0.328837807,0,0,0,,,"unsat
",,"[""/net/scratch/hscra/plgrid/plgnasqret/codex-control/projects/euf-viper/runs/20260727T113307Z-proof-seed-qg7-2d4a372/target/release/euf-viper"",""fabric-solve"",""--engine"",""quotient-portfolio"",""/net/scratch/hscra/plgrid/plgnasqret/codex-control/projects/euf-viper/corpora/9b39c70a794d52277a4e5d83731f0ebc50a2f3b804eb1dfc8cf32766a5ebeadc/smtlib-2025/QF_UF/QF_UF/QG-classification/qg7/iso_icl_nogen003.smt2""]"
136,3,7311,QF_UF/QG-classification/qg7/iso_icl_nogen003.smt2,5143c7d94d43c5dc077fb8c92dcc7bce4c672c79c03dcbeef901dd8a8532f5a8,6013964,unsat,1,williams_first_order_carryover,f142088f68ffae0501ab8de7e323efb430c2912e83fc68ef048bfb8276401870,4,4,0,4,4,4,proof-seed-4,proof-seed-4,"[""proof-seed-16"",""proof-seed-32"",""proof-seed-8"",""baseline"",""proof-seed-4"",""proof-seed-0""]",parser_inclusive_subprocess_wall_clock,1,unsat,0.328740422,0,0,0,,,"unsat
",,"[""/net/scratch/hscra/plgrid/plgnasqret/codex-control/projects/euf-viper/runs/20260727T113307Z-proof-seed-qg7-2d4a372/target/release/euf-viper"",""fabric-solve"",""--engine"",""quotient-portfolio"",""/net/scratch/hscra/plgrid/plgnasqret/codex-control/projects/euf-viper/corpora/9b39c70a794d52277a4e5d83731f0ebc50a2f3b804eb1dfc8cf32766a5ebeadc/smtlib-2025/QF_UF/QF_UF/QG-classification/qg7/iso_icl_nogen003.smt2""]"
137,3,7311,QF_UF/QG-classification/qg7/iso_icl_nogen003.smt2,5143c7d94d43c5dc077fb8c92dcc7bce4c672c79c03dcbeef901dd8a8532f5a8,6013964,unsat,1,williams_first_order_carryover,f142088f68ffae0501ab8de7e323efb430c2912e83fc68ef048bfb8276401870,4,4,0,4,5,5,proof-seed-0,proof-seed-0,"[""proof-seed-16"",""proof-seed-32"",""proof-seed-8"",""baseline"",""proof-seed-4"",""proof-seed-0""]",parser_inclusive_subprocess_wall_clock,1,unsat,0.327701989,0,0,0,,,"unsat
",,"[""/net/scratch/hscra/plgrid/plgnasqret/codex-control/projects/euf-viper/runs/20260727T113307Z-proof-seed-qg7-2d4a372/target/release/euf-viper"",""fabric-solve"",""--engine"",""quotient-portfolio"",""/net/scratch/hscra/plgrid/plgnasqret/codex-control/projects/euf-viper/corpora/9b39c70a794d52277a4e5d83731f0ebc50a2f3b804eb1dfc8cf32766a5ebeadc/smtlib-2025/QF_UF/QF_UF/QG-classification/qg7/iso_icl_nogen003.smt2""]"
138,3,7311,QF_UF/QG-classification/qg7/iso_icl_nogen003.smt2,5143c7d94d43c5dc077fb8c92dcc7bce4c672c79c03dcbeef901dd8a8532f5a8,6013964,unsat,1,williams_first_order_carryover,f142088f68ffae0501ab8de7e323efb430c2912e83fc68ef048bfb8276401870,5,5,0,5,0,0,proof-seed-32,proof-seed-32,"[""proof-seed-32"",""baseline"",""proof-seed-16"",""proof-seed-0"",""proof-seed-8"",""proof-seed-4""]",parser_inclusive_subprocess_wall_clock,1,unsat,0.330492548,0,0,0,,,"unsat
",,"[""/net/scratch/hscra/plgrid/plgnasqret/codex-control/projects/euf-viper/runs/20260727T113307Z-proof-seed-qg7-2d4a372/target/release/euf-viper"",""fabric-solve"",""--engine"",""quotient-portfolio"",""/net/scratch/hscra/plgrid/plgnasqret/codex-control/projects/euf-viper/corpora/9b39c70a794d52277a4e5d83731f0ebc50a2f3b804eb1dfc8cf32766a5ebeadc/smtlib-2025/QF_UF/QF_UF/QG-classification/qg7/iso_icl_nogen003.smt2""]"
139,3,7311,QF_UF/QG-classification/qg7/iso_icl_nogen003.smt2,5143c7d94d43c5dc077fb8c92dcc7bce4c672c79c03dcbeef901dd8a8532f5a8,6013964,unsat,1,williams_first_order_carryover,f142088f68ffae0501ab8de7e323efb430c2912e83fc68ef048bfb8276401870,5,5,0,5,1,1,baseline,baseline,"[""proof-seed-32"",""baseline"",""proof-seed-16"",""proof-seed-0"",""proof-seed-8"",""proof-seed-4""]",parser_inclusive_subprocess_wall_clock,1,unsat,0.326679709,0,0,0,,,"unsat
",,"[""/net/scratch/hscra/plgrid/plgnasqret/codex-control/projects/euf-viper/runs/20260727T113307Z-proof-seed-qg7-2d4a372/target/release/euf-viper"",""fabric-solve"",""--engine"",""quotient-portfolio"",""/net/scratch/hscra/plgrid/plgnasqret/codex-control/projects/euf-viper/corpora/9b39c70a794d52277a4e5d83731f0ebc50a2f3b804eb1dfc8cf32766a5ebeadc/smtlib-2025/QF_UF/QF_UF/QG-classification/qg7/iso_icl_nogen003.smt2""]"
140,3,7311,QF_UF/QG-classification/qg7/iso_icl_nogen003.smt2,5143c7d94d43c5dc077fb8c92dcc7bce4c672c79c03dcbeef901dd8a8532f5a8,6013964,unsat,1,williams_first_order_carryover,f142088f68ffae0501ab8de7e323efb430c2912e83fc68ef048bfb8276401870,5,5,0,5,2,2,proof-seed-16,proof-seed-16,"[""proof-seed-32"",""baseline"",""proof-seed-16"",""proof-seed-0"",""proof-seed-8"",""proof-seed-4""]",parser_inclusive_subprocess_wall_clock,1,unsat,0.326429623,0,0,0,,,"unsat
",,"[""/net/scratch/hscra/plgrid/plgnasqret/codex-control/projects/euf-viper/runs/20260727T113307Z-proof-seed-qg7-2d4a372/target/release/euf-viper"",""fabric-solve"",""--engine"",""quotient-portfolio"",""/net/scratch/hscra/plgrid/plgnasqret/codex-control/projects/euf-viper/corpora/9b39c70a794d52277a4e5d83731f0ebc50a2f3b804eb1dfc8cf32766a5ebeadc/smtlib-2025/QF_UF/QF_UF/QG-classification/qg7/iso_icl_nogen003.smt2""]"
141,3,7311,QF_UF/QG-classification/qg7/iso_icl_nogen003.smt2,5143c7d94d43c5dc077fb8c92dcc7bce4c672c79c03dcbeef901dd8a8532f5a8,6013964,unsat,1,williams_first_order_carryover,f142088f68ffae0501ab8de7e323efb430c2912e83fc68ef048bfb8276401870,5,5,0,5,3,3,proof-seed-0,proof-seed-0,"[""proof-seed-32"",""baseline"",""proof-seed-16"",""proof-seed-0"",""proof-seed-8"",""proof-seed-4""]",parser_inclusive_subprocess_wall_clock,1,unsat,0.335800245,0,0,0,,,"unsat
",,"[""/net/scratch/hscra/plgrid/plgnasqret/codex-control/projects/euf-viper/runs/20260727T113307Z-proof-seed-qg7-2d4a372/target/release/euf-viper"",""fabric-solve"",""--engine"",""quotient-portfolio"",""/net/scratch/hscra/plgrid/plgnasqret/codex-control/projects/euf-viper/corpora/9b39c70a794d52277a4e5d83731f0ebc50a2f3b804eb1dfc8cf32766a5ebeadc/smtlib-2025/QF_UF/QF_UF/QG-classification/qg7/iso_icl_nogen003.smt2""]"
142,3,7311,QF_UF/QG-classification/qg7/iso_icl_nogen003.smt2,5143c7d94d43c5dc077fb8c92dcc7bce4c672c79c03dcbeef901dd8a8532f5a8,6013964,unsat,1,williams_first_order_carryover,f142088f68ffae0501ab8de7e323efb430c2912e83fc68ef048bfb8276401870,5,5,0,5,4,4,proof-seed-8,proof-seed-8,"[""proof-seed-32"",""baseline"",""proof-seed-16"",""proof-seed-0"",""proof-seed-8"",""proof-seed-4""]",parser_inclusive_subprocess_wall_clock,1,unsat,0.335791912,0,0,0,,,"unsat
",,"[""/net/scratch/hscra/plgrid/plgnasqret/codex-control/projects/euf-viper/runs/20260727T113307Z-proof-seed-qg7-2d4a372/target/release/euf-viper"",""fabric-solve"",""--engine"",""quotient-portfolio"",""/net/scratch/hscra/plgrid/plgnasqret/codex-control/projects/euf-viper/corpora/9b39c70a794d52277a4e5d83731f0ebc50a2f3b804eb1dfc8cf32766a5ebeadc/smtlib-2025/QF_UF/QF_UF/QG-classification/qg7/iso_icl_nogen003.smt2""]"
143,3,7311,QF_UF/QG-classification/qg7/iso_icl_nogen003.smt2,5143c7d94d43c5dc077fb8c92dcc7bce4c672c79c03dcbeef901dd8a8532f5a8,6013964,unsat,1,williams_first_order_carryover,f142088f68ffae0501ab8de7e323efb430c2912e83fc68ef048bfb8276401870,5,5,0,5,5,5,proof-seed-4,proof-seed-4,"[""proof-seed-32"",""baseline"",""proof-seed-16"",""proof-seed-0"",""proof-seed-8"",""proof-seed-4""]",parser_inclusive_subprocess_wall_clock,1,unsat,0.329309193,0,0,0,,,"unsat
",,"[""/net/scratch/hscra/plgrid/plgnasqret/codex-control/projects/euf-viper/runs/20260727T113307Z-proof-seed-qg7-2d4a372/target/release/euf-viper"",""fabric-solve"",""--engine"",""quotient-portfolio"",""/net/scratch/hscra/plgrid/plgnasqret/codex-control/projects/euf-viper/corpora/9b39c70a794d52277a4e5d83731f0ebc50a2f3b804eb1dfc8cf32766a5ebeadc/smtlib-2025/QF_UF/QF_UF/QG-classification/qg7/iso_icl_nogen003.smt2""]"
