sequence,row_index,id,relative_path,source_sha256,source_size_bytes,expected_status,schedule_schema_version,schedule_design,schedule_sha256,repeat,schedule_row,complete_block,row_in_block,order_in_repeat,arm_position,label,arm,schedule_order_json,timing_scope,parser_inclusive,result,time_s,exit_code,process_returncode,timed_out,error_kind,error_detail,stdout,stderr,argv_json
0,0,6929,QF_UF/QG-classification/qg7/gensys_brn006.smt2,8d0bc1e8f917bb91982c9fdf996b35b06e610de5cac0c916058258e99ca59d32,808457,sat,1,williams_first_order_carryover,f142088f68ffae0501ab8de7e323efb430c2912e83fc68ef048bfb8276401870,0,0,0,0,0,0,baseline,baseline,"[""baseline"",""proof-seed-0"",""proof-seed-32"",""proof-seed-4"",""proof-seed-16"",""proof-seed-8""]",parser_inclusive_subprocess_wall_clock,1,sat,0.082941413,0,0,0,,,"sat
",,"[""/net/scratch/hscra/plgrid/plgnasqret/codex-control/projects/euf-viper/runs/20260727T113307Z-proof-seed-qg7-2d4a372/target/release/euf-viper"",""fabric-solve"",""--engine"",""quotient-portfolio"",""/net/scratch/hscra/plgrid/plgnasqret/codex-control/projects/euf-viper/corpora/9b39c70a794d52277a4e5d83731f0ebc50a2f3b804eb1dfc8cf32766a5ebeadc/smtlib-2025/QF_UF/QF_UF/QG-classification/qg7/gensys_brn006.smt2""]"
1,0,6929,QF_UF/QG-classification/qg7/gensys_brn006.smt2,8d0bc1e8f917bb91982c9fdf996b35b06e610de5cac0c916058258e99ca59d32,808457,sat,1,williams_first_order_carryover,f142088f68ffae0501ab8de7e323efb430c2912e83fc68ef048bfb8276401870,0,0,0,0,1,1,proof-seed-0,proof-seed-0,"[""baseline"",""proof-seed-0"",""proof-seed-32"",""proof-seed-4"",""proof-seed-16"",""proof-seed-8""]",parser_inclusive_subprocess_wall_clock,1,sat,0.098705653,0,0,0,,,"sat
",,"[""/net/scratch/hscra/plgrid/plgnasqret/codex-control/projects/euf-viper/runs/20260727T113307Z-proof-seed-qg7-2d4a372/target/release/euf-viper"",""fabric-solve"",""--engine"",""quotient-portfolio"",""/net/scratch/hscra/plgrid/plgnasqret/codex-control/projects/euf-viper/corpora/9b39c70a794d52277a4e5d83731f0ebc50a2f3b804eb1dfc8cf32766a5ebeadc/smtlib-2025/QF_UF/QF_UF/QG-classification/qg7/gensys_brn006.smt2""]"
2,0,6929,QF_UF/QG-classification/qg7/gensys_brn006.smt2,8d0bc1e8f917bb91982c9fdf996b35b06e610de5cac0c916058258e99ca59d32,808457,sat,1,williams_first_order_carryover,f142088f68ffae0501ab8de7e323efb430c2912e83fc68ef048bfb8276401870,0,0,0,0,2,2,proof-seed-32,proof-seed-32,"[""baseline"",""proof-seed-0"",""proof-seed-32"",""proof-seed-4"",""proof-seed-16"",""proof-seed-8""]",parser_inclusive_subprocess_wall_clock,1,sat,0.097277971,0,0,0,,,"sat
",,"[""/net/scratch/hscra/plgrid/plgnasqret/codex-control/projects/euf-viper/runs/20260727T113307Z-proof-seed-qg7-2d4a372/target/release/euf-viper"",""fabric-solve"",""--engine"",""quotient-portfolio"",""/net/scratch/hscra/plgrid/plgnasqret/codex-control/projects/euf-viper/corpora/9b39c70a794d52277a4e5d83731f0ebc50a2f3b804eb1dfc8cf32766a5ebeadc/smtlib-2025/QF_UF/QF_UF/QG-classification/qg7/gensys_brn006.smt2""]"
3,0,6929,QF_UF/QG-classification/qg7/gensys_brn006.smt2,8d0bc1e8f917bb91982c9fdf996b35b06e610de5cac0c916058258e99ca59d32,808457,sat,1,williams_first_order_carryover,f142088f68ffae0501ab8de7e323efb430c2912e83fc68ef048bfb8276401870,0,0,0,0,3,3,proof-seed-4,proof-seed-4,"[""baseline"",""proof-seed-0"",""proof-seed-32"",""proof-seed-4"",""proof-seed-16"",""proof-seed-8""]",parser_inclusive_subprocess_wall_clock,1,sat,0.100059287,0,0,0,,,"sat
",,"[""/net/scratch/hscra/plgrid/plgnasqret/codex-control/projects/euf-viper/runs/20260727T113307Z-proof-seed-qg7-2d4a372/target/release/euf-viper"",""fabric-solve"",""--engine"",""quotient-portfolio"",""/net/scratch/hscra/plgrid/plgnasqret/codex-control/projects/euf-viper/corpora/9b39c70a794d52277a4e5d83731f0ebc50a2f3b804eb1dfc8cf32766a5ebeadc/smtlib-2025/QF_UF/QF_UF/QG-classification/qg7/gensys_brn006.smt2""]"
4,0,6929,QF_UF/QG-classification/qg7/gensys_brn006.smt2,8d0bc1e8f917bb91982c9fdf996b35b06e610de5cac0c916058258e99ca59d32,808457,sat,1,williams_first_order_carryover,f142088f68ffae0501ab8de7e323efb430c2912e83fc68ef048bfb8276401870,0,0,0,0,4,4,proof-seed-16,proof-seed-16,"[""baseline"",""proof-seed-0"",""proof-seed-32"",""proof-seed-4"",""proof-seed-16"",""proof-seed-8""]",parser_inclusive_subprocess_wall_clock,1,sat,0.099378950,0,0,0,,,"sat
",,"[""/net/scratch/hscra/plgrid/plgnasqret/codex-control/projects/euf-viper/runs/20260727T113307Z-proof-seed-qg7-2d4a372/target/release/euf-viper"",""fabric-solve"",""--engine"",""quotient-portfolio"",""/net/scratch/hscra/plgrid/plgnasqret/codex-control/projects/euf-viper/corpora/9b39c70a794d52277a4e5d83731f0ebc50a2f3b804eb1dfc8cf32766a5ebeadc/smtlib-2025/QF_UF/QF_UF/QG-classification/qg7/gensys_brn006.smt2""]"
5,0,6929,QF_UF/QG-classification/qg7/gensys_brn006.smt2,8d0bc1e8f917bb91982c9fdf996b35b06e610de5cac0c916058258e99ca59d32,808457,sat,1,williams_first_order_carryover,f142088f68ffae0501ab8de7e323efb430c2912e83fc68ef048bfb8276401870,0,0,0,0,5,5,proof-seed-8,proof-seed-8,"[""baseline"",""proof-seed-0"",""proof-seed-32"",""proof-seed-4"",""proof-seed-16"",""proof-seed-8""]",parser_inclusive_subprocess_wall_clock,1,sat,0.109344104,0,0,0,,,"sat
",,"[""/net/scratch/hscra/plgrid/plgnasqret/codex-control/projects/euf-viper/runs/20260727T113307Z-proof-seed-qg7-2d4a372/target/release/euf-viper"",""fabric-solve"",""--engine"",""quotient-portfolio"",""/net/scratch/hscra/plgrid/plgnasqret/codex-control/projects/euf-viper/corpora/9b39c70a794d52277a4e5d83731f0ebc50a2f3b804eb1dfc8cf32766a5ebeadc/smtlib-2025/QF_UF/QF_UF/QG-classification/qg7/gensys_brn006.smt2""]"
6,0,6929,QF_UF/QG-classification/qg7/gensys_brn006.smt2,8d0bc1e8f917bb91982c9fdf996b35b06e610de5cac0c916058258e99ca59d32,808457,sat,1,williams_first_order_carryover,f142088f68ffae0501ab8de7e323efb430c2912e83fc68ef048bfb8276401870,1,1,0,1,0,0,proof-seed-0,proof-seed-0,"[""proof-seed-0"",""proof-seed-4"",""baseline"",""proof-seed-8"",""proof-seed-32"",""proof-seed-16""]",parser_inclusive_subprocess_wall_clock,1,sat,0.096782126,0,0,0,,,"sat
",,"[""/net/scratch/hscra/plgrid/plgnasqret/codex-control/projects/euf-viper/runs/20260727T113307Z-proof-seed-qg7-2d4a372/target/release/euf-viper"",""fabric-solve"",""--engine"",""quotient-portfolio"",""/net/scratch/hscra/plgrid/plgnasqret/codex-control/projects/euf-viper/corpora/9b39c70a794d52277a4e5d83731f0ebc50a2f3b804eb1dfc8cf32766a5ebeadc/smtlib-2025/QF_UF/QF_UF/QG-classification/qg7/gensys_brn006.smt2""]"
7,0,6929,QF_UF/QG-classification/qg7/gensys_brn006.smt2,8d0bc1e8f917bb91982c9fdf996b35b06e610de5cac0c916058258e99ca59d32,808457,sat,1,williams_first_order_carryover,f142088f68ffae0501ab8de7e323efb430c2912e83fc68ef048bfb8276401870,1,1,0,1,1,1,proof-seed-4,proof-seed-4,"[""proof-seed-0"",""proof-seed-4"",""baseline"",""proof-seed-8"",""proof-seed-32"",""proof-seed-16""]",parser_inclusive_subprocess_wall_clock,1,sat,0.096336470,0,0,0,,,"sat
",,"[""/net/scratch/hscra/plgrid/plgnasqret/codex-control/projects/euf-viper/runs/20260727T113307Z-proof-seed-qg7-2d4a372/target/release/euf-viper"",""fabric-solve"",""--engine"",""quotient-portfolio"",""/net/scratch/hscra/plgrid/plgnasqret/codex-control/projects/euf-viper/corpora/9b39c70a794d52277a4e5d83731f0ebc50a2f3b804eb1dfc8cf32766a5ebeadc/smtlib-2025/QF_UF/QF_UF/QG-classification/qg7/gensys_brn006.smt2""]"
8,0,6929,QF_UF/QG-classification/qg7/gensys_brn006.smt2,8d0bc1e8f917bb91982c9fdf996b35b06e610de5cac0c916058258e99ca59d32,808457,sat,1,williams_first_order_carryover,f142088f68ffae0501ab8de7e323efb430c2912e83fc68ef048bfb8276401870,1,1,0,1,2,2,baseline,baseline,"[""proof-seed-0"",""proof-seed-4"",""baseline"",""proof-seed-8"",""proof-seed-32"",""proof-seed-16""]",parser_inclusive_subprocess_wall_clock,1,sat,0.082055981,0,0,0,,,"sat
",,"[""/net/scratch/hscra/plgrid/plgnasqret/codex-control/projects/euf-viper/runs/20260727T113307Z-proof-seed-qg7-2d4a372/target/release/euf-viper"",""fabric-solve"",""--engine"",""quotient-portfolio"",""/net/scratch/hscra/plgrid/plgnasqret/codex-control/projects/euf-viper/corpora/9b39c70a794d52277a4e5d83731f0ebc50a2f3b804eb1dfc8cf32766a5ebeadc/smtlib-2025/QF_UF/QF_UF/QG-classification/qg7/gensys_brn006.smt2""]"
9,0,6929,QF_UF/QG-classification/qg7/gensys_brn006.smt2,8d0bc1e8f917bb91982c9fdf996b35b06e610de5cac0c916058258e99ca59d32,808457,sat,1,williams_first_order_carryover,f142088f68ffae0501ab8de7e323efb430c2912e83fc68ef048bfb8276401870,1,1,0,1,3,3,proof-seed-8,proof-seed-8,"[""proof-seed-0"",""proof-seed-4"",""baseline"",""proof-seed-8"",""proof-seed-32"",""proof-seed-16""]",parser_inclusive_subprocess_wall_clock,1,sat,0.096041173,0,0,0,,,"sat
",,"[""/net/scratch/hscra/plgrid/plgnasqret/codex-control/projects/euf-viper/runs/20260727T113307Z-proof-seed-qg7-2d4a372/target/release/euf-viper"",""fabric-solve"",""--engine"",""quotient-portfolio"",""/net/scratch/hscra/plgrid/plgnasqret/codex-control/projects/euf-viper/corpora/9b39c70a794d52277a4e5d83731f0ebc50a2f3b804eb1dfc8cf32766a5ebeadc/smtlib-2025/QF_UF/QF_UF/QG-classification/qg7/gensys_brn006.smt2""]"
10,0,6929,QF_UF/QG-classification/qg7/gensys_brn006.smt2,8d0bc1e8f917bb91982c9fdf996b35b06e610de5cac0c916058258e99ca59d32,808457,sat,1,williams_first_order_carryover,f142088f68ffae0501ab8de7e323efb430c2912e83fc68ef048bfb8276401870,1,1,0,1,4,4,proof-seed-32,proof-seed-32,"[""proof-seed-0"",""proof-seed-4"",""baseline"",""proof-seed-8"",""proof-seed-32"",""proof-seed-16""]",parser_inclusive_subprocess_wall_clock,1,sat,0.097660808,0,0,0,,,"sat
",,"[""/net/scratch/hscra/plgrid/plgnasqret/codex-control/projects/euf-viper/runs/20260727T113307Z-proof-seed-qg7-2d4a372/target/release/euf-viper"",""fabric-solve"",""--engine"",""quotient-portfolio"",""/net/scratch/hscra/plgrid/plgnasqret/codex-control/projects/euf-viper/corpora/9b39c70a794d52277a4e5d83731f0ebc50a2f3b804eb1dfc8cf32766a5ebeadc/smtlib-2025/QF_UF/QF_UF/QG-classification/qg7/gensys_brn006.smt2""]"
11,0,6929,QF_UF/QG-classification/qg7/gensys_brn006.smt2,8d0bc1e8f917bb91982c9fdf996b35b06e610de5cac0c916058258e99ca59d32,808457,sat,1,williams_first_order_carryover,f142088f68ffae0501ab8de7e323efb430c2912e83fc68ef048bfb8276401870,1,1,0,1,5,5,proof-seed-16,proof-seed-16,"[""proof-seed-0"",""proof-seed-4"",""baseline"",""proof-seed-8"",""proof-seed-32"",""proof-seed-16""]",parser_inclusive_subprocess_wall_clock,1,sat,0.096329719,0,0,0,,,"sat
",,"[""/net/scratch/hscra/plgrid/plgnasqret/codex-control/projects/euf-viper/runs/20260727T113307Z-proof-seed-qg7-2d4a372/target/release/euf-viper"",""fabric-solve"",""--engine"",""quotient-portfolio"",""/net/scratch/hscra/plgrid/plgnasqret/codex-control/projects/euf-viper/corpora/9b39c70a794d52277a4e5d83731f0ebc50a2f3b804eb1dfc8cf32766a5ebeadc/smtlib-2025/QF_UF/QF_UF/QG-classification/qg7/gensys_brn006.smt2""]"
12,0,6929,QF_UF/QG-classification/qg7/gensys_brn006.smt2,8d0bc1e8f917bb91982c9fdf996b35b06e610de5cac0c916058258e99ca59d32,808457,sat,1,williams_first_order_carryover,f142088f68ffae0501ab8de7e323efb430c2912e83fc68ef048bfb8276401870,2,2,0,2,0,0,proof-seed-4,proof-seed-4,"[""proof-seed-4"",""proof-seed-8"",""proof-seed-0"",""proof-seed-16"",""baseline"",""proof-seed-32""]",parser_inclusive_subprocess_wall_clock,1,sat,0.096569700,0,0,0,,,"sat
",,"[""/net/scratch/hscra/plgrid/plgnasqret/codex-control/projects/euf-viper/runs/20260727T113307Z-proof-seed-qg7-2d4a372/target/release/euf-viper"",""fabric-solve"",""--engine"",""quotient-portfolio"",""/net/scratch/hscra/plgrid/plgnasqret/codex-control/projects/euf-viper/corpora/9b39c70a794d52277a4e5d83731f0ebc50a2f3b804eb1dfc8cf32766a5ebeadc/smtlib-2025/QF_UF/QF_UF/QG-classification/qg7/gensys_brn006.smt2""]"
13,0,6929,QF_UF/QG-classification/qg7/gensys_brn006.smt2,8d0bc1e8f917bb91982c9fdf996b35b06e610de5cac0c916058258e99ca59d32,808457,sat,1,williams_first_order_carryover,f142088f68ffae0501ab8de7e323efb430c2912e83fc68ef048bfb8276401870,2,2,0,2,1,1,proof-seed-8,proof-seed-8,"[""proof-seed-4"",""proof-seed-8"",""proof-seed-0"",""proof-seed-16"",""baseline"",""proof-seed-32""]",parser_inclusive_subprocess_wall_clock,1,sat,0.103905679,0,0,0,,,"sat
",,"[""/net/scratch/hscra/plgrid/plgnasqret/codex-control/projects/euf-viper/runs/20260727T113307Z-proof-seed-qg7-2d4a372/target/release/euf-viper"",""fabric-solve"",""--engine"",""quotient-portfolio"",""/net/scratch/hscra/plgrid/plgnasqret/codex-control/projects/euf-viper/corpora/9b39c70a794d52277a4e5d83731f0ebc50a2f3b804eb1dfc8cf32766a5ebeadc/smtlib-2025/QF_UF/QF_UF/QG-classification/qg7/gensys_brn006.smt2""]"
14,0,6929,QF_UF/QG-classification/qg7/gensys_brn006.smt2,8d0bc1e8f917bb91982c9fdf996b35b06e610de5cac0c916058258e99ca59d32,808457,sat,1,williams_first_order_carryover,f142088f68ffae0501ab8de7e323efb430c2912e83fc68ef048bfb8276401870,2,2,0,2,2,2,proof-seed-0,proof-seed-0,"[""proof-seed-4"",""proof-seed-8"",""proof-seed-0"",""proof-seed-16"",""baseline"",""proof-seed-32""]",parser_inclusive_subprocess_wall_clock,1,sat,0.097561070,0,0,0,,,"sat
",,"[""/net/scratch/hscra/plgrid/plgnasqret/codex-control/projects/euf-viper/runs/20260727T113307Z-proof-seed-qg7-2d4a372/target/release/euf-viper"",""fabric-solve"",""--engine"",""quotient-portfolio"",""/net/scratch/hscra/plgrid/plgnasqret/codex-control/projects/euf-viper/corpora/9b39c70a794d52277a4e5d83731f0ebc50a2f3b804eb1dfc8cf32766a5ebeadc/smtlib-2025/QF_UF/QF_UF/QG-classification/qg7/gensys_brn006.smt2""]"
15,0,6929,QF_UF/QG-classification/qg7/gensys_brn006.smt2,8d0bc1e8f917bb91982c9fdf996b35b06e610de5cac0c916058258e99ca59d32,808457,sat,1,williams_first_order_carryover,f142088f68ffae0501ab8de7e323efb430c2912e83fc68ef048bfb8276401870,2,2,0,2,3,3,proof-seed-16,proof-seed-16,"[""proof-seed-4"",""proof-seed-8"",""proof-seed-0"",""proof-seed-16"",""baseline"",""proof-seed-32""]",parser_inclusive_subprocess_wall_clock,1,sat,0.096556539,0,0,0,,,"sat
",,"[""/net/scratch/hscra/plgrid/plgnasqret/codex-control/projects/euf-viper/runs/20260727T113307Z-proof-seed-qg7-2d4a372/target/release/euf-viper"",""fabric-solve"",""--engine"",""quotient-portfolio"",""/net/scratch/hscra/plgrid/plgnasqret/codex-control/projects/euf-viper/corpora/9b39c70a794d52277a4e5d83731f0ebc50a2f3b804eb1dfc8cf32766a5ebeadc/smtlib-2025/QF_UF/QF_UF/QG-classification/qg7/gensys_brn006.smt2""]"
16,0,6929,QF_UF/QG-classification/qg7/gensys_brn006.smt2,8d0bc1e8f917bb91982c9fdf996b35b06e610de5cac0c916058258e99ca59d32,808457,sat,1,williams_first_order_carryover,f142088f68ffae0501ab8de7e323efb430c2912e83fc68ef048bfb8276401870,2,2,0,2,4,4,baseline,baseline,"[""proof-seed-4"",""proof-seed-8"",""proof-seed-0"",""proof-seed-16"",""baseline"",""proof-seed-32""]",parser_inclusive_subprocess_wall_clock,1,sat,0.082511622,0,0,0,,,"sat
",,"[""/net/scratch/hscra/plgrid/plgnasqret/codex-control/projects/euf-viper/runs/20260727T113307Z-proof-seed-qg7-2d4a372/target/release/euf-viper"",""fabric-solve"",""--engine"",""quotient-portfolio"",""/net/scratch/hscra/plgrid/plgnasqret/codex-control/projects/euf-viper/corpora/9b39c70a794d52277a4e5d83731f0ebc50a2f3b804eb1dfc8cf32766a5ebeadc/smtlib-2025/QF_UF/QF_UF/QG-classification/qg7/gensys_brn006.smt2""]"
17,0,6929,QF_UF/QG-classification/qg7/gensys_brn006.smt2,8d0bc1e8f917bb91982c9fdf996b35b06e610de5cac0c916058258e99ca59d32,808457,sat,1,williams_first_order_carryover,f142088f68ffae0501ab8de7e323efb430c2912e83fc68ef048bfb8276401870,2,2,0,2,5,5,proof-seed-32,proof-seed-32,"[""proof-seed-4"",""proof-seed-8"",""proof-seed-0"",""proof-seed-16"",""baseline"",""proof-seed-32""]",parser_inclusive_subprocess_wall_clock,1,sat,0.095548692,0,0,0,,,"sat
",,"[""/net/scratch/hscra/plgrid/plgnasqret/codex-control/projects/euf-viper/runs/20260727T113307Z-proof-seed-qg7-2d4a372/target/release/euf-viper"",""fabric-solve"",""--engine"",""quotient-portfolio"",""/net/scratch/hscra/plgrid/plgnasqret/codex-control/projects/euf-viper/corpora/9b39c70a794d52277a4e5d83731f0ebc50a2f3b804eb1dfc8cf32766a5ebeadc/smtlib-2025/QF_UF/QF_UF/QG-classification/qg7/gensys_brn006.smt2""]"
18,0,6929,QF_UF/QG-classification/qg7/gensys_brn006.smt2,8d0bc1e8f917bb91982c9fdf996b35b06e610de5cac0c916058258e99ca59d32,808457,sat,1,williams_first_order_carryover,f142088f68ffae0501ab8de7e323efb430c2912e83fc68ef048bfb8276401870,3,3,0,3,0,0,proof-seed-8,proof-seed-8,"[""proof-seed-8"",""proof-seed-16"",""proof-seed-4"",""proof-seed-32"",""proof-seed-0"",""baseline""]",parser_inclusive_subprocess_wall_clock,1,sat,0.097273324,0,0,0,,,"sat
",,"[""/net/scratch/hscra/plgrid/plgnasqret/codex-control/projects/euf-viper/runs/20260727T113307Z-proof-seed-qg7-2d4a372/target/release/euf-viper"",""fabric-solve"",""--engine"",""quotient-portfolio"",""/net/scratch/hscra/plgrid/plgnasqret/codex-control/projects/euf-viper/corpora/9b39c70a794d52277a4e5d83731f0ebc50a2f3b804eb1dfc8cf32766a5ebeadc/smtlib-2025/QF_UF/QF_UF/QG-classification/qg7/gensys_brn006.smt2""]"
19,0,6929,QF_UF/QG-classification/qg7/gensys_brn006.smt2,8d0bc1e8f917bb91982c9fdf996b35b06e610de5cac0c916058258e99ca59d32,808457,sat,1,williams_first_order_carryover,f142088f68ffae0501ab8de7e323efb430c2912e83fc68ef048bfb8276401870,3,3,0,3,1,1,proof-seed-16,proof-seed-16,"[""proof-seed-8"",""proof-seed-16"",""proof-seed-4"",""proof-seed-32"",""proof-seed-0"",""baseline""]",parser_inclusive_subprocess_wall_clock,1,sat,0.096810892,0,0,0,,,"sat
",,"[""/net/scratch/hscra/plgrid/plgnasqret/codex-control/projects/euf-viper/runs/20260727T113307Z-proof-seed-qg7-2d4a372/target/release/euf-viper"",""fabric-solve"",""--engine"",""quotient-portfolio"",""/net/scratch/hscra/plgrid/plgnasqret/codex-control/projects/euf-viper/corpora/9b39c70a794d52277a4e5d83731f0ebc50a2f3b804eb1dfc8cf32766a5ebeadc/smtlib-2025/QF_UF/QF_UF/QG-classification/qg7/gensys_brn006.smt2""]"
20,0,6929,QF_UF/QG-classification/qg7/gensys_brn006.smt2,8d0bc1e8f917bb91982c9fdf996b35b06e610de5cac0c916058258e99ca59d32,808457,sat,1,williams_first_order_carryover,f142088f68ffae0501ab8de7e323efb430c2912e83fc68ef048bfb8276401870,3,3,0,3,2,2,proof-seed-4,proof-seed-4,"[""proof-seed-8"",""proof-seed-16"",""proof-seed-4"",""proof-seed-32"",""proof-seed-0"",""baseline""]",parser_inclusive_subprocess_wall_clock,1,sat,0.104946518,0,0,0,,,"sat
",,"[""/net/scratch/hscra/plgrid/plgnasqret/codex-control/projects/euf-viper/runs/20260727T113307Z-proof-seed-qg7-2d4a372/target/release/euf-viper"",""fabric-solve"",""--engine"",""quotient-portfolio"",""/net/scratch/hscra/plgrid/plgnasqret/codex-control/projects/euf-viper/corpora/9b39c70a794d52277a4e5d83731f0ebc50a2f3b804eb1dfc8cf32766a5ebeadc/smtlib-2025/QF_UF/QF_UF/QG-classification/qg7/gensys_brn006.smt2""]"
21,0,6929,QF_UF/QG-classification/qg7/gensys_brn006.smt2,8d0bc1e8f917bb91982c9fdf996b35b06e610de5cac0c916058258e99ca59d32,808457,sat,1,williams_first_order_carryover,f142088f68ffae0501ab8de7e323efb430c2912e83fc68ef048bfb8276401870,3,3,0,3,3,3,proof-seed-32,proof-seed-32,"[""proof-seed-8"",""proof-seed-16"",""proof-seed-4"",""proof-seed-32"",""proof-seed-0"",""baseline""]",parser_inclusive_subprocess_wall_clock,1,sat,0.096446865,0,0,0,,,"sat
",,"[""/net/scratch/hscra/plgrid/plgnasqret/codex-control/projects/euf-viper/runs/20260727T113307Z-proof-seed-qg7-2d4a372/target/release/euf-viper"",""fabric-solve"",""--engine"",""quotient-portfolio"",""/net/scratch/hscra/plgrid/plgnasqret/codex-control/projects/euf-viper/corpora/9b39c70a794d52277a4e5d83731f0ebc50a2f3b804eb1dfc8cf32766a5ebeadc/smtlib-2025/QF_UF/QF_UF/QG-classification/qg7/gensys_brn006.smt2""]"
22,0,6929,QF_UF/QG-classification/qg7/gensys_brn006.smt2,8d0bc1e8f917bb91982c9fdf996b35b06e610de5cac0c916058258e99ca59d32,808457,sat,1,williams_first_order_carryover,f142088f68ffae0501ab8de7e323efb430c2912e83fc68ef048bfb8276401870,3,3,0,3,4,4,proof-seed-0,proof-seed-0,"[""proof-seed-8"",""proof-seed-16"",""proof-seed-4"",""proof-seed-32"",""proof-seed-0"",""baseline""]",parser_inclusive_subprocess_wall_clock,1,sat,0.098900782,0,0,0,,,"sat
",,"[""/net/scratch/hscra/plgrid/plgnasqret/codex-control/projects/euf-viper/runs/20260727T113307Z-proof-seed-qg7-2d4a372/target/release/euf-viper"",""fabric-solve"",""--engine"",""quotient-portfolio"",""/net/scratch/hscra/plgrid/plgnasqret/codex-control/projects/euf-viper/corpora/9b39c70a794d52277a4e5d83731f0ebc50a2f3b804eb1dfc8cf32766a5ebeadc/smtlib-2025/QF_UF/QF_UF/QG-classification/qg7/gensys_brn006.smt2""]"
23,0,6929,QF_UF/QG-classification/qg7/gensys_brn006.smt2,8d0bc1e8f917bb91982c9fdf996b35b06e610de5cac0c916058258e99ca59d32,808457,sat,1,williams_first_order_carryover,f142088f68ffae0501ab8de7e323efb430c2912e83fc68ef048bfb8276401870,3,3,0,3,5,5,baseline,baseline,"[""proof-seed-8"",""proof-seed-16"",""proof-seed-4"",""proof-seed-32"",""proof-seed-0"",""baseline""]",parser_inclusive_subprocess_wall_clock,1,sat,0.082232521,0,0,0,,,"sat
",,"[""/net/scratch/hscra/plgrid/plgnasqret/codex-control/projects/euf-viper/runs/20260727T113307Z-proof-seed-qg7-2d4a372/target/release/euf-viper"",""fabric-solve"",""--engine"",""quotient-portfolio"",""/net/scratch/hscra/plgrid/plgnasqret/codex-control/projects/euf-viper/corpora/9b39c70a794d52277a4e5d83731f0ebc50a2f3b804eb1dfc8cf32766a5ebeadc/smtlib-2025/QF_UF/QF_UF/QG-classification/qg7/gensys_brn006.smt2""]"
24,0,6929,QF_UF/QG-classification/qg7/gensys_brn006.smt2,8d0bc1e8f917bb91982c9fdf996b35b06e610de5cac0c916058258e99ca59d32,808457,sat,1,williams_first_order_carryover,f142088f68ffae0501ab8de7e323efb430c2912e83fc68ef048bfb8276401870,4,4,0,4,0,0,proof-seed-16,proof-seed-16,"[""proof-seed-16"",""proof-seed-32"",""proof-seed-8"",""baseline"",""proof-seed-4"",""proof-seed-0""]",parser_inclusive_subprocess_wall_clock,1,sat,0.096960489,0,0,0,,,"sat
",,"[""/net/scratch/hscra/plgrid/plgnasqret/codex-control/projects/euf-viper/runs/20260727T113307Z-proof-seed-qg7-2d4a372/target/release/euf-viper"",""fabric-solve"",""--engine"",""quotient-portfolio"",""/net/scratch/hscra/plgrid/plgnasqret/codex-control/projects/euf-viper/corpora/9b39c70a794d52277a4e5d83731f0ebc50a2f3b804eb1dfc8cf32766a5ebeadc/smtlib-2025/QF_UF/QF_UF/QG-classification/qg7/gensys_brn006.smt2""]"
25,0,6929,QF_UF/QG-classification/qg7/gensys_brn006.smt2,8d0bc1e8f917bb91982c9fdf996b35b06e610de5cac0c916058258e99ca59d32,808457,sat,1,williams_first_order_carryover,f142088f68ffae0501ab8de7e323efb430c2912e83fc68ef048bfb8276401870,4,4,0,4,1,1,proof-seed-32,proof-seed-32,"[""proof-seed-16"",""proof-seed-32"",""proof-seed-8"",""baseline"",""proof-seed-4"",""proof-seed-0""]",parser_inclusive_subprocess_wall_clock,1,sat,0.095526407,0,0,0,,,"sat
",,"[""/net/scratch/hscra/plgrid/plgnasqret/codex-control/projects/euf-viper/runs/20260727T113307Z-proof-seed-qg7-2d4a372/target/release/euf-viper"",""fabric-solve"",""--engine"",""quotient-portfolio"",""/net/scratch/hscra/plgrid/plgnasqret/codex-control/projects/euf-viper/corpora/9b39c70a794d52277a4e5d83731f0ebc50a2f3b804eb1dfc8cf32766a5ebeadc/smtlib-2025/QF_UF/QF_UF/QG-classification/qg7/gensys_brn006.smt2""]"
26,0,6929,QF_UF/QG-classification/qg7/gensys_brn006.smt2,8d0bc1e8f917bb91982c9fdf996b35b06e610de5cac0c916058258e99ca59d32,808457,sat,1,williams_first_order_carryover,f142088f68ffae0501ab8de7e323efb430c2912e83fc68ef048bfb8276401870,4,4,0,4,2,2,proof-seed-8,proof-seed-8,"[""proof-seed-16"",""proof-seed-32"",""proof-seed-8"",""baseline"",""proof-seed-4"",""proof-seed-0""]",parser_inclusive_subprocess_wall_clock,1,sat,0.095963129,0,0,0,,,"sat
",,"[""/net/scratch/hscra/plgrid/plgnasqret/codex-control/projects/euf-viper/runs/20260727T113307Z-proof-seed-qg7-2d4a372/target/release/euf-viper"",""fabric-solve"",""--engine"",""quotient-portfolio"",""/net/scratch/hscra/plgrid/plgnasqret/codex-control/projects/euf-viper/corpora/9b39c70a794d52277a4e5d83731f0ebc50a2f3b804eb1dfc8cf32766a5ebeadc/smtlib-2025/QF_UF/QF_UF/QG-classification/qg7/gensys_brn006.smt2""]"
27,0,6929,QF_UF/QG-classification/qg7/gensys_brn006.smt2,8d0bc1e8f917bb91982c9fdf996b35b06e610de5cac0c916058258e99ca59d32,808457,sat,1,williams_first_order_carryover,f142088f68ffae0501ab8de7e323efb430c2912e83fc68ef048bfb8276401870,4,4,0,4,3,3,baseline,baseline,"[""proof-seed-16"",""proof-seed-32"",""proof-seed-8"",""baseline"",""proof-seed-4"",""proof-seed-0""]",parser_inclusive_subprocess_wall_clock,1,sat,0.081729474,0,0,0,,,"sat
",,"[""/net/scratch/hscra/plgrid/plgnasqret/codex-control/projects/euf-viper/runs/20260727T113307Z-proof-seed-qg7-2d4a372/target/release/euf-viper"",""fabric-solve"",""--engine"",""quotient-portfolio"",""/net/scratch/hscra/plgrid/plgnasqret/codex-control/projects/euf-viper/corpora/9b39c70a794d52277a4e5d83731f0ebc50a2f3b804eb1dfc8cf32766a5ebeadc/smtlib-2025/QF_UF/QF_UF/QG-classification/qg7/gensys_brn006.smt2""]"
28,0,6929,QF_UF/QG-classification/qg7/gensys_brn006.smt2,8d0bc1e8f917bb91982c9fdf996b35b06e610de5cac0c916058258e99ca59d32,808457,sat,1,williams_first_order_carryover,f142088f68ffae0501ab8de7e323efb430c2912e83fc68ef048bfb8276401870,4,4,0,4,4,4,proof-seed-4,proof-seed-4,"[""proof-seed-16"",""proof-seed-32"",""proof-seed-8"",""baseline"",""proof-seed-4"",""proof-seed-0""]",parser_inclusive_subprocess_wall_clock,1,sat,0.096117624,0,0,0,,,"sat
",,"[""/net/scratch/hscra/plgrid/plgnasqret/codex-control/projects/euf-viper/runs/20260727T113307Z-proof-seed-qg7-2d4a372/target/release/euf-viper"",""fabric-solve"",""--engine"",""quotient-portfolio"",""/net/scratch/hscra/plgrid/plgnasqret/codex-control/projects/euf-viper/corpora/9b39c70a794d52277a4e5d83731f0ebc50a2f3b804eb1dfc8cf32766a5ebeadc/smtlib-2025/QF_UF/QF_UF/QG-classification/qg7/gensys_brn006.smt2""]"
29,0,6929,QF_UF/QG-classification/qg7/gensys_brn006.smt2,8d0bc1e8f917bb91982c9fdf996b35b06e610de5cac0c916058258e99ca59d32,808457,sat,1,williams_first_order_carryover,f142088f68ffae0501ab8de7e323efb430c2912e83fc68ef048bfb8276401870,4,4,0,4,5,5,proof-seed-0,proof-seed-0,"[""proof-seed-16"",""proof-seed-32"",""proof-seed-8"",""baseline"",""proof-seed-4"",""proof-seed-0""]",parser_inclusive_subprocess_wall_clock,1,sat,0.102523680,0,0,0,,,"sat
",,"[""/net/scratch/hscra/plgrid/plgnasqret/codex-control/projects/euf-viper/runs/20260727T113307Z-proof-seed-qg7-2d4a372/target/release/euf-viper"",""fabric-solve"",""--engine"",""quotient-portfolio"",""/net/scratch/hscra/plgrid/plgnasqret/codex-control/projects/euf-viper/corpora/9b39c70a794d52277a4e5d83731f0ebc50a2f3b804eb1dfc8cf32766a5ebeadc/smtlib-2025/QF_UF/QF_UF/QG-classification/qg7/gensys_brn006.smt2""]"
30,0,6929,QF_UF/QG-classification/qg7/gensys_brn006.smt2,8d0bc1e8f917bb91982c9fdf996b35b06e610de5cac0c916058258e99ca59d32,808457,sat,1,williams_first_order_carryover,f142088f68ffae0501ab8de7e323efb430c2912e83fc68ef048bfb8276401870,5,5,0,5,0,0,proof-seed-32,proof-seed-32,"[""proof-seed-32"",""baseline"",""proof-seed-16"",""proof-seed-0"",""proof-seed-8"",""proof-seed-4""]",parser_inclusive_subprocess_wall_clock,1,sat,0.097363727,0,0,0,,,"sat
",,"[""/net/scratch/hscra/plgrid/plgnasqret/codex-control/projects/euf-viper/runs/20260727T113307Z-proof-seed-qg7-2d4a372/target/release/euf-viper"",""fabric-solve"",""--engine"",""quotient-portfolio"",""/net/scratch/hscra/plgrid/plgnasqret/codex-control/projects/euf-viper/corpora/9b39c70a794d52277a4e5d83731f0ebc50a2f3b804eb1dfc8cf32766a5ebeadc/smtlib-2025/QF_UF/QF_UF/QG-classification/qg7/gensys_brn006.smt2""]"
31,0,6929,QF_UF/QG-classification/qg7/gensys_brn006.smt2,8d0bc1e8f917bb91982c9fdf996b35b06e610de5cac0c916058258e99ca59d32,808457,sat,1,williams_first_order_carryover,f142088f68ffae0501ab8de7e323efb430c2912e83fc68ef048bfb8276401870,5,5,0,5,1,1,baseline,baseline,"[""proof-seed-32"",""baseline"",""proof-seed-16"",""proof-seed-0"",""proof-seed-8"",""proof-seed-4""]",parser_inclusive_subprocess_wall_clock,1,sat,0.083369892,0,0,0,,,"sat
",,"[""/net/scratch/hscra/plgrid/plgnasqret/codex-control/projects/euf-viper/runs/20260727T113307Z-proof-seed-qg7-2d4a372/target/release/euf-viper"",""fabric-solve"",""--engine"",""quotient-portfolio"",""/net/scratch/hscra/plgrid/plgnasqret/codex-control/projects/euf-viper/corpora/9b39c70a794d52277a4e5d83731f0ebc50a2f3b804eb1dfc8cf32766a5ebeadc/smtlib-2025/QF_UF/QF_UF/QG-classification/qg7/gensys_brn006.smt2""]"
32,0,6929,QF_UF/QG-classification/qg7/gensys_brn006.smt2,8d0bc1e8f917bb91982c9fdf996b35b06e610de5cac0c916058258e99ca59d32,808457,sat,1,williams_first_order_carryover,f142088f68ffae0501ab8de7e323efb430c2912e83fc68ef048bfb8276401870,5,5,0,5,2,2,proof-seed-16,proof-seed-16,"[""proof-seed-32"",""baseline"",""proof-seed-16"",""proof-seed-0"",""proof-seed-8"",""proof-seed-4""]",parser_inclusive_subprocess_wall_clock,1,sat,0.095342095,0,0,0,,,"sat
",,"[""/net/scratch/hscra/plgrid/plgnasqret/codex-control/projects/euf-viper/runs/20260727T113307Z-proof-seed-qg7-2d4a372/target/release/euf-viper"",""fabric-solve"",""--engine"",""quotient-portfolio"",""/net/scratch/hscra/plgrid/plgnasqret/codex-control/projects/euf-viper/corpora/9b39c70a794d52277a4e5d83731f0ebc50a2f3b804eb1dfc8cf32766a5ebeadc/smtlib-2025/QF_UF/QF_UF/QG-classification/qg7/gensys_brn006.smt2""]"
33,0,6929,QF_UF/QG-classification/qg7/gensys_brn006.smt2,8d0bc1e8f917bb91982c9fdf996b35b06e610de5cac0c916058258e99ca59d32,808457,sat,1,williams_first_order_carryover,f142088f68ffae0501ab8de7e323efb430c2912e83fc68ef048bfb8276401870,5,5,0,5,3,3,proof-seed-0,proof-seed-0,"[""proof-seed-32"",""baseline"",""proof-seed-16"",""proof-seed-0"",""proof-seed-8"",""proof-seed-4""]",parser_inclusive_subprocess_wall_clock,1,sat,0.096691683,0,0,0,,,"sat
",,"[""/net/scratch/hscra/plgrid/plgnasqret/codex-control/projects/euf-viper/runs/20260727T113307Z-proof-seed-qg7-2d4a372/target/release/euf-viper"",""fabric-solve"",""--engine"",""quotient-portfolio"",""/net/scratch/hscra/plgrid/plgnasqret/codex-control/projects/euf-viper/corpora/9b39c70a794d52277a4e5d83731f0ebc50a2f3b804eb1dfc8cf32766a5ebeadc/smtlib-2025/QF_UF/QF_UF/QG-classification/qg7/gensys_brn006.smt2""]"
34,0,6929,QF_UF/QG-classification/qg7/gensys_brn006.smt2,8d0bc1e8f917bb91982c9fdf996b35b06e610de5cac0c916058258e99ca59d32,808457,sat,1,williams_first_order_carryover,f142088f68ffae0501ab8de7e323efb430c2912e83fc68ef048bfb8276401870,5,5,0,5,4,4,proof-seed-8,proof-seed-8,"[""proof-seed-32"",""baseline"",""proof-seed-16"",""proof-seed-0"",""proof-seed-8"",""proof-seed-4""]",parser_inclusive_subprocess_wall_clock,1,sat,0.098464010,0,0,0,,,"sat
",,"[""/net/scratch/hscra/plgrid/plgnasqret/codex-control/projects/euf-viper/runs/20260727T113307Z-proof-seed-qg7-2d4a372/target/release/euf-viper"",""fabric-solve"",""--engine"",""quotient-portfolio"",""/net/scratch/hscra/plgrid/plgnasqret/codex-control/projects/euf-viper/corpora/9b39c70a794d52277a4e5d83731f0ebc50a2f3b804eb1dfc8cf32766a5ebeadc/smtlib-2025/QF_UF/QF_UF/QG-classification/qg7/gensys_brn006.smt2""]"
35,0,6929,QF_UF/QG-classification/qg7/gensys_brn006.smt2,8d0bc1e8f917bb91982c9fdf996b35b06e610de5cac0c916058258e99ca59d32,808457,sat,1,williams_first_order_carryover,f142088f68ffae0501ab8de7e323efb430c2912e83fc68ef048bfb8276401870,5,5,0,5,5,5,proof-seed-4,proof-seed-4,"[""proof-seed-32"",""baseline"",""proof-seed-16"",""proof-seed-0"",""proof-seed-8"",""proof-seed-4""]",parser_inclusive_subprocess_wall_clock,1,sat,0.101559203,0,0,0,,,"sat
",,"[""/net/scratch/hscra/plgrid/plgnasqret/codex-control/projects/euf-viper/runs/20260727T113307Z-proof-seed-qg7-2d4a372/target/release/euf-viper"",""fabric-solve"",""--engine"",""quotient-portfolio"",""/net/scratch/hscra/plgrid/plgnasqret/codex-control/projects/euf-viper/corpora/9b39c70a794d52277a4e5d83731f0ebc50a2f3b804eb1dfc8cf32766a5ebeadc/smtlib-2025/QF_UF/QF_UF/QG-classification/qg7/gensys_brn006.smt2""]"
36,1,7048,QF_UF/QG-classification/qg7/iso_brn003.smt2,aef06e83b376125af41ed6b147b988afc3f5011593ac1cb07b77671be490f8d5,38367,unsat,1,williams_first_order_carryover,f142088f68ffae0501ab8de7e323efb430c2912e83fc68ef048bfb8276401870,0,0,0,0,0,0,baseline,baseline,"[""baseline"",""proof-seed-0"",""proof-seed-32"",""proof-seed-4"",""proof-seed-16"",""proof-seed-8""]",parser_inclusive_subprocess_wall_clock,1,unsat,0.096328147,0,0,0,,,"unsat
",,"[""/net/scratch/hscra/plgrid/plgnasqret/codex-control/projects/euf-viper/runs/20260727T113307Z-proof-seed-qg7-2d4a372/target/release/euf-viper"",""fabric-solve"",""--engine"",""quotient-portfolio"",""/net/scratch/hscra/plgrid/plgnasqret/codex-control/projects/euf-viper/corpora/9b39c70a794d52277a4e5d83731f0ebc50a2f3b804eb1dfc8cf32766a5ebeadc/smtlib-2025/QF_UF/QF_UF/QG-classification/qg7/iso_brn003.smt2""]"
37,1,7048,QF_UF/QG-classification/qg7/iso_brn003.smt2,aef06e83b376125af41ed6b147b988afc3f5011593ac1cb07b77671be490f8d5,38367,unsat,1,williams_first_order_carryover,f142088f68ffae0501ab8de7e323efb430c2912e83fc68ef048bfb8276401870,0,0,0,0,1,1,proof-seed-0,proof-seed-0,"[""baseline"",""proof-seed-0"",""proof-seed-32"",""proof-seed-4"",""proof-seed-16"",""proof-seed-8""]",parser_inclusive_subprocess_wall_clock,1,unsat,0.097632743,0,0,0,,,"unsat
",,"[""/net/scratch/hscra/plgrid/plgnasqret/codex-control/projects/euf-viper/runs/20260727T113307Z-proof-seed-qg7-2d4a372/target/release/euf-viper"",""fabric-solve"",""--engine"",""quotient-portfolio"",""/net/scratch/hscra/plgrid/plgnasqret/codex-control/projects/euf-viper/corpora/9b39c70a794d52277a4e5d83731f0ebc50a2f3b804eb1dfc8cf32766a5ebeadc/smtlib-2025/QF_UF/QF_UF/QG-classification/qg7/iso_brn003.smt2""]"
38,1,7048,QF_UF/QG-classification/qg7/iso_brn003.smt2,aef06e83b376125af41ed6b147b988afc3f5011593ac1cb07b77671be490f8d5,38367,unsat,1,williams_first_order_carryover,f142088f68ffae0501ab8de7e323efb430c2912e83fc68ef048bfb8276401870,0,0,0,0,2,2,proof-seed-32,proof-seed-32,"[""baseline"",""proof-seed-0"",""proof-seed-32"",""proof-seed-4"",""proof-seed-16"",""proof-seed-8""]",parser_inclusive_subprocess_wall_clock,1,unsat,0.096979859,0,0,0,,,"unsat
",,"[""/net/scratch/hscra/plgrid/plgnasqret/codex-control/projects/euf-viper/runs/20260727T113307Z-proof-seed-qg7-2d4a372/target/release/euf-viper"",""fabric-solve"",""--engine"",""quotient-portfolio"",""/net/scratch/hscra/plgrid/plgnasqret/codex-control/projects/euf-viper/corpora/9b39c70a794d52277a4e5d83731f0ebc50a2f3b804eb1dfc8cf32766a5ebeadc/smtlib-2025/QF_UF/QF_UF/QG-classification/qg7/iso_brn003.smt2""]"
39,1,7048,QF_UF/QG-classification/qg7/iso_brn003.smt2,aef06e83b376125af41ed6b147b988afc3f5011593ac1cb07b77671be490f8d5,38367,unsat,1,williams_first_order_carryover,f142088f68ffae0501ab8de7e323efb430c2912e83fc68ef048bfb8276401870,0,0,0,0,3,3,proof-seed-4,proof-seed-4,"[""baseline"",""proof-seed-0"",""proof-seed-32"",""proof-seed-4"",""proof-seed-16"",""proof-seed-8""]",parser_inclusive_subprocess_wall_clock,1,unsat,0.098224771,0,0,0,,,"unsat
",,"[""/net/scratch/hscra/plgrid/plgnasqret/codex-control/projects/euf-viper/runs/20260727T113307Z-proof-seed-qg7-2d4a372/target/release/euf-viper"",""fabric-solve"",""--engine"",""quotient-portfolio"",""/net/scratch/hscra/plgrid/plgnasqret/codex-control/projects/euf-viper/corpora/9b39c70a794d52277a4e5d83731f0ebc50a2f3b804eb1dfc8cf32766a5ebeadc/smtlib-2025/QF_UF/QF_UF/QG-classification/qg7/iso_brn003.smt2""]"
40,1,7048,QF_UF/QG-classification/qg7/iso_brn003.smt2,aef06e83b376125af41ed6b147b988afc3f5011593ac1cb07b77671be490f8d5,38367,unsat,1,williams_first_order_carryover,f142088f68ffae0501ab8de7e323efb430c2912e83fc68ef048bfb8276401870,0,0,0,0,4,4,proof-seed-16,proof-seed-16,"[""baseline"",""proof-seed-0"",""proof-seed-32"",""proof-seed-4"",""proof-seed-16"",""proof-seed-8""]",parser_inclusive_subprocess_wall_clock,1,unsat,0.096701258,0,0,0,,,"unsat
",,"[""/net/scratch/hscra/plgrid/plgnasqret/codex-control/projects/euf-viper/runs/20260727T113307Z-proof-seed-qg7-2d4a372/target/release/euf-viper"",""fabric-solve"",""--engine"",""quotient-portfolio"",""/net/scratch/hscra/plgrid/plgnasqret/codex-control/projects/euf-viper/corpora/9b39c70a794d52277a4e5d83731f0ebc50a2f3b804eb1dfc8cf32766a5ebeadc/smtlib-2025/QF_UF/QF_UF/QG-classification/qg7/iso_brn003.smt2""]"
41,1,7048,QF_UF/QG-classification/qg7/iso_brn003.smt2,aef06e83b376125af41ed6b147b988afc3f5011593ac1cb07b77671be490f8d5,38367,unsat,1,williams_first_order_carryover,f142088f68ffae0501ab8de7e323efb430c2912e83fc68ef048bfb8276401870,0,0,0,0,5,5,proof-seed-8,proof-seed-8,"[""baseline"",""proof-seed-0"",""proof-seed-32"",""proof-seed-4"",""proof-seed-16"",""proof-seed-8""]",parser_inclusive_subprocess_wall_clock,1,unsat,0.099534756,0,0,0,,,"unsat
",,"[""/net/scratch/hscra/plgrid/plgnasqret/codex-control/projects/euf-viper/runs/20260727T113307Z-proof-seed-qg7-2d4a372/target/release/euf-viper"",""fabric-solve"",""--engine"",""quotient-portfolio"",""/net/scratch/hscra/plgrid/plgnasqret/codex-control/projects/euf-viper/corpora/9b39c70a794d52277a4e5d83731f0ebc50a2f3b804eb1dfc8cf32766a5ebeadc/smtlib-2025/QF_UF/QF_UF/QG-classification/qg7/iso_brn003.smt2""]"
42,1,7048,QF_UF/QG-classification/qg7/iso_brn003.smt2,aef06e83b376125af41ed6b147b988afc3f5011593ac1cb07b77671be490f8d5,38367,unsat,1,williams_first_order_carryover,f142088f68ffae0501ab8de7e323efb430c2912e83fc68ef048bfb8276401870,1,1,0,1,0,0,proof-seed-0,proof-seed-0,"[""proof-seed-0"",""proof-seed-4"",""baseline"",""proof-seed-8"",""proof-seed-32"",""proof-seed-16""]",parser_inclusive_subprocess_wall_clock,1,unsat,0.102018720,0,0,0,,,"unsat
",,"[""/net/scratch/hscra/plgrid/plgnasqret/codex-control/projects/euf-viper/runs/20260727T113307Z-proof-seed-qg7-2d4a372/target/release/euf-viper"",""fabric-solve"",""--engine"",""quotient-portfolio"",""/net/scratch/hscra/plgrid/plgnasqret/codex-control/projects/euf-viper/corpora/9b39c70a794d52277a4e5d83731f0ebc50a2f3b804eb1dfc8cf32766a5ebeadc/smtlib-2025/QF_UF/QF_UF/QG-classification/qg7/iso_brn003.smt2""]"
43,1,7048,QF_UF/QG-classification/qg7/iso_brn003.smt2,aef06e83b376125af41ed6b147b988afc3f5011593ac1cb07b77671be490f8d5,38367,unsat,1,williams_first_order_carryover,f142088f68ffae0501ab8de7e323efb430c2912e83fc68ef048bfb8276401870,1,1,0,1,1,1,proof-seed-4,proof-seed-4,"[""proof-seed-0"",""proof-seed-4"",""baseline"",""proof-seed-8"",""proof-seed-32"",""proof-seed-16""]",parser_inclusive_subprocess_wall_clock,1,unsat,0.100787791,0,0,0,,,"unsat
",,"[""/net/scratch/hscra/plgrid/plgnasqret/codex-control/projects/euf-viper/runs/20260727T113307Z-proof-seed-qg7-2d4a372/target/release/euf-viper"",""fabric-solve"",""--engine"",""quotient-portfolio"",""/net/scratch/hscra/plgrid/plgnasqret/codex-control/projects/euf-viper/corpora/9b39c70a794d52277a4e5d83731f0ebc50a2f3b804eb1dfc8cf32766a5ebeadc/smtlib-2025/QF_UF/QF_UF/QG-classification/qg7/iso_brn003.smt2""]"
44,1,7048,QF_UF/QG-classification/qg7/iso_brn003.smt2,aef06e83b376125af41ed6b147b988afc3f5011593ac1cb07b77671be490f8d5,38367,unsat,1,williams_first_order_carryover,f142088f68ffae0501ab8de7e323efb430c2912e83fc68ef048bfb8276401870,1,1,0,1,2,2,baseline,baseline,"[""proof-seed-0"",""proof-seed-4"",""baseline"",""proof-seed-8"",""proof-seed-32"",""proof-seed-16""]",parser_inclusive_subprocess_wall_clock,1,unsat,0.102377559,0,0,0,,,"unsat
",,"[""/net/scratch/hscra/plgrid/plgnasqret/codex-control/projects/euf-viper/runs/20260727T113307Z-proof-seed-qg7-2d4a372/target/release/euf-viper"",""fabric-solve"",""--engine"",""quotient-portfolio"",""/net/scratch/hscra/plgrid/plgnasqret/codex-control/projects/euf-viper/corpora/9b39c70a794d52277a4e5d83731f0ebc50a2f3b804eb1dfc8cf32766a5ebeadc/smtlib-2025/QF_UF/QF_UF/QG-classification/qg7/iso_brn003.smt2""]"
45,1,7048,QF_UF/QG-classification/qg7/iso_brn003.smt2,aef06e83b376125af41ed6b147b988afc3f5011593ac1cb07b77671be490f8d5,38367,unsat,1,williams_first_order_carryover,f142088f68ffae0501ab8de7e323efb430c2912e83fc68ef048bfb8276401870,1,1,0,1,3,3,proof-seed-8,proof-seed-8,"[""proof-seed-0"",""proof-seed-4"",""baseline"",""proof-seed-8"",""proof-seed-32"",""proof-seed-16""]",parser_inclusive_subprocess_wall_clock,1,unsat,0.097982727,0,0,0,,,"unsat
",,"[""/net/scratch/hscra/plgrid/plgnasqret/codex-control/projects/euf-viper/runs/20260727T113307Z-proof-seed-qg7-2d4a372/target/release/euf-viper"",""fabric-solve"",""--engine"",""quotient-portfolio"",""/net/scratch/hscra/plgrid/plgnasqret/codex-control/projects/euf-viper/corpora/9b39c70a794d52277a4e5d83731f0ebc50a2f3b804eb1dfc8cf32766a5ebeadc/smtlib-2025/QF_UF/QF_UF/QG-classification/qg7/iso_brn003.smt2""]"
46,1,7048,QF_UF/QG-classification/qg7/iso_brn003.smt2,aef06e83b376125af41ed6b147b988afc3f5011593ac1cb07b77671be490f8d5,38367,unsat,1,williams_first_order_carryover,f142088f68ffae0501ab8de7e323efb430c2912e83fc68ef048bfb8276401870,1,1,0,1,4,4,proof-seed-32,proof-seed-32,"[""proof-seed-0"",""proof-seed-4"",""baseline"",""proof-seed-8"",""proof-seed-32"",""proof-seed-16""]",parser_inclusive_subprocess_wall_clock,1,unsat,0.100016810,0,0,0,,,"unsat
",,"[""/net/scratch/hscra/plgrid/plgnasqret/codex-control/projects/euf-viper/runs/20260727T113307Z-proof-seed-qg7-2d4a372/target/release/euf-viper"",""fabric-solve"",""--engine"",""quotient-portfolio"",""/net/scratch/hscra/plgrid/plgnasqret/codex-control/projects/euf-viper/corpora/9b39c70a794d52277a4e5d83731f0ebc50a2f3b804eb1dfc8cf32766a5ebeadc/smtlib-2025/QF_UF/QF_UF/QG-classification/qg7/iso_brn003.smt2""]"
47,1,7048,QF_UF/QG-classification/qg7/iso_brn003.smt2,aef06e83b376125af41ed6b147b988afc3f5011593ac1cb07b77671be490f8d5,38367,unsat,1,williams_first_order_carryover,f142088f68ffae0501ab8de7e323efb430c2912e83fc68ef048bfb8276401870,1,1,0,1,5,5,proof-seed-16,proof-seed-16,"[""proof-seed-0"",""proof-seed-4"",""baseline"",""proof-seed-8"",""proof-seed-32"",""proof-seed-16""]",parser_inclusive_subprocess_wall_clock,1,unsat,0.100743340,0,0,0,,,"unsat
",,"[""/net/scratch/hscra/plgrid/plgnasqret/codex-control/projects/euf-viper/runs/20260727T113307Z-proof-seed-qg7-2d4a372/target/release/euf-viper"",""fabric-solve"",""--engine"",""quotient-portfolio"",""/net/scratch/hscra/plgrid/plgnasqret/codex-control/projects/euf-viper/corpora/9b39c70a794d52277a4e5d83731f0ebc50a2f3b804eb1dfc8cf32766a5ebeadc/smtlib-2025/QF_UF/QF_UF/QG-classification/qg7/iso_brn003.smt2""]"
48,1,7048,QF_UF/QG-classification/qg7/iso_brn003.smt2,aef06e83b376125af41ed6b147b988afc3f5011593ac1cb07b77671be490f8d5,38367,unsat,1,williams_first_order_carryover,f142088f68ffae0501ab8de7e323efb430c2912e83fc68ef048bfb8276401870,2,2,0,2,0,0,proof-seed-4,proof-seed-4,"[""proof-seed-4"",""proof-seed-8"",""proof-seed-0"",""proof-seed-16"",""baseline"",""proof-seed-32""]",parser_inclusive_subprocess_wall_clock,1,unsat,0.099998921,0,0,0,,,"unsat
",,"[""/net/scratch/hscra/plgrid/plgnasqret/codex-control/projects/euf-viper/runs/20260727T113307Z-proof-seed-qg7-2d4a372/target/release/euf-viper"",""fabric-solve"",""--engine"",""quotient-portfolio"",""/net/scratch/hscra/plgrid/plgnasqret/codex-control/projects/euf-viper/corpora/9b39c70a794d52277a4e5d83731f0ebc50a2f3b804eb1dfc8cf32766a5ebeadc/smtlib-2025/QF_UF/QF_UF/QG-classification/qg7/iso_brn003.smt2""]"
49,1,7048,QF_UF/QG-classification/qg7/iso_brn003.smt2,aef06e83b376125af41ed6b147b988afc3f5011593ac1cb07b77671be490f8d5,38367,unsat,1,williams_first_order_carryover,f142088f68ffae0501ab8de7e323efb430c2912e83fc68ef048bfb8276401870,2,2,0,2,1,1,proof-seed-8,proof-seed-8,"[""proof-seed-4"",""proof-seed-8"",""proof-seed-0"",""proof-seed-16"",""baseline"",""proof-seed-32""]",parser_inclusive_subprocess_wall_clock,1,unsat,0.107096744,0,0,0,,,"unsat
",,"[""/net/scratch/hscra/plgrid/plgnasqret/codex-control/projects/euf-viper/runs/20260727T113307Z-proof-seed-qg7-2d4a372/target/release/euf-viper"",""fabric-solve"",""--engine"",""quotient-portfolio"",""/net/scratch/hscra/plgrid/plgnasqret/codex-control/projects/euf-viper/corpora/9b39c70a794d52277a4e5d83731f0ebc50a2f3b804eb1dfc8cf32766a5ebeadc/smtlib-2025/QF_UF/QF_UF/QG-classification/qg7/iso_brn003.smt2""]"
50,1,7048,QF_UF/QG-classification/qg7/iso_brn003.smt2,aef06e83b376125af41ed6b147b988afc3f5011593ac1cb07b77671be490f8d5,38367,unsat,1,williams_first_order_carryover,f142088f68ffae0501ab8de7e323efb430c2912e83fc68ef048bfb8276401870,2,2,0,2,2,2,proof-seed-0,proof-seed-0,"[""proof-seed-4"",""proof-seed-8"",""proof-seed-0"",""proof-seed-16"",""baseline"",""proof-seed-32""]",parser_inclusive_subprocess_wall_clock,1,unsat,0.097415159,0,0,0,,,"unsat
",,"[""/net/scratch/hscra/plgrid/plgnasqret/codex-control/projects/euf-viper/runs/20260727T113307Z-proof-seed-qg7-2d4a372/target/release/euf-viper"",""fabric-solve"",""--engine"",""quotient-portfolio"",""/net/scratch/hscra/plgrid/plgnasqret/codex-control/projects/euf-viper/corpora/9b39c70a794d52277a4e5d83731f0ebc50a2f3b804eb1dfc8cf32766a5ebeadc/smtlib-2025/QF_UF/QF_UF/QG-classification/qg7/iso_brn003.smt2""]"
51,1,7048,QF_UF/QG-classification/qg7/iso_brn003.smt2,aef06e83b376125af41ed6b147b988afc3f5011593ac1cb07b77671be490f8d5,38367,unsat,1,williams_first_order_carryover,f142088f68ffae0501ab8de7e323efb430c2912e83fc68ef048bfb8276401870,2,2,0,2,3,3,proof-seed-16,proof-seed-16,"[""proof-seed-4"",""proof-seed-8"",""proof-seed-0"",""proof-seed-16"",""baseline"",""proof-seed-32""]",parser_inclusive_subprocess_wall_clock,1,unsat,0.096877527,0,0,0,,,"unsat
",,"[""/net/scratch/hscra/plgrid/plgnasqret/codex-control/projects/euf-viper/runs/20260727T113307Z-proof-seed-qg7-2d4a372/target/release/euf-viper"",""fabric-solve"",""--engine"",""quotient-portfolio"",""/net/scratch/hscra/plgrid/plgnasqret/codex-control/projects/euf-viper/corpora/9b39c70a794d52277a4e5d83731f0ebc50a2f3b804eb1dfc8cf32766a5ebeadc/smtlib-2025/QF_UF/QF_UF/QG-classification/qg7/iso_brn003.smt2""]"
52,1,7048,QF_UF/QG-classification/qg7/iso_brn003.smt2,aef06e83b376125af41ed6b147b988afc3f5011593ac1cb07b77671be490f8d5,38367,unsat,1,williams_first_order_carryover,f142088f68ffae0501ab8de7e323efb430c2912e83fc68ef048bfb8276401870,2,2,0,2,4,4,baseline,baseline,"[""proof-seed-4"",""proof-seed-8"",""proof-seed-0"",""proof-seed-16"",""baseline"",""proof-seed-32""]",parser_inclusive_subprocess_wall_clock,1,unsat,0.097714984,0,0,0,,,"unsat
",,"[""/net/scratch/hscra/plgrid/plgnasqret/codex-control/projects/euf-viper/runs/20260727T113307Z-proof-seed-qg7-2d4a372/target/release/euf-viper"",""fabric-solve"",""--engine"",""quotient-portfolio"",""/net/scratch/hscra/plgrid/plgnasqret/codex-control/projects/euf-viper/corpora/9b39c70a794d52277a4e5d83731f0ebc50a2f3b804eb1dfc8cf32766a5ebeadc/smtlib-2025/QF_UF/QF_UF/QG-classification/qg7/iso_brn003.smt2""]"
53,1,7048,QF_UF/QG-classification/qg7/iso_brn003.smt2,aef06e83b376125af41ed6b147b988afc3f5011593ac1cb07b77671be490f8d5,38367,unsat,1,williams_first_order_carryover,f142088f68ffae0501ab8de7e323efb430c2912e83fc68ef048bfb8276401870,2,2,0,2,5,5,proof-seed-32,proof-seed-32,"[""proof-seed-4"",""proof-seed-8"",""proof-seed-0"",""proof-seed-16"",""baseline"",""proof-seed-32""]",parser_inclusive_subprocess_wall_clock,1,unsat,0.097412524,0,0,0,,,"unsat
",,"[""/net/scratch/hscra/plgrid/plgnasqret/codex-control/projects/euf-viper/runs/20260727T113307Z-proof-seed-qg7-2d4a372/target/release/euf-viper"",""fabric-solve"",""--engine"",""quotient-portfolio"",""/net/scratch/hscra/plgrid/plgnasqret/codex-control/projects/euf-viper/corpora/9b39c70a794d52277a4e5d83731f0ebc50a2f3b804eb1dfc8cf32766a5ebeadc/smtlib-2025/QF_UF/QF_UF/QG-classification/qg7/iso_brn003.smt2""]"
54,1,7048,QF_UF/QG-classification/qg7/iso_brn003.smt2,aef06e83b376125af41ed6b147b988afc3f5011593ac1cb07b77671be490f8d5,38367,unsat,1,williams_first_order_carryover,f142088f68ffae0501ab8de7e323efb430c2912e83fc68ef048bfb8276401870,3,3,0,3,0,0,proof-seed-8,proof-seed-8,"[""proof-seed-8"",""proof-seed-16"",""proof-seed-4"",""proof-seed-32"",""proof-seed-0"",""baseline""]",parser_inclusive_subprocess_wall_clock,1,unsat,0.098509422,0,0,0,,,"unsat
",,"[""/net/scratch/hscra/plgrid/plgnasqret/codex-control/projects/euf-viper/runs/20260727T113307Z-proof-seed-qg7-2d4a372/target/release/euf-viper"",""fabric-solve"",""--engine"",""quotient-portfolio"",""/net/scratch/hscra/plgrid/plgnasqret/codex-control/projects/euf-viper/corpora/9b39c70a794d52277a4e5d83731f0ebc50a2f3b804eb1dfc8cf32766a5ebeadc/smtlib-2025/QF_UF/QF_UF/QG-classification/qg7/iso_brn003.smt2""]"
55,1,7048,QF_UF/QG-classification/qg7/iso_brn003.smt2,aef06e83b376125af41ed6b147b988afc3f5011593ac1cb07b77671be490f8d5,38367,unsat,1,williams_first_order_carryover,f142088f68ffae0501ab8de7e323efb430c2912e83fc68ef048bfb8276401870,3,3,0,3,1,1,proof-seed-16,proof-seed-16,"[""proof-seed-8"",""proof-seed-16"",""proof-seed-4"",""proof-seed-32"",""proof-seed-0"",""baseline""]",parser_inclusive_subprocess_wall_clock,1,unsat,0.099554187,0,0,0,,,"unsat
",,"[""/net/scratch/hscra/plgrid/plgnasqret/codex-control/projects/euf-viper/runs/20260727T113307Z-proof-seed-qg7-2d4a372/target/release/euf-viper"",""fabric-solve"",""--engine"",""quotient-portfolio"",""/net/scratch/hscra/plgrid/plgnasqret/codex-control/projects/euf-viper/corpora/9b39c70a794d52277a4e5d83731f0ebc50a2f3b804eb1dfc8cf32766a5ebeadc/smtlib-2025/QF_UF/QF_UF/QG-classification/qg7/iso_brn003.smt2""]"
56,1,7048,QF_UF/QG-classification/qg7/iso_brn003.smt2,aef06e83b376125af41ed6b147b988afc3f5011593ac1cb07b77671be490f8d5,38367,unsat,1,williams_first_order_carryover,f142088f68ffae0501ab8de7e323efb430c2912e83fc68ef048bfb8276401870,3,3,0,3,2,2,proof-seed-4,proof-seed-4,"[""proof-seed-8"",""proof-seed-16"",""proof-seed-4"",""proof-seed-32"",""proof-seed-0"",""baseline""]",parser_inclusive_subprocess_wall_clock,1,unsat,0.097149478,0,0,0,,,"unsat
",,"[""/net/scratch/hscra/plgrid/plgnasqret/codex-control/projects/euf-viper/runs/20260727T113307Z-proof-seed-qg7-2d4a372/target/release/euf-viper"",""fabric-solve"",""--engine"",""quotient-portfolio"",""/net/scratch/hscra/plgrid/plgnasqret/codex-control/projects/euf-viper/corpora/9b39c70a794d52277a4e5d83731f0ebc50a2f3b804eb1dfc8cf32766a5ebeadc/smtlib-2025/QF_UF/QF_UF/QG-classification/qg7/iso_brn003.smt2""]"
57,1,7048,QF_UF/QG-classification/qg7/iso_brn003.smt2,aef06e83b376125af41ed6b147b988afc3f5011593ac1cb07b77671be490f8d5,38367,unsat,1,williams_first_order_carryover,f142088f68ffae0501ab8de7e323efb430c2912e83fc68ef048bfb8276401870,3,3,0,3,3,3,proof-seed-32,proof-seed-32,"[""proof-seed-8"",""proof-seed-16"",""proof-seed-4"",""proof-seed-32"",""proof-seed-0"",""baseline""]",parser_inclusive_subprocess_wall_clock,1,unsat,0.097796623,0,0,0,,,"unsat
",,"[""/net/scratch/hscra/plgrid/plgnasqret/codex-control/projects/euf-viper/runs/20260727T113307Z-proof-seed-qg7-2d4a372/target/release/euf-viper"",""fabric-solve"",""--engine"",""quotient-portfolio"",""/net/scratch/hscra/plgrid/plgnasqret/codex-control/projects/euf-viper/corpora/9b39c70a794d52277a4e5d83731f0ebc50a2f3b804eb1dfc8cf32766a5ebeadc/smtlib-2025/QF_UF/QF_UF/QG-classification/qg7/iso_brn003.smt2""]"
58,1,7048,QF_UF/QG-classification/qg7/iso_brn003.smt2,aef06e83b376125af41ed6b147b988afc3f5011593ac1cb07b77671be490f8d5,38367,unsat,1,williams_first_order_carryover,f142088f68ffae0501ab8de7e323efb430c2912e83fc68ef048bfb8276401870,3,3,0,3,4,4,proof-seed-0,proof-seed-0,"[""proof-seed-8"",""proof-seed-16"",""proof-seed-4"",""proof-seed-32"",""proof-seed-0"",""baseline""]",parser_inclusive_subprocess_wall_clock,1,unsat,0.098457680,0,0,0,,,"unsat
",,"[""/net/scratch/hscra/plgrid/plgnasqret/codex-control/projects/euf-viper/runs/20260727T113307Z-proof-seed-qg7-2d4a372/target/release/euf-viper"",""fabric-solve"",""--engine"",""quotient-portfolio"",""/net/scratch/hscra/plgrid/plgnasqret/codex-control/projects/euf-viper/corpora/9b39c70a794d52277a4e5d83731f0ebc50a2f3b804eb1dfc8cf32766a5ebeadc/smtlib-2025/QF_UF/QF_UF/QG-classification/qg7/iso_brn003.smt2""]"
59,1,7048,QF_UF/QG-classification/qg7/iso_brn003.smt2,aef06e83b376125af41ed6b147b988afc3f5011593ac1cb07b77671be490f8d5,38367,unsat,1,williams_first_order_carryover,f142088f68ffae0501ab8de7e323efb430c2912e83fc68ef048bfb8276401870,3,3,0,3,5,5,baseline,baseline,"[""proof-seed-8"",""proof-seed-16"",""proof-seed-4"",""proof-seed-32"",""proof-seed-0"",""baseline""]",parser_inclusive_subprocess_wall_clock,1,unsat,0.097777352,0,0,0,,,"unsat
",,"[""/net/scratch/hscra/plgrid/plgnasqret/codex-control/projects/euf-viper/runs/20260727T113307Z-proof-seed-qg7-2d4a372/target/release/euf-viper"",""fabric-solve"",""--engine"",""quotient-portfolio"",""/net/scratch/hscra/plgrid/plgnasqret/codex-control/projects/euf-viper/corpora/9b39c70a794d52277a4e5d83731f0ebc50a2f3b804eb1dfc8cf32766a5ebeadc/smtlib-2025/QF_UF/QF_UF/QG-classification/qg7/iso_brn003.smt2""]"
60,1,7048,QF_UF/QG-classification/qg7/iso_brn003.smt2,aef06e83b376125af41ed6b147b988afc3f5011593ac1cb07b77671be490f8d5,38367,unsat,1,williams_first_order_carryover,f142088f68ffae0501ab8de7e323efb430c2912e83fc68ef048bfb8276401870,4,4,0,4,0,0,proof-seed-16,proof-seed-16,"[""proof-seed-16"",""proof-seed-32"",""proof-seed-8"",""baseline"",""proof-seed-4"",""proof-seed-0""]",parser_inclusive_subprocess_wall_clock,1,unsat,0.096677831,0,0,0,,,"unsat
",,"[""/net/scratch/hscra/plgrid/plgnasqret/codex-control/projects/euf-viper/runs/20260727T113307Z-proof-seed-qg7-2d4a372/target/release/euf-viper"",""fabric-solve"",""--engine"",""quotient-portfolio"",""/net/scratch/hscra/plgrid/plgnasqret/codex-control/projects/euf-viper/corpora/9b39c70a794d52277a4e5d83731f0ebc50a2f3b804eb1dfc8cf32766a5ebeadc/smtlib-2025/QF_UF/QF_UF/QG-classification/qg7/iso_brn003.smt2""]"
61,1,7048,QF_UF/QG-classification/qg7/iso_brn003.smt2,aef06e83b376125af41ed6b147b988afc3f5011593ac1cb07b77671be490f8d5,38367,unsat,1,williams_first_order_carryover,f142088f68ffae0501ab8de7e323efb430c2912e83fc68ef048bfb8276401870,4,4,0,4,1,1,proof-seed-32,proof-seed-32,"[""proof-seed-16"",""proof-seed-32"",""proof-seed-8"",""baseline"",""proof-seed-4"",""proof-seed-0""]",parser_inclusive_subprocess_wall_clock,1,unsat,0.097732161,0,0,0,,,"unsat
",,"[""/net/scratch/hscra/plgrid/plgnasqret/codex-control/projects/euf-viper/runs/20260727T113307Z-proof-seed-qg7-2d4a372/target/release/euf-viper"",""fabric-solve"",""--engine"",""quotient-portfolio"",""/net/scratch/hscra/plgrid/plgnasqret/codex-control/projects/euf-viper/corpora/9b39c70a794d52277a4e5d83731f0ebc50a2f3b804eb1dfc8cf32766a5ebeadc/smtlib-2025/QF_UF/QF_UF/QG-classification/qg7/iso_brn003.smt2""]"
62,1,7048,QF_UF/QG-classification/qg7/iso_brn003.smt2,aef06e83b376125af41ed6b147b988afc3f5011593ac1cb07b77671be490f8d5,38367,unsat,1,williams_first_order_carryover,f142088f68ffae0501ab8de7e323efb430c2912e83fc68ef048bfb8276401870,4,4,0,4,2,2,proof-seed-8,proof-seed-8,"[""proof-seed-16"",""proof-seed-32"",""proof-seed-8"",""baseline"",""proof-seed-4"",""proof-seed-0""]",parser_inclusive_subprocess_wall_clock,1,unsat,0.098209577,0,0,0,,,"unsat
",,"[""/net/scratch/hscra/plgrid/plgnasqret/codex-control/projects/euf-viper/runs/20260727T113307Z-proof-seed-qg7-2d4a372/target/release/euf-viper"",""fabric-solve"",""--engine"",""quotient-portfolio"",""/net/scratch/hscra/plgrid/plgnasqret/codex-control/projects/euf-viper/corpora/9b39c70a794d52277a4e5d83731f0ebc50a2f3b804eb1dfc8cf32766a5ebeadc/smtlib-2025/QF_UF/QF_UF/QG-classification/qg7/iso_brn003.smt2""]"
63,1,7048,QF_UF/QG-classification/qg7/iso_brn003.smt2,aef06e83b376125af41ed6b147b988afc3f5011593ac1cb07b77671be490f8d5,38367,unsat,1,williams_first_order_carryover,f142088f68ffae0501ab8de7e323efb430c2912e83fc68ef048bfb8276401870,4,4,0,4,3,3,baseline,baseline,"[""proof-seed-16"",""proof-seed-32"",""proof-seed-8"",""baseline"",""proof-seed-4"",""proof-seed-0""]",parser_inclusive_subprocess_wall_clock,1,unsat,0.096775535,0,0,0,,,"unsat
",,"[""/net/scratch/hscra/plgrid/plgnasqret/codex-control/projects/euf-viper/runs/20260727T113307Z-proof-seed-qg7-2d4a372/target/release/euf-viper"",""fabric-solve"",""--engine"",""quotient-portfolio"",""/net/scratch/hscra/plgrid/plgnasqret/codex-control/projects/euf-viper/corpora/9b39c70a794d52277a4e5d83731f0ebc50a2f3b804eb1dfc8cf32766a5ebeadc/smtlib-2025/QF_UF/QF_UF/QG-classification/qg7/iso_brn003.smt2""]"
64,1,7048,QF_UF/QG-classification/qg7/iso_brn003.smt2,aef06e83b376125af41ed6b147b988afc3f5011593ac1cb07b77671be490f8d5,38367,unsat,1,williams_first_order_carryover,f142088f68ffae0501ab8de7e323efb430c2912e83fc68ef048bfb8276401870,4,4,0,4,4,4,proof-seed-4,proof-seed-4,"[""proof-seed-16"",""proof-seed-32"",""proof-seed-8"",""baseline"",""proof-seed-4"",""proof-seed-0""]",parser_inclusive_subprocess_wall_clock,1,unsat,0.097734375,0,0,0,,,"unsat
",,"[""/net/scratch/hscra/plgrid/plgnasqret/codex-control/projects/euf-viper/runs/20260727T113307Z-proof-seed-qg7-2d4a372/target/release/euf-viper"",""fabric-solve"",""--engine"",""quotient-portfolio"",""/net/scratch/hscra/plgrid/plgnasqret/codex-control/projects/euf-viper/corpora/9b39c70a794d52277a4e5d83731f0ebc50a2f3b804eb1dfc8cf32766a5ebeadc/smtlib-2025/QF_UF/QF_UF/QG-classification/qg7/iso_brn003.smt2""]"
65,1,7048,QF_UF/QG-classification/qg7/iso_brn003.smt2,aef06e83b376125af41ed6b147b988afc3f5011593ac1cb07b77671be490f8d5,38367,unsat,1,williams_first_order_carryover,f142088f68ffae0501ab8de7e323efb430c2912e83fc68ef048bfb8276401870,4,4,0,4,5,5,proof-seed-0,proof-seed-0,"[""proof-seed-16"",""proof-seed-32"",""proof-seed-8"",""baseline"",""proof-seed-4"",""proof-seed-0""]",parser_inclusive_subprocess_wall_clock,1,unsat,0.096966519,0,0,0,,,"unsat
",,"[""/net/scratch/hscra/plgrid/plgnasqret/codex-control/projects/euf-viper/runs/20260727T113307Z-proof-seed-qg7-2d4a372/target/release/euf-viper"",""fabric-solve"",""--engine"",""quotient-portfolio"",""/net/scratch/hscra/plgrid/plgnasqret/codex-control/projects/euf-viper/corpora/9b39c70a794d52277a4e5d83731f0ebc50a2f3b804eb1dfc8cf32766a5ebeadc/smtlib-2025/QF_UF/QF_UF/QG-classification/qg7/iso_brn003.smt2""]"
66,1,7048,QF_UF/QG-classification/qg7/iso_brn003.smt2,aef06e83b376125af41ed6b147b988afc3f5011593ac1cb07b77671be490f8d5,38367,unsat,1,williams_first_order_carryover,f142088f68ffae0501ab8de7e323efb430c2912e83fc68ef048bfb8276401870,5,5,0,5,0,0,proof-seed-32,proof-seed-32,"[""proof-seed-32"",""baseline"",""proof-seed-16"",""proof-seed-0"",""proof-seed-8"",""proof-seed-4""]",parser_inclusive_subprocess_wall_clock,1,unsat,0.097359781,0,0,0,,,"unsat
",,"[""/net/scratch/hscra/plgrid/plgnasqret/codex-control/projects/euf-viper/runs/20260727T113307Z-proof-seed-qg7-2d4a372/target/release/euf-viper"",""fabric-solve"",""--engine"",""quotient-portfolio"",""/net/scratch/hscra/plgrid/plgnasqret/codex-control/projects/euf-viper/corpora/9b39c70a794d52277a4e5d83731f0ebc50a2f3b804eb1dfc8cf32766a5ebeadc/smtlib-2025/QF_UF/QF_UF/QG-classification/qg7/iso_brn003.smt2""]"
67,1,7048,QF_UF/QG-classification/qg7/iso_brn003.smt2,aef06e83b376125af41ed6b147b988afc3f5011593ac1cb07b77671be490f8d5,38367,unsat,1,williams_first_order_carryover,f142088f68ffae0501ab8de7e323efb430c2912e83fc68ef048bfb8276401870,5,5,0,5,1,1,baseline,baseline,"[""proof-seed-32"",""baseline"",""proof-seed-16"",""proof-seed-0"",""proof-seed-8"",""proof-seed-4""]",parser_inclusive_subprocess_wall_clock,1,unsat,0.097380964,0,0,0,,,"unsat
",,"[""/net/scratch/hscra/plgrid/plgnasqret/codex-control/projects/euf-viper/runs/20260727T113307Z-proof-seed-qg7-2d4a372/target/release/euf-viper"",""fabric-solve"",""--engine"",""quotient-portfolio"",""/net/scratch/hscra/plgrid/plgnasqret/codex-control/projects/euf-viper/corpora/9b39c70a794d52277a4e5d83731f0ebc50a2f3b804eb1dfc8cf32766a5ebeadc/smtlib-2025/QF_UF/QF_UF/QG-classification/qg7/iso_brn003.smt2""]"
68,1,7048,QF_UF/QG-classification/qg7/iso_brn003.smt2,aef06e83b376125af41ed6b147b988afc3f5011593ac1cb07b77671be490f8d5,38367,unsat,1,williams_first_order_carryover,f142088f68ffae0501ab8de7e323efb430c2912e83fc68ef048bfb8276401870,5,5,0,5,2,2,proof-seed-16,proof-seed-16,"[""proof-seed-32"",""baseline"",""proof-seed-16"",""proof-seed-0"",""proof-seed-8"",""proof-seed-4""]",parser_inclusive_subprocess_wall_clock,1,unsat,0.097371239,0,0,0,,,"unsat
",,"[""/net/scratch/hscra/plgrid/plgnasqret/codex-control/projects/euf-viper/runs/20260727T113307Z-proof-seed-qg7-2d4a372/target/release/euf-viper"",""fabric-solve"",""--engine"",""quotient-portfolio"",""/net/scratch/hscra/plgrid/plgnasqret/codex-control/projects/euf-viper/corpora/9b39c70a794d52277a4e5d83731f0ebc50a2f3b804eb1dfc8cf32766a5ebeadc/smtlib-2025/QF_UF/QF_UF/QG-classification/qg7/iso_brn003.smt2""]"
69,1,7048,QF_UF/QG-classification/qg7/iso_brn003.smt2,aef06e83b376125af41ed6b147b988afc3f5011593ac1cb07b77671be490f8d5,38367,unsat,1,williams_first_order_carryover,f142088f68ffae0501ab8de7e323efb430c2912e83fc68ef048bfb8276401870,5,5,0,5,3,3,proof-seed-0,proof-seed-0,"[""proof-seed-32"",""baseline"",""proof-seed-16"",""proof-seed-0"",""proof-seed-8"",""proof-seed-4""]",parser_inclusive_subprocess_wall_clock,1,unsat,0.098551248,0,0,0,,,"unsat
",,"[""/net/scratch/hscra/plgrid/plgnasqret/codex-control/projects/euf-viper/runs/20260727T113307Z-proof-seed-qg7-2d4a372/target/release/euf-viper"",""fabric-solve"",""--engine"",""quotient-portfolio"",""/net/scratch/hscra/plgrid/plgnasqret/codex-control/projects/euf-viper/corpora/9b39c70a794d52277a4e5d83731f0ebc50a2f3b804eb1dfc8cf32766a5ebeadc/smtlib-2025/QF_UF/QF_UF/QG-classification/qg7/iso_brn003.smt2""]"
70,1,7048,QF_UF/QG-classification/qg7/iso_brn003.smt2,aef06e83b376125af41ed6b147b988afc3f5011593ac1cb07b77671be490f8d5,38367,unsat,1,williams_first_order_carryover,f142088f68ffae0501ab8de7e323efb430c2912e83fc68ef048bfb8276401870,5,5,0,5,4,4,proof-seed-8,proof-seed-8,"[""proof-seed-32"",""baseline"",""proof-seed-16"",""proof-seed-0"",""proof-seed-8"",""proof-seed-4""]",parser_inclusive_subprocess_wall_clock,1,unsat,0.097643360,0,0,0,,,"unsat
",,"[""/net/scratch/hscra/plgrid/plgnasqret/codex-control/projects/euf-viper/runs/20260727T113307Z-proof-seed-qg7-2d4a372/target/release/euf-viper"",""fabric-solve"",""--engine"",""quotient-portfolio"",""/net/scratch/hscra/plgrid/plgnasqret/codex-control/projects/euf-viper/corpora/9b39c70a794d52277a4e5d83731f0ebc50a2f3b804eb1dfc8cf32766a5ebeadc/smtlib-2025/QF_UF/QF_UF/QG-classification/qg7/iso_brn003.smt2""]"
71,1,7048,QF_UF/QG-classification/qg7/iso_brn003.smt2,aef06e83b376125af41ed6b147b988afc3f5011593ac1cb07b77671be490f8d5,38367,unsat,1,williams_first_order_carryover,f142088f68ffae0501ab8de7e323efb430c2912e83fc68ef048bfb8276401870,5,5,0,5,5,5,proof-seed-4,proof-seed-4,"[""proof-seed-32"",""baseline"",""proof-seed-16"",""proof-seed-0"",""proof-seed-8"",""proof-seed-4""]",parser_inclusive_subprocess_wall_clock,1,unsat,0.097983949,0,0,0,,,"unsat
",,"[""/net/scratch/hscra/plgrid/plgnasqret/codex-control/projects/euf-viper/runs/20260727T113307Z-proof-seed-qg7-2d4a372/target/release/euf-viper"",""fabric-solve"",""--engine"",""quotient-portfolio"",""/net/scratch/hscra/plgrid/plgnasqret/codex-control/projects/euf-viper/corpora/9b39c70a794d52277a4e5d83731f0ebc50a2f3b804eb1dfc8cf32766a5ebeadc/smtlib-2025/QF_UF/QF_UF/QG-classification/qg7/iso_brn003.smt2""]"
72,2,7104,QF_UF/QG-classification/qg7/iso_brn_nogen005.smt2,a27c6f662b94b22e6a1b65717825f29220742dc9854addb906f438fbb6e5bf7f,6012655,sat,1,williams_first_order_carryover,f142088f68ffae0501ab8de7e323efb430c2912e83fc68ef048bfb8276401870,0,0,0,0,0,0,baseline,baseline,"[""baseline"",""proof-seed-0"",""proof-seed-32"",""proof-seed-4"",""proof-seed-16"",""proof-seed-8""]",parser_inclusive_subprocess_wall_clock,1,sat,0.314269802,0,0,0,,,"sat
",,"[""/net/scratch/hscra/plgrid/plgnasqret/codex-control/projects/euf-viper/runs/20260727T113307Z-proof-seed-qg7-2d4a372/target/release/euf-viper"",""fabric-solve"",""--engine"",""quotient-portfolio"",""/net/scratch/hscra/plgrid/plgnasqret/codex-control/projects/euf-viper/corpora/9b39c70a794d52277a4e5d83731f0ebc50a2f3b804eb1dfc8cf32766a5ebeadc/smtlib-2025/QF_UF/QF_UF/QG-classification/qg7/iso_brn_nogen005.smt2""]"
73,2,7104,QF_UF/QG-classification/qg7/iso_brn_nogen005.smt2,a27c6f662b94b22e6a1b65717825f29220742dc9854addb906f438fbb6e5bf7f,6012655,sat,1,williams_first_order_carryover,f142088f68ffae0501ab8de7e323efb430c2912e83fc68ef048bfb8276401870,0,0,0,0,1,1,proof-seed-0,proof-seed-0,"[""baseline"",""proof-seed-0"",""proof-seed-32"",""proof-seed-4"",""proof-seed-16"",""proof-seed-8""]",parser_inclusive_subprocess_wall_clock,1,sat,0.315677862,0,0,0,,,"sat
",,"[""/net/scratch/hscra/plgrid/plgnasqret/codex-control/projects/euf-viper/runs/20260727T113307Z-proof-seed-qg7-2d4a372/target/release/euf-viper"",""fabric-solve"",""--engine"",""quotient-portfolio"",""/net/scratch/hscra/plgrid/plgnasqret/codex-control/projects/euf-viper/corpora/9b39c70a794d52277a4e5d83731f0ebc50a2f3b804eb1dfc8cf32766a5ebeadc/smtlib-2025/QF_UF/QF_UF/QG-classification/qg7/iso_brn_nogen005.smt2""]"
74,2,7104,QF_UF/QG-classification/qg7/iso_brn_nogen005.smt2,a27c6f662b94b22e6a1b65717825f29220742dc9854addb906f438fbb6e5bf7f,6012655,sat,1,williams_first_order_carryover,f142088f68ffae0501ab8de7e323efb430c2912e83fc68ef048bfb8276401870,0,0,0,0,2,2,proof-seed-32,proof-seed-32,"[""baseline"",""proof-seed-0"",""proof-seed-32"",""proof-seed-4"",""proof-seed-16"",""proof-seed-8""]",parser_inclusive_subprocess_wall_clock,1,sat,0.315984668,0,0,0,,,"sat
",,"[""/net/scratch/hscra/plgrid/plgnasqret/codex-control/projects/euf-viper/runs/20260727T113307Z-proof-seed-qg7-2d4a372/target/release/euf-viper"",""fabric-solve"",""--engine"",""quotient-portfolio"",""/net/scratch/hscra/plgrid/plgnasqret/codex-control/projects/euf-viper/corpora/9b39c70a794d52277a4e5d83731f0ebc50a2f3b804eb1dfc8cf32766a5ebeadc/smtlib-2025/QF_UF/QF_UF/QG-classification/qg7/iso_brn_nogen005.smt2""]"
75,2,7104,QF_UF/QG-classification/qg7/iso_brn_nogen005.smt2,a27c6f662b94b22e6a1b65717825f29220742dc9854addb906f438fbb6e5bf7f,6012655,sat,1,williams_first_order_carryover,f142088f68ffae0501ab8de7e323efb430c2912e83fc68ef048bfb8276401870,0,0,0,0,3,3,proof-seed-4,proof-seed-4,"[""baseline"",""proof-seed-0"",""proof-seed-32"",""proof-seed-4"",""proof-seed-16"",""proof-seed-8""]",parser_inclusive_subprocess_wall_clock,1,sat,0.314337649,0,0,0,,,"sat
",,"[""/net/scratch/hscra/plgrid/plgnasqret/codex-control/projects/euf-viper/runs/20260727T113307Z-proof-seed-qg7-2d4a372/target/release/euf-viper"",""fabric-solve"",""--engine"",""quotient-portfolio"",""/net/scratch/hscra/plgrid/plgnasqret/codex-control/projects/euf-viper/corpora/9b39c70a794d52277a4e5d83731f0ebc50a2f3b804eb1dfc8cf32766a5ebeadc/smtlib-2025/QF_UF/QF_UF/QG-classification/qg7/iso_brn_nogen005.smt2""]"
76,2,7104,QF_UF/QG-classification/qg7/iso_brn_nogen005.smt2,a27c6f662b94b22e6a1b65717825f29220742dc9854addb906f438fbb6e5bf7f,6012655,sat,1,williams_first_order_carryover,f142088f68ffae0501ab8de7e323efb430c2912e83fc68ef048bfb8276401870,0,0,0,0,4,4,proof-seed-16,proof-seed-16,"[""baseline"",""proof-seed-0"",""proof-seed-32"",""proof-seed-4"",""proof-seed-16"",""proof-seed-8""]",parser_inclusive_subprocess_wall_clock,1,sat,0.319113173,0,0,0,,,"sat
",,"[""/net/scratch/hscra/plgrid/plgnasqret/codex-control/projects/euf-viper/runs/20260727T113307Z-proof-seed-qg7-2d4a372/target/release/euf-viper"",""fabric-solve"",""--engine"",""quotient-portfolio"",""/net/scratch/hscra/plgrid/plgnasqret/codex-control/projects/euf-viper/corpora/9b39c70a794d52277a4e5d83731f0ebc50a2f3b804eb1dfc8cf32766a5ebeadc/smtlib-2025/QF_UF/QF_UF/QG-classification/qg7/iso_brn_nogen005.smt2""]"
77,2,7104,QF_UF/QG-classification/qg7/iso_brn_nogen005.smt2,a27c6f662b94b22e6a1b65717825f29220742dc9854addb906f438fbb6e5bf7f,6012655,sat,1,williams_first_order_carryover,f142088f68ffae0501ab8de7e323efb430c2912e83fc68ef048bfb8276401870,0,0,0,0,5,5,proof-seed-8,proof-seed-8,"[""baseline"",""proof-seed-0"",""proof-seed-32"",""proof-seed-4"",""proof-seed-16"",""proof-seed-8""]",parser_inclusive_subprocess_wall_clock,1,sat,0.318509136,0,0,0,,,"sat
",,"[""/net/scratch/hscra/plgrid/plgnasqret/codex-control/projects/euf-viper/runs/20260727T113307Z-proof-seed-qg7-2d4a372/target/release/euf-viper"",""fabric-solve"",""--engine"",""quotient-portfolio"",""/net/scratch/hscra/plgrid/plgnasqret/codex-control/projects/euf-viper/corpora/9b39c70a794d52277a4e5d83731f0ebc50a2f3b804eb1dfc8cf32766a5ebeadc/smtlib-2025/QF_UF/QF_UF/QG-classification/qg7/iso_brn_nogen005.smt2""]"
78,2,7104,QF_UF/QG-classification/qg7/iso_brn_nogen005.smt2,a27c6f662b94b22e6a1b65717825f29220742dc9854addb906f438fbb6e5bf7f,6012655,sat,1,williams_first_order_carryover,f142088f68ffae0501ab8de7e323efb430c2912e83fc68ef048bfb8276401870,1,1,0,1,0,0,proof-seed-0,proof-seed-0,"[""proof-seed-0"",""proof-seed-4"",""baseline"",""proof-seed-8"",""proof-seed-32"",""proof-seed-16""]",parser_inclusive_subprocess_wall_clock,1,sat,0.317932873,0,0,0,,,"sat
",,"[""/net/scratch/hscra/plgrid/plgnasqret/codex-control/projects/euf-viper/runs/20260727T113307Z-proof-seed-qg7-2d4a372/target/release/euf-viper"",""fabric-solve"",""--engine"",""quotient-portfolio"",""/net/scratch/hscra/plgrid/plgnasqret/codex-control/projects/euf-viper/corpora/9b39c70a794d52277a4e5d83731f0ebc50a2f3b804eb1dfc8cf32766a5ebeadc/smtlib-2025/QF_UF/QF_UF/QG-classification/qg7/iso_brn_nogen005.smt2""]"
79,2,7104,QF_UF/QG-classification/qg7/iso_brn_nogen005.smt2,a27c6f662b94b22e6a1b65717825f29220742dc9854addb906f438fbb6e5bf7f,6012655,sat,1,williams_first_order_carryover,f142088f68ffae0501ab8de7e323efb430c2912e83fc68ef048bfb8276401870,1,1,0,1,1,1,proof-seed-4,proof-seed-4,"[""proof-seed-0"",""proof-seed-4"",""baseline"",""proof-seed-8"",""proof-seed-32"",""proof-seed-16""]",parser_inclusive_subprocess_wall_clock,1,sat,0.314286829,0,0,0,,,"sat
",,"[""/net/scratch/hscra/plgrid/plgnasqret/codex-control/projects/euf-viper/runs/20260727T113307Z-proof-seed-qg7-2d4a372/target/release/euf-viper"",""fabric-solve"",""--engine"",""quotient-portfolio"",""/net/scratch/hscra/plgrid/plgnasqret/codex-control/projects/euf-viper/corpora/9b39c70a794d52277a4e5d83731f0ebc50a2f3b804eb1dfc8cf32766a5ebeadc/smtlib-2025/QF_UF/QF_UF/QG-classification/qg7/iso_brn_nogen005.smt2""]"
80,2,7104,QF_UF/QG-classification/qg7/iso_brn_nogen005.smt2,a27c6f662b94b22e6a1b65717825f29220742dc9854addb906f438fbb6e5bf7f,6012655,sat,1,williams_first_order_carryover,f142088f68ffae0501ab8de7e323efb430c2912e83fc68ef048bfb8276401870,1,1,0,1,2,2,baseline,baseline,"[""proof-seed-0"",""proof-seed-4"",""baseline"",""proof-seed-8"",""proof-seed-32"",""proof-seed-16""]",parser_inclusive_subprocess_wall_clock,1,sat,0.314231932,0,0,0,,,"sat
",,"[""/net/scratch/hscra/plgrid/plgnasqret/codex-control/projects/euf-viper/runs/20260727T113307Z-proof-seed-qg7-2d4a372/target/release/euf-viper"",""fabric-solve"",""--engine"",""quotient-portfolio"",""/net/scratch/hscra/plgrid/plgnasqret/codex-control/projects/euf-viper/corpora/9b39c70a794d52277a4e5d83731f0ebc50a2f3b804eb1dfc8cf32766a5ebeadc/smtlib-2025/QF_UF/QF_UF/QG-classification/qg7/iso_brn_nogen005.smt2""]"
81,2,7104,QF_UF/QG-classification/qg7/iso_brn_nogen005.smt2,a27c6f662b94b22e6a1b65717825f29220742dc9854addb906f438fbb6e5bf7f,6012655,sat,1,williams_first_order_carryover,f142088f68ffae0501ab8de7e323efb430c2912e83fc68ef048bfb8276401870,1,1,0,1,3,3,proof-seed-8,proof-seed-8,"[""proof-seed-0"",""proof-seed-4"",""baseline"",""proof-seed-8"",""proof-seed-32"",""proof-seed-16""]",parser_inclusive_subprocess_wall_clock,1,sat,0.315607210,0,0,0,,,"sat
",,"[""/net/scratch/hscra/plgrid/plgnasqret/codex-control/projects/euf-viper/runs/20260727T113307Z-proof-seed-qg7-2d4a372/target/release/euf-viper"",""fabric-solve"",""--engine"",""quotient-portfolio"",""/net/scratch/hscra/plgrid/plgnasqret/codex-control/projects/euf-viper/corpora/9b39c70a794d52277a4e5d83731f0ebc50a2f3b804eb1dfc8cf32766a5ebeadc/smtlib-2025/QF_UF/QF_UF/QG-classification/qg7/iso_brn_nogen005.smt2""]"
82,2,7104,QF_UF/QG-classification/qg7/iso_brn_nogen005.smt2,a27c6f662b94b22e6a1b65717825f29220742dc9854addb906f438fbb6e5bf7f,6012655,sat,1,williams_first_order_carryover,f142088f68ffae0501ab8de7e323efb430c2912e83fc68ef048bfb8276401870,1,1,0,1,4,4,proof-seed-32,proof-seed-32,"[""proof-seed-0"",""proof-seed-4"",""baseline"",""proof-seed-8"",""proof-seed-32"",""proof-seed-16""]",parser_inclusive_subprocess_wall_clock,1,sat,0.312481088,0,0,0,,,"sat
",,"[""/net/scratch/hscra/plgrid/plgnasqret/codex-control/projects/euf-viper/runs/20260727T113307Z-proof-seed-qg7-2d4a372/target/release/euf-viper"",""fabric-solve"",""--engine"",""quotient-portfolio"",""/net/scratch/hscra/plgrid/plgnasqret/codex-control/projects/euf-viper/corpora/9b39c70a794d52277a4e5d83731f0ebc50a2f3b804eb1dfc8cf32766a5ebeadc/smtlib-2025/QF_UF/QF_UF/QG-classification/qg7/iso_brn_nogen005.smt2""]"
83,2,7104,QF_UF/QG-classification/qg7/iso_brn_nogen005.smt2,a27c6f662b94b22e6a1b65717825f29220742dc9854addb906f438fbb6e5bf7f,6012655,sat,1,williams_first_order_carryover,f142088f68ffae0501ab8de7e323efb430c2912e83fc68ef048bfb8276401870,1,1,0,1,5,5,proof-seed-16,proof-seed-16,"[""proof-seed-0"",""proof-seed-4"",""baseline"",""proof-seed-8"",""proof-seed-32"",""proof-seed-16""]",parser_inclusive_subprocess_wall_clock,1,sat,0.314693923,0,0,0,,,"sat
",,"[""/net/scratch/hscra/plgrid/plgnasqret/codex-control/projects/euf-viper/runs/20260727T113307Z-proof-seed-qg7-2d4a372/target/release/euf-viper"",""fabric-solve"",""--engine"",""quotient-portfolio"",""/net/scratch/hscra/plgrid/plgnasqret/codex-control/projects/euf-viper/corpora/9b39c70a794d52277a4e5d83731f0ebc50a2f3b804eb1dfc8cf32766a5ebeadc/smtlib-2025/QF_UF/QF_UF/QG-classification/qg7/iso_brn_nogen005.smt2""]"
84,2,7104,QF_UF/QG-classification/qg7/iso_brn_nogen005.smt2,a27c6f662b94b22e6a1b65717825f29220742dc9854addb906f438fbb6e5bf7f,6012655,sat,1,williams_first_order_carryover,f142088f68ffae0501ab8de7e323efb430c2912e83fc68ef048bfb8276401870,2,2,0,2,0,0,proof-seed-4,proof-seed-4,"[""proof-seed-4"",""proof-seed-8"",""proof-seed-0"",""proof-seed-16"",""baseline"",""proof-seed-32""]",parser_inclusive_subprocess_wall_clock,1,sat,0.316405504,0,0,0,,,"sat
",,"[""/net/scratch/hscra/plgrid/plgnasqret/codex-control/projects/euf-viper/runs/20260727T113307Z-proof-seed-qg7-2d4a372/target/release/euf-viper"",""fabric-solve"",""--engine"",""quotient-portfolio"",""/net/scratch/hscra/plgrid/plgnasqret/codex-control/projects/euf-viper/corpora/9b39c70a794d52277a4e5d83731f0ebc50a2f3b804eb1dfc8cf32766a5ebeadc/smtlib-2025/QF_UF/QF_UF/QG-classification/qg7/iso_brn_nogen005.smt2""]"
85,2,7104,QF_UF/QG-classification/qg7/iso_brn_nogen005.smt2,a27c6f662b94b22e6a1b65717825f29220742dc9854addb906f438fbb6e5bf7f,6012655,sat,1,williams_first_order_carryover,f142088f68ffae0501ab8de7e323efb430c2912e83fc68ef048bfb8276401870,2,2,0,2,1,1,proof-seed-8,proof-seed-8,"[""proof-seed-4"",""proof-seed-8"",""proof-seed-0"",""proof-seed-16"",""baseline"",""proof-seed-32""]",parser_inclusive_subprocess_wall_clock,1,sat,0.315468930,0,0,0,,,"sat
",,"[""/net/scratch/hscra/plgrid/plgnasqret/codex-control/projects/euf-viper/runs/20260727T113307Z-proof-seed-qg7-2d4a372/target/release/euf-viper"",""fabric-solve"",""--engine"",""quotient-portfolio"",""/net/scratch/hscra/plgrid/plgnasqret/codex-control/projects/euf-viper/corpora/9b39c70a794d52277a4e5d83731f0ebc50a2f3b804eb1dfc8cf32766a5ebeadc/smtlib-2025/QF_UF/QF_UF/QG-classification/qg7/iso_brn_nogen005.smt2""]"
86,2,7104,QF_UF/QG-classification/qg7/iso_brn_nogen005.smt2,a27c6f662b94b22e6a1b65717825f29220742dc9854addb906f438fbb6e5bf7f,6012655,sat,1,williams_first_order_carryover,f142088f68ffae0501ab8de7e323efb430c2912e83fc68ef048bfb8276401870,2,2,0,2,2,2,proof-seed-0,proof-seed-0,"[""proof-seed-4"",""proof-seed-8"",""proof-seed-0"",""proof-seed-16"",""baseline"",""proof-seed-32""]",parser_inclusive_subprocess_wall_clock,1,sat,0.315709973,0,0,0,,,"sat
",,"[""/net/scratch/hscra/plgrid/plgnasqret/codex-control/projects/euf-viper/runs/20260727T113307Z-proof-seed-qg7-2d4a372/target/release/euf-viper"",""fabric-solve"",""--engine"",""quotient-portfolio"",""/net/scratch/hscra/plgrid/plgnasqret/codex-control/projects/euf-viper/corpora/9b39c70a794d52277a4e5d83731f0ebc50a2f3b804eb1dfc8cf32766a5ebeadc/smtlib-2025/QF_UF/QF_UF/QG-classification/qg7/iso_brn_nogen005.smt2""]"
87,2,7104,QF_UF/QG-classification/qg7/iso_brn_nogen005.smt2,a27c6f662b94b22e6a1b65717825f29220742dc9854addb906f438fbb6e5bf7f,6012655,sat,1,williams_first_order_carryover,f142088f68ffae0501ab8de7e323efb430c2912e83fc68ef048bfb8276401870,2,2,0,2,3,3,proof-seed-16,proof-seed-16,"[""proof-seed-4"",""proof-seed-8"",""proof-seed-0"",""proof-seed-16"",""baseline"",""proof-seed-32""]",parser_inclusive_subprocess_wall_clock,1,sat,0.314444568,0,0,0,,,"sat
",,"[""/net/scratch/hscra/plgrid/plgnasqret/codex-control/projects/euf-viper/runs/20260727T113307Z-proof-seed-qg7-2d4a372/target/release/euf-viper"",""fabric-solve"",""--engine"",""quotient-portfolio"",""/net/scratch/hscra/plgrid/plgnasqret/codex-control/projects/euf-viper/corpora/9b39c70a794d52277a4e5d83731f0ebc50a2f3b804eb1dfc8cf32766a5ebeadc/smtlib-2025/QF_UF/QF_UF/QG-classification/qg7/iso_brn_nogen005.smt2""]"
88,2,7104,QF_UF/QG-classification/qg7/iso_brn_nogen005.smt2,a27c6f662b94b22e6a1b65717825f29220742dc9854addb906f438fbb6e5bf7f,6012655,sat,1,williams_first_order_carryover,f142088f68ffae0501ab8de7e323efb430c2912e83fc68ef048bfb8276401870,2,2,0,2,4,4,baseline,baseline,"[""proof-seed-4"",""proof-seed-8"",""proof-seed-0"",""proof-seed-16"",""baseline"",""proof-seed-32""]",parser_inclusive_subprocess_wall_clock,1,sat,0.318344185,0,0,0,,,"sat
",,"[""/net/scratch/hscra/plgrid/plgnasqret/codex-control/projects/euf-viper/runs/20260727T113307Z-proof-seed-qg7-2d4a372/target/release/euf-viper"",""fabric-solve"",""--engine"",""quotient-portfolio"",""/net/scratch/hscra/plgrid/plgnasqret/codex-control/projects/euf-viper/corpora/9b39c70a794d52277a4e5d83731f0ebc50a2f3b804eb1dfc8cf32766a5ebeadc/smtlib-2025/QF_UF/QF_UF/QG-classification/qg7/iso_brn_nogen005.smt2""]"
89,2,7104,QF_UF/QG-classification/qg7/iso_brn_nogen005.smt2,a27c6f662b94b22e6a1b65717825f29220742dc9854addb906f438fbb6e5bf7f,6012655,sat,1,williams_first_order_carryover,f142088f68ffae0501ab8de7e323efb430c2912e83fc68ef048bfb8276401870,2,2,0,2,5,5,proof-seed-32,proof-seed-32,"[""proof-seed-4"",""proof-seed-8"",""proof-seed-0"",""proof-seed-16"",""baseline"",""proof-seed-32""]",parser_inclusive_subprocess_wall_clock,1,sat,0.315598386,0,0,0,,,"sat
",,"[""/net/scratch/hscra/plgrid/plgnasqret/codex-control/projects/euf-viper/runs/20260727T113307Z-proof-seed-qg7-2d4a372/target/release/euf-viper"",""fabric-solve"",""--engine"",""quotient-portfolio"",""/net/scratch/hscra/plgrid/plgnasqret/codex-control/projects/euf-viper/corpora/9b39c70a794d52277a4e5d83731f0ebc50a2f3b804eb1dfc8cf32766a5ebeadc/smtlib-2025/QF_UF/QF_UF/QG-classification/qg7/iso_brn_nogen005.smt2""]"
90,2,7104,QF_UF/QG-classification/qg7/iso_brn_nogen005.smt2,a27c6f662b94b22e6a1b65717825f29220742dc9854addb906f438fbb6e5bf7f,6012655,sat,1,williams_first_order_carryover,f142088f68ffae0501ab8de7e323efb430c2912e83fc68ef048bfb8276401870,3,3,0,3,0,0,proof-seed-8,proof-seed-8,"[""proof-seed-8"",""proof-seed-16"",""proof-seed-4"",""proof-seed-32"",""proof-seed-0"",""baseline""]",parser_inclusive_subprocess_wall_clock,1,sat,0.314942568,0,0,0,,,"sat
",,"[""/net/scratch/hscra/plgrid/plgnasqret/codex-control/projects/euf-viper/runs/20260727T113307Z-proof-seed-qg7-2d4a372/target/release/euf-viper"",""fabric-solve"",""--engine"",""quotient-portfolio"",""/net/scratch/hscra/plgrid/plgnasqret/codex-control/projects/euf-viper/corpora/9b39c70a794d52277a4e5d83731f0ebc50a2f3b804eb1dfc8cf32766a5ebeadc/smtlib-2025/QF_UF/QF_UF/QG-classification/qg7/iso_brn_nogen005.smt2""]"
91,2,7104,QF_UF/QG-classification/qg7/iso_brn_nogen005.smt2,a27c6f662b94b22e6a1b65717825f29220742dc9854addb906f438fbb6e5bf7f,6012655,sat,1,williams_first_order_carryover,f142088f68ffae0501ab8de7e323efb430c2912e83fc68ef048bfb8276401870,3,3,0,3,1,1,proof-seed-16,proof-seed-16,"[""proof-seed-8"",""proof-seed-16"",""proof-seed-4"",""proof-seed-32"",""proof-seed-0"",""baseline""]",parser_inclusive_subprocess_wall_clock,1,sat,0.315077411,0,0,0,,,"sat
",,"[""/net/scratch/hscra/plgrid/plgnasqret/codex-control/projects/euf-viper/runs/20260727T113307Z-proof-seed-qg7-2d4a372/target/release/euf-viper"",""fabric-solve"",""--engine"",""quotient-portfolio"",""/net/scratch/hscra/plgrid/plgnasqret/codex-control/projects/euf-viper/corpora/9b39c70a794d52277a4e5d83731f0ebc50a2f3b804eb1dfc8cf32766a5ebeadc/smtlib-2025/QF_UF/QF_UF/QG-classification/qg7/iso_brn_nogen005.smt2""]"
92,2,7104,QF_UF/QG-classification/qg7/iso_brn_nogen005.smt2,a27c6f662b94b22e6a1b65717825f29220742dc9854addb906f438fbb6e5bf7f,6012655,sat,1,williams_first_order_carryover,f142088f68ffae0501ab8de7e323efb430c2912e83fc68ef048bfb8276401870,3,3,0,3,2,2,proof-seed-4,proof-seed-4,"[""proof-seed-8"",""proof-seed-16"",""proof-seed-4"",""proof-seed-32"",""proof-seed-0"",""baseline""]",parser_inclusive_subprocess_wall_clock,1,sat,0.314392716,0,0,0,,,"sat
",,"[""/net/scratch/hscra/plgrid/plgnasqret/codex-control/projects/euf-viper/runs/20260727T113307Z-proof-seed-qg7-2d4a372/target/release/euf-viper"",""fabric-solve"",""--engine"",""quotient-portfolio"",""/net/scratch/hscra/plgrid/plgnasqret/codex-control/projects/euf-viper/corpora/9b39c70a794d52277a4e5d83731f0ebc50a2f3b804eb1dfc8cf32766a5ebeadc/smtlib-2025/QF_UF/QF_UF/QG-classification/qg7/iso_brn_nogen005.smt2""]"
93,2,7104,QF_UF/QG-classification/qg7/iso_brn_nogen005.smt2,a27c6f662b94b22e6a1b65717825f29220742dc9854addb906f438fbb6e5bf7f,6012655,sat,1,williams_first_order_carryover,f142088f68ffae0501ab8de7e323efb430c2912e83fc68ef048bfb8276401870,3,3,0,3,3,3,proof-seed-32,proof-seed-32,"[""proof-seed-8"",""proof-seed-16"",""proof-seed-4"",""proof-seed-32"",""proof-seed-0"",""baseline""]",parser_inclusive_subprocess_wall_clock,1,sat,0.318364818,0,0,0,,,"sat
",,"[""/net/scratch/hscra/plgrid/plgnasqret/codex-control/projects/euf-viper/runs/20260727T113307Z-proof-seed-qg7-2d4a372/target/release/euf-viper"",""fabric-solve"",""--engine"",""quotient-portfolio"",""/net/scratch/hscra/plgrid/plgnasqret/codex-control/projects/euf-viper/corpora/9b39c70a794d52277a4e5d83731f0ebc50a2f3b804eb1dfc8cf32766a5ebeadc/smtlib-2025/QF_UF/QF_UF/QG-classification/qg7/iso_brn_nogen005.smt2""]"
94,2,7104,QF_UF/QG-classification/qg7/iso_brn_nogen005.smt2,a27c6f662b94b22e6a1b65717825f29220742dc9854addb906f438fbb6e5bf7f,6012655,sat,1,williams_first_order_carryover,f142088f68ffae0501ab8de7e323efb430c2912e83fc68ef048bfb8276401870,3,3,0,3,4,4,proof-seed-0,proof-seed-0,"[""proof-seed-8"",""proof-seed-16"",""proof-seed-4"",""proof-seed-32"",""proof-seed-0"",""baseline""]",parser_inclusive_subprocess_wall_clock,1,sat,0.314866877,0,0,0,,,"sat
",,"[""/net/scratch/hscra/plgrid/plgnasqret/codex-control/projects/euf-viper/runs/20260727T113307Z-proof-seed-qg7-2d4a372/target/release/euf-viper"",""fabric-solve"",""--engine"",""quotient-portfolio"",""/net/scratch/hscra/plgrid/plgnasqret/codex-control/projects/euf-viper/corpora/9b39c70a794d52277a4e5d83731f0ebc50a2f3b804eb1dfc8cf32766a5ebeadc/smtlib-2025/QF_UF/QF_UF/QG-classification/qg7/iso_brn_nogen005.smt2""]"
95,2,7104,QF_UF/QG-classification/qg7/iso_brn_nogen005.smt2,a27c6f662b94b22e6a1b65717825f29220742dc9854addb906f438fbb6e5bf7f,6012655,sat,1,williams_first_order_carryover,f142088f68ffae0501ab8de7e323efb430c2912e83fc68ef048bfb8276401870,3,3,0,3,5,5,baseline,baseline,"[""proof-seed-8"",""proof-seed-16"",""proof-seed-4"",""proof-seed-32"",""proof-seed-0"",""baseline""]",parser_inclusive_subprocess_wall_clock,1,sat,0.315989746,0,0,0,,,"sat
",,"[""/net/scratch/hscra/plgrid/plgnasqret/codex-control/projects/euf-viper/runs/20260727T113307Z-proof-seed-qg7-2d4a372/target/release/euf-viper"",""fabric-solve"",""--engine"",""quotient-portfolio"",""/net/scratch/hscra/plgrid/plgnasqret/codex-control/projects/euf-viper/corpora/9b39c70a794d52277a4e5d83731f0ebc50a2f3b804eb1dfc8cf32766a5ebeadc/smtlib-2025/QF_UF/QF_UF/QG-classification/qg7/iso_brn_nogen005.smt2""]"
96,2,7104,QF_UF/QG-classification/qg7/iso_brn_nogen005.smt2,a27c6f662b94b22e6a1b65717825f29220742dc9854addb906f438fbb6e5bf7f,6012655,sat,1,williams_first_order_carryover,f142088f68ffae0501ab8de7e323efb430c2912e83fc68ef048bfb8276401870,4,4,0,4,0,0,proof-seed-16,proof-seed-16,"[""proof-seed-16"",""proof-seed-32"",""proof-seed-8"",""baseline"",""proof-seed-4"",""proof-seed-0""]",parser_inclusive_subprocess_wall_clock,1,sat,0.316227783,0,0,0,,,"sat
",,"[""/net/scratch/hscra/plgrid/plgnasqret/codex-control/projects/euf-viper/runs/20260727T113307Z-proof-seed-qg7-2d4a372/target/release/euf-viper"",""fabric-solve"",""--engine"",""quotient-portfolio"",""/net/scratch/hscra/plgrid/plgnasqret/codex-control/projects/euf-viper/corpora/9b39c70a794d52277a4e5d83731f0ebc50a2f3b804eb1dfc8cf32766a5ebeadc/smtlib-2025/QF_UF/QF_UF/QG-classification/qg7/iso_brn_nogen005.smt2""]"
97,2,7104,QF_UF/QG-classification/qg7/iso_brn_nogen005.smt2,a27c6f662b94b22e6a1b65717825f29220742dc9854addb906f438fbb6e5bf7f,6012655,sat,1,williams_first_order_carryover,f142088f68ffae0501ab8de7e323efb430c2912e83fc68ef048bfb8276401870,4,4,0,4,1,1,proof-seed-32,proof-seed-32,"[""proof-seed-16"",""proof-seed-32"",""proof-seed-8"",""baseline"",""proof-seed-4"",""proof-seed-0""]",parser_inclusive_subprocess_wall_clock,1,sat,0.313669070,0,0,0,,,"sat
",,"[""/net/scratch/hscra/plgrid/plgnasqret/codex-control/projects/euf-viper/runs/20260727T113307Z-proof-seed-qg7-2d4a372/target/release/euf-viper"",""fabric-solve"",""--engine"",""quotient-portfolio"",""/net/scratch/hscra/plgrid/plgnasqret/codex-control/projects/euf-viper/corpora/9b39c70a794d52277a4e5d83731f0ebc50a2f3b804eb1dfc8cf32766a5ebeadc/smtlib-2025/QF_UF/QF_UF/QG-classification/qg7/iso_brn_nogen005.smt2""]"
98,2,7104,QF_UF/QG-classification/qg7/iso_brn_nogen005.smt2,a27c6f662b94b22e6a1b65717825f29220742dc9854addb906f438fbb6e5bf7f,6012655,sat,1,williams_first_order_carryover,f142088f68ffae0501ab8de7e323efb430c2912e83fc68ef048bfb8276401870,4,4,0,4,2,2,proof-seed-8,proof-seed-8,"[""proof-seed-16"",""proof-seed-32"",""proof-seed-8"",""baseline"",""proof-seed-4"",""proof-seed-0""]",parser_inclusive_subprocess_wall_clock,1,sat,0.317661934,0,0,0,,,"sat
",,"[""/net/scratch/hscra/plgrid/plgnasqret/codex-control/projects/euf-viper/runs/20260727T113307Z-proof-seed-qg7-2d4a372/target/release/euf-viper"",""fabric-solve"",""--engine"",""quotient-portfolio"",""/net/scratch/hscra/plgrid/plgnasqret/codex-control/projects/euf-viper/corpora/9b39c70a794d52277a4e5d83731f0ebc50a2f3b804eb1dfc8cf32766a5ebeadc/smtlib-2025/QF_UF/QF_UF/QG-classification/qg7/iso_brn_nogen005.smt2""]"
99,2,7104,QF_UF/QG-classification/qg7/iso_brn_nogen005.smt2,a27c6f662b94b22e6a1b65717825f29220742dc9854addb906f438fbb6e5bf7f,6012655,sat,1,williams_first_order_carryover,f142088f68ffae0501ab8de7e323efb430c2912e83fc68ef048bfb8276401870,4,4,0,4,3,3,baseline,baseline,"[""proof-seed-16"",""proof-seed-32"",""proof-seed-8"",""baseline"",""proof-seed-4"",""proof-seed-0""]",parser_inclusive_subprocess_wall_clock,1,sat,0.314485703,0,0,0,,,"sat
",,"[""/net/scratch/hscra/plgrid/plgnasqret/codex-control/projects/euf-viper/runs/20260727T113307Z-proof-seed-qg7-2d4a372/target/release/euf-viper"",""fabric-solve"",""--engine"",""quotient-portfolio"",""/net/scratch/hscra/plgrid/plgnasqret/codex-control/projects/euf-viper/corpora/9b39c70a794d52277a4e5d83731f0ebc50a2f3b804eb1dfc8cf32766a5ebeadc/smtlib-2025/QF_UF/QF_UF/QG-classification/qg7/iso_brn_nogen005.smt2""]"
100,2,7104,QF_UF/QG-classification/qg7/iso_brn_nogen005.smt2,a27c6f662b94b22e6a1b65717825f29220742dc9854addb906f438fbb6e5bf7f,6012655,sat,1,williams_first_order_carryover,f142088f68ffae0501ab8de7e323efb430c2912e83fc68ef048bfb8276401870,4,4,0,4,4,4,proof-seed-4,proof-seed-4,"[""proof-seed-16"",""proof-seed-32"",""proof-seed-8"",""baseline"",""proof-seed-4"",""proof-seed-0""]",parser_inclusive_subprocess_wall_clock,1,sat,0.313130347,0,0,0,,,"sat
",,"[""/net/scratch/hscra/plgrid/plgnasqret/codex-control/projects/euf-viper/runs/20260727T113307Z-proof-seed-qg7-2d4a372/target/release/euf-viper"",""fabric-solve"",""--engine"",""quotient-portfolio"",""/net/scratch/hscra/plgrid/plgnasqret/codex-control/projects/euf-viper/corpora/9b39c70a794d52277a4e5d83731f0ebc50a2f3b804eb1dfc8cf32766a5ebeadc/smtlib-2025/QF_UF/QF_UF/QG-classification/qg7/iso_brn_nogen005.smt2""]"
101,2,7104,QF_UF/QG-classification/qg7/iso_brn_nogen005.smt2,a27c6f662b94b22e6a1b65717825f29220742dc9854addb906f438fbb6e5bf7f,6012655,sat,1,williams_first_order_carryover,f142088f68ffae0501ab8de7e323efb430c2912e83fc68ef048bfb8276401870,4,4,0,4,5,5,proof-seed-0,proof-seed-0,"[""proof-seed-16"",""proof-seed-32"",""proof-seed-8"",""baseline"",""proof-seed-4"",""proof-seed-0""]",parser_inclusive_subprocess_wall_clock,1,sat,0.312607699,0,0,0,,,"sat
",,"[""/net/scratch/hscra/plgrid/plgnasqret/codex-control/projects/euf-viper/runs/20260727T113307Z-proof-seed-qg7-2d4a372/target/release/euf-viper"",""fabric-solve"",""--engine"",""quotient-portfolio"",""/net/scratch/hscra/plgrid/plgnasqret/codex-control/projects/euf-viper/corpora/9b39c70a794d52277a4e5d83731f0ebc50a2f3b804eb1dfc8cf32766a5ebeadc/smtlib-2025/QF_UF/QF_UF/QG-classification/qg7/iso_brn_nogen005.smt2""]"
102,2,7104,QF_UF/QG-classification/qg7/iso_brn_nogen005.smt2,a27c6f662b94b22e6a1b65717825f29220742dc9854addb906f438fbb6e5bf7f,6012655,sat,1,williams_first_order_carryover,f142088f68ffae0501ab8de7e323efb430c2912e83fc68ef048bfb8276401870,5,5,0,5,0,0,proof-seed-32,proof-seed-32,"[""proof-seed-32"",""baseline"",""proof-seed-16"",""proof-seed-0"",""proof-seed-8"",""proof-seed-4""]",parser_inclusive_subprocess_wall_clock,1,sat,0.316839141,0,0,0,,,"sat
",,"[""/net/scratch/hscra/plgrid/plgnasqret/codex-control/projects/euf-viper/runs/20260727T113307Z-proof-seed-qg7-2d4a372/target/release/euf-viper"",""fabric-solve"",""--engine"",""quotient-portfolio"",""/net/scratch/hscra/plgrid/plgnasqret/codex-control/projects/euf-viper/corpora/9b39c70a794d52277a4e5d83731f0ebc50a2f3b804eb1dfc8cf32766a5ebeadc/smtlib-2025/QF_UF/QF_UF/QG-classification/qg7/iso_brn_nogen005.smt2""]"
103,2,7104,QF_UF/QG-classification/qg7/iso_brn_nogen005.smt2,a27c6f662b94b22e6a1b65717825f29220742dc9854addb906f438fbb6e5bf7f,6012655,sat,1,williams_first_order_carryover,f142088f68ffae0501ab8de7e323efb430c2912e83fc68ef048bfb8276401870,5,5,0,5,1,1,baseline,baseline,"[""proof-seed-32"",""baseline"",""proof-seed-16"",""proof-seed-0"",""proof-seed-8"",""proof-seed-4""]",parser_inclusive_subprocess_wall_clock,1,sat,0.316107162,0,0,0,,,"sat
",,"[""/net/scratch/hscra/plgrid/plgnasqret/codex-control/projects/euf-viper/runs/20260727T113307Z-proof-seed-qg7-2d4a372/target/release/euf-viper"",""fabric-solve"",""--engine"",""quotient-portfolio"",""/net/scratch/hscra/plgrid/plgnasqret/codex-control/projects/euf-viper/corpora/9b39c70a794d52277a4e5d83731f0ebc50a2f3b804eb1dfc8cf32766a5ebeadc/smtlib-2025/QF_UF/QF_UF/QG-classification/qg7/iso_brn_nogen005.smt2""]"
104,2,7104,QF_UF/QG-classification/qg7/iso_brn_nogen005.smt2,a27c6f662b94b22e6a1b65717825f29220742dc9854addb906f438fbb6e5bf7f,6012655,sat,1,williams_first_order_carryover,f142088f68ffae0501ab8de7e323efb430c2912e83fc68ef048bfb8276401870,5,5,0,5,2,2,proof-seed-16,proof-seed-16,"[""proof-seed-32"",""baseline"",""proof-seed-16"",""proof-seed-0"",""proof-seed-8"",""proof-seed-4""]",parser_inclusive_subprocess_wall_clock,1,sat,0.314550847,0,0,0,,,"sat
",,"[""/net/scratch/hscra/plgrid/plgnasqret/codex-control/projects/euf-viper/runs/20260727T113307Z-proof-seed-qg7-2d4a372/target/release/euf-viper"",""fabric-solve"",""--engine"",""quotient-portfolio"",""/net/scratch/hscra/plgrid/plgnasqret/codex-control/projects/euf-viper/corpora/9b39c70a794d52277a4e5d83731f0ebc50a2f3b804eb1dfc8cf32766a5ebeadc/smtlib-2025/QF_UF/QF_UF/QG-classification/qg7/iso_brn_nogen005.smt2""]"
105,2,7104,QF_UF/QG-classification/qg7/iso_brn_nogen005.smt2,a27c6f662b94b22e6a1b65717825f29220742dc9854addb906f438fbb6e5bf7f,6012655,sat,1,williams_first_order_carryover,f142088f68ffae0501ab8de7e323efb430c2912e83fc68ef048bfb8276401870,5,5,0,5,3,3,proof-seed-0,proof-seed-0,"[""proof-seed-32"",""baseline"",""proof-seed-16"",""proof-seed-0"",""proof-seed-8"",""proof-seed-4""]",parser_inclusive_subprocess_wall_clock,1,sat,0.316197204,0,0,0,,,"sat
",,"[""/net/scratch/hscra/plgrid/plgnasqret/codex-control/projects/euf-viper/runs/20260727T113307Z-proof-seed-qg7-2d4a372/target/release/euf-viper"",""fabric-solve"",""--engine"",""quotient-portfolio"",""/net/scratch/hscra/plgrid/plgnasqret/codex-control/projects/euf-viper/corpora/9b39c70a794d52277a4e5d83731f0ebc50a2f3b804eb1dfc8cf32766a5ebeadc/smtlib-2025/QF_UF/QF_UF/QG-classification/qg7/iso_brn_nogen005.smt2""]"
106,2,7104,QF_UF/QG-classification/qg7/iso_brn_nogen005.smt2,a27c6f662b94b22e6a1b65717825f29220742dc9854addb906f438fbb6e5bf7f,6012655,sat,1,williams_first_order_carryover,f142088f68ffae0501ab8de7e323efb430c2912e83fc68ef048bfb8276401870,5,5,0,5,4,4,proof-seed-8,proof-seed-8,"[""proof-seed-32"",""baseline"",""proof-seed-16"",""proof-seed-0"",""proof-seed-8"",""proof-seed-4""]",parser_inclusive_subprocess_wall_clock,1,sat,0.325750246,0,0,0,,,"sat
",,"[""/net/scratch/hscra/plgrid/plgnasqret/codex-control/projects/euf-viper/runs/20260727T113307Z-proof-seed-qg7-2d4a372/target/release/euf-viper"",""fabric-solve"",""--engine"",""quotient-portfolio"",""/net/scratch/hscra/plgrid/plgnasqret/codex-control/projects/euf-viper/corpora/9b39c70a794d52277a4e5d83731f0ebc50a2f3b804eb1dfc8cf32766a5ebeadc/smtlib-2025/QF_UF/QF_UF/QG-classification/qg7/iso_brn_nogen005.smt2""]"
107,2,7104,QF_UF/QG-classification/qg7/iso_brn_nogen005.smt2,a27c6f662b94b22e6a1b65717825f29220742dc9854addb906f438fbb6e5bf7f,6012655,sat,1,williams_first_order_carryover,f142088f68ffae0501ab8de7e323efb430c2912e83fc68ef048bfb8276401870,5,5,0,5,5,5,proof-seed-4,proof-seed-4,"[""proof-seed-32"",""baseline"",""proof-seed-16"",""proof-seed-0"",""proof-seed-8"",""proof-seed-4""]",parser_inclusive_subprocess_wall_clock,1,sat,0.322082967,0,0,0,,,"sat
",,"[""/net/scratch/hscra/plgrid/plgnasqret/codex-control/projects/euf-viper/runs/20260727T113307Z-proof-seed-qg7-2d4a372/target/release/euf-viper"",""fabric-solve"",""--engine"",""quotient-portfolio"",""/net/scratch/hscra/plgrid/plgnasqret/codex-control/projects/euf-viper/corpora/9b39c70a794d52277a4e5d83731f0ebc50a2f3b804eb1dfc8cf32766a5ebeadc/smtlib-2025/QF_UF/QF_UF/QG-classification/qg7/iso_brn_nogen005.smt2""]"
108,3,7312,QF_UF/QG-classification/qg7/iso_icl_nogen004.smt2,5d487c7da1e60eb8b28ba24d8dc7bc79f40915318ec62d38b44771420d30fc8b,6013634,unsat,1,williams_first_order_carryover,f142088f68ffae0501ab8de7e323efb430c2912e83fc68ef048bfb8276401870,0,0,0,0,0,0,baseline,baseline,"[""baseline"",""proof-seed-0"",""proof-seed-32"",""proof-seed-4"",""proof-seed-16"",""proof-seed-8""]",parser_inclusive_subprocess_wall_clock,1,unsat,0.312335808,0,0,0,,,"unsat
",,"[""/net/scratch/hscra/plgrid/plgnasqret/codex-control/projects/euf-viper/runs/20260727T113307Z-proof-seed-qg7-2d4a372/target/release/euf-viper"",""fabric-solve"",""--engine"",""quotient-portfolio"",""/net/scratch/hscra/plgrid/plgnasqret/codex-control/projects/euf-viper/corpora/9b39c70a794d52277a4e5d83731f0ebc50a2f3b804eb1dfc8cf32766a5ebeadc/smtlib-2025/QF_UF/QF_UF/QG-classification/qg7/iso_icl_nogen004.smt2""]"
109,3,7312,QF_UF/QG-classification/qg7/iso_icl_nogen004.smt2,5d487c7da1e60eb8b28ba24d8dc7bc79f40915318ec62d38b44771420d30fc8b,6013634,unsat,1,williams_first_order_carryover,f142088f68ffae0501ab8de7e323efb430c2912e83fc68ef048bfb8276401870,0,0,0,0,1,1,proof-seed-0,proof-seed-0,"[""baseline"",""proof-seed-0"",""proof-seed-32"",""proof-seed-4"",""proof-seed-16"",""proof-seed-8""]",parser_inclusive_subprocess_wall_clock,1,unsat,0.323558855,0,0,0,,,"unsat
",,"[""/net/scratch/hscra/plgrid/plgnasqret/codex-control/projects/euf-viper/runs/20260727T113307Z-proof-seed-qg7-2d4a372/target/release/euf-viper"",""fabric-solve"",""--engine"",""quotient-portfolio"",""/net/scratch/hscra/plgrid/plgnasqret/codex-control/projects/euf-viper/corpora/9b39c70a794d52277a4e5d83731f0ebc50a2f3b804eb1dfc8cf32766a5ebeadc/smtlib-2025/QF_UF/QF_UF/QG-classification/qg7/iso_icl_nogen004.smt2""]"
110,3,7312,QF_UF/QG-classification/qg7/iso_icl_nogen004.smt2,5d487c7da1e60eb8b28ba24d8dc7bc79f40915318ec62d38b44771420d30fc8b,6013634,unsat,1,williams_first_order_carryover,f142088f68ffae0501ab8de7e323efb430c2912e83fc68ef048bfb8276401870,0,0,0,0,2,2,proof-seed-32,proof-seed-32,"[""baseline"",""proof-seed-0"",""proof-seed-32"",""proof-seed-4"",""proof-seed-16"",""proof-seed-8""]",parser_inclusive_subprocess_wall_clock,1,unsat,0.329304506,0,0,0,,,"unsat
",,"[""/net/scratch/hscra/plgrid/plgnasqret/codex-control/projects/euf-viper/runs/20260727T113307Z-proof-seed-qg7-2d4a372/target/release/euf-viper"",""fabric-solve"",""--engine"",""quotient-portfolio"",""/net/scratch/hscra/plgrid/plgnasqret/codex-control/projects/euf-viper/corpora/9b39c70a794d52277a4e5d83731f0ebc50a2f3b804eb1dfc8cf32766a5ebeadc/smtlib-2025/QF_UF/QF_UF/QG-classification/qg7/iso_icl_nogen004.smt2""]"
111,3,7312,QF_UF/QG-classification/qg7/iso_icl_nogen004.smt2,5d487c7da1e60eb8b28ba24d8dc7bc79f40915318ec62d38b44771420d30fc8b,6013634,unsat,1,williams_first_order_carryover,f142088f68ffae0501ab8de7e323efb430c2912e83fc68ef048bfb8276401870,0,0,0,0,3,3,proof-seed-4,proof-seed-4,"[""baseline"",""proof-seed-0"",""proof-seed-32"",""proof-seed-4"",""proof-seed-16"",""proof-seed-8""]",parser_inclusive_subprocess_wall_clock,1,unsat,0.331855035,0,0,0,,,"unsat
",,"[""/net/scratch/hscra/plgrid/plgnasqret/codex-control/projects/euf-viper/runs/20260727T113307Z-proof-seed-qg7-2d4a372/target/release/euf-viper"",""fabric-solve"",""--engine"",""quotient-portfolio"",""/net/scratch/hscra/plgrid/plgnasqret/codex-control/projects/euf-viper/corpora/9b39c70a794d52277a4e5d83731f0ebc50a2f3b804eb1dfc8cf32766a5ebeadc/smtlib-2025/QF_UF/QF_UF/QG-classification/qg7/iso_icl_nogen004.smt2""]"
112,3,7312,QF_UF/QG-classification/qg7/iso_icl_nogen004.smt2,5d487c7da1e60eb8b28ba24d8dc7bc79f40915318ec62d38b44771420d30fc8b,6013634,unsat,1,williams_first_order_carryover,f142088f68ffae0501ab8de7e323efb430c2912e83fc68ef048bfb8276401870,0,0,0,0,4,4,proof-seed-16,proof-seed-16,"[""baseline"",""proof-seed-0"",""proof-seed-32"",""proof-seed-4"",""proof-seed-16"",""proof-seed-8""]",parser_inclusive_subprocess_wall_clock,1,unsat,0.324333782,0,0,0,,,"unsat
",,"[""/net/scratch/hscra/plgrid/plgnasqret/codex-control/projects/euf-viper/runs/20260727T113307Z-proof-seed-qg7-2d4a372/target/release/euf-viper"",""fabric-solve"",""--engine"",""quotient-portfolio"",""/net/scratch/hscra/plgrid/plgnasqret/codex-control/projects/euf-viper/corpora/9b39c70a794d52277a4e5d83731f0ebc50a2f3b804eb1dfc8cf32766a5ebeadc/smtlib-2025/QF_UF/QF_UF/QG-classification/qg7/iso_icl_nogen004.smt2""]"
113,3,7312,QF_UF/QG-classification/qg7/iso_icl_nogen004.smt2,5d487c7da1e60eb8b28ba24d8dc7bc79f40915318ec62d38b44771420d30fc8b,6013634,unsat,1,williams_first_order_carryover,f142088f68ffae0501ab8de7e323efb430c2912e83fc68ef048bfb8276401870,0,0,0,0,5,5,proof-seed-8,proof-seed-8,"[""baseline"",""proof-seed-0"",""proof-seed-32"",""proof-seed-4"",""proof-seed-16"",""proof-seed-8""]",parser_inclusive_subprocess_wall_clock,1,unsat,0.313581862,0,0,0,,,"unsat
",,"[""/net/scratch/hscra/plgrid/plgnasqret/codex-control/projects/euf-viper/runs/20260727T113307Z-proof-seed-qg7-2d4a372/target/release/euf-viper"",""fabric-solve"",""--engine"",""quotient-portfolio"",""/net/scratch/hscra/plgrid/plgnasqret/codex-control/projects/euf-viper/corpora/9b39c70a794d52277a4e5d83731f0ebc50a2f3b804eb1dfc8cf32766a5ebeadc/smtlib-2025/QF_UF/QF_UF/QG-classification/qg7/iso_icl_nogen004.smt2""]"
114,3,7312,QF_UF/QG-classification/qg7/iso_icl_nogen004.smt2,5d487c7da1e60eb8b28ba24d8dc7bc79f40915318ec62d38b44771420d30fc8b,6013634,unsat,1,williams_first_order_carryover,f142088f68ffae0501ab8de7e323efb430c2912e83fc68ef048bfb8276401870,1,1,0,1,0,0,proof-seed-0,proof-seed-0,"[""proof-seed-0"",""proof-seed-4"",""baseline"",""proof-seed-8"",""proof-seed-32"",""proof-seed-16""]",parser_inclusive_subprocess_wall_clock,1,unsat,0.335349590,0,0,0,,,"unsat
",,"[""/net/scratch/hscra/plgrid/plgnasqret/codex-control/projects/euf-viper/runs/20260727T113307Z-proof-seed-qg7-2d4a372/target/release/euf-viper"",""fabric-solve"",""--engine"",""quotient-portfolio"",""/net/scratch/hscra/plgrid/plgnasqret/codex-control/projects/euf-viper/corpora/9b39c70a794d52277a4e5d83731f0ebc50a2f3b804eb1dfc8cf32766a5ebeadc/smtlib-2025/QF_UF/QF_UF/QG-classification/qg7/iso_icl_nogen004.smt2""]"
115,3,7312,QF_UF/QG-classification/qg7/iso_icl_nogen004.smt2,5d487c7da1e60eb8b28ba24d8dc7bc79f40915318ec62d38b44771420d30fc8b,6013634,unsat,1,williams_first_order_carryover,f142088f68ffae0501ab8de7e323efb430c2912e83fc68ef048bfb8276401870,1,1,0,1,1,1,proof-seed-4,proof-seed-4,"[""proof-seed-0"",""proof-seed-4"",""baseline"",""proof-seed-8"",""proof-seed-32"",""proof-seed-16""]",parser_inclusive_subprocess_wall_clock,1,unsat,0.317192040,0,0,0,,,"unsat
",,"[""/net/scratch/hscra/plgrid/plgnasqret/codex-control/projects/euf-viper/runs/20260727T113307Z-proof-seed-qg7-2d4a372/target/release/euf-viper"",""fabric-solve"",""--engine"",""quotient-portfolio"",""/net/scratch/hscra/plgrid/plgnasqret/codex-control/projects/euf-viper/corpora/9b39c70a794d52277a4e5d83731f0ebc50a2f3b804eb1dfc8cf32766a5ebeadc/smtlib-2025/QF_UF/QF_UF/QG-classification/qg7/iso_icl_nogen004.smt2""]"
116,3,7312,QF_UF/QG-classification/qg7/iso_icl_nogen004.smt2,5d487c7da1e60eb8b28ba24d8dc7bc79f40915318ec62d38b44771420d30fc8b,6013634,unsat,1,williams_first_order_carryover,f142088f68ffae0501ab8de7e323efb430c2912e83fc68ef048bfb8276401870,1,1,0,1,2,2,baseline,baseline,"[""proof-seed-0"",""proof-seed-4"",""baseline"",""proof-seed-8"",""proof-seed-32"",""proof-seed-16""]",parser_inclusive_subprocess_wall_clock,1,unsat,0.337952102,0,0,0,,,"unsat
",,"[""/net/scratch/hscra/plgrid/plgnasqret/codex-control/projects/euf-viper/runs/20260727T113307Z-proof-seed-qg7-2d4a372/target/release/euf-viper"",""fabric-solve"",""--engine"",""quotient-portfolio"",""/net/scratch/hscra/plgrid/plgnasqret/codex-control/projects/euf-viper/corpora/9b39c70a794d52277a4e5d83731f0ebc50a2f3b804eb1dfc8cf32766a5ebeadc/smtlib-2025/QF_UF/QF_UF/QG-classification/qg7/iso_icl_nogen004.smt2""]"
117,3,7312,QF_UF/QG-classification/qg7/iso_icl_nogen004.smt2,5d487c7da1e60eb8b28ba24d8dc7bc79f40915318ec62d38b44771420d30fc8b,6013634,unsat,1,williams_first_order_carryover,f142088f68ffae0501ab8de7e323efb430c2912e83fc68ef048bfb8276401870,1,1,0,1,3,3,proof-seed-8,proof-seed-8,"[""proof-seed-0"",""proof-seed-4"",""baseline"",""proof-seed-8"",""proof-seed-32"",""proof-seed-16""]",parser_inclusive_subprocess_wall_clock,1,unsat,0.337823038,0,0,0,,,"unsat
",,"[""/net/scratch/hscra/plgrid/plgnasqret/codex-control/projects/euf-viper/runs/20260727T113307Z-proof-seed-qg7-2d4a372/target/release/euf-viper"",""fabric-solve"",""--engine"",""quotient-portfolio"",""/net/scratch/hscra/plgrid/plgnasqret/codex-control/projects/euf-viper/corpora/9b39c70a794d52277a4e5d83731f0ebc50a2f3b804eb1dfc8cf32766a5ebeadc/smtlib-2025/QF_UF/QF_UF/QG-classification/qg7/iso_icl_nogen004.smt2""]"
118,3,7312,QF_UF/QG-classification/qg7/iso_icl_nogen004.smt2,5d487c7da1e60eb8b28ba24d8dc7bc79f40915318ec62d38b44771420d30fc8b,6013634,unsat,1,williams_first_order_carryover,f142088f68ffae0501ab8de7e323efb430c2912e83fc68ef048bfb8276401870,1,1,0,1,4,4,proof-seed-32,proof-seed-32,"[""proof-seed-0"",""proof-seed-4"",""baseline"",""proof-seed-8"",""proof-seed-32"",""proof-seed-16""]",parser_inclusive_subprocess_wall_clock,1,unsat,0.341404922,0,0,0,,,"unsat
",,"[""/net/scratch/hscra/plgrid/plgnasqret/codex-control/projects/euf-viper/runs/20260727T113307Z-proof-seed-qg7-2d4a372/target/release/euf-viper"",""fabric-solve"",""--engine"",""quotient-portfolio"",""/net/scratch/hscra/plgrid/plgnasqret/codex-control/projects/euf-viper/corpora/9b39c70a794d52277a4e5d83731f0ebc50a2f3b804eb1dfc8cf32766a5ebeadc/smtlib-2025/QF_UF/QF_UF/QG-classification/qg7/iso_icl_nogen004.smt2""]"
119,3,7312,QF_UF/QG-classification/qg7/iso_icl_nogen004.smt2,5d487c7da1e60eb8b28ba24d8dc7bc79f40915318ec62d38b44771420d30fc8b,6013634,unsat,1,williams_first_order_carryover,f142088f68ffae0501ab8de7e323efb430c2912e83fc68ef048bfb8276401870,1,1,0,1,5,5,proof-seed-16,proof-seed-16,"[""proof-seed-0"",""proof-seed-4"",""baseline"",""proof-seed-8"",""proof-seed-32"",""proof-seed-16""]",parser_inclusive_subprocess_wall_clock,1,unsat,0.351322931,0,0,0,,,"unsat
",,"[""/net/scratch/hscra/plgrid/plgnasqret/codex-control/projects/euf-viper/runs/20260727T113307Z-proof-seed-qg7-2d4a372/target/release/euf-viper"",""fabric-solve"",""--engine"",""quotient-portfolio"",""/net/scratch/hscra/plgrid/plgnasqret/codex-control/projects/euf-viper/corpora/9b39c70a794d52277a4e5d83731f0ebc50a2f3b804eb1dfc8cf32766a5ebeadc/smtlib-2025/QF_UF/QF_UF/QG-classification/qg7/iso_icl_nogen004.smt2""]"
120,3,7312,QF_UF/QG-classification/qg7/iso_icl_nogen004.smt2,5d487c7da1e60eb8b28ba24d8dc7bc79f40915318ec62d38b44771420d30fc8b,6013634,unsat,1,williams_first_order_carryover,f142088f68ffae0501ab8de7e323efb430c2912e83fc68ef048bfb8276401870,2,2,0,2,0,0,proof-seed-4,proof-seed-4,"[""proof-seed-4"",""proof-seed-8"",""proof-seed-0"",""proof-seed-16"",""baseline"",""proof-seed-32""]",parser_inclusive_subprocess_wall_clock,1,unsat,0.328035676,0,0,0,,,"unsat
",,"[""/net/scratch/hscra/plgrid/plgnasqret/codex-control/projects/euf-viper/runs/20260727T113307Z-proof-seed-qg7-2d4a372/target/release/euf-viper"",""fabric-solve"",""--engine"",""quotient-portfolio"",""/net/scratch/hscra/plgrid/plgnasqret/codex-control/projects/euf-viper/corpora/9b39c70a794d52277a4e5d83731f0ebc50a2f3b804eb1dfc8cf32766a5ebeadc/smtlib-2025/QF_UF/QF_UF/QG-classification/qg7/iso_icl_nogen004.smt2""]"
121,3,7312,QF_UF/QG-classification/qg7/iso_icl_nogen004.smt2,5d487c7da1e60eb8b28ba24d8dc7bc79f40915318ec62d38b44771420d30fc8b,6013634,unsat,1,williams_first_order_carryover,f142088f68ffae0501ab8de7e323efb430c2912e83fc68ef048bfb8276401870,2,2,0,2,1,1,proof-seed-8,proof-seed-8,"[""proof-seed-4"",""proof-seed-8"",""proof-seed-0"",""proof-seed-16"",""baseline"",""proof-seed-32""]",parser_inclusive_subprocess_wall_clock,1,unsat,0.323697985,0,0,0,,,"unsat
",,"[""/net/scratch/hscra/plgrid/plgnasqret/codex-control/projects/euf-viper/runs/20260727T113307Z-proof-seed-qg7-2d4a372/target/release/euf-viper"",""fabric-solve"",""--engine"",""quotient-portfolio"",""/net/scratch/hscra/plgrid/plgnasqret/codex-control/projects/euf-viper/corpora/9b39c70a794d52277a4e5d83731f0ebc50a2f3b804eb1dfc8cf32766a5ebeadc/smtlib-2025/QF_UF/QF_UF/QG-classification/qg7/iso_icl_nogen004.smt2""]"
122,3,7312,QF_UF/QG-classification/qg7/iso_icl_nogen004.smt2,5d487c7da1e60eb8b28ba24d8dc7bc79f40915318ec62d38b44771420d30fc8b,6013634,unsat,1,williams_first_order_carryover,f142088f68ffae0501ab8de7e323efb430c2912e83fc68ef048bfb8276401870,2,2,0,2,2,2,proof-seed-0,proof-seed-0,"[""proof-seed-4"",""proof-seed-8"",""proof-seed-0"",""proof-seed-16"",""baseline"",""proof-seed-32""]",parser_inclusive_subprocess_wall_clock,1,unsat,0.317102218,0,0,0,,,"unsat
",,"[""/net/scratch/hscra/plgrid/plgnasqret/codex-control/projects/euf-viper/runs/20260727T113307Z-proof-seed-qg7-2d4a372/target/release/euf-viper"",""fabric-solve"",""--engine"",""quotient-portfolio"",""/net/scratch/hscra/plgrid/plgnasqret/codex-control/projects/euf-viper/corpora/9b39c70a794d52277a4e5d83731f0ebc50a2f3b804eb1dfc8cf32766a5ebeadc/smtlib-2025/QF_UF/QF_UF/QG-classification/qg7/iso_icl_nogen004.smt2""]"
123,3,7312,QF_UF/QG-classification/qg7/iso_icl_nogen004.smt2,5d487c7da1e60eb8b28ba24d8dc7bc79f40915318ec62d38b44771420d30fc8b,6013634,unsat,1,williams_first_order_carryover,f142088f68ffae0501ab8de7e323efb430c2912e83fc68ef048bfb8276401870,2,2,0,2,3,3,proof-seed-16,proof-seed-16,"[""proof-seed-4"",""proof-seed-8"",""proof-seed-0"",""proof-seed-16"",""baseline"",""proof-seed-32""]",parser_inclusive_subprocess_wall_clock,1,unsat,0.314440132,0,0,0,,,"unsat
",,"[""/net/scratch/hscra/plgrid/plgnasqret/codex-control/projects/euf-viper/runs/20260727T113307Z-proof-seed-qg7-2d4a372/target/release/euf-viper"",""fabric-solve"",""--engine"",""quotient-portfolio"",""/net/scratch/hscra/plgrid/plgnasqret/codex-control/projects/euf-viper/corpora/9b39c70a794d52277a4e5d83731f0ebc50a2f3b804eb1dfc8cf32766a5ebeadc/smtlib-2025/QF_UF/QF_UF/QG-classification/qg7/iso_icl_nogen004.smt2""]"
124,3,7312,QF_UF/QG-classification/qg7/iso_icl_nogen004.smt2,5d487c7da1e60eb8b28ba24d8dc7bc79f40915318ec62d38b44771420d30fc8b,6013634,unsat,1,williams_first_order_carryover,f142088f68ffae0501ab8de7e323efb430c2912e83fc68ef048bfb8276401870,2,2,0,2,4,4,baseline,baseline,"[""proof-seed-4"",""proof-seed-8"",""proof-seed-0"",""proof-seed-16"",""baseline"",""proof-seed-32""]",parser_inclusive_subprocess_wall_clock,1,unsat,0.328319025,0,0,0,,,"unsat
",,"[""/net/scratch/hscra/plgrid/plgnasqret/codex-control/projects/euf-viper/runs/20260727T113307Z-proof-seed-qg7-2d4a372/target/release/euf-viper"",""fabric-solve"",""--engine"",""quotient-portfolio"",""/net/scratch/hscra/plgrid/plgnasqret/codex-control/projects/euf-viper/corpora/9b39c70a794d52277a4e5d83731f0ebc50a2f3b804eb1dfc8cf32766a5ebeadc/smtlib-2025/QF_UF/QF_UF/QG-classification/qg7/iso_icl_nogen004.smt2""]"
125,3,7312,QF_UF/QG-classification/qg7/iso_icl_nogen004.smt2,5d487c7da1e60eb8b28ba24d8dc7bc79f40915318ec62d38b44771420d30fc8b,6013634,unsat,1,williams_first_order_carryover,f142088f68ffae0501ab8de7e323efb430c2912e83fc68ef048bfb8276401870,2,2,0,2,5,5,proof-seed-32,proof-seed-32,"[""proof-seed-4"",""proof-seed-8"",""proof-seed-0"",""proof-seed-16"",""baseline"",""proof-seed-32""]",parser_inclusive_subprocess_wall_clock,1,unsat,0.332419229,0,0,0,,,"unsat
",,"[""/net/scratch/hscra/plgrid/plgnasqret/codex-control/projects/euf-viper/runs/20260727T113307Z-proof-seed-qg7-2d4a372/target/release/euf-viper"",""fabric-solve"",""--engine"",""quotient-portfolio"",""/net/scratch/hscra/plgrid/plgnasqret/codex-control/projects/euf-viper/corpora/9b39c70a794d52277a4e5d83731f0ebc50a2f3b804eb1dfc8cf32766a5ebeadc/smtlib-2025/QF_UF/QF_UF/QG-classification/qg7/iso_icl_nogen004.smt2""]"
126,3,7312,QF_UF/QG-classification/qg7/iso_icl_nogen004.smt2,5d487c7da1e60eb8b28ba24d8dc7bc79f40915318ec62d38b44771420d30fc8b,6013634,unsat,1,williams_first_order_carryover,f142088f68ffae0501ab8de7e323efb430c2912e83fc68ef048bfb8276401870,3,3,0,3,0,0,proof-seed-8,proof-seed-8,"[""proof-seed-8"",""proof-seed-16"",""proof-seed-4"",""proof-seed-32"",""proof-seed-0"",""baseline""]",parser_inclusive_subprocess_wall_clock,1,unsat,0.315046292,0,0,0,,,"unsat
",,"[""/net/scratch/hscra/plgrid/plgnasqret/codex-control/projects/euf-viper/runs/20260727T113307Z-proof-seed-qg7-2d4a372/target/release/euf-viper"",""fabric-solve"",""--engine"",""quotient-portfolio"",""/net/scratch/hscra/plgrid/plgnasqret/codex-control/projects/euf-viper/corpora/9b39c70a794d52277a4e5d83731f0ebc50a2f3b804eb1dfc8cf32766a5ebeadc/smtlib-2025/QF_UF/QF_UF/QG-classification/qg7/iso_icl_nogen004.smt2""]"
127,3,7312,QF_UF/QG-classification/qg7/iso_icl_nogen004.smt2,5d487c7da1e60eb8b28ba24d8dc7bc79f40915318ec62d38b44771420d30fc8b,6013634,unsat,1,williams_first_order_carryover,f142088f68ffae0501ab8de7e323efb430c2912e83fc68ef048bfb8276401870,3,3,0,3,1,1,proof-seed-16,proof-seed-16,"[""proof-seed-8"",""proof-seed-16"",""proof-seed-4"",""proof-seed-32"",""proof-seed-0"",""baseline""]",parser_inclusive_subprocess_wall_clock,1,unsat,0.313172193,0,0,0,,,"unsat
",,"[""/net/scratch/hscra/plgrid/plgnasqret/codex-control/projects/euf-viper/runs/20260727T113307Z-proof-seed-qg7-2d4a372/target/release/euf-viper"",""fabric-solve"",""--engine"",""quotient-portfolio"",""/net/scratch/hscra/plgrid/plgnasqret/codex-control/projects/euf-viper/corpora/9b39c70a794d52277a4e5d83731f0ebc50a2f3b804eb1dfc8cf32766a5ebeadc/smtlib-2025/QF_UF/QF_UF/QG-classification/qg7/iso_icl_nogen004.smt2""]"
128,3,7312,QF_UF/QG-classification/qg7/iso_icl_nogen004.smt2,5d487c7da1e60eb8b28ba24d8dc7bc79f40915318ec62d38b44771420d30fc8b,6013634,unsat,1,williams_first_order_carryover,f142088f68ffae0501ab8de7e323efb430c2912e83fc68ef048bfb8276401870,3,3,0,3,2,2,proof-seed-4,proof-seed-4,"[""proof-seed-8"",""proof-seed-16"",""proof-seed-4"",""proof-seed-32"",""proof-seed-0"",""baseline""]",parser_inclusive_subprocess_wall_clock,1,unsat,0.314360666,0,0,0,,,"unsat
",,"[""/net/scratch/hscra/plgrid/plgnasqret/codex-control/projects/euf-viper/runs/20260727T113307Z-proof-seed-qg7-2d4a372/target/release/euf-viper"",""fabric-solve"",""--engine"",""quotient-portfolio"",""/net/scratch/hscra/plgrid/plgnasqret/codex-control/projects/euf-viper/corpora/9b39c70a794d52277a4e5d83731f0ebc50a2f3b804eb1dfc8cf32766a5ebeadc/smtlib-2025/QF_UF/QF_UF/QG-classification/qg7/iso_icl_nogen004.smt2""]"
129,3,7312,QF_UF/QG-classification/qg7/iso_icl_nogen004.smt2,5d487c7da1e60eb8b28ba24d8dc7bc79f40915318ec62d38b44771420d30fc8b,6013634,unsat,1,williams_first_order_carryover,f142088f68ffae0501ab8de7e323efb430c2912e83fc68ef048bfb8276401870,3,3,0,3,3,3,proof-seed-32,proof-seed-32,"[""proof-seed-8"",""proof-seed-16"",""proof-seed-4"",""proof-seed-32"",""proof-seed-0"",""baseline""]",parser_inclusive_subprocess_wall_clock,1,unsat,0.321984551,0,0,0,,,"unsat
",,"[""/net/scratch/hscra/plgrid/plgnasqret/codex-control/projects/euf-viper/runs/20260727T113307Z-proof-seed-qg7-2d4a372/target/release/euf-viper"",""fabric-solve"",""--engine"",""quotient-portfolio"",""/net/scratch/hscra/plgrid/plgnasqret/codex-control/projects/euf-viper/corpora/9b39c70a794d52277a4e5d83731f0ebc50a2f3b804eb1dfc8cf32766a5ebeadc/smtlib-2025/QF_UF/QF_UF/QG-classification/qg7/iso_icl_nogen004.smt2""]"
130,3,7312,QF_UF/QG-classification/qg7/iso_icl_nogen004.smt2,5d487c7da1e60eb8b28ba24d8dc7bc79f40915318ec62d38b44771420d30fc8b,6013634,unsat,1,williams_first_order_carryover,f142088f68ffae0501ab8de7e323efb430c2912e83fc68ef048bfb8276401870,3,3,0,3,4,4,proof-seed-0,proof-seed-0,"[""proof-seed-8"",""proof-seed-16"",""proof-seed-4"",""proof-seed-32"",""proof-seed-0"",""baseline""]",parser_inclusive_subprocess_wall_clock,1,unsat,0.316170923,0,0,0,,,"unsat
",,"[""/net/scratch/hscra/plgrid/plgnasqret/codex-control/projects/euf-viper/runs/20260727T113307Z-proof-seed-qg7-2d4a372/target/release/euf-viper"",""fabric-solve"",""--engine"",""quotient-portfolio"",""/net/scratch/hscra/plgrid/plgnasqret/codex-control/projects/euf-viper/corpora/9b39c70a794d52277a4e5d83731f0ebc50a2f3b804eb1dfc8cf32766a5ebeadc/smtlib-2025/QF_UF/QF_UF/QG-classification/qg7/iso_icl_nogen004.smt2""]"
131,3,7312,QF_UF/QG-classification/qg7/iso_icl_nogen004.smt2,5d487c7da1e60eb8b28ba24d8dc7bc79f40915318ec62d38b44771420d30fc8b,6013634,unsat,1,williams_first_order_carryover,f142088f68ffae0501ab8de7e323efb430c2912e83fc68ef048bfb8276401870,3,3,0,3,5,5,baseline,baseline,"[""proof-seed-8"",""proof-seed-16"",""proof-seed-4"",""proof-seed-32"",""proof-seed-0"",""baseline""]",parser_inclusive_subprocess_wall_clock,1,unsat,0.313123296,0,0,0,,,"unsat
",,"[""/net/scratch/hscra/plgrid/plgnasqret/codex-control/projects/euf-viper/runs/20260727T113307Z-proof-seed-qg7-2d4a372/target/release/euf-viper"",""fabric-solve"",""--engine"",""quotient-portfolio"",""/net/scratch/hscra/plgrid/plgnasqret/codex-control/projects/euf-viper/corpora/9b39c70a794d52277a4e5d83731f0ebc50a2f3b804eb1dfc8cf32766a5ebeadc/smtlib-2025/QF_UF/QF_UF/QG-classification/qg7/iso_icl_nogen004.smt2""]"
132,3,7312,QF_UF/QG-classification/qg7/iso_icl_nogen004.smt2,5d487c7da1e60eb8b28ba24d8dc7bc79f40915318ec62d38b44771420d30fc8b,6013634,unsat,1,williams_first_order_carryover,f142088f68ffae0501ab8de7e323efb430c2912e83fc68ef048bfb8276401870,4,4,0,4,0,0,proof-seed-16,proof-seed-16,"[""proof-seed-16"",""proof-seed-32"",""proof-seed-8"",""baseline"",""proof-seed-4"",""proof-seed-0""]",parser_inclusive_subprocess_wall_clock,1,unsat,0.316761798,0,0,0,,,"unsat
",,"[""/net/scratch/hscra/plgrid/plgnasqret/codex-control/projects/euf-viper/runs/20260727T113307Z-proof-seed-qg7-2d4a372/target/release/euf-viper"",""fabric-solve"",""--engine"",""quotient-portfolio"",""/net/scratch/hscra/plgrid/plgnasqret/codex-control/projects/euf-viper/corpora/9b39c70a794d52277a4e5d83731f0ebc50a2f3b804eb1dfc8cf32766a5ebeadc/smtlib-2025/QF_UF/QF_UF/QG-classification/qg7/iso_icl_nogen004.smt2""]"
133,3,7312,QF_UF/QG-classification/qg7/iso_icl_nogen004.smt2,5d487c7da1e60eb8b28ba24d8dc7bc79f40915318ec62d38b44771420d30fc8b,6013634,unsat,1,williams_first_order_carryover,f142088f68ffae0501ab8de7e323efb430c2912e83fc68ef048bfb8276401870,4,4,0,4,1,1,proof-seed-32,proof-seed-32,"[""proof-seed-16"",""proof-seed-32"",""proof-seed-8"",""baseline"",""proof-seed-4"",""proof-seed-0""]",parser_inclusive_subprocess_wall_clock,1,unsat,0.317004893,0,0,0,,,"unsat
",,"[""/net/scratch/hscra/plgrid/plgnasqret/codex-control/projects/euf-viper/runs/20260727T113307Z-proof-seed-qg7-2d4a372/target/release/euf-viper"",""fabric-solve"",""--engine"",""quotient-portfolio"",""/net/scratch/hscra/plgrid/plgnasqret/codex-control/projects/euf-viper/corpora/9b39c70a794d52277a4e5d83731f0ebc50a2f3b804eb1dfc8cf32766a5ebeadc/smtlib-2025/QF_UF/QF_UF/QG-classification/qg7/iso_icl_nogen004.smt2""]"
134,3,7312,QF_UF/QG-classification/qg7/iso_icl_nogen004.smt2,5d487c7da1e60eb8b28ba24d8dc7bc79f40915318ec62d38b44771420d30fc8b,6013634,unsat,1,williams_first_order_carryover,f142088f68ffae0501ab8de7e323efb430c2912e83fc68ef048bfb8276401870,4,4,0,4,2,2,proof-seed-8,proof-seed-8,"[""proof-seed-16"",""proof-seed-32"",""proof-seed-8"",""baseline"",""proof-seed-4"",""proof-seed-0""]",parser_inclusive_subprocess_wall_clock,1,unsat,0.316554719,0,0,0,,,"unsat
",,"[""/net/scratch/hscra/plgrid/plgnasqret/codex-control/projects/euf-viper/runs/20260727T113307Z-proof-seed-qg7-2d4a372/target/release/euf-viper"",""fabric-solve"",""--engine"",""quotient-portfolio"",""/net/scratch/hscra/plgrid/plgnasqret/codex-control/projects/euf-viper/corpora/9b39c70a794d52277a4e5d83731f0ebc50a2f3b804eb1dfc8cf32766a5ebeadc/smtlib-2025/QF_UF/QF_UF/QG-classification/qg7/iso_icl_nogen004.smt2""]"
135,3,7312,QF_UF/QG-classification/qg7/iso_icl_nogen004.smt2,5d487c7da1e60eb8b28ba24d8dc7bc79f40915318ec62d38b44771420d30fc8b,6013634,unsat,1,williams_first_order_carryover,f142088f68ffae0501ab8de7e323efb430c2912e83fc68ef048bfb8276401870,4,4,0,4,3,3,baseline,baseline,"[""proof-seed-16"",""proof-seed-32"",""proof-seed-8"",""baseline"",""proof-seed-4"",""proof-seed-0""]",parser_inclusive_subprocess_wall_clock,1,unsat,0.314366121,0,0,0,,,"unsat
",,"[""/net/scratch/hscra/plgrid/plgnasqret/codex-control/projects/euf-viper/runs/20260727T113307Z-proof-seed-qg7-2d4a372/target/release/euf-viper"",""fabric-solve"",""--engine"",""quotient-portfolio"",""/net/scratch/hscra/plgrid/plgnasqret/codex-control/projects/euf-viper/corpora/9b39c70a794d52277a4e5d83731f0ebc50a2f3b804eb1dfc8cf32766a5ebeadc/smtlib-2025/QF_UF/QF_UF/QG-classification/qg7/iso_icl_nogen004.smt2""]"
136,3,7312,QF_UF/QG-classification/qg7/iso_icl_nogen004.smt2,5d487c7da1e60eb8b28ba24d8dc7bc79f40915318ec62d38b44771420d30fc8b,6013634,unsat,1,williams_first_order_carryover,f142088f68ffae0501ab8de7e323efb430c2912e83fc68ef048bfb8276401870,4,4,0,4,4,4,proof-seed-4,proof-seed-4,"[""proof-seed-16"",""proof-seed-32"",""proof-seed-8"",""baseline"",""proof-seed-4"",""proof-seed-0""]",parser_inclusive_subprocess_wall_clock,1,unsat,0.326392320,0,0,0,,,"unsat
",,"[""/net/scratch/hscra/plgrid/plgnasqret/codex-control/projects/euf-viper/runs/20260727T113307Z-proof-seed-qg7-2d4a372/target/release/euf-viper"",""fabric-solve"",""--engine"",""quotient-portfolio"",""/net/scratch/hscra/plgrid/plgnasqret/codex-control/projects/euf-viper/corpora/9b39c70a794d52277a4e5d83731f0ebc50a2f3b804eb1dfc8cf32766a5ebeadc/smtlib-2025/QF_UF/QF_UF/QG-classification/qg7/iso_icl_nogen004.smt2""]"
137,3,7312,QF_UF/QG-classification/qg7/iso_icl_nogen004.smt2,5d487c7da1e60eb8b28ba24d8dc7bc79f40915318ec62d38b44771420d30fc8b,6013634,unsat,1,williams_first_order_carryover,f142088f68ffae0501ab8de7e323efb430c2912e83fc68ef048bfb8276401870,4,4,0,4,5,5,proof-seed-0,proof-seed-0,"[""proof-seed-16"",""proof-seed-32"",""proof-seed-8"",""baseline"",""proof-seed-4"",""proof-seed-0""]",parser_inclusive_subprocess_wall_clock,1,unsat,0.316128182,0,0,0,,,"unsat
",,"[""/net/scratch/hscra/plgrid/plgnasqret/codex-control/projects/euf-viper/runs/20260727T113307Z-proof-seed-qg7-2d4a372/target/release/euf-viper"",""fabric-solve"",""--engine"",""quotient-portfolio"",""/net/scratch/hscra/plgrid/plgnasqret/codex-control/projects/euf-viper/corpora/9b39c70a794d52277a4e5d83731f0ebc50a2f3b804eb1dfc8cf32766a5ebeadc/smtlib-2025/QF_UF/QF_UF/QG-classification/qg7/iso_icl_nogen004.smt2""]"
138,3,7312,QF_UF/QG-classification/qg7/iso_icl_nogen004.smt2,5d487c7da1e60eb8b28ba24d8dc7bc79f40915318ec62d38b44771420d30fc8b,6013634,unsat,1,williams_first_order_carryover,f142088f68ffae0501ab8de7e323efb430c2912e83fc68ef048bfb8276401870,5,5,0,5,0,0,proof-seed-32,proof-seed-32,"[""proof-seed-32"",""baseline"",""proof-seed-16"",""proof-seed-0"",""proof-seed-8"",""proof-seed-4""]",parser_inclusive_subprocess_wall_clock,1,unsat,0.315346114,0,0,0,,,"unsat
",,"[""/net/scratch/hscra/plgrid/plgnasqret/codex-control/projects/euf-viper/runs/20260727T113307Z-proof-seed-qg7-2d4a372/target/release/euf-viper"",""fabric-solve"",""--engine"",""quotient-portfolio"",""/net/scratch/hscra/plgrid/plgnasqret/codex-control/projects/euf-viper/corpora/9b39c70a794d52277a4e5d83731f0ebc50a2f3b804eb1dfc8cf32766a5ebeadc/smtlib-2025/QF_UF/QF_UF/QG-classification/qg7/iso_icl_nogen004.smt2""]"
139,3,7312,QF_UF/QG-classification/qg7/iso_icl_nogen004.smt2,5d487c7da1e60eb8b28ba24d8dc7bc79f40915318ec62d38b44771420d30fc8b,6013634,unsat,1,williams_first_order_carryover,f142088f68ffae0501ab8de7e323efb430c2912e83fc68ef048bfb8276401870,5,5,0,5,1,1,baseline,baseline,"[""proof-seed-32"",""baseline"",""proof-seed-16"",""proof-seed-0"",""proof-seed-8"",""proof-seed-4""]",parser_inclusive_subprocess_wall_clock,1,unsat,0.313513982,0,0,0,,,"unsat
",,"[""/net/scratch/hscra/plgrid/plgnasqret/codex-control/projects/euf-viper/runs/20260727T113307Z-proof-seed-qg7-2d4a372/target/release/euf-viper"",""fabric-solve"",""--engine"",""quotient-portfolio"",""/net/scratch/hscra/plgrid/plgnasqret/codex-control/projects/euf-viper/corpora/9b39c70a794d52277a4e5d83731f0ebc50a2f3b804eb1dfc8cf32766a5ebeadc/smtlib-2025/QF_UF/QF_UF/QG-classification/qg7/iso_icl_nogen004.smt2""]"
140,3,7312,QF_UF/QG-classification/qg7/iso_icl_nogen004.smt2,5d487c7da1e60eb8b28ba24d8dc7bc79f40915318ec62d38b44771420d30fc8b,6013634,unsat,1,williams_first_order_carryover,f142088f68ffae0501ab8de7e323efb430c2912e83fc68ef048bfb8276401870,5,5,0,5,2,2,proof-seed-16,proof-seed-16,"[""proof-seed-32"",""baseline"",""proof-seed-16"",""proof-seed-0"",""proof-seed-8"",""proof-seed-4""]",parser_inclusive_subprocess_wall_clock,1,unsat,0.314639986,0,0,0,,,"unsat
",,"[""/net/scratch/hscra/plgrid/plgnasqret/codex-control/projects/euf-viper/runs/20260727T113307Z-proof-seed-qg7-2d4a372/target/release/euf-viper"",""fabric-solve"",""--engine"",""quotient-portfolio"",""/net/scratch/hscra/plgrid/plgnasqret/codex-control/projects/euf-viper/corpora/9b39c70a794d52277a4e5d83731f0ebc50a2f3b804eb1dfc8cf32766a5ebeadc/smtlib-2025/QF_UF/QF_UF/QG-classification/qg7/iso_icl_nogen004.smt2""]"
141,3,7312,QF_UF/QG-classification/qg7/iso_icl_nogen004.smt2,5d487c7da1e60eb8b28ba24d8dc7bc79f40915318ec62d38b44771420d30fc8b,6013634,unsat,1,williams_first_order_carryover,f142088f68ffae0501ab8de7e323efb430c2912e83fc68ef048bfb8276401870,5,5,0,5,3,3,proof-seed-0,proof-seed-0,"[""proof-seed-32"",""baseline"",""proof-seed-16"",""proof-seed-0"",""proof-seed-8"",""proof-seed-4""]",parser_inclusive_subprocess_wall_clock,1,unsat,0.311711868,0,0,0,,,"unsat
",,"[""/net/scratch/hscra/plgrid/plgnasqret/codex-control/projects/euf-viper/runs/20260727T113307Z-proof-seed-qg7-2d4a372/target/release/euf-viper"",""fabric-solve"",""--engine"",""quotient-portfolio"",""/net/scratch/hscra/plgrid/plgnasqret/codex-control/projects/euf-viper/corpora/9b39c70a794d52277a4e5d83731f0ebc50a2f3b804eb1dfc8cf32766a5ebeadc/smtlib-2025/QF_UF/QF_UF/QG-classification/qg7/iso_icl_nogen004.smt2""]"
142,3,7312,QF_UF/QG-classification/qg7/iso_icl_nogen004.smt2,5d487c7da1e60eb8b28ba24d8dc7bc79f40915318ec62d38b44771420d30fc8b,6013634,unsat,1,williams_first_order_carryover,f142088f68ffae0501ab8de7e323efb430c2912e83fc68ef048bfb8276401870,5,5,0,5,4,4,proof-seed-8,proof-seed-8,"[""proof-seed-32"",""baseline"",""proof-seed-16"",""proof-seed-0"",""proof-seed-8"",""proof-seed-4""]",parser_inclusive_subprocess_wall_clock,1,unsat,0.313862725,0,0,0,,,"unsat
",,"[""/net/scratch/hscra/plgrid/plgnasqret/codex-control/projects/euf-viper/runs/20260727T113307Z-proof-seed-qg7-2d4a372/target/release/euf-viper"",""fabric-solve"",""--engine"",""quotient-portfolio"",""/net/scratch/hscra/plgrid/plgnasqret/codex-control/projects/euf-viper/corpora/9b39c70a794d52277a4e5d83731f0ebc50a2f3b804eb1dfc8cf32766a5ebeadc/smtlib-2025/QF_UF/QF_UF/QG-classification/qg7/iso_icl_nogen004.smt2""]"
143,3,7312,QF_UF/QG-classification/qg7/iso_icl_nogen004.smt2,5d487c7da1e60eb8b28ba24d8dc7bc79f40915318ec62d38b44771420d30fc8b,6013634,unsat,1,williams_first_order_carryover,f142088f68ffae0501ab8de7e323efb430c2912e83fc68ef048bfb8276401870,5,5,0,5,5,5,proof-seed-4,proof-seed-4,"[""proof-seed-32"",""baseline"",""proof-seed-16"",""proof-seed-0"",""proof-seed-8"",""proof-seed-4""]",parser_inclusive_subprocess_wall_clock,1,unsat,0.314948324,0,0,0,,,"unsat
",,"[""/net/scratch/hscra/plgrid/plgnasqret/codex-control/projects/euf-viper/runs/20260727T113307Z-proof-seed-qg7-2d4a372/target/release/euf-viper"",""fabric-solve"",""--engine"",""quotient-portfolio"",""/net/scratch/hscra/plgrid/plgnasqret/codex-control/projects/euf-viper/corpora/9b39c70a794d52277a4e5d83731f0ebc50a2f3b804eb1dfc8cf32766a5ebeadc/smtlib-2025/QF_UF/QF_UF/QG-classification/qg7/iso_icl_nogen004.smt2""]"
