sequence,row_index,id,relative_path,expected_status,label,repeat,order_in_repeat,result,time_s,exit_code,process_returncode,timed_out,error_kind,stdout,stderr,argv_json
0,0,6682,QF_UF/QG-classification/qg6/dead_dnd001.smt2,unsat,baseline,0,0,timeout,2.002437042,124,-9,1,timeout,,,"[""target/release/euf-viper"",""fabric-solve"",""--engine"",""quotient-portfolio"",""/Users/airbartek/codex/z3/output/worktrees/viper-fabric-next/benchmarks/smtlib-2025/QF_UF/QF_UF/QG-classification/qg6/dead_dnd001.smt2""]"
1,0,6682,QF_UF/QG-classification/qg6/dead_dnd001.smt2,unsat,candidate,0,1,unsat,0.463043417,0,0,0,,"unsat
",,"[""target/release/euf-viper"",""fabric-solve"",""--engine"",""quotient-portfolio"",""/Users/airbartek/codex/z3/output/worktrees/viper-fabric-next/benchmarks/smtlib-2025/QF_UF/QF_UF/QG-classification/qg6/dead_dnd001.smt2""]"
2,1,6683,QF_UF/QG-classification/qg6/dead_dnd002.smt2,unsat,candidate,0,0,unsat,0.320220000,0,0,0,,"unsat
",,"[""target/release/euf-viper"",""fabric-solve"",""--engine"",""quotient-portfolio"",""/Users/airbartek/codex/z3/output/worktrees/viper-fabric-next/benchmarks/smtlib-2025/QF_UF/QF_UF/QG-classification/qg6/dead_dnd002.smt2""]"
3,1,6683,QF_UF/QG-classification/qg6/dead_dnd002.smt2,unsat,baseline,0,1,timeout,2.003625084,124,-9,1,timeout,,,"[""target/release/euf-viper"",""fabric-solve"",""--engine"",""quotient-portfolio"",""/Users/airbartek/codex/z3/output/worktrees/viper-fabric-next/benchmarks/smtlib-2025/QF_UF/QF_UF/QG-classification/qg6/dead_dnd002.smt2""]"
4,2,6684,QF_UF/QG-classification/qg6/dead_dnd_sk001.smt2,unsat,baseline,0,0,unsat,0.339226917,0,0,0,,"unsat
",,"[""target/release/euf-viper"",""fabric-solve"",""--engine"",""quotient-portfolio"",""/Users/airbartek/codex/z3/output/worktrees/viper-fabric-next/benchmarks/smtlib-2025/QF_UF/QF_UF/QG-classification/qg6/dead_dnd_sk001.smt2""]"
5,2,6684,QF_UF/QG-classification/qg6/dead_dnd_sk001.smt2,unsat,candidate,0,1,unsat,0.233456166,0,0,0,,"unsat
",,"[""target/release/euf-viper"",""fabric-solve"",""--engine"",""quotient-portfolio"",""/Users/airbartek/codex/z3/output/worktrees/viper-fabric-next/benchmarks/smtlib-2025/QF_UF/QF_UF/QG-classification/qg6/dead_dnd_sk001.smt2""]"
6,3,6685,QF_UF/QG-classification/qg6/dead_dnd_sk002.smt2,unsat,candidate,0,0,unsat,0.067234625,0,0,0,,"unsat
",,"[""target/release/euf-viper"",""fabric-solve"",""--engine"",""quotient-portfolio"",""/Users/airbartek/codex/z3/output/worktrees/viper-fabric-next/benchmarks/smtlib-2025/QF_UF/QF_UF/QG-classification/qg6/dead_dnd_sk002.smt2""]"
7,3,6685,QF_UF/QG-classification/qg6/dead_dnd_sk002.smt2,unsat,baseline,0,1,unsat,0.094594750,0,0,0,,"unsat
",,"[""target/release/euf-viper"",""fabric-solve"",""--engine"",""quotient-portfolio"",""/Users/airbartek/codex/z3/output/worktrees/viper-fabric-next/benchmarks/smtlib-2025/QF_UF/QF_UF/QG-classification/qg6/dead_dnd_sk002.smt2""]"
8,4,6686,QF_UF/QG-classification/qg6/gensys_brn001.smt2,sat,baseline,0,0,sat,0.057051541,0,0,0,,"sat
",,"[""target/release/euf-viper"",""fabric-solve"",""--engine"",""quotient-portfolio"",""/Users/airbartek/codex/z3/output/worktrees/viper-fabric-next/benchmarks/smtlib-2025/QF_UF/QF_UF/QG-classification/qg6/gensys_brn001.smt2""]"
9,4,6686,QF_UF/QG-classification/qg6/gensys_brn001.smt2,sat,candidate,0,1,sat,0.026685292,0,0,0,,"sat
",,"[""target/release/euf-viper"",""fabric-solve"",""--engine"",""quotient-portfolio"",""/Users/airbartek/codex/z3/output/worktrees/viper-fabric-next/benchmarks/smtlib-2025/QF_UF/QF_UF/QG-classification/qg6/gensys_brn001.smt2""]"
10,5,6687,QF_UF/QG-classification/qg6/gensys_brn002.smt2,sat,candidate,0,0,sat,0.021213875,0,0,0,,"sat
",,"[""target/release/euf-viper"",""fabric-solve"",""--engine"",""quotient-portfolio"",""/Users/airbartek/codex/z3/output/worktrees/viper-fabric-next/benchmarks/smtlib-2025/QF_UF/QF_UF/QG-classification/qg6/gensys_brn002.smt2""]"
11,5,6687,QF_UF/QG-classification/qg6/gensys_brn002.smt2,sat,baseline,0,1,sat,0.029006125,0,0,0,,"sat
",,"[""target/release/euf-viper"",""fabric-solve"",""--engine"",""quotient-portfolio"",""/Users/airbartek/codex/z3/output/worktrees/viper-fabric-next/benchmarks/smtlib-2025/QF_UF/QF_UF/QG-classification/qg6/gensys_brn002.smt2""]"
12,6,6688,QF_UF/QG-classification/qg6/gensys_brn003.smt2,sat,baseline,0,0,sat,0.019683084,0,0,0,,"sat
",,"[""target/release/euf-viper"",""fabric-solve"",""--engine"",""quotient-portfolio"",""/Users/airbartek/codex/z3/output/worktrees/viper-fabric-next/benchmarks/smtlib-2025/QF_UF/QF_UF/QG-classification/qg6/gensys_brn003.smt2""]"
13,6,6688,QF_UF/QG-classification/qg6/gensys_brn003.smt2,sat,candidate,0,1,sat,0.018038542,0,0,0,,"sat
",,"[""target/release/euf-viper"",""fabric-solve"",""--engine"",""quotient-portfolio"",""/Users/airbartek/codex/z3/output/worktrees/viper-fabric-next/benchmarks/smtlib-2025/QF_UF/QF_UF/QG-classification/qg6/gensys_brn003.smt2""]"
14,7,6689,QF_UF/QG-classification/qg6/gensys_brn004.smt2,sat,candidate,0,0,sat,0.026929417,0,0,0,,"sat
",,"[""target/release/euf-viper"",""fabric-solve"",""--engine"",""quotient-portfolio"",""/Users/airbartek/codex/z3/output/worktrees/viper-fabric-next/benchmarks/smtlib-2025/QF_UF/QF_UF/QG-classification/qg6/gensys_brn004.smt2""]"
15,7,6689,QF_UF/QG-classification/qg6/gensys_brn004.smt2,sat,baseline,0,1,sat,0.020777541,0,0,0,,"sat
",,"[""target/release/euf-viper"",""fabric-solve"",""--engine"",""quotient-portfolio"",""/Users/airbartek/codex/z3/output/worktrees/viper-fabric-next/benchmarks/smtlib-2025/QF_UF/QF_UF/QG-classification/qg6/gensys_brn004.smt2""]"
16,8,6690,QF_UF/QG-classification/qg6/gensys_brn005.smt2,sat,baseline,0,0,sat,0.075503500,0,0,0,,"sat
",,"[""target/release/euf-viper"",""fabric-solve"",""--engine"",""quotient-portfolio"",""/Users/airbartek/codex/z3/output/worktrees/viper-fabric-next/benchmarks/smtlib-2025/QF_UF/QF_UF/QG-classification/qg6/gensys_brn005.smt2""]"
17,8,6690,QF_UF/QG-classification/qg6/gensys_brn005.smt2,sat,candidate,0,1,sat,0.018852334,0,0,0,,"sat
",,"[""target/release/euf-viper"",""fabric-solve"",""--engine"",""quotient-portfolio"",""/Users/airbartek/codex/z3/output/worktrees/viper-fabric-next/benchmarks/smtlib-2025/QF_UF/QF_UF/QG-classification/qg6/gensys_brn005.smt2""]"
18,9,6691,QF_UF/QG-classification/qg6/gensys_brn006.smt2,sat,candidate,0,0,sat,0.025334000,0,0,0,,"sat
",,"[""target/release/euf-viper"",""fabric-solve"",""--engine"",""quotient-portfolio"",""/Users/airbartek/codex/z3/output/worktrees/viper-fabric-next/benchmarks/smtlib-2025/QF_UF/QF_UF/QG-classification/qg6/gensys_brn006.smt2""]"
19,9,6691,QF_UF/QG-classification/qg6/gensys_brn006.smt2,sat,baseline,0,1,sat,0.106999500,0,0,0,,"sat
",,"[""target/release/euf-viper"",""fabric-solve"",""--engine"",""quotient-portfolio"",""/Users/airbartek/codex/z3/output/worktrees/viper-fabric-next/benchmarks/smtlib-2025/QF_UF/QF_UF/QG-classification/qg6/gensys_brn006.smt2""]"
20,10,6692,QF_UF/QG-classification/qg6/gensys_brn007.smt2,unsat,baseline,0,0,timeout,2.004104042,124,-9,1,timeout,,,"[""target/release/euf-viper"",""fabric-solve"",""--engine"",""quotient-portfolio"",""/Users/airbartek/codex/z3/output/worktrees/viper-fabric-next/benchmarks/smtlib-2025/QF_UF/QF_UF/QG-classification/qg6/gensys_brn007.smt2""]"
21,10,6692,QF_UF/QG-classification/qg6/gensys_brn007.smt2,unsat,candidate,0,1,unsat,0.318469791,0,0,0,,"unsat
",,"[""target/release/euf-viper"",""fabric-solve"",""--engine"",""quotient-portfolio"",""/Users/airbartek/codex/z3/output/worktrees/viper-fabric-next/benchmarks/smtlib-2025/QF_UF/QF_UF/QG-classification/qg6/gensys_brn007.smt2""]"
22,11,6693,QF_UF/QG-classification/qg6/gensys_brn008.smt2,unsat,candidate,0,0,unsat,0.219025417,0,0,0,,"unsat
",,"[""target/release/euf-viper"",""fabric-solve"",""--engine"",""quotient-portfolio"",""/Users/airbartek/codex/z3/output/worktrees/viper-fabric-next/benchmarks/smtlib-2025/QF_UF/QF_UF/QG-classification/qg6/gensys_brn008.smt2""]"
23,11,6693,QF_UF/QG-classification/qg6/gensys_brn008.smt2,unsat,baseline,0,1,timeout,2.003786667,124,-9,1,timeout,,,"[""target/release/euf-viper"",""fabric-solve"",""--engine"",""quotient-portfolio"",""/Users/airbartek/codex/z3/output/worktrees/viper-fabric-next/benchmarks/smtlib-2025/QF_UF/QF_UF/QG-classification/qg6/gensys_brn008.smt2""]"
24,12,6694,QF_UF/QG-classification/qg6/gensys_brn009.smt2,sat,baseline,0,0,sat,0.078413792,0,0,0,,"sat
",,"[""target/release/euf-viper"",""fabric-solve"",""--engine"",""quotient-portfolio"",""/Users/airbartek/codex/z3/output/worktrees/viper-fabric-next/benchmarks/smtlib-2025/QF_UF/QF_UF/QG-classification/qg6/gensys_brn009.smt2""]"
25,12,6694,QF_UF/QG-classification/qg6/gensys_brn009.smt2,sat,candidate,0,1,sat,0.018271875,0,0,0,,"sat
",,"[""target/release/euf-viper"",""fabric-solve"",""--engine"",""quotient-portfolio"",""/Users/airbartek/codex/z3/output/worktrees/viper-fabric-next/benchmarks/smtlib-2025/QF_UF/QF_UF/QG-classification/qg6/gensys_brn009.smt2""]"
26,13,6695,QF_UF/QG-classification/qg6/gensys_brn010.smt2,sat,candidate,0,0,sat,0.018667084,0,0,0,,"sat
",,"[""target/release/euf-viper"",""fabric-solve"",""--engine"",""quotient-portfolio"",""/Users/airbartek/codex/z3/output/worktrees/viper-fabric-next/benchmarks/smtlib-2025/QF_UF/QF_UF/QG-classification/qg6/gensys_brn010.smt2""]"
27,13,6695,QF_UF/QG-classification/qg6/gensys_brn010.smt2,sat,baseline,0,1,sat,0.089440417,0,0,0,,"sat
",,"[""target/release/euf-viper"",""fabric-solve"",""--engine"",""quotient-portfolio"",""/Users/airbartek/codex/z3/output/worktrees/viper-fabric-next/benchmarks/smtlib-2025/QF_UF/QF_UF/QG-classification/qg6/gensys_brn010.smt2""]"
28,14,6696,QF_UF/QG-classification/qg6/gensys_brn011.smt2,sat,baseline,0,0,sat,0.022936000,0,0,0,,"sat
",,"[""target/release/euf-viper"",""fabric-solve"",""--engine"",""quotient-portfolio"",""/Users/airbartek/codex/z3/output/worktrees/viper-fabric-next/benchmarks/smtlib-2025/QF_UF/QF_UF/QG-classification/qg6/gensys_brn011.smt2""]"
29,14,6696,QF_UF/QG-classification/qg6/gensys_brn011.smt2,sat,candidate,0,1,sat,0.019883166,0,0,0,,"sat
",,"[""target/release/euf-viper"",""fabric-solve"",""--engine"",""quotient-portfolio"",""/Users/airbartek/codex/z3/output/worktrees/viper-fabric-next/benchmarks/smtlib-2025/QF_UF/QF_UF/QG-classification/qg6/gensys_brn011.smt2""]"
30,15,6697,QF_UF/QG-classification/qg6/gensys_brn012.smt2,sat,candidate,0,0,sat,0.020085625,0,0,0,,"sat
",,"[""target/release/euf-viper"",""fabric-solve"",""--engine"",""quotient-portfolio"",""/Users/airbartek/codex/z3/output/worktrees/viper-fabric-next/benchmarks/smtlib-2025/QF_UF/QF_UF/QG-classification/qg6/gensys_brn012.smt2""]"
31,15,6697,QF_UF/QG-classification/qg6/gensys_brn012.smt2,sat,baseline,0,1,sat,0.115662333,0,0,0,,"sat
",,"[""target/release/euf-viper"",""fabric-solve"",""--engine"",""quotient-portfolio"",""/Users/airbartek/codex/z3/output/worktrees/viper-fabric-next/benchmarks/smtlib-2025/QF_UF/QF_UF/QG-classification/qg6/gensys_brn012.smt2""]"
32,16,6698,QF_UF/QG-classification/qg6/gensys_brn013.smt2,sat,baseline,0,0,sat,0.031275959,0,0,0,,"sat
",,"[""target/release/euf-viper"",""fabric-solve"",""--engine"",""quotient-portfolio"",""/Users/airbartek/codex/z3/output/worktrees/viper-fabric-next/benchmarks/smtlib-2025/QF_UF/QF_UF/QG-classification/qg6/gensys_brn013.smt2""]"
33,16,6698,QF_UF/QG-classification/qg6/gensys_brn013.smt2,sat,candidate,0,1,sat,0.024346792,0,0,0,,"sat
",,"[""target/release/euf-viper"",""fabric-solve"",""--engine"",""quotient-portfolio"",""/Users/airbartek/codex/z3/output/worktrees/viper-fabric-next/benchmarks/smtlib-2025/QF_UF/QF_UF/QG-classification/qg6/gensys_brn013.smt2""]"
34,17,6699,QF_UF/QG-classification/qg6/gensys_brn014.smt2,sat,candidate,0,0,sat,0.024473833,0,0,0,,"sat
",,"[""target/release/euf-viper"",""fabric-solve"",""--engine"",""quotient-portfolio"",""/Users/airbartek/codex/z3/output/worktrees/viper-fabric-next/benchmarks/smtlib-2025/QF_UF/QF_UF/QG-classification/qg6/gensys_brn014.smt2""]"
35,17,6699,QF_UF/QG-classification/qg6/gensys_brn014.smt2,sat,baseline,0,1,sat,0.110241417,0,0,0,,"sat
",,"[""target/release/euf-viper"",""fabric-solve"",""--engine"",""quotient-portfolio"",""/Users/airbartek/codex/z3/output/worktrees/viper-fabric-next/benchmarks/smtlib-2025/QF_UF/QF_UF/QG-classification/qg6/gensys_brn014.smt2""]"
36,18,6700,QF_UF/QG-classification/qg6/gensys_brn015.smt2,sat,baseline,0,0,sat,0.019165333,0,0,0,,"sat
",,"[""target/release/euf-viper"",""fabric-solve"",""--engine"",""quotient-portfolio"",""/Users/airbartek/codex/z3/output/worktrees/viper-fabric-next/benchmarks/smtlib-2025/QF_UF/QF_UF/QG-classification/qg6/gensys_brn015.smt2""]"
37,18,6700,QF_UF/QG-classification/qg6/gensys_brn015.smt2,sat,candidate,0,1,sat,0.019291625,0,0,0,,"sat
",,"[""target/release/euf-viper"",""fabric-solve"",""--engine"",""quotient-portfolio"",""/Users/airbartek/codex/z3/output/worktrees/viper-fabric-next/benchmarks/smtlib-2025/QF_UF/QF_UF/QG-classification/qg6/gensys_brn015.smt2""]"
38,19,6701,QF_UF/QG-classification/qg6/gensys_brn016.smt2,sat,candidate,0,0,sat,0.021861167,0,0,0,,"sat
",,"[""target/release/euf-viper"",""fabric-solve"",""--engine"",""quotient-portfolio"",""/Users/airbartek/codex/z3/output/worktrees/viper-fabric-next/benchmarks/smtlib-2025/QF_UF/QF_UF/QG-classification/qg6/gensys_brn016.smt2""]"
39,19,6701,QF_UF/QG-classification/qg6/gensys_brn016.smt2,sat,baseline,0,1,sat,0.092751834,0,0,0,,"sat
",,"[""target/release/euf-viper"",""fabric-solve"",""--engine"",""quotient-portfolio"",""/Users/airbartek/codex/z3/output/worktrees/viper-fabric-next/benchmarks/smtlib-2025/QF_UF/QF_UF/QG-classification/qg6/gensys_brn016.smt2""]"
40,20,6702,QF_UF/QG-classification/qg6/gensys_brn017.smt2,unsat,baseline,0,0,timeout,2.003774875,124,-9,1,timeout,,,"[""target/release/euf-viper"",""fabric-solve"",""--engine"",""quotient-portfolio"",""/Users/airbartek/codex/z3/output/worktrees/viper-fabric-next/benchmarks/smtlib-2025/QF_UF/QF_UF/QG-classification/qg6/gensys_brn017.smt2""]"
41,20,6702,QF_UF/QG-classification/qg6/gensys_brn017.smt2,unsat,candidate,0,1,unsat,0.437767333,0,0,0,,"unsat
",,"[""target/release/euf-viper"",""fabric-solve"",""--engine"",""quotient-portfolio"",""/Users/airbartek/codex/z3/output/worktrees/viper-fabric-next/benchmarks/smtlib-2025/QF_UF/QF_UF/QG-classification/qg6/gensys_brn017.smt2""]"
42,21,6703,QF_UF/QG-classification/qg6/gensys_brn_sk001.smt2,sat,candidate,0,0,sat,0.013345208,0,0,0,,"sat
",,"[""target/release/euf-viper"",""fabric-solve"",""--engine"",""quotient-portfolio"",""/Users/airbartek/codex/z3/output/worktrees/viper-fabric-next/benchmarks/smtlib-2025/QF_UF/QF_UF/QG-classification/qg6/gensys_brn_sk001.smt2""]"
43,21,6703,QF_UF/QG-classification/qg6/gensys_brn_sk001.smt2,sat,baseline,0,1,sat,0.009527917,0,0,0,,"sat
",,"[""target/release/euf-viper"",""fabric-solve"",""--engine"",""quotient-portfolio"",""/Users/airbartek/codex/z3/output/worktrees/viper-fabric-next/benchmarks/smtlib-2025/QF_UF/QF_UF/QG-classification/qg6/gensys_brn_sk001.smt2""]"
44,22,6704,QF_UF/QG-classification/qg6/gensys_brn_sk002.smt2,sat,baseline,0,0,sat,0.011251083,0,0,0,,"sat
",,"[""target/release/euf-viper"",""fabric-solve"",""--engine"",""quotient-portfolio"",""/Users/airbartek/codex/z3/output/worktrees/viper-fabric-next/benchmarks/smtlib-2025/QF_UF/QF_UF/QG-classification/qg6/gensys_brn_sk002.smt2""]"
45,22,6704,QF_UF/QG-classification/qg6/gensys_brn_sk002.smt2,sat,candidate,0,1,sat,0.013271833,0,0,0,,"sat
",,"[""target/release/euf-viper"",""fabric-solve"",""--engine"",""quotient-portfolio"",""/Users/airbartek/codex/z3/output/worktrees/viper-fabric-next/benchmarks/smtlib-2025/QF_UF/QF_UF/QG-classification/qg6/gensys_brn_sk002.smt2""]"
46,23,6705,QF_UF/QG-classification/qg6/gensys_brn_sk003.smt2,sat,candidate,0,0,sat,0.015057959,0,0,0,,"sat
",,"[""target/release/euf-viper"",""fabric-solve"",""--engine"",""quotient-portfolio"",""/Users/airbartek/codex/z3/output/worktrees/viper-fabric-next/benchmarks/smtlib-2025/QF_UF/QF_UF/QG-classification/qg6/gensys_brn_sk003.smt2""]"
47,23,6705,QF_UF/QG-classification/qg6/gensys_brn_sk003.smt2,sat,baseline,0,1,sat,0.009970000,0,0,0,,"sat
",,"[""target/release/euf-viper"",""fabric-solve"",""--engine"",""quotient-portfolio"",""/Users/airbartek/codex/z3/output/worktrees/viper-fabric-next/benchmarks/smtlib-2025/QF_UF/QF_UF/QG-classification/qg6/gensys_brn_sk003.smt2""]"
48,24,6706,QF_UF/QG-classification/qg6/gensys_brn_sk004.smt2,sat,baseline,0,0,sat,0.010374333,0,0,0,,"sat
",,"[""target/release/euf-viper"",""fabric-solve"",""--engine"",""quotient-portfolio"",""/Users/airbartek/codex/z3/output/worktrees/viper-fabric-next/benchmarks/smtlib-2025/QF_UF/QF_UF/QG-classification/qg6/gensys_brn_sk004.smt2""]"
49,24,6706,QF_UF/QG-classification/qg6/gensys_brn_sk004.smt2,sat,candidate,0,1,sat,0.014912041,0,0,0,,"sat
",,"[""target/release/euf-viper"",""fabric-solve"",""--engine"",""quotient-portfolio"",""/Users/airbartek/codex/z3/output/worktrees/viper-fabric-next/benchmarks/smtlib-2025/QF_UF/QF_UF/QG-classification/qg6/gensys_brn_sk004.smt2""]"
50,25,6707,QF_UF/QG-classification/qg6/gensys_brn_sk005.smt2,sat,candidate,0,0,sat,0.015509708,0,0,0,,"sat
",,"[""target/release/euf-viper"",""fabric-solve"",""--engine"",""quotient-portfolio"",""/Users/airbartek/codex/z3/output/worktrees/viper-fabric-next/benchmarks/smtlib-2025/QF_UF/QF_UF/QG-classification/qg6/gensys_brn_sk005.smt2""]"
51,25,6707,QF_UF/QG-classification/qg6/gensys_brn_sk005.smt2,sat,baseline,0,1,sat,0.011740541,0,0,0,,"sat
",,"[""target/release/euf-viper"",""fabric-solve"",""--engine"",""quotient-portfolio"",""/Users/airbartek/codex/z3/output/worktrees/viper-fabric-next/benchmarks/smtlib-2025/QF_UF/QF_UF/QG-classification/qg6/gensys_brn_sk005.smt2""]"
52,26,6708,QF_UF/QG-classification/qg6/gensys_brn_sk006.smt2,sat,baseline,0,0,sat,0.012428167,0,0,0,,"sat
",,"[""target/release/euf-viper"",""fabric-solve"",""--engine"",""quotient-portfolio"",""/Users/airbartek/codex/z3/output/worktrees/viper-fabric-next/benchmarks/smtlib-2025/QF_UF/QF_UF/QG-classification/qg6/gensys_brn_sk006.smt2""]"
53,26,6708,QF_UF/QG-classification/qg6/gensys_brn_sk006.smt2,sat,candidate,0,1,sat,0.015393084,0,0,0,,"sat
",,"[""target/release/euf-viper"",""fabric-solve"",""--engine"",""quotient-portfolio"",""/Users/airbartek/codex/z3/output/worktrees/viper-fabric-next/benchmarks/smtlib-2025/QF_UF/QF_UF/QG-classification/qg6/gensys_brn_sk006.smt2""]"
54,27,6709,QF_UF/QG-classification/qg6/gensys_brn_sk007.smt2,unsat,candidate,0,0,unsat,0.197536875,0,0,0,,"unsat
",,"[""target/release/euf-viper"",""fabric-solve"",""--engine"",""quotient-portfolio"",""/Users/airbartek/codex/z3/output/worktrees/viper-fabric-next/benchmarks/smtlib-2025/QF_UF/QF_UF/QG-classification/qg6/gensys_brn_sk007.smt2""]"
55,27,6709,QF_UF/QG-classification/qg6/gensys_brn_sk007.smt2,unsat,baseline,0,1,unsat,0.599857959,0,0,0,,"unsat
",,"[""target/release/euf-viper"",""fabric-solve"",""--engine"",""quotient-portfolio"",""/Users/airbartek/codex/z3/output/worktrees/viper-fabric-next/benchmarks/smtlib-2025/QF_UF/QF_UF/QG-classification/qg6/gensys_brn_sk007.smt2""]"
56,28,6710,QF_UF/QG-classification/qg6/gensys_brn_sk008.smt2,unsat,baseline,0,0,unsat,0.408223917,0,0,0,,"unsat
",,"[""target/release/euf-viper"",""fabric-solve"",""--engine"",""quotient-portfolio"",""/Users/airbartek/codex/z3/output/worktrees/viper-fabric-next/benchmarks/smtlib-2025/QF_UF/QF_UF/QG-classification/qg6/gensys_brn_sk008.smt2""]"
57,28,6710,QF_UF/QG-classification/qg6/gensys_brn_sk008.smt2,unsat,candidate,0,1,unsat,0.157639500,0,0,0,,"unsat
",,"[""target/release/euf-viper"",""fabric-solve"",""--engine"",""quotient-portfolio"",""/Users/airbartek/codex/z3/output/worktrees/viper-fabric-next/benchmarks/smtlib-2025/QF_UF/QF_UF/QG-classification/qg6/gensys_brn_sk008.smt2""]"
58,29,6711,QF_UF/QG-classification/qg6/gensys_brn_sk009.smt2,sat,candidate,0,0,sat,0.015809708,0,0,0,,"sat
",,"[""target/release/euf-viper"",""fabric-solve"",""--engine"",""quotient-portfolio"",""/Users/airbartek/codex/z3/output/worktrees/viper-fabric-next/benchmarks/smtlib-2025/QF_UF/QF_UF/QG-classification/qg6/gensys_brn_sk009.smt2""]"
59,29,6711,QF_UF/QG-classification/qg6/gensys_brn_sk009.smt2,sat,baseline,0,1,sat,0.012483334,0,0,0,,"sat
",,"[""target/release/euf-viper"",""fabric-solve"",""--engine"",""quotient-portfolio"",""/Users/airbartek/codex/z3/output/worktrees/viper-fabric-next/benchmarks/smtlib-2025/QF_UF/QF_UF/QG-classification/qg6/gensys_brn_sk009.smt2""]"
60,30,6712,QF_UF/QG-classification/qg6/gensys_brn_sk010.smt2,sat,baseline,0,0,sat,0.010570834,0,0,0,,"sat
",,"[""target/release/euf-viper"",""fabric-solve"",""--engine"",""quotient-portfolio"",""/Users/airbartek/codex/z3/output/worktrees/viper-fabric-next/benchmarks/smtlib-2025/QF_UF/QF_UF/QG-classification/qg6/gensys_brn_sk010.smt2""]"
61,30,6712,QF_UF/QG-classification/qg6/gensys_brn_sk010.smt2,sat,candidate,0,1,sat,0.014578916,0,0,0,,"sat
",,"[""target/release/euf-viper"",""fabric-solve"",""--engine"",""quotient-portfolio"",""/Users/airbartek/codex/z3/output/worktrees/viper-fabric-next/benchmarks/smtlib-2025/QF_UF/QF_UF/QG-classification/qg6/gensys_brn_sk010.smt2""]"
62,31,6713,QF_UF/QG-classification/qg6/gensys_brn_sk011.smt2,sat,candidate,0,0,sat,0.015304542,0,0,0,,"sat
",,"[""target/release/euf-viper"",""fabric-solve"",""--engine"",""quotient-portfolio"",""/Users/airbartek/codex/z3/output/worktrees/viper-fabric-next/benchmarks/smtlib-2025/QF_UF/QF_UF/QG-classification/qg6/gensys_brn_sk011.smt2""]"
63,31,6713,QF_UF/QG-classification/qg6/gensys_brn_sk011.smt2,sat,baseline,0,1,sat,0.013331291,0,0,0,,"sat
",,"[""target/release/euf-viper"",""fabric-solve"",""--engine"",""quotient-portfolio"",""/Users/airbartek/codex/z3/output/worktrees/viper-fabric-next/benchmarks/smtlib-2025/QF_UF/QF_UF/QG-classification/qg6/gensys_brn_sk011.smt2""]"
64,32,6714,QF_UF/QG-classification/qg6/gensys_brn_sk012.smt2,sat,baseline,0,0,sat,0.014112083,0,0,0,,"sat
",,"[""target/release/euf-viper"",""fabric-solve"",""--engine"",""quotient-portfolio"",""/Users/airbartek/codex/z3/output/worktrees/viper-fabric-next/benchmarks/smtlib-2025/QF_UF/QF_UF/QG-classification/qg6/gensys_brn_sk012.smt2""]"
65,32,6714,QF_UF/QG-classification/qg6/gensys_brn_sk012.smt2,sat,candidate,0,1,sat,0.014717292,0,0,0,,"sat
",,"[""target/release/euf-viper"",""fabric-solve"",""--engine"",""quotient-portfolio"",""/Users/airbartek/codex/z3/output/worktrees/viper-fabric-next/benchmarks/smtlib-2025/QF_UF/QF_UF/QG-classification/qg6/gensys_brn_sk012.smt2""]"
66,33,6715,QF_UF/QG-classification/qg6/gensys_brn_sk013.smt2,sat,candidate,0,0,sat,0.016993708,0,0,0,,"sat
",,"[""target/release/euf-viper"",""fabric-solve"",""--engine"",""quotient-portfolio"",""/Users/airbartek/codex/z3/output/worktrees/viper-fabric-next/benchmarks/smtlib-2025/QF_UF/QF_UF/QG-classification/qg6/gensys_brn_sk013.smt2""]"
67,33,6715,QF_UF/QG-classification/qg6/gensys_brn_sk013.smt2,sat,baseline,0,1,sat,0.014797458,0,0,0,,"sat
",,"[""target/release/euf-viper"",""fabric-solve"",""--engine"",""quotient-portfolio"",""/Users/airbartek/codex/z3/output/worktrees/viper-fabric-next/benchmarks/smtlib-2025/QF_UF/QF_UF/QG-classification/qg6/gensys_brn_sk013.smt2""]"
68,34,6716,QF_UF/QG-classification/qg6/gensys_brn_sk014.smt2,sat,baseline,0,0,sat,0.014824292,0,0,0,,"sat
",,"[""target/release/euf-viper"",""fabric-solve"",""--engine"",""quotient-portfolio"",""/Users/airbartek/codex/z3/output/worktrees/viper-fabric-next/benchmarks/smtlib-2025/QF_UF/QF_UF/QG-classification/qg6/gensys_brn_sk014.smt2""]"
69,34,6716,QF_UF/QG-classification/qg6/gensys_brn_sk014.smt2,sat,candidate,0,1,sat,0.016266833,0,0,0,,"sat
",,"[""target/release/euf-viper"",""fabric-solve"",""--engine"",""quotient-portfolio"",""/Users/airbartek/codex/z3/output/worktrees/viper-fabric-next/benchmarks/smtlib-2025/QF_UF/QF_UF/QG-classification/qg6/gensys_brn_sk014.smt2""]"
70,35,6717,QF_UF/QG-classification/qg6/gensys_brn_sk015.smt2,sat,candidate,0,0,sat,0.015996750,0,0,0,,"sat
",,"[""target/release/euf-viper"",""fabric-solve"",""--engine"",""quotient-portfolio"",""/Users/airbartek/codex/z3/output/worktrees/viper-fabric-next/benchmarks/smtlib-2025/QF_UF/QF_UF/QG-classification/qg6/gensys_brn_sk015.smt2""]"
71,35,6717,QF_UF/QG-classification/qg6/gensys_brn_sk015.smt2,sat,baseline,0,1,sat,0.011828458,0,0,0,,"sat
",,"[""target/release/euf-viper"",""fabric-solve"",""--engine"",""quotient-portfolio"",""/Users/airbartek/codex/z3/output/worktrees/viper-fabric-next/benchmarks/smtlib-2025/QF_UF/QF_UF/QG-classification/qg6/gensys_brn_sk015.smt2""]"
72,36,6718,QF_UF/QG-classification/qg6/gensys_brn_sk016.smt2,sat,baseline,0,0,sat,0.013508208,0,0,0,,"sat
",,"[""target/release/euf-viper"",""fabric-solve"",""--engine"",""quotient-portfolio"",""/Users/airbartek/codex/z3/output/worktrees/viper-fabric-next/benchmarks/smtlib-2025/QF_UF/QF_UF/QG-classification/qg6/gensys_brn_sk016.smt2""]"
73,36,6718,QF_UF/QG-classification/qg6/gensys_brn_sk016.smt2,sat,candidate,0,1,sat,0.017345083,0,0,0,,"sat
",,"[""target/release/euf-viper"",""fabric-solve"",""--engine"",""quotient-portfolio"",""/Users/airbartek/codex/z3/output/worktrees/viper-fabric-next/benchmarks/smtlib-2025/QF_UF/QF_UF/QG-classification/qg6/gensys_brn_sk016.smt2""]"
74,37,6719,QF_UF/QG-classification/qg6/gensys_brn_sk017.smt2,unsat,candidate,0,0,unsat,0.276251959,0,0,0,,"unsat
",,"[""target/release/euf-viper"",""fabric-solve"",""--engine"",""quotient-portfolio"",""/Users/airbartek/codex/z3/output/worktrees/viper-fabric-next/benchmarks/smtlib-2025/QF_UF/QF_UF/QG-classification/qg6/gensys_brn_sk017.smt2""]"
75,37,6719,QF_UF/QG-classification/qg6/gensys_brn_sk017.smt2,unsat,baseline,0,1,unsat,0.937134000,0,0,0,,"unsat
",,"[""target/release/euf-viper"",""fabric-solve"",""--engine"",""quotient-portfolio"",""/Users/airbartek/codex/z3/output/worktrees/viper-fabric-next/benchmarks/smtlib-2025/QF_UF/QF_UF/QG-classification/qg6/gensys_brn_sk017.smt2""]"
76,38,6720,QF_UF/QG-classification/qg6/gensys_icl001.smt2,unsat,baseline,0,0,timeout,2.003750083,124,-9,1,timeout,,,"[""target/release/euf-viper"",""fabric-solve"",""--engine"",""quotient-portfolio"",""/Users/airbartek/codex/z3/output/worktrees/viper-fabric-next/benchmarks/smtlib-2025/QF_UF/QF_UF/QG-classification/qg6/gensys_icl001.smt2""]"
77,38,6720,QF_UF/QG-classification/qg6/gensys_icl001.smt2,unsat,candidate,0,1,unsat,0.379117541,0,0,0,,"unsat
",,"[""target/release/euf-viper"",""fabric-solve"",""--engine"",""quotient-portfolio"",""/Users/airbartek/codex/z3/output/worktrees/viper-fabric-next/benchmarks/smtlib-2025/QF_UF/QF_UF/QG-classification/qg6/gensys_icl001.smt2""]"
78,39,6721,QF_UF/QG-classification/qg6/gensys_icl002.smt2,unsat,candidate,0,0,unsat,0.243002167,0,0,0,,"unsat
",,"[""target/release/euf-viper"",""fabric-solve"",""--engine"",""quotient-portfolio"",""/Users/airbartek/codex/z3/output/worktrees/viper-fabric-next/benchmarks/smtlib-2025/QF_UF/QF_UF/QG-classification/qg6/gensys_icl002.smt2""]"
79,39,6721,QF_UF/QG-classification/qg6/gensys_icl002.smt2,unsat,baseline,0,1,unsat,1.967862375,0,0,0,,"unsat
",,"[""target/release/euf-viper"",""fabric-solve"",""--engine"",""quotient-portfolio"",""/Users/airbartek/codex/z3/output/worktrees/viper-fabric-next/benchmarks/smtlib-2025/QF_UF/QF_UF/QG-classification/qg6/gensys_icl002.smt2""]"
80,40,6722,QF_UF/QG-classification/qg6/gensys_icl003.smt2,unsat,baseline,0,0,timeout,2.003726166,124,-9,1,timeout,,,"[""target/release/euf-viper"",""fabric-solve"",""--engine"",""quotient-portfolio"",""/Users/airbartek/codex/z3/output/worktrees/viper-fabric-next/benchmarks/smtlib-2025/QF_UF/QF_UF/QG-classification/qg6/gensys_icl003.smt2""]"
81,40,6722,QF_UF/QG-classification/qg6/gensys_icl003.smt2,unsat,candidate,0,1,unsat,0.258470208,0,0,0,,"unsat
",,"[""target/release/euf-viper"",""fabric-solve"",""--engine"",""quotient-portfolio"",""/Users/airbartek/codex/z3/output/worktrees/viper-fabric-next/benchmarks/smtlib-2025/QF_UF/QF_UF/QG-classification/qg6/gensys_icl003.smt2""]"
82,41,6723,QF_UF/QG-classification/qg6/gensys_icl004.smt2,unsat,candidate,0,0,unsat,0.323453833,0,0,0,,"unsat
",,"[""target/release/euf-viper"",""fabric-solve"",""--engine"",""quotient-portfolio"",""/Users/airbartek/codex/z3/output/worktrees/viper-fabric-next/benchmarks/smtlib-2025/QF_UF/QF_UF/QG-classification/qg6/gensys_icl004.smt2""]"
83,41,6723,QF_UF/QG-classification/qg6/gensys_icl004.smt2,unsat,baseline,0,1,timeout,2.003663792,124,-9,1,timeout,,,"[""target/release/euf-viper"",""fabric-solve"",""--engine"",""quotient-portfolio"",""/Users/airbartek/codex/z3/output/worktrees/viper-fabric-next/benchmarks/smtlib-2025/QF_UF/QF_UF/QG-classification/qg6/gensys_icl004.smt2""]"
84,42,6724,QF_UF/QG-classification/qg6/gensys_icl005.smt2,unsat,baseline,0,0,timeout,2.003694250,124,-9,1,timeout,,,"[""target/release/euf-viper"",""fabric-solve"",""--engine"",""quotient-portfolio"",""/Users/airbartek/codex/z3/output/worktrees/viper-fabric-next/benchmarks/smtlib-2025/QF_UF/QF_UF/QG-classification/qg6/gensys_icl005.smt2""]"
85,42,6724,QF_UF/QG-classification/qg6/gensys_icl005.smt2,unsat,candidate,0,1,unsat,0.276811125,0,0,0,,"unsat
",,"[""target/release/euf-viper"",""fabric-solve"",""--engine"",""quotient-portfolio"",""/Users/airbartek/codex/z3/output/worktrees/viper-fabric-next/benchmarks/smtlib-2025/QF_UF/QF_UF/QG-classification/qg6/gensys_icl005.smt2""]"
86,43,6725,QF_UF/QG-classification/qg6/gensys_icl006.smt2,unsat,candidate,0,0,unsat,0.289575708,0,0,0,,"unsat
",,"[""target/release/euf-viper"",""fabric-solve"",""--engine"",""quotient-portfolio"",""/Users/airbartek/codex/z3/output/worktrees/viper-fabric-next/benchmarks/smtlib-2025/QF_UF/QF_UF/QG-classification/qg6/gensys_icl006.smt2""]"
87,43,6725,QF_UF/QG-classification/qg6/gensys_icl006.smt2,unsat,baseline,0,1,timeout,2.003741292,124,-9,1,timeout,,,"[""target/release/euf-viper"",""fabric-solve"",""--engine"",""quotient-portfolio"",""/Users/airbartek/codex/z3/output/worktrees/viper-fabric-next/benchmarks/smtlib-2025/QF_UF/QF_UF/QG-classification/qg6/gensys_icl006.smt2""]"
88,44,6726,QF_UF/QG-classification/qg6/gensys_icl007.smt2,unsat,baseline,0,0,timeout,2.003728250,124,-9,1,timeout,,,"[""target/release/euf-viper"",""fabric-solve"",""--engine"",""quotient-portfolio"",""/Users/airbartek/codex/z3/output/worktrees/viper-fabric-next/benchmarks/smtlib-2025/QF_UF/QF_UF/QG-classification/qg6/gensys_icl007.smt2""]"
89,44,6726,QF_UF/QG-classification/qg6/gensys_icl007.smt2,unsat,candidate,0,1,unsat,0.302191209,0,0,0,,"unsat
",,"[""target/release/euf-viper"",""fabric-solve"",""--engine"",""quotient-portfolio"",""/Users/airbartek/codex/z3/output/worktrees/viper-fabric-next/benchmarks/smtlib-2025/QF_UF/QF_UF/QG-classification/qg6/gensys_icl007.smt2""]"
90,45,6727,QF_UF/QG-classification/qg6/gensys_icl008.smt2,unsat,candidate,0,0,unsat,0.239721708,0,0,0,,"unsat
",,"[""target/release/euf-viper"",""fabric-solve"",""--engine"",""quotient-portfolio"",""/Users/airbartek/codex/z3/output/worktrees/viper-fabric-next/benchmarks/smtlib-2025/QF_UF/QF_UF/QG-classification/qg6/gensys_icl008.smt2""]"
91,45,6727,QF_UF/QG-classification/qg6/gensys_icl008.smt2,unsat,baseline,0,1,timeout,2.003690792,124,-9,1,timeout,,,"[""target/release/euf-viper"",""fabric-solve"",""--engine"",""quotient-portfolio"",""/Users/airbartek/codex/z3/output/worktrees/viper-fabric-next/benchmarks/smtlib-2025/QF_UF/QF_UF/QG-classification/qg6/gensys_icl008.smt2""]"
92,46,6728,QF_UF/QG-classification/qg6/gensys_icl009.smt2,unsat,baseline,0,0,timeout,2.003891833,124,-9,1,timeout,,,"[""target/release/euf-viper"",""fabric-solve"",""--engine"",""quotient-portfolio"",""/Users/airbartek/codex/z3/output/worktrees/viper-fabric-next/benchmarks/smtlib-2025/QF_UF/QF_UF/QG-classification/qg6/gensys_icl009.smt2""]"
93,46,6728,QF_UF/QG-classification/qg6/gensys_icl009.smt2,unsat,candidate,0,1,unsat,0.552701334,0,0,0,,"unsat
",,"[""target/release/euf-viper"",""fabric-solve"",""--engine"",""quotient-portfolio"",""/Users/airbartek/codex/z3/output/worktrees/viper-fabric-next/benchmarks/smtlib-2025/QF_UF/QF_UF/QG-classification/qg6/gensys_icl009.smt2""]"
94,47,6729,QF_UF/QG-classification/qg6/gensys_icl010.smt2,unsat,candidate,0,0,unsat,0.223119084,0,0,0,,"unsat
",,"[""target/release/euf-viper"",""fabric-solve"",""--engine"",""quotient-portfolio"",""/Users/airbartek/codex/z3/output/worktrees/viper-fabric-next/benchmarks/smtlib-2025/QF_UF/QF_UF/QG-classification/qg6/gensys_icl010.smt2""]"
95,47,6729,QF_UF/QG-classification/qg6/gensys_icl010.smt2,unsat,baseline,0,1,timeout,2.003684333,124,-9,1,timeout,,,"[""target/release/euf-viper"",""fabric-solve"",""--engine"",""quotient-portfolio"",""/Users/airbartek/codex/z3/output/worktrees/viper-fabric-next/benchmarks/smtlib-2025/QF_UF/QF_UF/QG-classification/qg6/gensys_icl010.smt2""]"
96,48,6730,QF_UF/QG-classification/qg6/gensys_icl011.smt2,unsat,baseline,0,0,timeout,2.003808166,124,-9,1,timeout,,,"[""target/release/euf-viper"",""fabric-solve"",""--engine"",""quotient-portfolio"",""/Users/airbartek/codex/z3/output/worktrees/viper-fabric-next/benchmarks/smtlib-2025/QF_UF/QF_UF/QG-classification/qg6/gensys_icl011.smt2""]"
97,48,6730,QF_UF/QG-classification/qg6/gensys_icl011.smt2,unsat,candidate,0,1,unsat,0.264737875,0,0,0,,"unsat
",,"[""target/release/euf-viper"",""fabric-solve"",""--engine"",""quotient-portfolio"",""/Users/airbartek/codex/z3/output/worktrees/viper-fabric-next/benchmarks/smtlib-2025/QF_UF/QF_UF/QG-classification/qg6/gensys_icl011.smt2""]"
98,49,6731,QF_UF/QG-classification/qg6/gensys_icl012.smt2,unsat,candidate,0,0,unsat,0.279578000,0,0,0,,"unsat
",,"[""target/release/euf-viper"",""fabric-solve"",""--engine"",""quotient-portfolio"",""/Users/airbartek/codex/z3/output/worktrees/viper-fabric-next/benchmarks/smtlib-2025/QF_UF/QF_UF/QG-classification/qg6/gensys_icl012.smt2""]"
99,49,6731,QF_UF/QG-classification/qg6/gensys_icl012.smt2,unsat,baseline,0,1,timeout,2.003640833,124,-9,1,timeout,,,"[""target/release/euf-viper"",""fabric-solve"",""--engine"",""quotient-portfolio"",""/Users/airbartek/codex/z3/output/worktrees/viper-fabric-next/benchmarks/smtlib-2025/QF_UF/QF_UF/QG-classification/qg6/gensys_icl012.smt2""]"
100,50,6732,QF_UF/QG-classification/qg6/gensys_icl013.smt2,unsat,baseline,0,0,timeout,2.003709333,124,-9,1,timeout,,,"[""target/release/euf-viper"",""fabric-solve"",""--engine"",""quotient-portfolio"",""/Users/airbartek/codex/z3/output/worktrees/viper-fabric-next/benchmarks/smtlib-2025/QF_UF/QF_UF/QG-classification/qg6/gensys_icl013.smt2""]"
101,50,6732,QF_UF/QG-classification/qg6/gensys_icl013.smt2,unsat,candidate,0,1,unsat,0.481100500,0,0,0,,"unsat
",,"[""target/release/euf-viper"",""fabric-solve"",""--engine"",""quotient-portfolio"",""/Users/airbartek/codex/z3/output/worktrees/viper-fabric-next/benchmarks/smtlib-2025/QF_UF/QF_UF/QG-classification/qg6/gensys_icl013.smt2""]"
102,51,6733,QF_UF/QG-classification/qg6/gensys_icl_sk001.smt2,unsat,candidate,0,0,unsat,0.703290084,0,0,0,,"unsat
",,"[""target/release/euf-viper"",""fabric-solve"",""--engine"",""quotient-portfolio"",""/Users/airbartek/codex/z3/output/worktrees/viper-fabric-next/benchmarks/smtlib-2025/QF_UF/QF_UF/QG-classification/qg6/gensys_icl_sk001.smt2""]"
103,51,6733,QF_UF/QG-classification/qg6/gensys_icl_sk001.smt2,unsat,baseline,0,1,unsat,1.636178417,0,0,0,,"unsat
",,"[""target/release/euf-viper"",""fabric-solve"",""--engine"",""quotient-portfolio"",""/Users/airbartek/codex/z3/output/worktrees/viper-fabric-next/benchmarks/smtlib-2025/QF_UF/QF_UF/QG-classification/qg6/gensys_icl_sk001.smt2""]"
104,52,6734,QF_UF/QG-classification/qg6/gensys_icl_sk002.smt2,unsat,baseline,0,0,unsat,0.298730750,0,0,0,,"unsat
",,"[""target/release/euf-viper"",""fabric-solve"",""--engine"",""quotient-portfolio"",""/Users/airbartek/codex/z3/output/worktrees/viper-fabric-next/benchmarks/smtlib-2025/QF_UF/QF_UF/QG-classification/qg6/gensys_icl_sk002.smt2""]"
105,52,6734,QF_UF/QG-classification/qg6/gensys_icl_sk002.smt2,unsat,candidate,0,1,unsat,0.109035000,0,0,0,,"unsat
",,"[""target/release/euf-viper"",""fabric-solve"",""--engine"",""quotient-portfolio"",""/Users/airbartek/codex/z3/output/worktrees/viper-fabric-next/benchmarks/smtlib-2025/QF_UF/QF_UF/QG-classification/qg6/gensys_icl_sk002.smt2""]"
106,53,6735,QF_UF/QG-classification/qg6/gensys_icl_sk003.smt2,unsat,candidate,0,0,unsat,0.159315791,0,0,0,,"unsat
",,"[""target/release/euf-viper"",""fabric-solve"",""--engine"",""quotient-portfolio"",""/Users/airbartek/codex/z3/output/worktrees/viper-fabric-next/benchmarks/smtlib-2025/QF_UF/QF_UF/QG-classification/qg6/gensys_icl_sk003.smt2""]"
107,53,6735,QF_UF/QG-classification/qg6/gensys_icl_sk003.smt2,unsat,baseline,0,1,unsat,0.561121750,0,0,0,,"unsat
",,"[""target/release/euf-viper"",""fabric-solve"",""--engine"",""quotient-portfolio"",""/Users/airbartek/codex/z3/output/worktrees/viper-fabric-next/benchmarks/smtlib-2025/QF_UF/QF_UF/QG-classification/qg6/gensys_icl_sk003.smt2""]"
108,54,6736,QF_UF/QG-classification/qg6/gensys_icl_sk004.smt2,unsat,baseline,0,0,unsat,0.524808625,0,0,0,,"unsat
",,"[""target/release/euf-viper"",""fabric-solve"",""--engine"",""quotient-portfolio"",""/Users/airbartek/codex/z3/output/worktrees/viper-fabric-next/benchmarks/smtlib-2025/QF_UF/QF_UF/QG-classification/qg6/gensys_icl_sk004.smt2""]"
109,54,6736,QF_UF/QG-classification/qg6/gensys_icl_sk004.smt2,unsat,candidate,0,1,unsat,0.196482584,0,0,0,,"unsat
",,"[""target/release/euf-viper"",""fabric-solve"",""--engine"",""quotient-portfolio"",""/Users/airbartek/codex/z3/output/worktrees/viper-fabric-next/benchmarks/smtlib-2025/QF_UF/QF_UF/QG-classification/qg6/gensys_icl_sk004.smt2""]"
110,55,6737,QF_UF/QG-classification/qg6/gensys_icl_sk005.smt2,unsat,candidate,0,0,unsat,0.154897542,0,0,0,,"unsat
",,"[""target/release/euf-viper"",""fabric-solve"",""--engine"",""quotient-portfolio"",""/Users/airbartek/codex/z3/output/worktrees/viper-fabric-next/benchmarks/smtlib-2025/QF_UF/QF_UF/QG-classification/qg6/gensys_icl_sk005.smt2""]"
111,55,6737,QF_UF/QG-classification/qg6/gensys_icl_sk005.smt2,unsat,baseline,0,1,unsat,0.496697167,0,0,0,,"unsat
",,"[""target/release/euf-viper"",""fabric-solve"",""--engine"",""quotient-portfolio"",""/Users/airbartek/codex/z3/output/worktrees/viper-fabric-next/benchmarks/smtlib-2025/QF_UF/QF_UF/QG-classification/qg6/gensys_icl_sk005.smt2""]"
112,56,6738,QF_UF/QG-classification/qg6/gensys_icl_sk006.smt2,unsat,baseline,0,0,unsat,0.497897083,0,0,0,,"unsat
",,"[""target/release/euf-viper"",""fabric-solve"",""--engine"",""quotient-portfolio"",""/Users/airbartek/codex/z3/output/worktrees/viper-fabric-next/benchmarks/smtlib-2025/QF_UF/QF_UF/QG-classification/qg6/gensys_icl_sk006.smt2""]"
113,56,6738,QF_UF/QG-classification/qg6/gensys_icl_sk006.smt2,unsat,candidate,0,1,unsat,0.182777250,0,0,0,,"unsat
",,"[""target/release/euf-viper"",""fabric-solve"",""--engine"",""quotient-portfolio"",""/Users/airbartek/codex/z3/output/worktrees/viper-fabric-next/benchmarks/smtlib-2025/QF_UF/QF_UF/QG-classification/qg6/gensys_icl_sk006.smt2""]"
114,57,6739,QF_UF/QG-classification/qg6/gensys_icl_sk007.smt2,unsat,candidate,0,0,unsat,0.198803791,0,0,0,,"unsat
",,"[""target/release/euf-viper"",""fabric-solve"",""--engine"",""quotient-portfolio"",""/Users/airbartek/codex/z3/output/worktrees/viper-fabric-next/benchmarks/smtlib-2025/QF_UF/QF_UF/QG-classification/qg6/gensys_icl_sk007.smt2""]"
115,57,6739,QF_UF/QG-classification/qg6/gensys_icl_sk007.smt2,unsat,baseline,0,1,unsat,0.431347708,0,0,0,,"unsat
",,"[""target/release/euf-viper"",""fabric-solve"",""--engine"",""quotient-portfolio"",""/Users/airbartek/codex/z3/output/worktrees/viper-fabric-next/benchmarks/smtlib-2025/QF_UF/QF_UF/QG-classification/qg6/gensys_icl_sk007.smt2""]"
116,58,6740,QF_UF/QG-classification/qg6/gensys_icl_sk008.smt2,unsat,baseline,0,0,unsat,0.586047375,0,0,0,,"unsat
",,"[""target/release/euf-viper"",""fabric-solve"",""--engine"",""quotient-portfolio"",""/Users/airbartek/codex/z3/output/worktrees/viper-fabric-next/benchmarks/smtlib-2025/QF_UF/QF_UF/QG-classification/qg6/gensys_icl_sk008.smt2""]"
117,58,6740,QF_UF/QG-classification/qg6/gensys_icl_sk008.smt2,unsat,candidate,0,1,unsat,0.126432375,0,0,0,,"unsat
",,"[""target/release/euf-viper"",""fabric-solve"",""--engine"",""quotient-portfolio"",""/Users/airbartek/codex/z3/output/worktrees/viper-fabric-next/benchmarks/smtlib-2025/QF_UF/QF_UF/QG-classification/qg6/gensys_icl_sk008.smt2""]"
118,59,6741,QF_UF/QG-classification/qg6/gensys_icl_sk009.smt2,unsat,candidate,0,0,unsat,0.366685167,0,0,0,,"unsat
",,"[""target/release/euf-viper"",""fabric-solve"",""--engine"",""quotient-portfolio"",""/Users/airbartek/codex/z3/output/worktrees/viper-fabric-next/benchmarks/smtlib-2025/QF_UF/QF_UF/QG-classification/qg6/gensys_icl_sk009.smt2""]"
119,59,6741,QF_UF/QG-classification/qg6/gensys_icl_sk009.smt2,unsat,baseline,0,1,unsat,1.092860208,0,0,0,,"unsat
",,"[""target/release/euf-viper"",""fabric-solve"",""--engine"",""quotient-portfolio"",""/Users/airbartek/codex/z3/output/worktrees/viper-fabric-next/benchmarks/smtlib-2025/QF_UF/QF_UF/QG-classification/qg6/gensys_icl_sk009.smt2""]"
120,60,6742,QF_UF/QG-classification/qg6/gensys_icl_sk010.smt2,unsat,baseline,0,0,unsat,0.354670208,0,0,0,,"unsat
",,"[""target/release/euf-viper"",""fabric-solve"",""--engine"",""quotient-portfolio"",""/Users/airbartek/codex/z3/output/worktrees/viper-fabric-next/benchmarks/smtlib-2025/QF_UF/QF_UF/QG-classification/qg6/gensys_icl_sk010.smt2""]"
121,60,6742,QF_UF/QG-classification/qg6/gensys_icl_sk010.smt2,unsat,candidate,0,1,unsat,0.140418292,0,0,0,,"unsat
",,"[""target/release/euf-viper"",""fabric-solve"",""--engine"",""quotient-portfolio"",""/Users/airbartek/codex/z3/output/worktrees/viper-fabric-next/benchmarks/smtlib-2025/QF_UF/QF_UF/QG-classification/qg6/gensys_icl_sk010.smt2""]"
122,61,6743,QF_UF/QG-classification/qg6/gensys_icl_sk011.smt2,unsat,candidate,0,0,unsat,0.212710959,0,0,0,,"unsat
",,"[""target/release/euf-viper"",""fabric-solve"",""--engine"",""quotient-portfolio"",""/Users/airbartek/codex/z3/output/worktrees/viper-fabric-next/benchmarks/smtlib-2025/QF_UF/QF_UF/QG-classification/qg6/gensys_icl_sk011.smt2""]"
123,61,6743,QF_UF/QG-classification/qg6/gensys_icl_sk011.smt2,unsat,baseline,0,1,unsat,0.488306875,0,0,0,,"unsat
",,"[""target/release/euf-viper"",""fabric-solve"",""--engine"",""quotient-portfolio"",""/Users/airbartek/codex/z3/output/worktrees/viper-fabric-next/benchmarks/smtlib-2025/QF_UF/QF_UF/QG-classification/qg6/gensys_icl_sk011.smt2""]"
124,62,6744,QF_UF/QG-classification/qg6/gensys_icl_sk012.smt2,unsat,baseline,0,0,unsat,1.027130292,0,0,0,,"unsat
",,"[""target/release/euf-viper"",""fabric-solve"",""--engine"",""quotient-portfolio"",""/Users/airbartek/codex/z3/output/worktrees/viper-fabric-next/benchmarks/smtlib-2025/QF_UF/QF_UF/QG-classification/qg6/gensys_icl_sk012.smt2""]"
125,62,6744,QF_UF/QG-classification/qg6/gensys_icl_sk012.smt2,unsat,candidate,0,1,unsat,0.360400042,0,0,0,,"unsat
",,"[""target/release/euf-viper"",""fabric-solve"",""--engine"",""quotient-portfolio"",""/Users/airbartek/codex/z3/output/worktrees/viper-fabric-next/benchmarks/smtlib-2025/QF_UF/QF_UF/QG-classification/qg6/gensys_icl_sk012.smt2""]"
126,63,6745,QF_UF/QG-classification/qg6/gensys_icl_sk013.smt2,unsat,candidate,0,0,unsat,0.287823166,0,0,0,,"unsat
",,"[""target/release/euf-viper"",""fabric-solve"",""--engine"",""quotient-portfolio"",""/Users/airbartek/codex/z3/output/worktrees/viper-fabric-next/benchmarks/smtlib-2025/QF_UF/QF_UF/QG-classification/qg6/gensys_icl_sk013.smt2""]"
127,63,6745,QF_UF/QG-classification/qg6/gensys_icl_sk013.smt2,unsat,baseline,0,1,unsat,1.030423709,0,0,0,,"unsat
",,"[""target/release/euf-viper"",""fabric-solve"",""--engine"",""quotient-portfolio"",""/Users/airbartek/codex/z3/output/worktrees/viper-fabric-next/benchmarks/smtlib-2025/QF_UF/QF_UF/QG-classification/qg6/gensys_icl_sk013.smt2""]"
128,64,6746,QF_UF/QG-classification/qg6/iso_brn001.smt2,sat,baseline,0,0,sat,0.037784709,0,0,0,,"sat
",,"[""target/release/euf-viper"",""fabric-solve"",""--engine"",""quotient-portfolio"",""/Users/airbartek/codex/z3/output/worktrees/viper-fabric-next/benchmarks/smtlib-2025/QF_UF/QF_UF/QG-classification/qg6/iso_brn001.smt2""]"
129,64,6746,QF_UF/QG-classification/qg6/iso_brn001.smt2,sat,candidate,0,1,sat,0.036990542,0,0,0,,"sat
",,"[""target/release/euf-viper"",""fabric-solve"",""--engine"",""quotient-portfolio"",""/Users/airbartek/codex/z3/output/worktrees/viper-fabric-next/benchmarks/smtlib-2025/QF_UF/QF_UF/QG-classification/qg6/iso_brn001.smt2""]"
130,65,6747,QF_UF/QG-classification/qg6/iso_brn002.smt2,sat,candidate,0,0,sat,0.043301583,0,0,0,,"sat
",,"[""target/release/euf-viper"",""fabric-solve"",""--engine"",""quotient-portfolio"",""/Users/airbartek/codex/z3/output/worktrees/viper-fabric-next/benchmarks/smtlib-2025/QF_UF/QF_UF/QG-classification/qg6/iso_brn002.smt2""]"
131,65,6747,QF_UF/QG-classification/qg6/iso_brn002.smt2,sat,baseline,0,1,sat,0.043390458,0,0,0,,"sat
",,"[""target/release/euf-viper"",""fabric-solve"",""--engine"",""quotient-portfolio"",""/Users/airbartek/codex/z3/output/worktrees/viper-fabric-next/benchmarks/smtlib-2025/QF_UF/QF_UF/QG-classification/qg6/iso_brn002.smt2""]"
132,66,6748,QF_UF/QG-classification/qg6/iso_brn003.smt2,sat,baseline,0,0,sat,0.047974542,0,0,0,,"sat
",,"[""target/release/euf-viper"",""fabric-solve"",""--engine"",""quotient-portfolio"",""/Users/airbartek/codex/z3/output/worktrees/viper-fabric-next/benchmarks/smtlib-2025/QF_UF/QF_UF/QG-classification/qg6/iso_brn003.smt2""]"
133,66,6748,QF_UF/QG-classification/qg6/iso_brn003.smt2,sat,candidate,0,1,sat,0.047643208,0,0,0,,"sat
",,"[""target/release/euf-viper"",""fabric-solve"",""--engine"",""quotient-portfolio"",""/Users/airbartek/codex/z3/output/worktrees/viper-fabric-next/benchmarks/smtlib-2025/QF_UF/QF_UF/QG-classification/qg6/iso_brn003.smt2""]"
134,67,6749,QF_UF/QG-classification/qg6/iso_brn004.smt2,sat,candidate,0,0,sat,0.054279916,0,0,0,,"sat
",,"[""target/release/euf-viper"",""fabric-solve"",""--engine"",""quotient-portfolio"",""/Users/airbartek/codex/z3/output/worktrees/viper-fabric-next/benchmarks/smtlib-2025/QF_UF/QF_UF/QG-classification/qg6/iso_brn004.smt2""]"
135,67,6749,QF_UF/QG-classification/qg6/iso_brn004.smt2,sat,baseline,0,1,sat,0.054217708,0,0,0,,"sat
",,"[""target/release/euf-viper"",""fabric-solve"",""--engine"",""quotient-portfolio"",""/Users/airbartek/codex/z3/output/worktrees/viper-fabric-next/benchmarks/smtlib-2025/QF_UF/QF_UF/QG-classification/qg6/iso_brn004.smt2""]"
136,68,6750,QF_UF/QG-classification/qg6/iso_brn005.smt2,sat,baseline,0,0,sat,0.088291417,0,0,0,,"sat
",,"[""target/release/euf-viper"",""fabric-solve"",""--engine"",""quotient-portfolio"",""/Users/airbartek/codex/z3/output/worktrees/viper-fabric-next/benchmarks/smtlib-2025/QF_UF/QF_UF/QG-classification/qg6/iso_brn005.smt2""]"
137,68,6750,QF_UF/QG-classification/qg6/iso_brn005.smt2,sat,candidate,0,1,sat,0.088680583,0,0,0,,"sat
",,"[""target/release/euf-viper"",""fabric-solve"",""--engine"",""quotient-portfolio"",""/Users/airbartek/codex/z3/output/worktrees/viper-fabric-next/benchmarks/smtlib-2025/QF_UF/QF_UF/QG-classification/qg6/iso_brn005.smt2""]"
138,69,6751,QF_UF/QG-classification/qg6/iso_brn006.smt2,sat,candidate,0,0,sat,0.094956375,0,0,0,,"sat
",,"[""target/release/euf-viper"",""fabric-solve"",""--engine"",""quotient-portfolio"",""/Users/airbartek/codex/z3/output/worktrees/viper-fabric-next/benchmarks/smtlib-2025/QF_UF/QF_UF/QG-classification/qg6/iso_brn006.smt2""]"
139,69,6751,QF_UF/QG-classification/qg6/iso_brn006.smt2,sat,baseline,0,1,sat,0.092519875,0,0,0,,"sat
",,"[""target/release/euf-viper"",""fabric-solve"",""--engine"",""quotient-portfolio"",""/Users/airbartek/codex/z3/output/worktrees/viper-fabric-next/benchmarks/smtlib-2025/QF_UF/QF_UF/QG-classification/qg6/iso_brn006.smt2""]"
140,70,6752,QF_UF/QG-classification/qg6/iso_brn007.smt2,sat,baseline,0,0,sat,0.079264416,0,0,0,,"sat
",,"[""target/release/euf-viper"",""fabric-solve"",""--engine"",""quotient-portfolio"",""/Users/airbartek/codex/z3/output/worktrees/viper-fabric-next/benchmarks/smtlib-2025/QF_UF/QF_UF/QG-classification/qg6/iso_brn007.smt2""]"
141,70,6752,QF_UF/QG-classification/qg6/iso_brn007.smt2,sat,candidate,0,1,sat,0.078559167,0,0,0,,"sat
",,"[""target/release/euf-viper"",""fabric-solve"",""--engine"",""quotient-portfolio"",""/Users/airbartek/codex/z3/output/worktrees/viper-fabric-next/benchmarks/smtlib-2025/QF_UF/QF_UF/QG-classification/qg6/iso_brn007.smt2""]"
142,71,6753,QF_UF/QG-classification/qg6/iso_brn008.smt2,sat,candidate,0,0,sat,0.046451125,0,0,0,,"sat
",,"[""target/release/euf-viper"",""fabric-solve"",""--engine"",""quotient-portfolio"",""/Users/airbartek/codex/z3/output/worktrees/viper-fabric-next/benchmarks/smtlib-2025/QF_UF/QF_UF/QG-classification/qg6/iso_brn008.smt2""]"
143,71,6753,QF_UF/QG-classification/qg6/iso_brn008.smt2,sat,baseline,0,1,sat,0.046170250,0,0,0,,"sat
",,"[""target/release/euf-viper"",""fabric-solve"",""--engine"",""quotient-portfolio"",""/Users/airbartek/codex/z3/output/worktrees/viper-fabric-next/benchmarks/smtlib-2025/QF_UF/QF_UF/QG-classification/qg6/iso_brn008.smt2""]"
144,72,6754,QF_UF/QG-classification/qg6/iso_brn009.smt2,sat,baseline,0,0,sat,0.063046042,0,0,0,,"sat
",,"[""target/release/euf-viper"",""fabric-solve"",""--engine"",""quotient-portfolio"",""/Users/airbartek/codex/z3/output/worktrees/viper-fabric-next/benchmarks/smtlib-2025/QF_UF/QF_UF/QG-classification/qg6/iso_brn009.smt2""]"
145,72,6754,QF_UF/QG-classification/qg6/iso_brn009.smt2,sat,candidate,0,1,sat,0.062779875,0,0,0,,"sat
",,"[""target/release/euf-viper"",""fabric-solve"",""--engine"",""quotient-portfolio"",""/Users/airbartek/codex/z3/output/worktrees/viper-fabric-next/benchmarks/smtlib-2025/QF_UF/QF_UF/QG-classification/qg6/iso_brn009.smt2""]"
146,73,6755,QF_UF/QG-classification/qg6/iso_brn010.smt2,sat,candidate,0,0,sat,0.039424084,0,0,0,,"sat
",,"[""target/release/euf-viper"",""fabric-solve"",""--engine"",""quotient-portfolio"",""/Users/airbartek/codex/z3/output/worktrees/viper-fabric-next/benchmarks/smtlib-2025/QF_UF/QF_UF/QG-classification/qg6/iso_brn010.smt2""]"
147,73,6755,QF_UF/QG-classification/qg6/iso_brn010.smt2,sat,baseline,0,1,sat,0.038886250,0,0,0,,"sat
",,"[""target/release/euf-viper"",""fabric-solve"",""--engine"",""quotient-portfolio"",""/Users/airbartek/codex/z3/output/worktrees/viper-fabric-next/benchmarks/smtlib-2025/QF_UF/QF_UF/QG-classification/qg6/iso_brn010.smt2""]"
148,74,6756,QF_UF/QG-classification/qg6/iso_brn011.smt2,unsat,baseline,0,0,unsat,0.100735041,0,0,0,,"unsat
",,"[""target/release/euf-viper"",""fabric-solve"",""--engine"",""quotient-portfolio"",""/Users/airbartek/codex/z3/output/worktrees/viper-fabric-next/benchmarks/smtlib-2025/QF_UF/QF_UF/QG-classification/qg6/iso_brn011.smt2""]"
149,74,6756,QF_UF/QG-classification/qg6/iso_brn011.smt2,unsat,candidate,0,1,unsat,0.102466000,0,0,0,,"unsat
",,"[""target/release/euf-viper"",""fabric-solve"",""--engine"",""quotient-portfolio"",""/Users/airbartek/codex/z3/output/worktrees/viper-fabric-next/benchmarks/smtlib-2025/QF_UF/QF_UF/QG-classification/qg6/iso_brn011.smt2""]"
150,75,6757,QF_UF/QG-classification/qg6/iso_brn012.smt2,sat,candidate,0,0,sat,0.043906208,0,0,0,,"sat
",,"[""target/release/euf-viper"",""fabric-solve"",""--engine"",""quotient-portfolio"",""/Users/airbartek/codex/z3/output/worktrees/viper-fabric-next/benchmarks/smtlib-2025/QF_UF/QF_UF/QG-classification/qg6/iso_brn012.smt2""]"
151,75,6757,QF_UF/QG-classification/qg6/iso_brn012.smt2,sat,baseline,0,1,sat,0.044202708,0,0,0,,"sat
",,"[""target/release/euf-viper"",""fabric-solve"",""--engine"",""quotient-portfolio"",""/Users/airbartek/codex/z3/output/worktrees/viper-fabric-next/benchmarks/smtlib-2025/QF_UF/QF_UF/QG-classification/qg6/iso_brn012.smt2""]"
152,76,6758,QF_UF/QG-classification/qg6/iso_brn013.smt2,sat,baseline,0,0,sat,0.045262542,0,0,0,,"sat
",,"[""target/release/euf-viper"",""fabric-solve"",""--engine"",""quotient-portfolio"",""/Users/airbartek/codex/z3/output/worktrees/viper-fabric-next/benchmarks/smtlib-2025/QF_UF/QF_UF/QG-classification/qg6/iso_brn013.smt2""]"
153,76,6758,QF_UF/QG-classification/qg6/iso_brn013.smt2,sat,candidate,0,1,sat,0.045096417,0,0,0,,"sat
",,"[""target/release/euf-viper"",""fabric-solve"",""--engine"",""quotient-portfolio"",""/Users/airbartek/codex/z3/output/worktrees/viper-fabric-next/benchmarks/smtlib-2025/QF_UF/QF_UF/QG-classification/qg6/iso_brn013.smt2""]"
154,77,6759,QF_UF/QG-classification/qg6/iso_brn014.smt2,unsat,candidate,0,0,unsat,0.044461542,0,0,0,,"unsat
",,"[""target/release/euf-viper"",""fabric-solve"",""--engine"",""quotient-portfolio"",""/Users/airbartek/codex/z3/output/worktrees/viper-fabric-next/benchmarks/smtlib-2025/QF_UF/QF_UF/QG-classification/qg6/iso_brn014.smt2""]"
155,77,6759,QF_UF/QG-classification/qg6/iso_brn014.smt2,unsat,baseline,0,1,unsat,0.044252875,0,0,0,,"unsat
",,"[""target/release/euf-viper"",""fabric-solve"",""--engine"",""quotient-portfolio"",""/Users/airbartek/codex/z3/output/worktrees/viper-fabric-next/benchmarks/smtlib-2025/QF_UF/QF_UF/QG-classification/qg6/iso_brn014.smt2""]"
156,78,6760,QF_UF/QG-classification/qg6/iso_brn015.smt2,unsat,baseline,0,0,unsat,0.086272000,0,0,0,,"unsat
",,"[""target/release/euf-viper"",""fabric-solve"",""--engine"",""quotient-portfolio"",""/Users/airbartek/codex/z3/output/worktrees/viper-fabric-next/benchmarks/smtlib-2025/QF_UF/QF_UF/QG-classification/qg6/iso_brn015.smt2""]"
157,78,6760,QF_UF/QG-classification/qg6/iso_brn015.smt2,unsat,candidate,0,1,unsat,0.085427833,0,0,0,,"unsat
",,"[""target/release/euf-viper"",""fabric-solve"",""--engine"",""quotient-portfolio"",""/Users/airbartek/codex/z3/output/worktrees/viper-fabric-next/benchmarks/smtlib-2025/QF_UF/QF_UF/QG-classification/qg6/iso_brn015.smt2""]"
158,79,6761,QF_UF/QG-classification/qg6/iso_brn016.smt2,unsat,candidate,0,0,unsat,0.088937667,0,0,0,,"unsat
",,"[""target/release/euf-viper"",""fabric-solve"",""--engine"",""quotient-portfolio"",""/Users/airbartek/codex/z3/output/worktrees/viper-fabric-next/benchmarks/smtlib-2025/QF_UF/QF_UF/QG-classification/qg6/iso_brn016.smt2""]"
159,79,6761,QF_UF/QG-classification/qg6/iso_brn016.smt2,unsat,baseline,0,1,unsat,0.089388875,0,0,0,,"unsat
",,"[""target/release/euf-viper"",""fabric-solve"",""--engine"",""quotient-portfolio"",""/Users/airbartek/codex/z3/output/worktrees/viper-fabric-next/benchmarks/smtlib-2025/QF_UF/QF_UF/QG-classification/qg6/iso_brn016.smt2""]"
160,80,6762,QF_UF/QG-classification/qg6/iso_brn017.smt2,sat,baseline,0,0,sat,0.036843750,0,0,0,,"sat
",,"[""target/release/euf-viper"",""fabric-solve"",""--engine"",""quotient-portfolio"",""/Users/airbartek/codex/z3/output/worktrees/viper-fabric-next/benchmarks/smtlib-2025/QF_UF/QF_UF/QG-classification/qg6/iso_brn017.smt2""]"
161,80,6762,QF_UF/QG-classification/qg6/iso_brn017.smt2,sat,candidate,0,1,sat,0.036571750,0,0,0,,"sat
",,"[""target/release/euf-viper"",""fabric-solve"",""--engine"",""quotient-portfolio"",""/Users/airbartek/codex/z3/output/worktrees/viper-fabric-next/benchmarks/smtlib-2025/QF_UF/QF_UF/QG-classification/qg6/iso_brn017.smt2""]"
162,81,6763,QF_UF/QG-classification/qg6/iso_brn_nogen001.smt2,sat,candidate,0,0,sat,0.244765167,0,0,0,,"sat
",,"[""target/release/euf-viper"",""fabric-solve"",""--engine"",""quotient-portfolio"",""/Users/airbartek/codex/z3/output/worktrees/viper-fabric-next/benchmarks/smtlib-2025/QF_UF/QF_UF/QG-classification/qg6/iso_brn_nogen001.smt2""]"
163,81,6763,QF_UF/QG-classification/qg6/iso_brn_nogen001.smt2,sat,baseline,0,1,sat,0.281181416,0,0,0,,"sat
",,"[""target/release/euf-viper"",""fabric-solve"",""--engine"",""quotient-portfolio"",""/Users/airbartek/codex/z3/output/worktrees/viper-fabric-next/benchmarks/smtlib-2025/QF_UF/QF_UF/QG-classification/qg6/iso_brn_nogen001.smt2""]"
164,82,6764,QF_UF/QG-classification/qg6/iso_brn_nogen002.smt2,sat,baseline,0,0,sat,0.560743625,0,0,0,,"sat
",,"[""target/release/euf-viper"",""fabric-solve"",""--engine"",""quotient-portfolio"",""/Users/airbartek/codex/z3/output/worktrees/viper-fabric-next/benchmarks/smtlib-2025/QF_UF/QF_UF/QG-classification/qg6/iso_brn_nogen002.smt2""]"
165,82,6764,QF_UF/QG-classification/qg6/iso_brn_nogen002.smt2,sat,candidate,0,1,sat,0.363932333,0,0,0,,"sat
",,"[""target/release/euf-viper"",""fabric-solve"",""--engine"",""quotient-portfolio"",""/Users/airbartek/codex/z3/output/worktrees/viper-fabric-next/benchmarks/smtlib-2025/QF_UF/QF_UF/QG-classification/qg6/iso_brn_nogen002.smt2""]"
166,83,6765,QF_UF/QG-classification/qg6/iso_brn_nogen003.smt2,sat,candidate,0,0,sat,0.231776542,0,0,0,,"sat
",,"[""target/release/euf-viper"",""fabric-solve"",""--engine"",""quotient-portfolio"",""/Users/airbartek/codex/z3/output/worktrees/viper-fabric-next/benchmarks/smtlib-2025/QF_UF/QF_UF/QG-classification/qg6/iso_brn_nogen003.smt2""]"
167,83,6765,QF_UF/QG-classification/qg6/iso_brn_nogen003.smt2,sat,baseline,0,1,sat,0.253344583,0,0,0,,"sat
",,"[""target/release/euf-viper"",""fabric-solve"",""--engine"",""quotient-portfolio"",""/Users/airbartek/codex/z3/output/worktrees/viper-fabric-next/benchmarks/smtlib-2025/QF_UF/QF_UF/QG-classification/qg6/iso_brn_nogen003.smt2""]"
168,84,6766,QF_UF/QG-classification/qg6/iso_brn_nogen004.smt2,sat,baseline,0,0,sat,0.191823458,0,0,0,,"sat
",,"[""target/release/euf-viper"",""fabric-solve"",""--engine"",""quotient-portfolio"",""/Users/airbartek/codex/z3/output/worktrees/viper-fabric-next/benchmarks/smtlib-2025/QF_UF/QF_UF/QG-classification/qg6/iso_brn_nogen004.smt2""]"
169,84,6766,QF_UF/QG-classification/qg6/iso_brn_nogen004.smt2,sat,candidate,0,1,sat,0.232922791,0,0,0,,"sat
",,"[""target/release/euf-viper"",""fabric-solve"",""--engine"",""quotient-portfolio"",""/Users/airbartek/codex/z3/output/worktrees/viper-fabric-next/benchmarks/smtlib-2025/QF_UF/QF_UF/QG-classification/qg6/iso_brn_nogen004.smt2""]"
170,85,6767,QF_UF/QG-classification/qg6/iso_brn_nogen005.smt2,sat,candidate,0,0,sat,0.234809208,0,0,0,,"sat
",,"[""target/release/euf-viper"",""fabric-solve"",""--engine"",""quotient-portfolio"",""/Users/airbartek/codex/z3/output/worktrees/viper-fabric-next/benchmarks/smtlib-2025/QF_UF/QF_UF/QG-classification/qg6/iso_brn_nogen005.smt2""]"
171,85,6767,QF_UF/QG-classification/qg6/iso_brn_nogen005.smt2,sat,baseline,0,1,sat,0.248079125,0,0,0,,"sat
",,"[""target/release/euf-viper"",""fabric-solve"",""--engine"",""quotient-portfolio"",""/Users/airbartek/codex/z3/output/worktrees/viper-fabric-next/benchmarks/smtlib-2025/QF_UF/QF_UF/QG-classification/qg6/iso_brn_nogen005.smt2""]"
172,86,6768,QF_UF/QG-classification/qg6/iso_brn_nogen006.smt2,sat,baseline,0,0,sat,0.304902500,0,0,0,,"sat
",,"[""target/release/euf-viper"",""fabric-solve"",""--engine"",""quotient-portfolio"",""/Users/airbartek/codex/z3/output/worktrees/viper-fabric-next/benchmarks/smtlib-2025/QF_UF/QF_UF/QG-classification/qg6/iso_brn_nogen006.smt2""]"
173,86,6768,QF_UF/QG-classification/qg6/iso_brn_nogen006.smt2,sat,candidate,0,1,sat,0.257103833,0,0,0,,"sat
",,"[""target/release/euf-viper"",""fabric-solve"",""--engine"",""quotient-portfolio"",""/Users/airbartek/codex/z3/output/worktrees/viper-fabric-next/benchmarks/smtlib-2025/QF_UF/QF_UF/QG-classification/qg6/iso_brn_nogen006.smt2""]"
174,87,6769,QF_UF/QG-classification/qg6/iso_brn_nogen007.smt2,sat,candidate,0,0,sat,0.263111458,0,0,0,,"sat
",,"[""target/release/euf-viper"",""fabric-solve"",""--engine"",""quotient-portfolio"",""/Users/airbartek/codex/z3/output/worktrees/viper-fabric-next/benchmarks/smtlib-2025/QF_UF/QF_UF/QG-classification/qg6/iso_brn_nogen007.smt2""]"
175,87,6769,QF_UF/QG-classification/qg6/iso_brn_nogen007.smt2,sat,baseline,0,1,sat,0.347773917,0,0,0,,"sat
",,"[""target/release/euf-viper"",""fabric-solve"",""--engine"",""quotient-portfolio"",""/Users/airbartek/codex/z3/output/worktrees/viper-fabric-next/benchmarks/smtlib-2025/QF_UF/QF_UF/QG-classification/qg6/iso_brn_nogen007.smt2""]"
176,88,6770,QF_UF/QG-classification/qg6/iso_brn_nogen008.smt2,sat,baseline,0,0,sat,0.227930750,0,0,0,,"sat
",,"[""target/release/euf-viper"",""fabric-solve"",""--engine"",""quotient-portfolio"",""/Users/airbartek/codex/z3/output/worktrees/viper-fabric-next/benchmarks/smtlib-2025/QF_UF/QF_UF/QG-classification/qg6/iso_brn_nogen008.smt2""]"
177,88,6770,QF_UF/QG-classification/qg6/iso_brn_nogen008.smt2,sat,candidate,0,1,sat,0.235498459,0,0,0,,"sat
",,"[""target/release/euf-viper"",""fabric-solve"",""--engine"",""quotient-portfolio"",""/Users/airbartek/codex/z3/output/worktrees/viper-fabric-next/benchmarks/smtlib-2025/QF_UF/QF_UF/QG-classification/qg6/iso_brn_nogen008.smt2""]"
178,89,6771,QF_UF/QG-classification/qg6/iso_brn_nogen009.smt2,sat,candidate,0,0,sat,0.234170333,0,0,0,,"sat
",,"[""target/release/euf-viper"",""fabric-solve"",""--engine"",""quotient-portfolio"",""/Users/airbartek/codex/z3/output/worktrees/viper-fabric-next/benchmarks/smtlib-2025/QF_UF/QF_UF/QG-classification/qg6/iso_brn_nogen009.smt2""]"
179,89,6771,QF_UF/QG-classification/qg6/iso_brn_nogen009.smt2,sat,baseline,0,1,sat,0.259496916,0,0,0,,"sat
",,"[""target/release/euf-viper"",""fabric-solve"",""--engine"",""quotient-portfolio"",""/Users/airbartek/codex/z3/output/worktrees/viper-fabric-next/benchmarks/smtlib-2025/QF_UF/QF_UF/QG-classification/qg6/iso_brn_nogen009.smt2""]"
180,90,6772,QF_UF/QG-classification/qg6/iso_brn_nogen010.smt2,sat,baseline,0,0,sat,0.425303958,0,0,0,,"sat
",,"[""target/release/euf-viper"",""fabric-solve"",""--engine"",""quotient-portfolio"",""/Users/airbartek/codex/z3/output/worktrees/viper-fabric-next/benchmarks/smtlib-2025/QF_UF/QF_UF/QG-classification/qg6/iso_brn_nogen010.smt2""]"
181,90,6772,QF_UF/QG-classification/qg6/iso_brn_nogen010.smt2,sat,candidate,0,1,sat,0.240619458,0,0,0,,"sat
",,"[""target/release/euf-viper"",""fabric-solve"",""--engine"",""quotient-portfolio"",""/Users/airbartek/codex/z3/output/worktrees/viper-fabric-next/benchmarks/smtlib-2025/QF_UF/QF_UF/QG-classification/qg6/iso_brn_nogen010.smt2""]"
182,91,6773,QF_UF/QG-classification/qg6/iso_brn_nogen011.smt2,sat,candidate,0,0,sat,0.244678042,0,0,0,,"sat
",,"[""target/release/euf-viper"",""fabric-solve"",""--engine"",""quotient-portfolio"",""/Users/airbartek/codex/z3/output/worktrees/viper-fabric-next/benchmarks/smtlib-2025/QF_UF/QF_UF/QG-classification/qg6/iso_brn_nogen011.smt2""]"
183,91,6773,QF_UF/QG-classification/qg6/iso_brn_nogen011.smt2,sat,baseline,0,1,sat,0.514897833,0,0,0,,"sat
",,"[""target/release/euf-viper"",""fabric-solve"",""--engine"",""quotient-portfolio"",""/Users/airbartek/codex/z3/output/worktrees/viper-fabric-next/benchmarks/smtlib-2025/QF_UF/QF_UF/QG-classification/qg6/iso_brn_nogen011.smt2""]"
184,92,6774,QF_UF/QG-classification/qg6/iso_brn_nogen012.smt2,sat,baseline,0,0,sat,0.384186291,0,0,0,,"sat
",,"[""target/release/euf-viper"",""fabric-solve"",""--engine"",""quotient-portfolio"",""/Users/airbartek/codex/z3/output/worktrees/viper-fabric-next/benchmarks/smtlib-2025/QF_UF/QF_UF/QG-classification/qg6/iso_brn_nogen012.smt2""]"
185,92,6774,QF_UF/QG-classification/qg6/iso_brn_nogen012.smt2,sat,candidate,0,1,sat,0.241515292,0,0,0,,"sat
",,"[""target/release/euf-viper"",""fabric-solve"",""--engine"",""quotient-portfolio"",""/Users/airbartek/codex/z3/output/worktrees/viper-fabric-next/benchmarks/smtlib-2025/QF_UF/QF_UF/QG-classification/qg6/iso_brn_nogen012.smt2""]"
186,93,6775,QF_UF/QG-classification/qg6/iso_brn_nogen013.smt2,sat,candidate,0,0,sat,0.237117250,0,0,0,,"sat
",,"[""target/release/euf-viper"",""fabric-solve"",""--engine"",""quotient-portfolio"",""/Users/airbartek/codex/z3/output/worktrees/viper-fabric-next/benchmarks/smtlib-2025/QF_UF/QF_UF/QG-classification/qg6/iso_brn_nogen013.smt2""]"
187,93,6775,QF_UF/QG-classification/qg6/iso_brn_nogen013.smt2,sat,baseline,0,1,sat,0.381536334,0,0,0,,"sat
",,"[""target/release/euf-viper"",""fabric-solve"",""--engine"",""quotient-portfolio"",""/Users/airbartek/codex/z3/output/worktrees/viper-fabric-next/benchmarks/smtlib-2025/QF_UF/QF_UF/QG-classification/qg6/iso_brn_nogen013.smt2""]"
188,94,6776,QF_UF/QG-classification/qg6/iso_brn_nogen014.smt2,sat,baseline,0,0,sat,0.034297792,0,0,0,,"sat
",,"[""target/release/euf-viper"",""fabric-solve"",""--engine"",""quotient-portfolio"",""/Users/airbartek/codex/z3/output/worktrees/viper-fabric-next/benchmarks/smtlib-2025/QF_UF/QF_UF/QG-classification/qg6/iso_brn_nogen014.smt2""]"
189,94,6776,QF_UF/QG-classification/qg6/iso_brn_nogen014.smt2,sat,candidate,0,1,sat,0.034132292,0,0,0,,"sat
",,"[""target/release/euf-viper"",""fabric-solve"",""--engine"",""quotient-portfolio"",""/Users/airbartek/codex/z3/output/worktrees/viper-fabric-next/benchmarks/smtlib-2025/QF_UF/QF_UF/QG-classification/qg6/iso_brn_nogen014.smt2""]"
190,95,6777,QF_UF/QG-classification/qg6/iso_brn_nogen015.smt2,sat,candidate,0,0,sat,0.245147500,0,0,0,,"sat
",,"[""target/release/euf-viper"",""fabric-solve"",""--engine"",""quotient-portfolio"",""/Users/airbartek/codex/z3/output/worktrees/viper-fabric-next/benchmarks/smtlib-2025/QF_UF/QF_UF/QG-classification/qg6/iso_brn_nogen015.smt2""]"
191,95,6777,QF_UF/QG-classification/qg6/iso_brn_nogen015.smt2,sat,baseline,0,1,sat,0.223999000,0,0,0,,"sat
",,"[""target/release/euf-viper"",""fabric-solve"",""--engine"",""quotient-portfolio"",""/Users/airbartek/codex/z3/output/worktrees/viper-fabric-next/benchmarks/smtlib-2025/QF_UF/QF_UF/QG-classification/qg6/iso_brn_nogen015.smt2""]"
192,96,6778,QF_UF/QG-classification/qg6/iso_brn_nogen016.smt2,sat,baseline,0,0,sat,0.239737667,0,0,0,,"sat
",,"[""target/release/euf-viper"",""fabric-solve"",""--engine"",""quotient-portfolio"",""/Users/airbartek/codex/z3/output/worktrees/viper-fabric-next/benchmarks/smtlib-2025/QF_UF/QF_UF/QG-classification/qg6/iso_brn_nogen016.smt2""]"
193,96,6778,QF_UF/QG-classification/qg6/iso_brn_nogen016.smt2,sat,candidate,0,1,sat,0.258310708,0,0,0,,"sat
",,"[""target/release/euf-viper"",""fabric-solve"",""--engine"",""quotient-portfolio"",""/Users/airbartek/codex/z3/output/worktrees/viper-fabric-next/benchmarks/smtlib-2025/QF_UF/QF_UF/QG-classification/qg6/iso_brn_nogen016.smt2""]"
194,97,6779,QF_UF/QG-classification/qg6/iso_brn_nogen017.smt2,sat,candidate,0,0,sat,0.344724416,0,0,0,,"sat
",,"[""target/release/euf-viper"",""fabric-solve"",""--engine"",""quotient-portfolio"",""/Users/airbartek/codex/z3/output/worktrees/viper-fabric-next/benchmarks/smtlib-2025/QF_UF/QF_UF/QG-classification/qg6/iso_brn_nogen017.smt2""]"
195,97,6779,QF_UF/QG-classification/qg6/iso_brn_nogen017.smt2,sat,baseline,0,1,sat,0.473463625,0,0,0,,"sat
",,"[""target/release/euf-viper"",""fabric-solve"",""--engine"",""quotient-portfolio"",""/Users/airbartek/codex/z3/output/worktrees/viper-fabric-next/benchmarks/smtlib-2025/QF_UF/QF_UF/QG-classification/qg6/iso_brn_nogen017.smt2""]"
196,98,6780,QF_UF/QG-classification/qg6/iso_brn_nogen_sk001.smt2,sat,baseline,0,0,sat,0.042280667,0,0,0,,"sat
",,"[""target/release/euf-viper"",""fabric-solve"",""--engine"",""quotient-portfolio"",""/Users/airbartek/codex/z3/output/worktrees/viper-fabric-next/benchmarks/smtlib-2025/QF_UF/QF_UF/QG-classification/qg6/iso_brn_nogen_sk001.smt2""]"
197,98,6780,QF_UF/QG-classification/qg6/iso_brn_nogen_sk001.smt2,sat,candidate,0,1,sat,0.082340917,0,0,0,,"sat
",,"[""target/release/euf-viper"",""fabric-solve"",""--engine"",""quotient-portfolio"",""/Users/airbartek/codex/z3/output/worktrees/viper-fabric-next/benchmarks/smtlib-2025/QF_UF/QF_UF/QG-classification/qg6/iso_brn_nogen_sk001.smt2""]"
198,99,6781,QF_UF/QG-classification/qg6/iso_brn_nogen_sk002.smt2,sat,candidate,0,0,sat,0.083164208,0,0,0,,"sat
",,"[""target/release/euf-viper"",""fabric-solve"",""--engine"",""quotient-portfolio"",""/Users/airbartek/codex/z3/output/worktrees/viper-fabric-next/benchmarks/smtlib-2025/QF_UF/QF_UF/QG-classification/qg6/iso_brn_nogen_sk002.smt2""]"
199,99,6781,QF_UF/QG-classification/qg6/iso_brn_nogen_sk002.smt2,sat,baseline,0,1,sat,0.045834583,0,0,0,,"sat
",,"[""target/release/euf-viper"",""fabric-solve"",""--engine"",""quotient-portfolio"",""/Users/airbartek/codex/z3/output/worktrees/viper-fabric-next/benchmarks/smtlib-2025/QF_UF/QF_UF/QG-classification/qg6/iso_brn_nogen_sk002.smt2""]"
200,100,6782,QF_UF/QG-classification/qg6/iso_brn_nogen_sk003.smt2,sat,baseline,0,0,sat,0.047342708,0,0,0,,"sat
",,"[""target/release/euf-viper"",""fabric-solve"",""--engine"",""quotient-portfolio"",""/Users/airbartek/codex/z3/output/worktrees/viper-fabric-next/benchmarks/smtlib-2025/QF_UF/QF_UF/QG-classification/qg6/iso_brn_nogen_sk003.smt2""]"
201,100,6782,QF_UF/QG-classification/qg6/iso_brn_nogen_sk003.smt2,sat,candidate,0,1,sat,0.082344916,0,0,0,,"sat
",,"[""target/release/euf-viper"",""fabric-solve"",""--engine"",""quotient-portfolio"",""/Users/airbartek/codex/z3/output/worktrees/viper-fabric-next/benchmarks/smtlib-2025/QF_UF/QF_UF/QG-classification/qg6/iso_brn_nogen_sk003.smt2""]"
202,101,6783,QF_UF/QG-classification/qg6/iso_brn_nogen_sk004.smt2,sat,candidate,0,0,sat,0.083400208,0,0,0,,"sat
",,"[""target/release/euf-viper"",""fabric-solve"",""--engine"",""quotient-portfolio"",""/Users/airbartek/codex/z3/output/worktrees/viper-fabric-next/benchmarks/smtlib-2025/QF_UF/QF_UF/QG-classification/qg6/iso_brn_nogen_sk004.smt2""]"
203,101,6783,QF_UF/QG-classification/qg6/iso_brn_nogen_sk004.smt2,sat,baseline,0,1,sat,0.047254000,0,0,0,,"sat
",,"[""target/release/euf-viper"",""fabric-solve"",""--engine"",""quotient-portfolio"",""/Users/airbartek/codex/z3/output/worktrees/viper-fabric-next/benchmarks/smtlib-2025/QF_UF/QF_UF/QG-classification/qg6/iso_brn_nogen_sk004.smt2""]"
204,102,6784,QF_UF/QG-classification/qg6/iso_brn_nogen_sk005.smt2,sat,baseline,0,0,sat,0.049404583,0,0,0,,"sat
",,"[""target/release/euf-viper"",""fabric-solve"",""--engine"",""quotient-portfolio"",""/Users/airbartek/codex/z3/output/worktrees/viper-fabric-next/benchmarks/smtlib-2025/QF_UF/QF_UF/QG-classification/qg6/iso_brn_nogen_sk005.smt2""]"
205,102,6784,QF_UF/QG-classification/qg6/iso_brn_nogen_sk005.smt2,sat,candidate,0,1,sat,0.082698708,0,0,0,,"sat
",,"[""target/release/euf-viper"",""fabric-solve"",""--engine"",""quotient-portfolio"",""/Users/airbartek/codex/z3/output/worktrees/viper-fabric-next/benchmarks/smtlib-2025/QF_UF/QF_UF/QG-classification/qg6/iso_brn_nogen_sk005.smt2""]"
206,103,6785,QF_UF/QG-classification/qg6/iso_brn_nogen_sk006.smt2,sat,candidate,0,0,sat,0.084674375,0,0,0,,"sat
",,"[""target/release/euf-viper"",""fabric-solve"",""--engine"",""quotient-portfolio"",""/Users/airbartek/codex/z3/output/worktrees/viper-fabric-next/benchmarks/smtlib-2025/QF_UF/QF_UF/QG-classification/qg6/iso_brn_nogen_sk006.smt2""]"
207,103,6785,QF_UF/QG-classification/qg6/iso_brn_nogen_sk006.smt2,sat,baseline,0,1,sat,0.046748166,0,0,0,,"sat
",,"[""target/release/euf-viper"",""fabric-solve"",""--engine"",""quotient-portfolio"",""/Users/airbartek/codex/z3/output/worktrees/viper-fabric-next/benchmarks/smtlib-2025/QF_UF/QF_UF/QG-classification/qg6/iso_brn_nogen_sk006.smt2""]"
208,104,6786,QF_UF/QG-classification/qg6/iso_brn_nogen_sk007.smt2,sat,baseline,0,0,sat,0.048949333,0,0,0,,"sat
",,"[""target/release/euf-viper"",""fabric-solve"",""--engine"",""quotient-portfolio"",""/Users/airbartek/codex/z3/output/worktrees/viper-fabric-next/benchmarks/smtlib-2025/QF_UF/QF_UF/QG-classification/qg6/iso_brn_nogen_sk007.smt2""]"
209,104,6786,QF_UF/QG-classification/qg6/iso_brn_nogen_sk007.smt2,sat,candidate,0,1,sat,0.083640833,0,0,0,,"sat
",,"[""target/release/euf-viper"",""fabric-solve"",""--engine"",""quotient-portfolio"",""/Users/airbartek/codex/z3/output/worktrees/viper-fabric-next/benchmarks/smtlib-2025/QF_UF/QF_UF/QG-classification/qg6/iso_brn_nogen_sk007.smt2""]"
210,105,6787,QF_UF/QG-classification/qg6/iso_brn_nogen_sk008.smt2,sat,candidate,0,0,sat,0.085507459,0,0,0,,"sat
",,"[""target/release/euf-viper"",""fabric-solve"",""--engine"",""quotient-portfolio"",""/Users/airbartek/codex/z3/output/worktrees/viper-fabric-next/benchmarks/smtlib-2025/QF_UF/QF_UF/QG-classification/qg6/iso_brn_nogen_sk008.smt2""]"
211,105,6787,QF_UF/QG-classification/qg6/iso_brn_nogen_sk008.smt2,sat,baseline,0,1,sat,0.047256000,0,0,0,,"sat
",,"[""target/release/euf-viper"",""fabric-solve"",""--engine"",""quotient-portfolio"",""/Users/airbartek/codex/z3/output/worktrees/viper-fabric-next/benchmarks/smtlib-2025/QF_UF/QF_UF/QG-classification/qg6/iso_brn_nogen_sk008.smt2""]"
212,106,6788,QF_UF/QG-classification/qg6/iso_brn_nogen_sk009.smt2,sat,baseline,0,0,sat,0.049372416,0,0,0,,"sat
",,"[""target/release/euf-viper"",""fabric-solve"",""--engine"",""quotient-portfolio"",""/Users/airbartek/codex/z3/output/worktrees/viper-fabric-next/benchmarks/smtlib-2025/QF_UF/QF_UF/QG-classification/qg6/iso_brn_nogen_sk009.smt2""]"
213,106,6788,QF_UF/QG-classification/qg6/iso_brn_nogen_sk009.smt2,sat,candidate,0,1,sat,0.085084000,0,0,0,,"sat
",,"[""target/release/euf-viper"",""fabric-solve"",""--engine"",""quotient-portfolio"",""/Users/airbartek/codex/z3/output/worktrees/viper-fabric-next/benchmarks/smtlib-2025/QF_UF/QF_UF/QG-classification/qg6/iso_brn_nogen_sk009.smt2""]"
214,107,6789,QF_UF/QG-classification/qg6/iso_brn_nogen_sk010.smt2,sat,candidate,0,0,sat,0.086289292,0,0,0,,"sat
",,"[""target/release/euf-viper"",""fabric-solve"",""--engine"",""quotient-portfolio"",""/Users/airbartek/codex/z3/output/worktrees/viper-fabric-next/benchmarks/smtlib-2025/QF_UF/QF_UF/QG-classification/qg6/iso_brn_nogen_sk010.smt2""]"
215,107,6789,QF_UF/QG-classification/qg6/iso_brn_nogen_sk010.smt2,sat,baseline,0,1,sat,0.046075250,0,0,0,,"sat
",,"[""target/release/euf-viper"",""fabric-solve"",""--engine"",""quotient-portfolio"",""/Users/airbartek/codex/z3/output/worktrees/viper-fabric-next/benchmarks/smtlib-2025/QF_UF/QF_UF/QG-classification/qg6/iso_brn_nogen_sk010.smt2""]"
216,108,6790,QF_UF/QG-classification/qg6/iso_brn_nogen_sk011.smt2,sat,baseline,0,0,sat,0.048170000,0,0,0,,"sat
",,"[""target/release/euf-viper"",""fabric-solve"",""--engine"",""quotient-portfolio"",""/Users/airbartek/codex/z3/output/worktrees/viper-fabric-next/benchmarks/smtlib-2025/QF_UF/QF_UF/QG-classification/qg6/iso_brn_nogen_sk011.smt2""]"
217,108,6790,QF_UF/QG-classification/qg6/iso_brn_nogen_sk011.smt2,sat,candidate,0,1,sat,0.085688125,0,0,0,,"sat
",,"[""target/release/euf-viper"",""fabric-solve"",""--engine"",""quotient-portfolio"",""/Users/airbartek/codex/z3/output/worktrees/viper-fabric-next/benchmarks/smtlib-2025/QF_UF/QF_UF/QG-classification/qg6/iso_brn_nogen_sk011.smt2""]"
218,109,6791,QF_UF/QG-classification/qg6/iso_brn_nogen_sk012.smt2,sat,candidate,0,0,sat,0.084740167,0,0,0,,"sat
",,"[""target/release/euf-viper"",""fabric-solve"",""--engine"",""quotient-portfolio"",""/Users/airbartek/codex/z3/output/worktrees/viper-fabric-next/benchmarks/smtlib-2025/QF_UF/QF_UF/QG-classification/qg6/iso_brn_nogen_sk012.smt2""]"
219,109,6791,QF_UF/QG-classification/qg6/iso_brn_nogen_sk012.smt2,sat,baseline,0,1,sat,0.050013958,0,0,0,,"sat
",,"[""target/release/euf-viper"",""fabric-solve"",""--engine"",""quotient-portfolio"",""/Users/airbartek/codex/z3/output/worktrees/viper-fabric-next/benchmarks/smtlib-2025/QF_UF/QF_UF/QG-classification/qg6/iso_brn_nogen_sk012.smt2""]"
220,110,6792,QF_UF/QG-classification/qg6/iso_brn_nogen_sk013.smt2,sat,baseline,0,0,sat,0.044742125,0,0,0,,"sat
",,"[""target/release/euf-viper"",""fabric-solve"",""--engine"",""quotient-portfolio"",""/Users/airbartek/codex/z3/output/worktrees/viper-fabric-next/benchmarks/smtlib-2025/QF_UF/QF_UF/QG-classification/qg6/iso_brn_nogen_sk013.smt2""]"
221,110,6792,QF_UF/QG-classification/qg6/iso_brn_nogen_sk013.smt2,sat,candidate,0,1,sat,0.087953125,0,0,0,,"sat
",,"[""target/release/euf-viper"",""fabric-solve"",""--engine"",""quotient-portfolio"",""/Users/airbartek/codex/z3/output/worktrees/viper-fabric-next/benchmarks/smtlib-2025/QF_UF/QF_UF/QG-classification/qg6/iso_brn_nogen_sk013.smt2""]"
222,111,6793,QF_UF/QG-classification/qg6/iso_brn_nogen_sk014.smt2,sat,candidate,0,0,sat,0.088923458,0,0,0,,"sat
",,"[""target/release/euf-viper"",""fabric-solve"",""--engine"",""quotient-portfolio"",""/Users/airbartek/codex/z3/output/worktrees/viper-fabric-next/benchmarks/smtlib-2025/QF_UF/QF_UF/QG-classification/qg6/iso_brn_nogen_sk014.smt2""]"
223,111,6793,QF_UF/QG-classification/qg6/iso_brn_nogen_sk014.smt2,sat,baseline,0,1,sat,0.055377792,0,0,0,,"sat
",,"[""target/release/euf-viper"",""fabric-solve"",""--engine"",""quotient-portfolio"",""/Users/airbartek/codex/z3/output/worktrees/viper-fabric-next/benchmarks/smtlib-2025/QF_UF/QF_UF/QG-classification/qg6/iso_brn_nogen_sk014.smt2""]"
224,112,6794,QF_UF/QG-classification/qg6/iso_brn_nogen_sk015.smt2,sat,baseline,0,0,sat,0.068868667,0,0,0,,"sat
",,"[""target/release/euf-viper"",""fabric-solve"",""--engine"",""quotient-portfolio"",""/Users/airbartek/codex/z3/output/worktrees/viper-fabric-next/benchmarks/smtlib-2025/QF_UF/QF_UF/QG-classification/qg6/iso_brn_nogen_sk015.smt2""]"
225,112,6794,QF_UF/QG-classification/qg6/iso_brn_nogen_sk015.smt2,sat,candidate,0,1,sat,0.087952416,0,0,0,,"sat
",,"[""target/release/euf-viper"",""fabric-solve"",""--engine"",""quotient-portfolio"",""/Users/airbartek/codex/z3/output/worktrees/viper-fabric-next/benchmarks/smtlib-2025/QF_UF/QF_UF/QG-classification/qg6/iso_brn_nogen_sk015.smt2""]"
226,113,6795,QF_UF/QG-classification/qg6/iso_brn_nogen_sk016.smt2,sat,candidate,0,0,sat,0.092861708,0,0,0,,"sat
",,"[""target/release/euf-viper"",""fabric-solve"",""--engine"",""quotient-portfolio"",""/Users/airbartek/codex/z3/output/worktrees/viper-fabric-next/benchmarks/smtlib-2025/QF_UF/QF_UF/QG-classification/qg6/iso_brn_nogen_sk016.smt2""]"
227,113,6795,QF_UF/QG-classification/qg6/iso_brn_nogen_sk016.smt2,sat,baseline,0,1,sat,0.065931209,0,0,0,,"sat
",,"[""target/release/euf-viper"",""fabric-solve"",""--engine"",""quotient-portfolio"",""/Users/airbartek/codex/z3/output/worktrees/viper-fabric-next/benchmarks/smtlib-2025/QF_UF/QF_UF/QG-classification/qg6/iso_brn_nogen_sk016.smt2""]"
228,114,6796,QF_UF/QG-classification/qg6/iso_brn_nogen_sk017.smt2,sat,baseline,0,0,sat,0.054080041,0,0,0,,"sat
",,"[""target/release/euf-viper"",""fabric-solve"",""--engine"",""quotient-portfolio"",""/Users/airbartek/codex/z3/output/worktrees/viper-fabric-next/benchmarks/smtlib-2025/QF_UF/QF_UF/QG-classification/qg6/iso_brn_nogen_sk017.smt2""]"
229,114,6796,QF_UF/QG-classification/qg6/iso_brn_nogen_sk017.smt2,sat,candidate,0,1,sat,0.086016709,0,0,0,,"sat
",,"[""target/release/euf-viper"",""fabric-solve"",""--engine"",""quotient-portfolio"",""/Users/airbartek/codex/z3/output/worktrees/viper-fabric-next/benchmarks/smtlib-2025/QF_UF/QF_UF/QG-classification/qg6/iso_brn_nogen_sk017.smt2""]"
230,115,6797,QF_UF/QG-classification/qg6/iso_brn_repgen001.smt2,sat,candidate,0,0,sat,0.025131625,0,0,0,,"sat
",,"[""target/release/euf-viper"",""fabric-solve"",""--engine"",""quotient-portfolio"",""/Users/airbartek/codex/z3/output/worktrees/viper-fabric-next/benchmarks/smtlib-2025/QF_UF/QF_UF/QG-classification/qg6/iso_brn_repgen001.smt2""]"
231,115,6797,QF_UF/QG-classification/qg6/iso_brn_repgen001.smt2,sat,baseline,0,1,sat,0.023058708,0,0,0,,"sat
",,"[""target/release/euf-viper"",""fabric-solve"",""--engine"",""quotient-portfolio"",""/Users/airbartek/codex/z3/output/worktrees/viper-fabric-next/benchmarks/smtlib-2025/QF_UF/QF_UF/QG-classification/qg6/iso_brn_repgen001.smt2""]"
232,116,6798,QF_UF/QG-classification/qg6/iso_brn_repgen002.smt2,sat,baseline,0,0,sat,0.028404458,0,0,0,,"sat
",,"[""target/release/euf-viper"",""fabric-solve"",""--engine"",""quotient-portfolio"",""/Users/airbartek/codex/z3/output/worktrees/viper-fabric-next/benchmarks/smtlib-2025/QF_UF/QF_UF/QG-classification/qg6/iso_brn_repgen002.smt2""]"
233,116,6798,QF_UF/QG-classification/qg6/iso_brn_repgen002.smt2,sat,candidate,0,1,sat,0.024972292,0,0,0,,"sat
",,"[""target/release/euf-viper"",""fabric-solve"",""--engine"",""quotient-portfolio"",""/Users/airbartek/codex/z3/output/worktrees/viper-fabric-next/benchmarks/smtlib-2025/QF_UF/QF_UF/QG-classification/qg6/iso_brn_repgen002.smt2""]"
234,117,6799,QF_UF/QG-classification/qg6/iso_brn_repgen003.smt2,sat,candidate,0,0,sat,0.030244625,0,0,0,,"sat
",,"[""target/release/euf-viper"",""fabric-solve"",""--engine"",""quotient-portfolio"",""/Users/airbartek/codex/z3/output/worktrees/viper-fabric-next/benchmarks/smtlib-2025/QF_UF/QF_UF/QG-classification/qg6/iso_brn_repgen003.smt2""]"
235,117,6799,QF_UF/QG-classification/qg6/iso_brn_repgen003.smt2,sat,baseline,0,1,sat,0.034158583,0,0,0,,"sat
",,"[""target/release/euf-viper"",""fabric-solve"",""--engine"",""quotient-portfolio"",""/Users/airbartek/codex/z3/output/worktrees/viper-fabric-next/benchmarks/smtlib-2025/QF_UF/QF_UF/QG-classification/qg6/iso_brn_repgen003.smt2""]"
236,118,6800,QF_UF/QG-classification/qg6/iso_brn_repgen004.smt2,sat,baseline,0,0,sat,0.083280542,0,0,0,,"sat
",,"[""target/release/euf-viper"",""fabric-solve"",""--engine"",""quotient-portfolio"",""/Users/airbartek/codex/z3/output/worktrees/viper-fabric-next/benchmarks/smtlib-2025/QF_UF/QF_UF/QG-classification/qg6/iso_brn_repgen004.smt2""]"
237,118,6800,QF_UF/QG-classification/qg6/iso_brn_repgen004.smt2,sat,candidate,0,1,sat,0.026804792,0,0,0,,"sat
",,"[""target/release/euf-viper"",""fabric-solve"",""--engine"",""quotient-portfolio"",""/Users/airbartek/codex/z3/output/worktrees/viper-fabric-next/benchmarks/smtlib-2025/QF_UF/QF_UF/QG-classification/qg6/iso_brn_repgen004.smt2""]"
238,119,6801,QF_UF/QG-classification/qg6/iso_brn_repgen005.smt2,sat,candidate,0,0,sat,0.025542250,0,0,0,,"sat
",,"[""target/release/euf-viper"",""fabric-solve"",""--engine"",""quotient-portfolio"",""/Users/airbartek/codex/z3/output/worktrees/viper-fabric-next/benchmarks/smtlib-2025/QF_UF/QF_UF/QG-classification/qg6/iso_brn_repgen005.smt2""]"
239,119,6801,QF_UF/QG-classification/qg6/iso_brn_repgen005.smt2,sat,baseline,0,1,sat,0.032483375,0,0,0,,"sat
",,"[""target/release/euf-viper"",""fabric-solve"",""--engine"",""quotient-portfolio"",""/Users/airbartek/codex/z3/output/worktrees/viper-fabric-next/benchmarks/smtlib-2025/QF_UF/QF_UF/QG-classification/qg6/iso_brn_repgen005.smt2""]"
240,120,6802,QF_UF/QG-classification/qg6/iso_brn_repgen006.smt2,sat,baseline,0,0,sat,0.030762959,0,0,0,,"sat
",,"[""target/release/euf-viper"",""fabric-solve"",""--engine"",""quotient-portfolio"",""/Users/airbartek/codex/z3/output/worktrees/viper-fabric-next/benchmarks/smtlib-2025/QF_UF/QF_UF/QG-classification/qg6/iso_brn_repgen006.smt2""]"
241,120,6802,QF_UF/QG-classification/qg6/iso_brn_repgen006.smt2,sat,candidate,0,1,sat,0.037921917,0,0,0,,"sat
",,"[""target/release/euf-viper"",""fabric-solve"",""--engine"",""quotient-portfolio"",""/Users/airbartek/codex/z3/output/worktrees/viper-fabric-next/benchmarks/smtlib-2025/QF_UF/QF_UF/QG-classification/qg6/iso_brn_repgen006.smt2""]"
242,121,6803,QF_UF/QG-classification/qg6/iso_brn_repgen007.smt2,sat,candidate,0,0,sat,0.037025917,0,0,0,,"sat
",,"[""target/release/euf-viper"",""fabric-solve"",""--engine"",""quotient-portfolio"",""/Users/airbartek/codex/z3/output/worktrees/viper-fabric-next/benchmarks/smtlib-2025/QF_UF/QF_UF/QG-classification/qg6/iso_brn_repgen007.smt2""]"
243,121,6803,QF_UF/QG-classification/qg6/iso_brn_repgen007.smt2,sat,baseline,0,1,sat,0.087537250,0,0,0,,"sat
",,"[""target/release/euf-viper"",""fabric-solve"",""--engine"",""quotient-portfolio"",""/Users/airbartek/codex/z3/output/worktrees/viper-fabric-next/benchmarks/smtlib-2025/QF_UF/QF_UF/QG-classification/qg6/iso_brn_repgen007.smt2""]"
244,122,6804,QF_UF/QG-classification/qg6/iso_brn_repgen008.smt2,sat,baseline,0,0,sat,0.043749959,0,0,0,,"sat
",,"[""target/release/euf-viper"",""fabric-solve"",""--engine"",""quotient-portfolio"",""/Users/airbartek/codex/z3/output/worktrees/viper-fabric-next/benchmarks/smtlib-2025/QF_UF/QF_UF/QG-classification/qg6/iso_brn_repgen008.smt2""]"
245,122,6804,QF_UF/QG-classification/qg6/iso_brn_repgen008.smt2,sat,candidate,0,1,sat,0.030422583,0,0,0,,"sat
",,"[""target/release/euf-viper"",""fabric-solve"",""--engine"",""quotient-portfolio"",""/Users/airbartek/codex/z3/output/worktrees/viper-fabric-next/benchmarks/smtlib-2025/QF_UF/QF_UF/QG-classification/qg6/iso_brn_repgen008.smt2""]"
246,123,6805,QF_UF/QG-classification/qg6/iso_brn_repgen009.smt2,sat,candidate,0,0,sat,0.029494958,0,0,0,,"sat
",,"[""target/release/euf-viper"",""fabric-solve"",""--engine"",""quotient-portfolio"",""/Users/airbartek/codex/z3/output/worktrees/viper-fabric-next/benchmarks/smtlib-2025/QF_UF/QF_UF/QG-classification/qg6/iso_brn_repgen009.smt2""]"
247,123,6805,QF_UF/QG-classification/qg6/iso_brn_repgen009.smt2,sat,baseline,0,1,sat,0.024162875,0,0,0,,"sat
",,"[""target/release/euf-viper"",""fabric-solve"",""--engine"",""quotient-portfolio"",""/Users/airbartek/codex/z3/output/worktrees/viper-fabric-next/benchmarks/smtlib-2025/QF_UF/QF_UF/QG-classification/qg6/iso_brn_repgen009.smt2""]"
248,124,6806,QF_UF/QG-classification/qg6/iso_brn_repgen010.smt2,sat,baseline,0,0,sat,0.076861625,0,0,0,,"sat
",,"[""target/release/euf-viper"",""fabric-solve"",""--engine"",""quotient-portfolio"",""/Users/airbartek/codex/z3/output/worktrees/viper-fabric-next/benchmarks/smtlib-2025/QF_UF/QF_UF/QG-classification/qg6/iso_brn_repgen010.smt2""]"
249,124,6806,QF_UF/QG-classification/qg6/iso_brn_repgen010.smt2,sat,candidate,0,1,sat,0.025486709,0,0,0,,"sat
",,"[""target/release/euf-viper"",""fabric-solve"",""--engine"",""quotient-portfolio"",""/Users/airbartek/codex/z3/output/worktrees/viper-fabric-next/benchmarks/smtlib-2025/QF_UF/QF_UF/QG-classification/qg6/iso_brn_repgen010.smt2""]"
250,125,6807,QF_UF/QG-classification/qg6/iso_brn_repgen011.smt2,sat,candidate,0,0,sat,0.036923125,0,0,0,,"sat
",,"[""target/release/euf-viper"",""fabric-solve"",""--engine"",""quotient-portfolio"",""/Users/airbartek/codex/z3/output/worktrees/viper-fabric-next/benchmarks/smtlib-2025/QF_UF/QF_UF/QG-classification/qg6/iso_brn_repgen011.smt2""]"
251,125,6807,QF_UF/QG-classification/qg6/iso_brn_repgen011.smt2,sat,baseline,0,1,sat,0.132802625,0,0,0,,"sat
",,"[""target/release/euf-viper"",""fabric-solve"",""--engine"",""quotient-portfolio"",""/Users/airbartek/codex/z3/output/worktrees/viper-fabric-next/benchmarks/smtlib-2025/QF_UF/QF_UF/QG-classification/qg6/iso_brn_repgen011.smt2""]"
252,126,6808,QF_UF/QG-classification/qg6/iso_brn_repgen012.smt2,sat,baseline,0,0,sat,0.099574250,0,0,0,,"sat
",,"[""target/release/euf-viper"",""fabric-solve"",""--engine"",""quotient-portfolio"",""/Users/airbartek/codex/z3/output/worktrees/viper-fabric-next/benchmarks/smtlib-2025/QF_UF/QF_UF/QG-classification/qg6/iso_brn_repgen012.smt2""]"
253,126,6808,QF_UF/QG-classification/qg6/iso_brn_repgen012.smt2,sat,candidate,0,1,sat,0.025349833,0,0,0,,"sat
",,"[""target/release/euf-viper"",""fabric-solve"",""--engine"",""quotient-portfolio"",""/Users/airbartek/codex/z3/output/worktrees/viper-fabric-next/benchmarks/smtlib-2025/QF_UF/QF_UF/QG-classification/qg6/iso_brn_repgen012.smt2""]"
254,127,6809,QF_UF/QG-classification/qg6/iso_brn_repgen013.smt2,sat,candidate,0,0,sat,0.026673000,0,0,0,,"sat
",,"[""target/release/euf-viper"",""fabric-solve"",""--engine"",""quotient-portfolio"",""/Users/airbartek/codex/z3/output/worktrees/viper-fabric-next/benchmarks/smtlib-2025/QF_UF/QF_UF/QG-classification/qg6/iso_brn_repgen013.smt2""]"
255,127,6809,QF_UF/QG-classification/qg6/iso_brn_repgen013.smt2,sat,baseline,0,1,sat,0.021811667,0,0,0,,"sat
",,"[""target/release/euf-viper"",""fabric-solve"",""--engine"",""quotient-portfolio"",""/Users/airbartek/codex/z3/output/worktrees/viper-fabric-next/benchmarks/smtlib-2025/QF_UF/QF_UF/QG-classification/qg6/iso_brn_repgen013.smt2""]"
256,128,6810,QF_UF/QG-classification/qg6/iso_brn_repgen014.smt2,sat,baseline,0,0,sat,0.094630541,0,0,0,,"sat
",,"[""target/release/euf-viper"",""fabric-solve"",""--engine"",""quotient-portfolio"",""/Users/airbartek/codex/z3/output/worktrees/viper-fabric-next/benchmarks/smtlib-2025/QF_UF/QF_UF/QG-classification/qg6/iso_brn_repgen014.smt2""]"
257,128,6810,QF_UF/QG-classification/qg6/iso_brn_repgen014.smt2,sat,candidate,0,1,sat,0.037960750,0,0,0,,"sat
",,"[""target/release/euf-viper"",""fabric-solve"",""--engine"",""quotient-portfolio"",""/Users/airbartek/codex/z3/output/worktrees/viper-fabric-next/benchmarks/smtlib-2025/QF_UF/QF_UF/QG-classification/qg6/iso_brn_repgen014.smt2""]"
258,129,6811,QF_UF/QG-classification/qg6/iso_brn_repgen015.smt2,sat,candidate,0,0,sat,0.026084375,0,0,0,,"sat
",,"[""target/release/euf-viper"",""fabric-solve"",""--engine"",""quotient-portfolio"",""/Users/airbartek/codex/z3/output/worktrees/viper-fabric-next/benchmarks/smtlib-2025/QF_UF/QF_UF/QG-classification/qg6/iso_brn_repgen015.smt2""]"
259,129,6811,QF_UF/QG-classification/qg6/iso_brn_repgen015.smt2,sat,baseline,0,1,sat,0.022009292,0,0,0,,"sat
",,"[""target/release/euf-viper"",""fabric-solve"",""--engine"",""quotient-portfolio"",""/Users/airbartek/codex/z3/output/worktrees/viper-fabric-next/benchmarks/smtlib-2025/QF_UF/QF_UF/QG-classification/qg6/iso_brn_repgen015.smt2""]"
260,130,6812,QF_UF/QG-classification/qg6/iso_brn_repgen016.smt2,sat,baseline,0,0,sat,0.128976375,0,0,0,,"sat
",,"[""target/release/euf-viper"",""fabric-solve"",""--engine"",""quotient-portfolio"",""/Users/airbartek/codex/z3/output/worktrees/viper-fabric-next/benchmarks/smtlib-2025/QF_UF/QF_UF/QG-classification/qg6/iso_brn_repgen016.smt2""]"
261,130,6812,QF_UF/QG-classification/qg6/iso_brn_repgen016.smt2,sat,candidate,0,1,sat,0.027277334,0,0,0,,"sat
",,"[""target/release/euf-viper"",""fabric-solve"",""--engine"",""quotient-portfolio"",""/Users/airbartek/codex/z3/output/worktrees/viper-fabric-next/benchmarks/smtlib-2025/QF_UF/QF_UF/QG-classification/qg6/iso_brn_repgen016.smt2""]"
262,131,6813,QF_UF/QG-classification/qg6/iso_brn_repgen017.smt2,sat,candidate,0,0,sat,0.031517417,0,0,0,,"sat
",,"[""target/release/euf-viper"",""fabric-solve"",""--engine"",""quotient-portfolio"",""/Users/airbartek/codex/z3/output/worktrees/viper-fabric-next/benchmarks/smtlib-2025/QF_UF/QF_UF/QG-classification/qg6/iso_brn_repgen017.smt2""]"
263,131,6813,QF_UF/QG-classification/qg6/iso_brn_repgen017.smt2,sat,baseline,0,1,sat,0.072459625,0,0,0,,"sat
",,"[""target/release/euf-viper"",""fabric-solve"",""--engine"",""quotient-portfolio"",""/Users/airbartek/codex/z3/output/worktrees/viper-fabric-next/benchmarks/smtlib-2025/QF_UF/QF_UF/QG-classification/qg6/iso_brn_repgen017.smt2""]"
264,132,6814,QF_UF/QG-classification/qg6/iso_brn_repgen_sk001.smt2,sat,baseline,0,0,sat,0.012792125,0,0,0,,"sat
",,"[""target/release/euf-viper"",""fabric-solve"",""--engine"",""quotient-portfolio"",""/Users/airbartek/codex/z3/output/worktrees/viper-fabric-next/benchmarks/smtlib-2025/QF_UF/QF_UF/QG-classification/qg6/iso_brn_repgen_sk001.smt2""]"
265,132,6814,QF_UF/QG-classification/qg6/iso_brn_repgen_sk001.smt2,sat,candidate,0,1,sat,0.021583334,0,0,0,,"sat
",,"[""target/release/euf-viper"",""fabric-solve"",""--engine"",""quotient-portfolio"",""/Users/airbartek/codex/z3/output/worktrees/viper-fabric-next/benchmarks/smtlib-2025/QF_UF/QF_UF/QG-classification/qg6/iso_brn_repgen_sk001.smt2""]"
266,133,6815,QF_UF/QG-classification/qg6/iso_brn_repgen_sk002.smt2,sat,candidate,0,0,sat,0.021816041,0,0,0,,"sat
",,"[""target/release/euf-viper"",""fabric-solve"",""--engine"",""quotient-portfolio"",""/Users/airbartek/codex/z3/output/worktrees/viper-fabric-next/benchmarks/smtlib-2025/QF_UF/QF_UF/QG-classification/qg6/iso_brn_repgen_sk002.smt2""]"
267,133,6815,QF_UF/QG-classification/qg6/iso_brn_repgen_sk002.smt2,sat,baseline,0,1,sat,0.013756792,0,0,0,,"sat
",,"[""target/release/euf-viper"",""fabric-solve"",""--engine"",""quotient-portfolio"",""/Users/airbartek/codex/z3/output/worktrees/viper-fabric-next/benchmarks/smtlib-2025/QF_UF/QF_UF/QG-classification/qg6/iso_brn_repgen_sk002.smt2""]"
268,134,6816,QF_UF/QG-classification/qg6/iso_brn_repgen_sk003.smt2,sat,baseline,0,0,sat,0.013849042,0,0,0,,"sat
",,"[""target/release/euf-viper"",""fabric-solve"",""--engine"",""quotient-portfolio"",""/Users/airbartek/codex/z3/output/worktrees/viper-fabric-next/benchmarks/smtlib-2025/QF_UF/QF_UF/QG-classification/qg6/iso_brn_repgen_sk003.smt2""]"
269,134,6816,QF_UF/QG-classification/qg6/iso_brn_repgen_sk003.smt2,sat,candidate,0,1,sat,0.021832375,0,0,0,,"sat
",,"[""target/release/euf-viper"",""fabric-solve"",""--engine"",""quotient-portfolio"",""/Users/airbartek/codex/z3/output/worktrees/viper-fabric-next/benchmarks/smtlib-2025/QF_UF/QF_UF/QG-classification/qg6/iso_brn_repgen_sk003.smt2""]"
270,135,6817,QF_UF/QG-classification/qg6/iso_brn_repgen_sk004.smt2,sat,candidate,0,0,sat,0.024340125,0,0,0,,"sat
",,"[""target/release/euf-viper"",""fabric-solve"",""--engine"",""quotient-portfolio"",""/Users/airbartek/codex/z3/output/worktrees/viper-fabric-next/benchmarks/smtlib-2025/QF_UF/QF_UF/QG-classification/qg6/iso_brn_repgen_sk004.smt2""]"
271,135,6817,QF_UF/QG-classification/qg6/iso_brn_repgen_sk004.smt2,sat,baseline,0,1,sat,0.014304250,0,0,0,,"sat
",,"[""target/release/euf-viper"",""fabric-solve"",""--engine"",""quotient-portfolio"",""/Users/airbartek/codex/z3/output/worktrees/viper-fabric-next/benchmarks/smtlib-2025/QF_UF/QF_UF/QG-classification/qg6/iso_brn_repgen_sk004.smt2""]"
272,136,6818,QF_UF/QG-classification/qg6/iso_brn_repgen_sk005.smt2,sat,baseline,0,0,sat,0.013421584,0,0,0,,"sat
",,"[""target/release/euf-viper"",""fabric-solve"",""--engine"",""quotient-portfolio"",""/Users/airbartek/codex/z3/output/worktrees/viper-fabric-next/benchmarks/smtlib-2025/QF_UF/QF_UF/QG-classification/qg6/iso_brn_repgen_sk005.smt2""]"
273,136,6818,QF_UF/QG-classification/qg6/iso_brn_repgen_sk005.smt2,sat,candidate,0,1,sat,0.024853375,0,0,0,,"sat
",,"[""target/release/euf-viper"",""fabric-solve"",""--engine"",""quotient-portfolio"",""/Users/airbartek/codex/z3/output/worktrees/viper-fabric-next/benchmarks/smtlib-2025/QF_UF/QF_UF/QG-classification/qg6/iso_brn_repgen_sk005.smt2""]"
274,137,6819,QF_UF/QG-classification/qg6/iso_brn_repgen_sk006.smt2,sat,candidate,0,0,sat,0.024591458,0,0,0,,"sat
",,"[""target/release/euf-viper"",""fabric-solve"",""--engine"",""quotient-portfolio"",""/Users/airbartek/codex/z3/output/worktrees/viper-fabric-next/benchmarks/smtlib-2025/QF_UF/QF_UF/QG-classification/qg6/iso_brn_repgen_sk006.smt2""]"
275,137,6819,QF_UF/QG-classification/qg6/iso_brn_repgen_sk006.smt2,sat,baseline,0,1,sat,0.022909417,0,0,0,,"sat
",,"[""target/release/euf-viper"",""fabric-solve"",""--engine"",""quotient-portfolio"",""/Users/airbartek/codex/z3/output/worktrees/viper-fabric-next/benchmarks/smtlib-2025/QF_UF/QF_UF/QG-classification/qg6/iso_brn_repgen_sk006.smt2""]"
276,138,6820,QF_UF/QG-classification/qg6/iso_brn_repgen_sk007.smt2,sat,baseline,0,0,sat,0.017821208,0,0,0,,"sat
",,"[""target/release/euf-viper"",""fabric-solve"",""--engine"",""quotient-portfolio"",""/Users/airbartek/codex/z3/output/worktrees/viper-fabric-next/benchmarks/smtlib-2025/QF_UF/QF_UF/QG-classification/qg6/iso_brn_repgen_sk007.smt2""]"
277,138,6820,QF_UF/QG-classification/qg6/iso_brn_repgen_sk007.smt2,sat,candidate,0,1,sat,0.025358834,0,0,0,,"sat
",,"[""target/release/euf-viper"",""fabric-solve"",""--engine"",""quotient-portfolio"",""/Users/airbartek/codex/z3/output/worktrees/viper-fabric-next/benchmarks/smtlib-2025/QF_UF/QF_UF/QG-classification/qg6/iso_brn_repgen_sk007.smt2""]"
278,139,6821,QF_UF/QG-classification/qg6/iso_brn_repgen_sk008.smt2,sat,candidate,0,0,sat,0.023010166,0,0,0,,"sat
",,"[""target/release/euf-viper"",""fabric-solve"",""--engine"",""quotient-portfolio"",""/Users/airbartek/codex/z3/output/worktrees/viper-fabric-next/benchmarks/smtlib-2025/QF_UF/QF_UF/QG-classification/qg6/iso_brn_repgen_sk008.smt2""]"
279,139,6821,QF_UF/QG-classification/qg6/iso_brn_repgen_sk008.smt2,sat,baseline,0,1,sat,0.014916875,0,0,0,,"sat
",,"[""target/release/euf-viper"",""fabric-solve"",""--engine"",""quotient-portfolio"",""/Users/airbartek/codex/z3/output/worktrees/viper-fabric-next/benchmarks/smtlib-2025/QF_UF/QF_UF/QG-classification/qg6/iso_brn_repgen_sk008.smt2""]"
280,140,6822,QF_UF/QG-classification/qg6/iso_brn_repgen_sk009.smt2,sat,baseline,0,0,sat,0.014744250,0,0,0,,"sat
",,"[""target/release/euf-viper"",""fabric-solve"",""--engine"",""quotient-portfolio"",""/Users/airbartek/codex/z3/output/worktrees/viper-fabric-next/benchmarks/smtlib-2025/QF_UF/QF_UF/QG-classification/qg6/iso_brn_repgen_sk009.smt2""]"
281,140,6822,QF_UF/QG-classification/qg6/iso_brn_repgen_sk009.smt2,sat,candidate,0,1,sat,0.022551292,0,0,0,,"sat
",,"[""target/release/euf-viper"",""fabric-solve"",""--engine"",""quotient-portfolio"",""/Users/airbartek/codex/z3/output/worktrees/viper-fabric-next/benchmarks/smtlib-2025/QF_UF/QF_UF/QG-classification/qg6/iso_brn_repgen_sk009.smt2""]"
282,141,6823,QF_UF/QG-classification/qg6/iso_brn_repgen_sk010.smt2,sat,candidate,0,0,sat,0.022613416,0,0,0,,"sat
",,"[""target/release/euf-viper"",""fabric-solve"",""--engine"",""quotient-portfolio"",""/Users/airbartek/codex/z3/output/worktrees/viper-fabric-next/benchmarks/smtlib-2025/QF_UF/QF_UF/QG-classification/qg6/iso_brn_repgen_sk010.smt2""]"
283,141,6823,QF_UF/QG-classification/qg6/iso_brn_repgen_sk010.smt2,sat,baseline,0,1,sat,0.019167291,0,0,0,,"sat
",,"[""target/release/euf-viper"",""fabric-solve"",""--engine"",""quotient-portfolio"",""/Users/airbartek/codex/z3/output/worktrees/viper-fabric-next/benchmarks/smtlib-2025/QF_UF/QF_UF/QG-classification/qg6/iso_brn_repgen_sk010.smt2""]"
284,142,6824,QF_UF/QG-classification/qg6/iso_brn_repgen_sk011.smt2,sat,baseline,0,0,sat,0.014269666,0,0,0,,"sat
",,"[""target/release/euf-viper"",""fabric-solve"",""--engine"",""quotient-portfolio"",""/Users/airbartek/codex/z3/output/worktrees/viper-fabric-next/benchmarks/smtlib-2025/QF_UF/QF_UF/QG-classification/qg6/iso_brn_repgen_sk011.smt2""]"
285,142,6824,QF_UF/QG-classification/qg6/iso_brn_repgen_sk011.smt2,sat,candidate,0,1,sat,0.022621375,0,0,0,,"sat
",,"[""target/release/euf-viper"",""fabric-solve"",""--engine"",""quotient-portfolio"",""/Users/airbartek/codex/z3/output/worktrees/viper-fabric-next/benchmarks/smtlib-2025/QF_UF/QF_UF/QG-classification/qg6/iso_brn_repgen_sk011.smt2""]"
286,143,6825,QF_UF/QG-classification/qg6/iso_brn_repgen_sk012.smt2,sat,candidate,0,0,sat,0.027366375,0,0,0,,"sat
",,"[""target/release/euf-viper"",""fabric-solve"",""--engine"",""quotient-portfolio"",""/Users/airbartek/codex/z3/output/worktrees/viper-fabric-next/benchmarks/smtlib-2025/QF_UF/QF_UF/QG-classification/qg6/iso_brn_repgen_sk012.smt2""]"
287,143,6825,QF_UF/QG-classification/qg6/iso_brn_repgen_sk012.smt2,sat,baseline,0,1,sat,0.018649125,0,0,0,,"sat
",,"[""target/release/euf-viper"",""fabric-solve"",""--engine"",""quotient-portfolio"",""/Users/airbartek/codex/z3/output/worktrees/viper-fabric-next/benchmarks/smtlib-2025/QF_UF/QF_UF/QG-classification/qg6/iso_brn_repgen_sk012.smt2""]"
288,144,6826,QF_UF/QG-classification/qg6/iso_brn_repgen_sk013.smt2,sat,baseline,0,0,sat,0.014970250,0,0,0,,"sat
",,"[""target/release/euf-viper"",""fabric-solve"",""--engine"",""quotient-portfolio"",""/Users/airbartek/codex/z3/output/worktrees/viper-fabric-next/benchmarks/smtlib-2025/QF_UF/QF_UF/QG-classification/qg6/iso_brn_repgen_sk013.smt2""]"
289,144,6826,QF_UF/QG-classification/qg6/iso_brn_repgen_sk013.smt2,sat,candidate,0,1,sat,0.024222875,0,0,0,,"sat
",,"[""target/release/euf-viper"",""fabric-solve"",""--engine"",""quotient-portfolio"",""/Users/airbartek/codex/z3/output/worktrees/viper-fabric-next/benchmarks/smtlib-2025/QF_UF/QF_UF/QG-classification/qg6/iso_brn_repgen_sk013.smt2""]"
290,145,6827,QF_UF/QG-classification/qg6/iso_brn_repgen_sk014.smt2,sat,candidate,0,0,sat,0.027490583,0,0,0,,"sat
",,"[""target/release/euf-viper"",""fabric-solve"",""--engine"",""quotient-portfolio"",""/Users/airbartek/codex/z3/output/worktrees/viper-fabric-next/benchmarks/smtlib-2025/QF_UF/QF_UF/QG-classification/qg6/iso_brn_repgen_sk014.smt2""]"
291,145,6827,QF_UF/QG-classification/qg6/iso_brn_repgen_sk014.smt2,sat,baseline,0,1,sat,0.017564834,0,0,0,,"sat
",,"[""target/release/euf-viper"",""fabric-solve"",""--engine"",""quotient-portfolio"",""/Users/airbartek/codex/z3/output/worktrees/viper-fabric-next/benchmarks/smtlib-2025/QF_UF/QF_UF/QG-classification/qg6/iso_brn_repgen_sk014.smt2""]"
292,146,6828,QF_UF/QG-classification/qg6/iso_brn_repgen_sk015.smt2,sat,baseline,0,0,sat,0.014838833,0,0,0,,"sat
",,"[""target/release/euf-viper"",""fabric-solve"",""--engine"",""quotient-portfolio"",""/Users/airbartek/codex/z3/output/worktrees/viper-fabric-next/benchmarks/smtlib-2025/QF_UF/QF_UF/QG-classification/qg6/iso_brn_repgen_sk015.smt2""]"
293,146,6828,QF_UF/QG-classification/qg6/iso_brn_repgen_sk015.smt2,sat,candidate,0,1,sat,0.023750583,0,0,0,,"sat
",,"[""target/release/euf-viper"",""fabric-solve"",""--engine"",""quotient-portfolio"",""/Users/airbartek/codex/z3/output/worktrees/viper-fabric-next/benchmarks/smtlib-2025/QF_UF/QF_UF/QG-classification/qg6/iso_brn_repgen_sk015.smt2""]"
294,147,6829,QF_UF/QG-classification/qg6/iso_brn_repgen_sk016.smt2,sat,candidate,0,0,sat,0.024727000,0,0,0,,"sat
",,"[""target/release/euf-viper"",""fabric-solve"",""--engine"",""quotient-portfolio"",""/Users/airbartek/codex/z3/output/worktrees/viper-fabric-next/benchmarks/smtlib-2025/QF_UF/QF_UF/QG-classification/qg6/iso_brn_repgen_sk016.smt2""]"
295,147,6829,QF_UF/QG-classification/qg6/iso_brn_repgen_sk016.smt2,sat,baseline,0,1,sat,0.019361334,0,0,0,,"sat
",,"[""target/release/euf-viper"",""fabric-solve"",""--engine"",""quotient-portfolio"",""/Users/airbartek/codex/z3/output/worktrees/viper-fabric-next/benchmarks/smtlib-2025/QF_UF/QF_UF/QG-classification/qg6/iso_brn_repgen_sk016.smt2""]"
296,148,6830,QF_UF/QG-classification/qg6/iso_brn_repgen_sk017.smt2,sat,baseline,0,0,sat,0.027490500,0,0,0,,"sat
",,"[""target/release/euf-viper"",""fabric-solve"",""--engine"",""quotient-portfolio"",""/Users/airbartek/codex/z3/output/worktrees/viper-fabric-next/benchmarks/smtlib-2025/QF_UF/QF_UF/QG-classification/qg6/iso_brn_repgen_sk017.smt2""]"
297,148,6830,QF_UF/QG-classification/qg6/iso_brn_repgen_sk017.smt2,sat,candidate,0,1,sat,0.027930834,0,0,0,,"sat
",,"[""target/release/euf-viper"",""fabric-solve"",""--engine"",""quotient-portfolio"",""/Users/airbartek/codex/z3/output/worktrees/viper-fabric-next/benchmarks/smtlib-2025/QF_UF/QF_UF/QG-classification/qg6/iso_brn_repgen_sk017.smt2""]"
298,149,6831,QF_UF/QG-classification/qg6/iso_brn_sk001.smt2,sat,candidate,0,0,sat,0.009036416,0,0,0,,"sat
",,"[""target/release/euf-viper"",""fabric-solve"",""--engine"",""quotient-portfolio"",""/Users/airbartek/codex/z3/output/worktrees/viper-fabric-next/benchmarks/smtlib-2025/QF_UF/QF_UF/QG-classification/qg6/iso_brn_sk001.smt2""]"
299,149,6831,QF_UF/QG-classification/qg6/iso_brn_sk001.smt2,sat,baseline,0,1,sat,0.007378375,0,0,0,,"sat
",,"[""target/release/euf-viper"",""fabric-solve"",""--engine"",""quotient-portfolio"",""/Users/airbartek/codex/z3/output/worktrees/viper-fabric-next/benchmarks/smtlib-2025/QF_UF/QF_UF/QG-classification/qg6/iso_brn_sk001.smt2""]"
300,150,6832,QF_UF/QG-classification/qg6/iso_brn_sk002.smt2,sat,baseline,0,0,sat,0.008257292,0,0,0,,"sat
",,"[""target/release/euf-viper"",""fabric-solve"",""--engine"",""quotient-portfolio"",""/Users/airbartek/codex/z3/output/worktrees/viper-fabric-next/benchmarks/smtlib-2025/QF_UF/QF_UF/QG-classification/qg6/iso_brn_sk002.smt2""]"
301,150,6832,QF_UF/QG-classification/qg6/iso_brn_sk002.smt2,sat,candidate,0,1,sat,0.008226125,0,0,0,,"sat
",,"[""target/release/euf-viper"",""fabric-solve"",""--engine"",""quotient-portfolio"",""/Users/airbartek/codex/z3/output/worktrees/viper-fabric-next/benchmarks/smtlib-2025/QF_UF/QF_UF/QG-classification/qg6/iso_brn_sk002.smt2""]"
302,151,6833,QF_UF/QG-classification/qg6/iso_brn_sk003.smt2,sat,candidate,0,0,sat,0.007352500,0,0,0,,"sat
",,"[""target/release/euf-viper"",""fabric-solve"",""--engine"",""quotient-portfolio"",""/Users/airbartek/codex/z3/output/worktrees/viper-fabric-next/benchmarks/smtlib-2025/QF_UF/QF_UF/QG-classification/qg6/iso_brn_sk003.smt2""]"
303,151,6833,QF_UF/QG-classification/qg6/iso_brn_sk003.smt2,sat,baseline,0,1,sat,0.005979208,0,0,0,,"sat
",,"[""target/release/euf-viper"",""fabric-solve"",""--engine"",""quotient-portfolio"",""/Users/airbartek/codex/z3/output/worktrees/viper-fabric-next/benchmarks/smtlib-2025/QF_UF/QF_UF/QG-classification/qg6/iso_brn_sk003.smt2""]"
304,152,6834,QF_UF/QG-classification/qg6/iso_brn_sk004.smt2,sat,baseline,0,0,sat,0.006211583,0,0,0,,"sat
",,"[""target/release/euf-viper"",""fabric-solve"",""--engine"",""quotient-portfolio"",""/Users/airbartek/codex/z3/output/worktrees/viper-fabric-next/benchmarks/smtlib-2025/QF_UF/QF_UF/QG-classification/qg6/iso_brn_sk004.smt2""]"
305,152,6834,QF_UF/QG-classification/qg6/iso_brn_sk004.smt2,sat,candidate,0,1,sat,0.008912333,0,0,0,,"sat
",,"[""target/release/euf-viper"",""fabric-solve"",""--engine"",""quotient-portfolio"",""/Users/airbartek/codex/z3/output/worktrees/viper-fabric-next/benchmarks/smtlib-2025/QF_UF/QF_UF/QG-classification/qg6/iso_brn_sk004.smt2""]"
306,153,6835,QF_UF/QG-classification/qg6/iso_brn_sk005.smt2,sat,candidate,0,0,sat,0.008938000,0,0,0,,"sat
",,"[""target/release/euf-viper"",""fabric-solve"",""--engine"",""quotient-portfolio"",""/Users/airbartek/codex/z3/output/worktrees/viper-fabric-next/benchmarks/smtlib-2025/QF_UF/QF_UF/QG-classification/qg6/iso_brn_sk005.smt2""]"
307,153,6835,QF_UF/QG-classification/qg6/iso_brn_sk005.smt2,sat,baseline,0,1,sat,0.011270542,0,0,0,,"sat
",,"[""target/release/euf-viper"",""fabric-solve"",""--engine"",""quotient-portfolio"",""/Users/airbartek/codex/z3/output/worktrees/viper-fabric-next/benchmarks/smtlib-2025/QF_UF/QF_UF/QG-classification/qg6/iso_brn_sk005.smt2""]"
308,154,6836,QF_UF/QG-classification/qg6/iso_brn_sk006.smt2,sat,baseline,0,0,sat,0.011951833,0,0,0,,"sat
",,"[""target/release/euf-viper"",""fabric-solve"",""--engine"",""quotient-portfolio"",""/Users/airbartek/codex/z3/output/worktrees/viper-fabric-next/benchmarks/smtlib-2025/QF_UF/QF_UF/QG-classification/qg6/iso_brn_sk006.smt2""]"
309,154,6836,QF_UF/QG-classification/qg6/iso_brn_sk006.smt2,sat,candidate,0,1,sat,0.009928750,0,0,0,,"sat
",,"[""target/release/euf-viper"",""fabric-solve"",""--engine"",""quotient-portfolio"",""/Users/airbartek/codex/z3/output/worktrees/viper-fabric-next/benchmarks/smtlib-2025/QF_UF/QF_UF/QG-classification/qg6/iso_brn_sk006.smt2""]"
310,155,6837,QF_UF/QG-classification/qg6/iso_brn_sk007.smt2,sat,candidate,0,0,sat,0.011744834,0,0,0,,"sat
",,"[""target/release/euf-viper"",""fabric-solve"",""--engine"",""quotient-portfolio"",""/Users/airbartek/codex/z3/output/worktrees/viper-fabric-next/benchmarks/smtlib-2025/QF_UF/QF_UF/QG-classification/qg6/iso_brn_sk007.smt2""]"
311,155,6837,QF_UF/QG-classification/qg6/iso_brn_sk007.smt2,sat,baseline,0,1,sat,0.008849459,0,0,0,,"sat
",,"[""target/release/euf-viper"",""fabric-solve"",""--engine"",""quotient-portfolio"",""/Users/airbartek/codex/z3/output/worktrees/viper-fabric-next/benchmarks/smtlib-2025/QF_UF/QF_UF/QG-classification/qg6/iso_brn_sk007.smt2""]"
312,156,6838,QF_UF/QG-classification/qg6/iso_brn_sk008.smt2,sat,baseline,0,0,sat,0.007992083,0,0,0,,"sat
",,"[""target/release/euf-viper"",""fabric-solve"",""--engine"",""quotient-portfolio"",""/Users/airbartek/codex/z3/output/worktrees/viper-fabric-next/benchmarks/smtlib-2025/QF_UF/QF_UF/QG-classification/qg6/iso_brn_sk008.smt2""]"
313,156,6838,QF_UF/QG-classification/qg6/iso_brn_sk008.smt2,sat,candidate,0,1,sat,0.013661792,0,0,0,,"sat
",,"[""target/release/euf-viper"",""fabric-solve"",""--engine"",""quotient-portfolio"",""/Users/airbartek/codex/z3/output/worktrees/viper-fabric-next/benchmarks/smtlib-2025/QF_UF/QF_UF/QG-classification/qg6/iso_brn_sk008.smt2""]"
314,157,6839,QF_UF/QG-classification/qg6/iso_brn_sk009.smt2,sat,candidate,0,0,sat,0.007132459,0,0,0,,"sat
",,"[""target/release/euf-viper"",""fabric-solve"",""--engine"",""quotient-portfolio"",""/Users/airbartek/codex/z3/output/worktrees/viper-fabric-next/benchmarks/smtlib-2025/QF_UF/QF_UF/QG-classification/qg6/iso_brn_sk009.smt2""]"
315,157,6839,QF_UF/QG-classification/qg6/iso_brn_sk009.smt2,sat,baseline,0,1,sat,0.006855166,0,0,0,,"sat
",,"[""target/release/euf-viper"",""fabric-solve"",""--engine"",""quotient-portfolio"",""/Users/airbartek/codex/z3/output/worktrees/viper-fabric-next/benchmarks/smtlib-2025/QF_UF/QF_UF/QG-classification/qg6/iso_brn_sk009.smt2""]"
316,158,6840,QF_UF/QG-classification/qg6/iso_brn_sk010.smt2,sat,baseline,0,0,sat,0.009032250,0,0,0,,"sat
",,"[""target/release/euf-viper"",""fabric-solve"",""--engine"",""quotient-portfolio"",""/Users/airbartek/codex/z3/output/worktrees/viper-fabric-next/benchmarks/smtlib-2025/QF_UF/QF_UF/QG-classification/qg6/iso_brn_sk010.smt2""]"
317,158,6840,QF_UF/QG-classification/qg6/iso_brn_sk010.smt2,sat,candidate,0,1,sat,0.008283125,0,0,0,,"sat
",,"[""target/release/euf-viper"",""fabric-solve"",""--engine"",""quotient-portfolio"",""/Users/airbartek/codex/z3/output/worktrees/viper-fabric-next/benchmarks/smtlib-2025/QF_UF/QF_UF/QG-classification/qg6/iso_brn_sk010.smt2""]"
318,159,6841,QF_UF/QG-classification/qg6/iso_brn_sk011.smt2,unsat,candidate,0,0,unsat,0.014490875,0,0,0,,"unsat
",,"[""target/release/euf-viper"",""fabric-solve"",""--engine"",""quotient-portfolio"",""/Users/airbartek/codex/z3/output/worktrees/viper-fabric-next/benchmarks/smtlib-2025/QF_UF/QF_UF/QG-classification/qg6/iso_brn_sk011.smt2""]"
319,159,6841,QF_UF/QG-classification/qg6/iso_brn_sk011.smt2,unsat,baseline,0,1,unsat,0.011424417,0,0,0,,"unsat
",,"[""target/release/euf-viper"",""fabric-solve"",""--engine"",""quotient-portfolio"",""/Users/airbartek/codex/z3/output/worktrees/viper-fabric-next/benchmarks/smtlib-2025/QF_UF/QF_UF/QG-classification/qg6/iso_brn_sk011.smt2""]"
320,160,6842,QF_UF/QG-classification/qg6/iso_brn_sk012.smt2,sat,baseline,0,0,sat,0.010215833,0,0,0,,"sat
",,"[""target/release/euf-viper"",""fabric-solve"",""--engine"",""quotient-portfolio"",""/Users/airbartek/codex/z3/output/worktrees/viper-fabric-next/benchmarks/smtlib-2025/QF_UF/QF_UF/QG-classification/qg6/iso_brn_sk012.smt2""]"
321,160,6842,QF_UF/QG-classification/qg6/iso_brn_sk012.smt2,sat,candidate,0,1,sat,0.008284750,0,0,0,,"sat
",,"[""target/release/euf-viper"",""fabric-solve"",""--engine"",""quotient-portfolio"",""/Users/airbartek/codex/z3/output/worktrees/viper-fabric-next/benchmarks/smtlib-2025/QF_UF/QF_UF/QG-classification/qg6/iso_brn_sk012.smt2""]"
322,161,6843,QF_UF/QG-classification/qg6/iso_brn_sk013.smt2,sat,candidate,0,0,sat,0.012341791,0,0,0,,"sat
",,"[""target/release/euf-viper"",""fabric-solve"",""--engine"",""quotient-portfolio"",""/Users/airbartek/codex/z3/output/worktrees/viper-fabric-next/benchmarks/smtlib-2025/QF_UF/QF_UF/QG-classification/qg6/iso_brn_sk013.smt2""]"
323,161,6843,QF_UF/QG-classification/qg6/iso_brn_sk013.smt2,sat,baseline,0,1,sat,0.012068209,0,0,0,,"sat
",,"[""target/release/euf-viper"",""fabric-solve"",""--engine"",""quotient-portfolio"",""/Users/airbartek/codex/z3/output/worktrees/viper-fabric-next/benchmarks/smtlib-2025/QF_UF/QF_UF/QG-classification/qg6/iso_brn_sk013.smt2""]"
324,162,6844,QF_UF/QG-classification/qg6/iso_brn_sk014.smt2,unsat,baseline,0,0,unsat,0.009108917,0,0,0,,"unsat
",,"[""target/release/euf-viper"",""fabric-solve"",""--engine"",""quotient-portfolio"",""/Users/airbartek/codex/z3/output/worktrees/viper-fabric-next/benchmarks/smtlib-2025/QF_UF/QF_UF/QG-classification/qg6/iso_brn_sk014.smt2""]"
325,162,6844,QF_UF/QG-classification/qg6/iso_brn_sk014.smt2,unsat,candidate,0,1,unsat,0.009839375,0,0,0,,"unsat
",,"[""target/release/euf-viper"",""fabric-solve"",""--engine"",""quotient-portfolio"",""/Users/airbartek/codex/z3/output/worktrees/viper-fabric-next/benchmarks/smtlib-2025/QF_UF/QF_UF/QG-classification/qg6/iso_brn_sk014.smt2""]"
326,163,6845,QF_UF/QG-classification/qg6/iso_brn_sk015.smt2,unsat,candidate,0,0,unsat,0.010282500,0,0,0,,"unsat
",,"[""target/release/euf-viper"",""fabric-solve"",""--engine"",""quotient-portfolio"",""/Users/airbartek/codex/z3/output/worktrees/viper-fabric-next/benchmarks/smtlib-2025/QF_UF/QF_UF/QG-classification/qg6/iso_brn_sk015.smt2""]"
327,163,6845,QF_UF/QG-classification/qg6/iso_brn_sk015.smt2,unsat,baseline,0,1,unsat,0.010356750,0,0,0,,"unsat
",,"[""target/release/euf-viper"",""fabric-solve"",""--engine"",""quotient-portfolio"",""/Users/airbartek/codex/z3/output/worktrees/viper-fabric-next/benchmarks/smtlib-2025/QF_UF/QF_UF/QG-classification/qg6/iso_brn_sk015.smt2""]"
328,164,6846,QF_UF/QG-classification/qg6/iso_brn_sk016.smt2,unsat,baseline,0,0,unsat,0.008560291,0,0,0,,"unsat
",,"[""target/release/euf-viper"",""fabric-solve"",""--engine"",""quotient-portfolio"",""/Users/airbartek/codex/z3/output/worktrees/viper-fabric-next/benchmarks/smtlib-2025/QF_UF/QF_UF/QG-classification/qg6/iso_brn_sk016.smt2""]"
329,164,6846,QF_UF/QG-classification/qg6/iso_brn_sk016.smt2,unsat,candidate,0,1,unsat,0.009481541,0,0,0,,"unsat
",,"[""target/release/euf-viper"",""fabric-solve"",""--engine"",""quotient-portfolio"",""/Users/airbartek/codex/z3/output/worktrees/viper-fabric-next/benchmarks/smtlib-2025/QF_UF/QF_UF/QG-classification/qg6/iso_brn_sk016.smt2""]"
330,165,6847,QF_UF/QG-classification/qg6/iso_brn_sk017.smt2,sat,candidate,0,0,sat,0.009293458,0,0,0,,"sat
",,"[""target/release/euf-viper"",""fabric-solve"",""--engine"",""quotient-portfolio"",""/Users/airbartek/codex/z3/output/worktrees/viper-fabric-next/benchmarks/smtlib-2025/QF_UF/QF_UF/QG-classification/qg6/iso_brn_sk017.smt2""]"
331,165,6847,QF_UF/QG-classification/qg6/iso_brn_sk017.smt2,sat,baseline,0,1,sat,0.008280291,0,0,0,,"sat
",,"[""target/release/euf-viper"",""fabric-solve"",""--engine"",""quotient-portfolio"",""/Users/airbartek/codex/z3/output/worktrees/viper-fabric-next/benchmarks/smtlib-2025/QF_UF/QF_UF/QG-classification/qg6/iso_brn_sk017.smt2""]"
332,166,6848,QF_UF/QG-classification/qg6/iso_icl001.smt2,unsat,baseline,0,0,unsat,0.108351250,0,0,0,,"unsat
",,"[""target/release/euf-viper"",""fabric-solve"",""--engine"",""quotient-portfolio"",""/Users/airbartek/codex/z3/output/worktrees/viper-fabric-next/benchmarks/smtlib-2025/QF_UF/QF_UF/QG-classification/qg6/iso_icl001.smt2""]"
333,166,6848,QF_UF/QG-classification/qg6/iso_icl001.smt2,unsat,candidate,0,1,unsat,0.107998250,0,0,0,,"unsat
",,"[""target/release/euf-viper"",""fabric-solve"",""--engine"",""quotient-portfolio"",""/Users/airbartek/codex/z3/output/worktrees/viper-fabric-next/benchmarks/smtlib-2025/QF_UF/QF_UF/QG-classification/qg6/iso_icl001.smt2""]"
334,167,6849,QF_UF/QG-classification/qg6/iso_icl002.smt2,unsat,candidate,0,0,unsat,0.065194666,0,0,0,,"unsat
",,"[""target/release/euf-viper"",""fabric-solve"",""--engine"",""quotient-portfolio"",""/Users/airbartek/codex/z3/output/worktrees/viper-fabric-next/benchmarks/smtlib-2025/QF_UF/QF_UF/QG-classification/qg6/iso_icl002.smt2""]"
335,167,6849,QF_UF/QG-classification/qg6/iso_icl002.smt2,unsat,baseline,0,1,unsat,0.064957250,0,0,0,,"unsat
",,"[""target/release/euf-viper"",""fabric-solve"",""--engine"",""quotient-portfolio"",""/Users/airbartek/codex/z3/output/worktrees/viper-fabric-next/benchmarks/smtlib-2025/QF_UF/QF_UF/QG-classification/qg6/iso_icl002.smt2""]"
336,168,6850,QF_UF/QG-classification/qg6/iso_icl003.smt2,unsat,baseline,0,0,unsat,0.083111708,0,0,0,,"unsat
",,"[""target/release/euf-viper"",""fabric-solve"",""--engine"",""quotient-portfolio"",""/Users/airbartek/codex/z3/output/worktrees/viper-fabric-next/benchmarks/smtlib-2025/QF_UF/QF_UF/QG-classification/qg6/iso_icl003.smt2""]"
337,168,6850,QF_UF/QG-classification/qg6/iso_icl003.smt2,unsat,candidate,0,1,unsat,0.082403417,0,0,0,,"unsat
",,"[""target/release/euf-viper"",""fabric-solve"",""--engine"",""quotient-portfolio"",""/Users/airbartek/codex/z3/output/worktrees/viper-fabric-next/benchmarks/smtlib-2025/QF_UF/QF_UF/QG-classification/qg6/iso_icl003.smt2""]"
338,169,6851,QF_UF/QG-classification/qg6/iso_icl004.smt2,unsat,candidate,0,0,unsat,0.087583417,0,0,0,,"unsat
",,"[""target/release/euf-viper"",""fabric-solve"",""--engine"",""quotient-portfolio"",""/Users/airbartek/codex/z3/output/worktrees/viper-fabric-next/benchmarks/smtlib-2025/QF_UF/QF_UF/QG-classification/qg6/iso_icl004.smt2""]"
339,169,6851,QF_UF/QG-classification/qg6/iso_icl004.smt2,unsat,baseline,0,1,unsat,0.087440333,0,0,0,,"unsat
",,"[""target/release/euf-viper"",""fabric-solve"",""--engine"",""quotient-portfolio"",""/Users/airbartek/codex/z3/output/worktrees/viper-fabric-next/benchmarks/smtlib-2025/QF_UF/QF_UF/QG-classification/qg6/iso_icl004.smt2""]"
340,170,6852,QF_UF/QG-classification/qg6/iso_icl005.smt2,unsat,baseline,0,0,unsat,0.050071208,0,0,0,,"unsat
",,"[""target/release/euf-viper"",""fabric-solve"",""--engine"",""quotient-portfolio"",""/Users/airbartek/codex/z3/output/worktrees/viper-fabric-next/benchmarks/smtlib-2025/QF_UF/QF_UF/QG-classification/qg6/iso_icl005.smt2""]"
341,170,6852,QF_UF/QG-classification/qg6/iso_icl005.smt2,unsat,candidate,0,1,unsat,0.049506875,0,0,0,,"unsat
",,"[""target/release/euf-viper"",""fabric-solve"",""--engine"",""quotient-portfolio"",""/Users/airbartek/codex/z3/output/worktrees/viper-fabric-next/benchmarks/smtlib-2025/QF_UF/QF_UF/QG-classification/qg6/iso_icl005.smt2""]"
342,171,6853,QF_UF/QG-classification/qg6/iso_icl006.smt2,unsat,candidate,0,0,unsat,0.087026334,0,0,0,,"unsat
",,"[""target/release/euf-viper"",""fabric-solve"",""--engine"",""quotient-portfolio"",""/Users/airbartek/codex/z3/output/worktrees/viper-fabric-next/benchmarks/smtlib-2025/QF_UF/QF_UF/QG-classification/qg6/iso_icl006.smt2""]"
343,171,6853,QF_UF/QG-classification/qg6/iso_icl006.smt2,unsat,baseline,0,1,unsat,0.087640916,0,0,0,,"unsat
",,"[""target/release/euf-viper"",""fabric-solve"",""--engine"",""quotient-portfolio"",""/Users/airbartek/codex/z3/output/worktrees/viper-fabric-next/benchmarks/smtlib-2025/QF_UF/QF_UF/QG-classification/qg6/iso_icl006.smt2""]"
344,172,6854,QF_UF/QG-classification/qg6/iso_icl007.smt2,unsat,baseline,0,0,unsat,0.086872209,0,0,0,,"unsat
",,"[""target/release/euf-viper"",""fabric-solve"",""--engine"",""quotient-portfolio"",""/Users/airbartek/codex/z3/output/worktrees/viper-fabric-next/benchmarks/smtlib-2025/QF_UF/QF_UF/QG-classification/qg6/iso_icl007.smt2""]"
345,172,6854,QF_UF/QG-classification/qg6/iso_icl007.smt2,unsat,candidate,0,1,unsat,0.084062459,0,0,0,,"unsat
",,"[""target/release/euf-viper"",""fabric-solve"",""--engine"",""quotient-portfolio"",""/Users/airbartek/codex/z3/output/worktrees/viper-fabric-next/benchmarks/smtlib-2025/QF_UF/QF_UF/QG-classification/qg6/iso_icl007.smt2""]"
346,173,6855,QF_UF/QG-classification/qg6/iso_icl008.smt2,unsat,candidate,0,0,unsat,0.058929250,0,0,0,,"unsat
",,"[""target/release/euf-viper"",""fabric-solve"",""--engine"",""quotient-portfolio"",""/Users/airbartek/codex/z3/output/worktrees/viper-fabric-next/benchmarks/smtlib-2025/QF_UF/QF_UF/QG-classification/qg6/iso_icl008.smt2""]"
347,173,6855,QF_UF/QG-classification/qg6/iso_icl008.smt2,unsat,baseline,0,1,unsat,0.058401250,0,0,0,,"unsat
",,"[""target/release/euf-viper"",""fabric-solve"",""--engine"",""quotient-portfolio"",""/Users/airbartek/codex/z3/output/worktrees/viper-fabric-next/benchmarks/smtlib-2025/QF_UF/QF_UF/QG-classification/qg6/iso_icl008.smt2""]"
348,174,6856,QF_UF/QG-classification/qg6/iso_icl009.smt2,unsat,baseline,0,0,unsat,0.067520042,0,0,0,,"unsat
",,"[""target/release/euf-viper"",""fabric-solve"",""--engine"",""quotient-portfolio"",""/Users/airbartek/codex/z3/output/worktrees/viper-fabric-next/benchmarks/smtlib-2025/QF_UF/QF_UF/QG-classification/qg6/iso_icl009.smt2""]"
349,174,6856,QF_UF/QG-classification/qg6/iso_icl009.smt2,unsat,candidate,0,1,unsat,0.067529041,0,0,0,,"unsat
",,"[""target/release/euf-viper"",""fabric-solve"",""--engine"",""quotient-portfolio"",""/Users/airbartek/codex/z3/output/worktrees/viper-fabric-next/benchmarks/smtlib-2025/QF_UF/QF_UF/QG-classification/qg6/iso_icl009.smt2""]"
350,175,6857,QF_UF/QG-classification/qg6/iso_icl010.smt2,unsat,candidate,0,0,unsat,0.054349000,0,0,0,,"unsat
",,"[""target/release/euf-viper"",""fabric-solve"",""--engine"",""quotient-portfolio"",""/Users/airbartek/codex/z3/output/worktrees/viper-fabric-next/benchmarks/smtlib-2025/QF_UF/QF_UF/QG-classification/qg6/iso_icl010.smt2""]"
351,175,6857,QF_UF/QG-classification/qg6/iso_icl010.smt2,unsat,baseline,0,1,unsat,0.054246125,0,0,0,,"unsat
",,"[""target/release/euf-viper"",""fabric-solve"",""--engine"",""quotient-portfolio"",""/Users/airbartek/codex/z3/output/worktrees/viper-fabric-next/benchmarks/smtlib-2025/QF_UF/QF_UF/QG-classification/qg6/iso_icl010.smt2""]"
352,176,6858,QF_UF/QG-classification/qg6/iso_icl011.smt2,unsat,baseline,0,0,unsat,0.074741083,0,0,0,,"unsat
",,"[""target/release/euf-viper"",""fabric-solve"",""--engine"",""quotient-portfolio"",""/Users/airbartek/codex/z3/output/worktrees/viper-fabric-next/benchmarks/smtlib-2025/QF_UF/QF_UF/QG-classification/qg6/iso_icl011.smt2""]"
353,176,6858,QF_UF/QG-classification/qg6/iso_icl011.smt2,unsat,candidate,0,1,unsat,0.075233417,0,0,0,,"unsat
",,"[""target/release/euf-viper"",""fabric-solve"",""--engine"",""quotient-portfolio"",""/Users/airbartek/codex/z3/output/worktrees/viper-fabric-next/benchmarks/smtlib-2025/QF_UF/QF_UF/QG-classification/qg6/iso_icl011.smt2""]"
354,177,6859,QF_UF/QG-classification/qg6/iso_icl012.smt2,unsat,candidate,0,0,unsat,0.098336959,0,0,0,,"unsat
",,"[""target/release/euf-viper"",""fabric-solve"",""--engine"",""quotient-portfolio"",""/Users/airbartek/codex/z3/output/worktrees/viper-fabric-next/benchmarks/smtlib-2025/QF_UF/QF_UF/QG-classification/qg6/iso_icl012.smt2""]"
355,177,6859,QF_UF/QG-classification/qg6/iso_icl012.smt2,unsat,baseline,0,1,unsat,0.095722250,0,0,0,,"unsat
",,"[""target/release/euf-viper"",""fabric-solve"",""--engine"",""quotient-portfolio"",""/Users/airbartek/codex/z3/output/worktrees/viper-fabric-next/benchmarks/smtlib-2025/QF_UF/QF_UF/QG-classification/qg6/iso_icl012.smt2""]"
356,178,6860,QF_UF/QG-classification/qg6/iso_icl013.smt2,unsat,baseline,0,0,unsat,0.095568792,0,0,0,,"unsat
",,"[""target/release/euf-viper"",""fabric-solve"",""--engine"",""quotient-portfolio"",""/Users/airbartek/codex/z3/output/worktrees/viper-fabric-next/benchmarks/smtlib-2025/QF_UF/QF_UF/QG-classification/qg6/iso_icl013.smt2""]"
357,178,6860,QF_UF/QG-classification/qg6/iso_icl013.smt2,unsat,candidate,0,1,unsat,0.098974417,0,0,0,,"unsat
",,"[""target/release/euf-viper"",""fabric-solve"",""--engine"",""quotient-portfolio"",""/Users/airbartek/codex/z3/output/worktrees/viper-fabric-next/benchmarks/smtlib-2025/QF_UF/QF_UF/QG-classification/qg6/iso_icl013.smt2""]"
358,179,6861,QF_UF/QG-classification/qg6/iso_icl_nogen001.smt2,unsat,candidate,0,0,unsat,0.606248958,0,0,0,,"unsat
",,"[""target/release/euf-viper"",""fabric-solve"",""--engine"",""quotient-portfolio"",""/Users/airbartek/codex/z3/output/worktrees/viper-fabric-next/benchmarks/smtlib-2025/QF_UF/QF_UF/QG-classification/qg6/iso_icl_nogen001.smt2""]"
359,179,6861,QF_UF/QG-classification/qg6/iso_icl_nogen001.smt2,unsat,baseline,0,1,timeout,2.004489500,124,-9,1,timeout,,,"[""target/release/euf-viper"",""fabric-solve"",""--engine"",""quotient-portfolio"",""/Users/airbartek/codex/z3/output/worktrees/viper-fabric-next/benchmarks/smtlib-2025/QF_UF/QF_UF/QG-classification/qg6/iso_icl_nogen001.smt2""]"
360,180,6862,QF_UF/QG-classification/qg6/iso_icl_nogen002.smt2,unsat,baseline,0,0,timeout,2.004411458,124,-9,1,timeout,,,"[""target/release/euf-viper"",""fabric-solve"",""--engine"",""quotient-portfolio"",""/Users/airbartek/codex/z3/output/worktrees/viper-fabric-next/benchmarks/smtlib-2025/QF_UF/QF_UF/QG-classification/qg6/iso_icl_nogen002.smt2""]"
361,180,6862,QF_UF/QG-classification/qg6/iso_icl_nogen002.smt2,unsat,candidate,0,1,unsat,0.432907083,0,0,0,,"unsat
",,"[""target/release/euf-viper"",""fabric-solve"",""--engine"",""quotient-portfolio"",""/Users/airbartek/codex/z3/output/worktrees/viper-fabric-next/benchmarks/smtlib-2025/QF_UF/QF_UF/QG-classification/qg6/iso_icl_nogen002.smt2""]"
362,181,6863,QF_UF/QG-classification/qg6/iso_icl_nogen003.smt2,unsat,candidate,0,0,unsat,0.541248209,0,0,0,,"unsat
",,"[""target/release/euf-viper"",""fabric-solve"",""--engine"",""quotient-portfolio"",""/Users/airbartek/codex/z3/output/worktrees/viper-fabric-next/benchmarks/smtlib-2025/QF_UF/QF_UF/QG-classification/qg6/iso_icl_nogen003.smt2""]"
363,181,6863,QF_UF/QG-classification/qg6/iso_icl_nogen003.smt2,unsat,baseline,0,1,timeout,2.004471750,124,-9,1,timeout,,,"[""target/release/euf-viper"",""fabric-solve"",""--engine"",""quotient-portfolio"",""/Users/airbartek/codex/z3/output/worktrees/viper-fabric-next/benchmarks/smtlib-2025/QF_UF/QF_UF/QG-classification/qg6/iso_icl_nogen003.smt2""]"
364,182,6864,QF_UF/QG-classification/qg6/iso_icl_nogen004.smt2,unsat,baseline,0,0,timeout,2.003384875,124,-9,1,timeout,,,"[""target/release/euf-viper"",""fabric-solve"",""--engine"",""quotient-portfolio"",""/Users/airbartek/codex/z3/output/worktrees/viper-fabric-next/benchmarks/smtlib-2025/QF_UF/QF_UF/QG-classification/qg6/iso_icl_nogen004.smt2""]"
365,182,6864,QF_UF/QG-classification/qg6/iso_icl_nogen004.smt2,unsat,candidate,0,1,unsat,0.519333292,0,0,0,,"unsat
",,"[""target/release/euf-viper"",""fabric-solve"",""--engine"",""quotient-portfolio"",""/Users/airbartek/codex/z3/output/worktrees/viper-fabric-next/benchmarks/smtlib-2025/QF_UF/QF_UF/QG-classification/qg6/iso_icl_nogen004.smt2""]"
366,183,6865,QF_UF/QG-classification/qg6/iso_icl_nogen005.smt2,unsat,candidate,0,0,unsat,0.480965000,0,0,0,,"unsat
",,"[""target/release/euf-viper"",""fabric-solve"",""--engine"",""quotient-portfolio"",""/Users/airbartek/codex/z3/output/worktrees/viper-fabric-next/benchmarks/smtlib-2025/QF_UF/QF_UF/QG-classification/qg6/iso_icl_nogen005.smt2""]"
367,183,6865,QF_UF/QG-classification/qg6/iso_icl_nogen005.smt2,unsat,baseline,0,1,timeout,2.004518875,124,-9,1,timeout,,,"[""target/release/euf-viper"",""fabric-solve"",""--engine"",""quotient-portfolio"",""/Users/airbartek/codex/z3/output/worktrees/viper-fabric-next/benchmarks/smtlib-2025/QF_UF/QF_UF/QG-classification/qg6/iso_icl_nogen005.smt2""]"
368,184,6866,QF_UF/QG-classification/qg6/iso_icl_nogen006.smt2,unsat,baseline,0,0,timeout,2.002581708,124,-9,1,timeout,,,"[""target/release/euf-viper"",""fabric-solve"",""--engine"",""quotient-portfolio"",""/Users/airbartek/codex/z3/output/worktrees/viper-fabric-next/benchmarks/smtlib-2025/QF_UF/QF_UF/QG-classification/qg6/iso_icl_nogen006.smt2""]"
369,184,6866,QF_UF/QG-classification/qg6/iso_icl_nogen006.smt2,unsat,candidate,0,1,unsat,0.591569792,0,0,0,,"unsat
",,"[""target/release/euf-viper"",""fabric-solve"",""--engine"",""quotient-portfolio"",""/Users/airbartek/codex/z3/output/worktrees/viper-fabric-next/benchmarks/smtlib-2025/QF_UF/QF_UF/QG-classification/qg6/iso_icl_nogen006.smt2""]"
370,185,6867,QF_UF/QG-classification/qg6/iso_icl_nogen007.smt2,unsat,candidate,0,0,unsat,0.599535000,0,0,0,,"unsat
",,"[""target/release/euf-viper"",""fabric-solve"",""--engine"",""quotient-portfolio"",""/Users/airbartek/codex/z3/output/worktrees/viper-fabric-next/benchmarks/smtlib-2025/QF_UF/QF_UF/QG-classification/qg6/iso_icl_nogen007.smt2""]"
371,185,6867,QF_UF/QG-classification/qg6/iso_icl_nogen007.smt2,unsat,baseline,0,1,timeout,2.004570917,124,-9,1,timeout,,,"[""target/release/euf-viper"",""fabric-solve"",""--engine"",""quotient-portfolio"",""/Users/airbartek/codex/z3/output/worktrees/viper-fabric-next/benchmarks/smtlib-2025/QF_UF/QF_UF/QG-classification/qg6/iso_icl_nogen007.smt2""]"
372,186,6868,QF_UF/QG-classification/qg6/iso_icl_nogen008.smt2,unsat,baseline,0,0,timeout,2.003802708,124,-9,1,timeout,,,"[""target/release/euf-viper"",""fabric-solve"",""--engine"",""quotient-portfolio"",""/Users/airbartek/codex/z3/output/worktrees/viper-fabric-next/benchmarks/smtlib-2025/QF_UF/QF_UF/QG-classification/qg6/iso_icl_nogen008.smt2""]"
373,186,6868,QF_UF/QG-classification/qg6/iso_icl_nogen008.smt2,unsat,candidate,0,1,unsat,0.910063834,0,0,0,,"unsat
",,"[""target/release/euf-viper"",""fabric-solve"",""--engine"",""quotient-portfolio"",""/Users/airbartek/codex/z3/output/worktrees/viper-fabric-next/benchmarks/smtlib-2025/QF_UF/QF_UF/QG-classification/qg6/iso_icl_nogen008.smt2""]"
374,187,6869,QF_UF/QG-classification/qg6/iso_icl_nogen009.smt2,unsat,candidate,0,0,unsat,0.800147833,0,0,0,,"unsat
",,"[""target/release/euf-viper"",""fabric-solve"",""--engine"",""quotient-portfolio"",""/Users/airbartek/codex/z3/output/worktrees/viper-fabric-next/benchmarks/smtlib-2025/QF_UF/QF_UF/QG-classification/qg6/iso_icl_nogen009.smt2""]"
375,187,6869,QF_UF/QG-classification/qg6/iso_icl_nogen009.smt2,unsat,baseline,0,1,timeout,2.004716209,124,-9,1,timeout,,,"[""target/release/euf-viper"",""fabric-solve"",""--engine"",""quotient-portfolio"",""/Users/airbartek/codex/z3/output/worktrees/viper-fabric-next/benchmarks/smtlib-2025/QF_UF/QF_UF/QG-classification/qg6/iso_icl_nogen009.smt2""]"
376,188,6870,QF_UF/QG-classification/qg6/iso_icl_nogen010.smt2,unsat,baseline,0,0,timeout,2.004822209,124,-9,1,timeout,,,"[""target/release/euf-viper"",""fabric-solve"",""--engine"",""quotient-portfolio"",""/Users/airbartek/codex/z3/output/worktrees/viper-fabric-next/benchmarks/smtlib-2025/QF_UF/QF_UF/QG-classification/qg6/iso_icl_nogen010.smt2""]"
377,188,6870,QF_UF/QG-classification/qg6/iso_icl_nogen010.smt2,unsat,candidate,0,1,unsat,0.591941500,0,0,0,,"unsat
",,"[""target/release/euf-viper"",""fabric-solve"",""--engine"",""quotient-portfolio"",""/Users/airbartek/codex/z3/output/worktrees/viper-fabric-next/benchmarks/smtlib-2025/QF_UF/QF_UF/QG-classification/qg6/iso_icl_nogen010.smt2""]"
378,189,6871,QF_UF/QG-classification/qg6/iso_icl_nogen011.smt2,unsat,candidate,0,0,unsat,0.513469208,0,0,0,,"unsat
",,"[""target/release/euf-viper"",""fabric-solve"",""--engine"",""quotient-portfolio"",""/Users/airbartek/codex/z3/output/worktrees/viper-fabric-next/benchmarks/smtlib-2025/QF_UF/QF_UF/QG-classification/qg6/iso_icl_nogen011.smt2""]"
379,189,6871,QF_UF/QG-classification/qg6/iso_icl_nogen011.smt2,unsat,baseline,0,1,timeout,2.004467958,124,-9,1,timeout,,,"[""target/release/euf-viper"",""fabric-solve"",""--engine"",""quotient-portfolio"",""/Users/airbartek/codex/z3/output/worktrees/viper-fabric-next/benchmarks/smtlib-2025/QF_UF/QF_UF/QG-classification/qg6/iso_icl_nogen011.smt2""]"
380,190,6872,QF_UF/QG-classification/qg6/iso_icl_nogen012.smt2,unsat,baseline,0,0,timeout,2.004620459,124,-9,1,timeout,,,"[""target/release/euf-viper"",""fabric-solve"",""--engine"",""quotient-portfolio"",""/Users/airbartek/codex/z3/output/worktrees/viper-fabric-next/benchmarks/smtlib-2025/QF_UF/QF_UF/QG-classification/qg6/iso_icl_nogen012.smt2""]"
381,190,6872,QF_UF/QG-classification/qg6/iso_icl_nogen012.smt2,unsat,candidate,0,1,unsat,0.732895709,0,0,0,,"unsat
",,"[""target/release/euf-viper"",""fabric-solve"",""--engine"",""quotient-portfolio"",""/Users/airbartek/codex/z3/output/worktrees/viper-fabric-next/benchmarks/smtlib-2025/QF_UF/QF_UF/QG-classification/qg6/iso_icl_nogen012.smt2""]"
382,191,6873,QF_UF/QG-classification/qg6/iso_icl_nogen013.smt2,unsat,candidate,0,0,unsat,0.837738333,0,0,0,,"unsat
",,"[""target/release/euf-viper"",""fabric-solve"",""--engine"",""quotient-portfolio"",""/Users/airbartek/codex/z3/output/worktrees/viper-fabric-next/benchmarks/smtlib-2025/QF_UF/QF_UF/QG-classification/qg6/iso_icl_nogen013.smt2""]"
383,191,6873,QF_UF/QG-classification/qg6/iso_icl_nogen013.smt2,unsat,baseline,0,1,timeout,2.004412833,124,-9,1,timeout,,,"[""target/release/euf-viper"",""fabric-solve"",""--engine"",""quotient-portfolio"",""/Users/airbartek/codex/z3/output/worktrees/viper-fabric-next/benchmarks/smtlib-2025/QF_UF/QF_UF/QG-classification/qg6/iso_icl_nogen013.smt2""]"
384,192,6874,QF_UF/QG-classification/qg6/iso_icl_nogen_sk001.smt2,unsat,baseline,0,0,timeout,2.004411542,124,-9,1,timeout,,,"[""target/release/euf-viper"",""fabric-solve"",""--engine"",""quotient-portfolio"",""/Users/airbartek/codex/z3/output/worktrees/viper-fabric-next/benchmarks/smtlib-2025/QF_UF/QF_UF/QG-classification/qg6/iso_icl_nogen_sk001.smt2""]"
385,192,6874,QF_UF/QG-classification/qg6/iso_icl_nogen_sk001.smt2,unsat,candidate,0,1,unsat,0.764170458,0,0,0,,"unsat
",,"[""target/release/euf-viper"",""fabric-solve"",""--engine"",""quotient-portfolio"",""/Users/airbartek/codex/z3/output/worktrees/viper-fabric-next/benchmarks/smtlib-2025/QF_UF/QF_UF/QG-classification/qg6/iso_icl_nogen_sk001.smt2""]"
386,193,6875,QF_UF/QG-classification/qg6/iso_icl_nogen_sk002.smt2,unsat,candidate,0,0,unsat,0.195287833,0,0,0,,"unsat
",,"[""target/release/euf-viper"",""fabric-solve"",""--engine"",""quotient-portfolio"",""/Users/airbartek/codex/z3/output/worktrees/viper-fabric-next/benchmarks/smtlib-2025/QF_UF/QF_UF/QG-classification/qg6/iso_icl_nogen_sk002.smt2""]"
387,193,6875,QF_UF/QG-classification/qg6/iso_icl_nogen_sk002.smt2,unsat,baseline,0,1,unsat,1.378104833,0,0,0,,"unsat
",,"[""target/release/euf-viper"",""fabric-solve"",""--engine"",""quotient-portfolio"",""/Users/airbartek/codex/z3/output/worktrees/viper-fabric-next/benchmarks/smtlib-2025/QF_UF/QF_UF/QG-classification/qg6/iso_icl_nogen_sk002.smt2""]"
388,194,6876,QF_UF/QG-classification/qg6/iso_icl_nogen_sk003.smt2,unsat,baseline,0,0,unsat,1.645100583,0,0,0,,"unsat
",,"[""target/release/euf-viper"",""fabric-solve"",""--engine"",""quotient-portfolio"",""/Users/airbartek/codex/z3/output/worktrees/viper-fabric-next/benchmarks/smtlib-2025/QF_UF/QF_UF/QG-classification/qg6/iso_icl_nogen_sk003.smt2""]"
389,194,6876,QF_UF/QG-classification/qg6/iso_icl_nogen_sk003.smt2,unsat,candidate,0,1,unsat,0.259783750,0,0,0,,"unsat
",,"[""target/release/euf-viper"",""fabric-solve"",""--engine"",""quotient-portfolio"",""/Users/airbartek/codex/z3/output/worktrees/viper-fabric-next/benchmarks/smtlib-2025/QF_UF/QF_UF/QG-classification/qg6/iso_icl_nogen_sk003.smt2""]"
390,195,6877,QF_UF/QG-classification/qg6/iso_icl_nogen_sk004.smt2,unsat,candidate,0,0,unsat,0.285031458,0,0,0,,"unsat
",,"[""target/release/euf-viper"",""fabric-solve"",""--engine"",""quotient-portfolio"",""/Users/airbartek/codex/z3/output/worktrees/viper-fabric-next/benchmarks/smtlib-2025/QF_UF/QF_UF/QG-classification/qg6/iso_icl_nogen_sk004.smt2""]"
391,195,6877,QF_UF/QG-classification/qg6/iso_icl_nogen_sk004.smt2,unsat,baseline,0,1,timeout,2.004388250,124,-9,1,timeout,,,"[""target/release/euf-viper"",""fabric-solve"",""--engine"",""quotient-portfolio"",""/Users/airbartek/codex/z3/output/worktrees/viper-fabric-next/benchmarks/smtlib-2025/QF_UF/QF_UF/QG-classification/qg6/iso_icl_nogen_sk004.smt2""]"
392,196,6878,QF_UF/QG-classification/qg6/iso_icl_nogen_sk005.smt2,unsat,baseline,0,0,unsat,1.934480000,0,0,0,,"unsat
",,"[""target/release/euf-viper"",""fabric-solve"",""--engine"",""quotient-portfolio"",""/Users/airbartek/codex/z3/output/worktrees/viper-fabric-next/benchmarks/smtlib-2025/QF_UF/QF_UF/QG-classification/qg6/iso_icl_nogen_sk005.smt2""]"
393,196,6878,QF_UF/QG-classification/qg6/iso_icl_nogen_sk005.smt2,unsat,candidate,0,1,unsat,0.246492500,0,0,0,,"unsat
",,"[""target/release/euf-viper"",""fabric-solve"",""--engine"",""quotient-portfolio"",""/Users/airbartek/codex/z3/output/worktrees/viper-fabric-next/benchmarks/smtlib-2025/QF_UF/QF_UF/QG-classification/qg6/iso_icl_nogen_sk005.smt2""]"
394,197,6879,QF_UF/QG-classification/qg6/iso_icl_nogen_sk006.smt2,unsat,candidate,0,0,unsat,0.249402334,0,0,0,,"unsat
",,"[""target/release/euf-viper"",""fabric-solve"",""--engine"",""quotient-portfolio"",""/Users/airbartek/codex/z3/output/worktrees/viper-fabric-next/benchmarks/smtlib-2025/QF_UF/QF_UF/QG-classification/qg6/iso_icl_nogen_sk006.smt2""]"
395,197,6879,QF_UF/QG-classification/qg6/iso_icl_nogen_sk006.smt2,unsat,baseline,0,1,unsat,1.643478041,0,0,0,,"unsat
",,"[""target/release/euf-viper"",""fabric-solve"",""--engine"",""quotient-portfolio"",""/Users/airbartek/codex/z3/output/worktrees/viper-fabric-next/benchmarks/smtlib-2025/QF_UF/QF_UF/QG-classification/qg6/iso_icl_nogen_sk006.smt2""]"
396,198,6880,QF_UF/QG-classification/qg6/iso_icl_nogen_sk007.smt2,unsat,baseline,0,0,timeout,2.004348125,124,-9,1,timeout,,,"[""target/release/euf-viper"",""fabric-solve"",""--engine"",""quotient-portfolio"",""/Users/airbartek/codex/z3/output/worktrees/viper-fabric-next/benchmarks/smtlib-2025/QF_UF/QF_UF/QG-classification/qg6/iso_icl_nogen_sk007.smt2""]"
397,198,6880,QF_UF/QG-classification/qg6/iso_icl_nogen_sk007.smt2,unsat,candidate,0,1,unsat,0.273599375,0,0,0,,"unsat
",,"[""target/release/euf-viper"",""fabric-solve"",""--engine"",""quotient-portfolio"",""/Users/airbartek/codex/z3/output/worktrees/viper-fabric-next/benchmarks/smtlib-2025/QF_UF/QF_UF/QG-classification/qg6/iso_icl_nogen_sk007.smt2""]"
398,199,6881,QF_UF/QG-classification/qg6/iso_icl_nogen_sk008.smt2,unsat,candidate,0,0,unsat,0.748523208,0,0,0,,"unsat
",,"[""target/release/euf-viper"",""fabric-solve"",""--engine"",""quotient-portfolio"",""/Users/airbartek/codex/z3/output/worktrees/viper-fabric-next/benchmarks/smtlib-2025/QF_UF/QF_UF/QG-classification/qg6/iso_icl_nogen_sk008.smt2""]"
399,199,6881,QF_UF/QG-classification/qg6/iso_icl_nogen_sk008.smt2,unsat,baseline,0,1,timeout,2.004260666,124,-9,1,timeout,,,"[""target/release/euf-viper"",""fabric-solve"",""--engine"",""quotient-portfolio"",""/Users/airbartek/codex/z3/output/worktrees/viper-fabric-next/benchmarks/smtlib-2025/QF_UF/QF_UF/QG-classification/qg6/iso_icl_nogen_sk008.smt2""]"
400,200,6882,QF_UF/QG-classification/qg6/iso_icl_nogen_sk009.smt2,unsat,baseline,0,0,timeout,2.004421166,124,-9,1,timeout,,,"[""target/release/euf-viper"",""fabric-solve"",""--engine"",""quotient-portfolio"",""/Users/airbartek/codex/z3/output/worktrees/viper-fabric-next/benchmarks/smtlib-2025/QF_UF/QF_UF/QG-classification/qg6/iso_icl_nogen_sk009.smt2""]"
401,200,6882,QF_UF/QG-classification/qg6/iso_icl_nogen_sk009.smt2,unsat,candidate,0,1,unsat,0.472704500,0,0,0,,"unsat
",,"[""target/release/euf-viper"",""fabric-solve"",""--engine"",""quotient-portfolio"",""/Users/airbartek/codex/z3/output/worktrees/viper-fabric-next/benchmarks/smtlib-2025/QF_UF/QF_UF/QG-classification/qg6/iso_icl_nogen_sk009.smt2""]"
402,201,6883,QF_UF/QG-classification/qg6/iso_icl_nogen_sk010.smt2,unsat,candidate,0,0,unsat,0.264618834,0,0,0,,"unsat
",,"[""target/release/euf-viper"",""fabric-solve"",""--engine"",""quotient-portfolio"",""/Users/airbartek/codex/z3/output/worktrees/viper-fabric-next/benchmarks/smtlib-2025/QF_UF/QF_UF/QG-classification/qg6/iso_icl_nogen_sk010.smt2""]"
403,201,6883,QF_UF/QG-classification/qg6/iso_icl_nogen_sk010.smt2,unsat,baseline,0,1,timeout,2.004135000,124,-9,1,timeout,,,"[""target/release/euf-viper"",""fabric-solve"",""--engine"",""quotient-portfolio"",""/Users/airbartek/codex/z3/output/worktrees/viper-fabric-next/benchmarks/smtlib-2025/QF_UF/QF_UF/QG-classification/qg6/iso_icl_nogen_sk010.smt2""]"
404,202,6884,QF_UF/QG-classification/qg6/iso_icl_nogen_sk011.smt2,unsat,baseline,0,0,timeout,2.004134125,124,-9,1,timeout,,,"[""target/release/euf-viper"",""fabric-solve"",""--engine"",""quotient-portfolio"",""/Users/airbartek/codex/z3/output/worktrees/viper-fabric-next/benchmarks/smtlib-2025/QF_UF/QF_UF/QG-classification/qg6/iso_icl_nogen_sk011.smt2""]"
405,202,6884,QF_UF/QG-classification/qg6/iso_icl_nogen_sk011.smt2,unsat,candidate,0,1,unsat,0.272630292,0,0,0,,"unsat
",,"[""target/release/euf-viper"",""fabric-solve"",""--engine"",""quotient-portfolio"",""/Users/airbartek/codex/z3/output/worktrees/viper-fabric-next/benchmarks/smtlib-2025/QF_UF/QF_UF/QG-classification/qg6/iso_icl_nogen_sk011.smt2""]"
406,203,6885,QF_UF/QG-classification/qg6/iso_icl_nogen_sk012.smt2,unsat,candidate,0,0,unsat,0.460217875,0,0,0,,"unsat
",,"[""target/release/euf-viper"",""fabric-solve"",""--engine"",""quotient-portfolio"",""/Users/airbartek/codex/z3/output/worktrees/viper-fabric-next/benchmarks/smtlib-2025/QF_UF/QF_UF/QG-classification/qg6/iso_icl_nogen_sk012.smt2""]"
407,203,6885,QF_UF/QG-classification/qg6/iso_icl_nogen_sk012.smt2,unsat,baseline,0,1,timeout,2.004837541,124,-9,1,timeout,,,"[""target/release/euf-viper"",""fabric-solve"",""--engine"",""quotient-portfolio"",""/Users/airbartek/codex/z3/output/worktrees/viper-fabric-next/benchmarks/smtlib-2025/QF_UF/QF_UF/QG-classification/qg6/iso_icl_nogen_sk012.smt2""]"
408,204,6886,QF_UF/QG-classification/qg6/iso_icl_nogen_sk013.smt2,unsat,baseline,0,0,timeout,2.003870041,124,-9,1,timeout,,,"[""target/release/euf-viper"",""fabric-solve"",""--engine"",""quotient-portfolio"",""/Users/airbartek/codex/z3/output/worktrees/viper-fabric-next/benchmarks/smtlib-2025/QF_UF/QF_UF/QG-classification/qg6/iso_icl_nogen_sk013.smt2""]"
409,204,6886,QF_UF/QG-classification/qg6/iso_icl_nogen_sk013.smt2,unsat,candidate,0,1,unsat,0.386382416,0,0,0,,"unsat
",,"[""target/release/euf-viper"",""fabric-solve"",""--engine"",""quotient-portfolio"",""/Users/airbartek/codex/z3/output/worktrees/viper-fabric-next/benchmarks/smtlib-2025/QF_UF/QF_UF/QG-classification/qg6/iso_icl_nogen_sk013.smt2""]"
410,205,6887,QF_UF/QG-classification/qg6/iso_icl_repgen001.smt2,unsat,candidate,0,0,unsat,0.629456209,0,0,0,,"unsat
",,"[""target/release/euf-viper"",""fabric-solve"",""--engine"",""quotient-portfolio"",""/Users/airbartek/codex/z3/output/worktrees/viper-fabric-next/benchmarks/smtlib-2025/QF_UF/QF_UF/QG-classification/qg6/iso_icl_repgen001.smt2""]"
411,205,6887,QF_UF/QG-classification/qg6/iso_icl_repgen001.smt2,unsat,baseline,0,1,timeout,2.004637042,124,-9,1,timeout,,,"[""target/release/euf-viper"",""fabric-solve"",""--engine"",""quotient-portfolio"",""/Users/airbartek/codex/z3/output/worktrees/viper-fabric-next/benchmarks/smtlib-2025/QF_UF/QF_UF/QG-classification/qg6/iso_icl_repgen001.smt2""]"
412,206,6888,QF_UF/QG-classification/qg6/iso_icl_repgen002.smt2,unsat,baseline,0,0,timeout,2.004709542,124,-9,1,timeout,,,"[""target/release/euf-viper"",""fabric-solve"",""--engine"",""quotient-portfolio"",""/Users/airbartek/codex/z3/output/worktrees/viper-fabric-next/benchmarks/smtlib-2025/QF_UF/QF_UF/QG-classification/qg6/iso_icl_repgen002.smt2""]"
413,206,6888,QF_UF/QG-classification/qg6/iso_icl_repgen002.smt2,unsat,candidate,0,1,unsat,0.288727084,0,0,0,,"unsat
",,"[""target/release/euf-viper"",""fabric-solve"",""--engine"",""quotient-portfolio"",""/Users/airbartek/codex/z3/output/worktrees/viper-fabric-next/benchmarks/smtlib-2025/QF_UF/QF_UF/QG-classification/qg6/iso_icl_repgen002.smt2""]"
414,207,6889,QF_UF/QG-classification/qg6/iso_icl_repgen003.smt2,unsat,candidate,0,0,unsat,0.496195750,0,0,0,,"unsat
",,"[""target/release/euf-viper"",""fabric-solve"",""--engine"",""quotient-portfolio"",""/Users/airbartek/codex/z3/output/worktrees/viper-fabric-next/benchmarks/smtlib-2025/QF_UF/QF_UF/QG-classification/qg6/iso_icl_repgen003.smt2""]"
415,207,6889,QF_UF/QG-classification/qg6/iso_icl_repgen003.smt2,unsat,baseline,0,1,timeout,2.004811791,124,-9,1,timeout,,,"[""target/release/euf-viper"",""fabric-solve"",""--engine"",""quotient-portfolio"",""/Users/airbartek/codex/z3/output/worktrees/viper-fabric-next/benchmarks/smtlib-2025/QF_UF/QF_UF/QG-classification/qg6/iso_icl_repgen003.smt2""]"
416,208,6890,QF_UF/QG-classification/qg6/iso_icl_repgen004.smt2,unsat,baseline,0,0,timeout,2.002961250,124,-9,1,timeout,,,"[""target/release/euf-viper"",""fabric-solve"",""--engine"",""quotient-portfolio"",""/Users/airbartek/codex/z3/output/worktrees/viper-fabric-next/benchmarks/smtlib-2025/QF_UF/QF_UF/QG-classification/qg6/iso_icl_repgen004.smt2""]"
417,208,6890,QF_UF/QG-classification/qg6/iso_icl_repgen004.smt2,unsat,candidate,0,1,unsat,0.540764833,0,0,0,,"unsat
",,"[""target/release/euf-viper"",""fabric-solve"",""--engine"",""quotient-portfolio"",""/Users/airbartek/codex/z3/output/worktrees/viper-fabric-next/benchmarks/smtlib-2025/QF_UF/QF_UF/QG-classification/qg6/iso_icl_repgen004.smt2""]"
418,209,6891,QF_UF/QG-classification/qg6/iso_icl_repgen005.smt2,unsat,candidate,0,0,unsat,0.445616417,0,0,0,,"unsat
",,"[""target/release/euf-viper"",""fabric-solve"",""--engine"",""quotient-portfolio"",""/Users/airbartek/codex/z3/output/worktrees/viper-fabric-next/benchmarks/smtlib-2025/QF_UF/QF_UF/QG-classification/qg6/iso_icl_repgen005.smt2""]"
419,209,6891,QF_UF/QG-classification/qg6/iso_icl_repgen005.smt2,unsat,baseline,0,1,timeout,2.004551208,124,-9,1,timeout,,,"[""target/release/euf-viper"",""fabric-solve"",""--engine"",""quotient-portfolio"",""/Users/airbartek/codex/z3/output/worktrees/viper-fabric-next/benchmarks/smtlib-2025/QF_UF/QF_UF/QG-classification/qg6/iso_icl_repgen005.smt2""]"
420,210,6892,QF_UF/QG-classification/qg6/iso_icl_repgen006.smt2,unsat,baseline,0,0,timeout,2.004671083,124,-9,1,timeout,,,"[""target/release/euf-viper"",""fabric-solve"",""--engine"",""quotient-portfolio"",""/Users/airbartek/codex/z3/output/worktrees/viper-fabric-next/benchmarks/smtlib-2025/QF_UF/QF_UF/QG-classification/qg6/iso_icl_repgen006.smt2""]"
421,210,6892,QF_UF/QG-classification/qg6/iso_icl_repgen006.smt2,unsat,candidate,0,1,unsat,0.531798917,0,0,0,,"unsat
",,"[""target/release/euf-viper"",""fabric-solve"",""--engine"",""quotient-portfolio"",""/Users/airbartek/codex/z3/output/worktrees/viper-fabric-next/benchmarks/smtlib-2025/QF_UF/QF_UF/QG-classification/qg6/iso_icl_repgen006.smt2""]"
422,211,6893,QF_UF/QG-classification/qg6/iso_icl_repgen007.smt2,unsat,candidate,0,0,unsat,0.578257500,0,0,0,,"unsat
",,"[""target/release/euf-viper"",""fabric-solve"",""--engine"",""quotient-portfolio"",""/Users/airbartek/codex/z3/output/worktrees/viper-fabric-next/benchmarks/smtlib-2025/QF_UF/QF_UF/QG-classification/qg6/iso_icl_repgen007.smt2""]"
423,211,6893,QF_UF/QG-classification/qg6/iso_icl_repgen007.smt2,unsat,baseline,0,1,timeout,2.004182833,124,-9,1,timeout,,,"[""target/release/euf-viper"",""fabric-solve"",""--engine"",""quotient-portfolio"",""/Users/airbartek/codex/z3/output/worktrees/viper-fabric-next/benchmarks/smtlib-2025/QF_UF/QF_UF/QG-classification/qg6/iso_icl_repgen007.smt2""]"
424,212,6894,QF_UF/QG-classification/qg6/iso_icl_repgen008.smt2,unsat,baseline,0,0,timeout,2.004634125,124,-9,1,timeout,,,"[""target/release/euf-viper"",""fabric-solve"",""--engine"",""quotient-portfolio"",""/Users/airbartek/codex/z3/output/worktrees/viper-fabric-next/benchmarks/smtlib-2025/QF_UF/QF_UF/QG-classification/qg6/iso_icl_repgen008.smt2""]"
425,212,6894,QF_UF/QG-classification/qg6/iso_icl_repgen008.smt2,unsat,candidate,0,1,unsat,0.898894292,0,0,0,,"unsat
",,"[""target/release/euf-viper"",""fabric-solve"",""--engine"",""quotient-portfolio"",""/Users/airbartek/codex/z3/output/worktrees/viper-fabric-next/benchmarks/smtlib-2025/QF_UF/QF_UF/QG-classification/qg6/iso_icl_repgen008.smt2""]"
426,213,6895,QF_UF/QG-classification/qg6/iso_icl_repgen009.smt2,unsat,candidate,0,0,unsat,0.873488000,0,0,0,,"unsat
",,"[""target/release/euf-viper"",""fabric-solve"",""--engine"",""quotient-portfolio"",""/Users/airbartek/codex/z3/output/worktrees/viper-fabric-next/benchmarks/smtlib-2025/QF_UF/QF_UF/QG-classification/qg6/iso_icl_repgen009.smt2""]"
427,213,6895,QF_UF/QG-classification/qg6/iso_icl_repgen009.smt2,unsat,baseline,0,1,timeout,2.004104250,124,-9,1,timeout,,,"[""target/release/euf-viper"",""fabric-solve"",""--engine"",""quotient-portfolio"",""/Users/airbartek/codex/z3/output/worktrees/viper-fabric-next/benchmarks/smtlib-2025/QF_UF/QF_UF/QG-classification/qg6/iso_icl_repgen009.smt2""]"
428,214,6896,QF_UF/QG-classification/qg6/iso_icl_repgen010.smt2,unsat,baseline,0,0,timeout,2.004608500,124,-9,1,timeout,,,"[""target/release/euf-viper"",""fabric-solve"",""--engine"",""quotient-portfolio"",""/Users/airbartek/codex/z3/output/worktrees/viper-fabric-next/benchmarks/smtlib-2025/QF_UF/QF_UF/QG-classification/qg6/iso_icl_repgen010.smt2""]"
429,214,6896,QF_UF/QG-classification/qg6/iso_icl_repgen010.smt2,unsat,candidate,0,1,unsat,0.574842250,0,0,0,,"unsat
",,"[""target/release/euf-viper"",""fabric-solve"",""--engine"",""quotient-portfolio"",""/Users/airbartek/codex/z3/output/worktrees/viper-fabric-next/benchmarks/smtlib-2025/QF_UF/QF_UF/QG-classification/qg6/iso_icl_repgen010.smt2""]"
430,215,6897,QF_UF/QG-classification/qg6/iso_icl_repgen011.smt2,unsat,candidate,0,0,unsat,0.517219333,0,0,0,,"unsat
",,"[""target/release/euf-viper"",""fabric-solve"",""--engine"",""quotient-portfolio"",""/Users/airbartek/codex/z3/output/worktrees/viper-fabric-next/benchmarks/smtlib-2025/QF_UF/QF_UF/QG-classification/qg6/iso_icl_repgen011.smt2""]"
431,215,6897,QF_UF/QG-classification/qg6/iso_icl_repgen011.smt2,unsat,baseline,0,1,timeout,2.004377625,124,-9,1,timeout,,,"[""target/release/euf-viper"",""fabric-solve"",""--engine"",""quotient-portfolio"",""/Users/airbartek/codex/z3/output/worktrees/viper-fabric-next/benchmarks/smtlib-2025/QF_UF/QF_UF/QG-classification/qg6/iso_icl_repgen011.smt2""]"
432,216,6898,QF_UF/QG-classification/qg6/iso_icl_repgen012.smt2,unsat,baseline,0,0,timeout,2.004265083,124,-9,1,timeout,,,"[""target/release/euf-viper"",""fabric-solve"",""--engine"",""quotient-portfolio"",""/Users/airbartek/codex/z3/output/worktrees/viper-fabric-next/benchmarks/smtlib-2025/QF_UF/QF_UF/QG-classification/qg6/iso_icl_repgen012.smt2""]"
433,216,6898,QF_UF/QG-classification/qg6/iso_icl_repgen012.smt2,unsat,candidate,0,1,unsat,0.576408334,0,0,0,,"unsat
",,"[""target/release/euf-viper"",""fabric-solve"",""--engine"",""quotient-portfolio"",""/Users/airbartek/codex/z3/output/worktrees/viper-fabric-next/benchmarks/smtlib-2025/QF_UF/QF_UF/QG-classification/qg6/iso_icl_repgen012.smt2""]"
434,217,6899,QF_UF/QG-classification/qg6/iso_icl_repgen013.smt2,unsat,candidate,0,0,unsat,0.855697958,0,0,0,,"unsat
",,"[""target/release/euf-viper"",""fabric-solve"",""--engine"",""quotient-portfolio"",""/Users/airbartek/codex/z3/output/worktrees/viper-fabric-next/benchmarks/smtlib-2025/QF_UF/QF_UF/QG-classification/qg6/iso_icl_repgen013.smt2""]"
435,217,6899,QF_UF/QG-classification/qg6/iso_icl_repgen013.smt2,unsat,baseline,0,1,timeout,2.004501625,124,-9,1,timeout,,,"[""target/release/euf-viper"",""fabric-solve"",""--engine"",""quotient-portfolio"",""/Users/airbartek/codex/z3/output/worktrees/viper-fabric-next/benchmarks/smtlib-2025/QF_UF/QF_UF/QG-classification/qg6/iso_icl_repgen013.smt2""]"
436,218,6900,QF_UF/QG-classification/qg6/iso_icl_repgen_sk001.smt2,unsat,baseline,0,0,unsat,1.910037625,0,0,0,,"unsat
",,"[""target/release/euf-viper"",""fabric-solve"",""--engine"",""quotient-portfolio"",""/Users/airbartek/codex/z3/output/worktrees/viper-fabric-next/benchmarks/smtlib-2025/QF_UF/QF_UF/QG-classification/qg6/iso_icl_repgen_sk001.smt2""]"
437,218,6900,QF_UF/QG-classification/qg6/iso_icl_repgen_sk001.smt2,unsat,candidate,0,1,unsat,1.452022834,0,0,0,,"unsat
",,"[""target/release/euf-viper"",""fabric-solve"",""--engine"",""quotient-portfolio"",""/Users/airbartek/codex/z3/output/worktrees/viper-fabric-next/benchmarks/smtlib-2025/QF_UF/QF_UF/QG-classification/qg6/iso_icl_repgen_sk001.smt2""]"
438,219,6901,QF_UF/QG-classification/qg6/iso_icl_repgen_sk002.smt2,unsat,candidate,0,0,unsat,0.245522459,0,0,0,,"unsat
",,"[""target/release/euf-viper"",""fabric-solve"",""--engine"",""quotient-portfolio"",""/Users/airbartek/codex/z3/output/worktrees/viper-fabric-next/benchmarks/smtlib-2025/QF_UF/QF_UF/QG-classification/qg6/iso_icl_repgen_sk002.smt2""]"
439,219,6901,QF_UF/QG-classification/qg6/iso_icl_repgen_sk002.smt2,unsat,baseline,0,1,unsat,0.337424833,0,0,0,,"unsat
",,"[""target/release/euf-viper"",""fabric-solve"",""--engine"",""quotient-portfolio"",""/Users/airbartek/codex/z3/output/worktrees/viper-fabric-next/benchmarks/smtlib-2025/QF_UF/QF_UF/QG-classification/qg6/iso_icl_repgen_sk002.smt2""]"
440,220,6902,QF_UF/QG-classification/qg6/iso_icl_repgen_sk003.smt2,unsat,baseline,0,0,unsat,0.767655875,0,0,0,,"unsat
",,"[""target/release/euf-viper"",""fabric-solve"",""--engine"",""quotient-portfolio"",""/Users/airbartek/codex/z3/output/worktrees/viper-fabric-next/benchmarks/smtlib-2025/QF_UF/QF_UF/QG-classification/qg6/iso_icl_repgen_sk003.smt2""]"
441,220,6902,QF_UF/QG-classification/qg6/iso_icl_repgen_sk003.smt2,unsat,candidate,0,1,unsat,0.374247125,0,0,0,,"unsat
",,"[""target/release/euf-viper"",""fabric-solve"",""--engine"",""quotient-portfolio"",""/Users/airbartek/codex/z3/output/worktrees/viper-fabric-next/benchmarks/smtlib-2025/QF_UF/QF_UF/QG-classification/qg6/iso_icl_repgen_sk003.smt2""]"
442,221,6903,QF_UF/QG-classification/qg6/iso_icl_repgen_sk004.smt2,unsat,candidate,0,0,unsat,0.441014042,0,0,0,,"unsat
",,"[""target/release/euf-viper"",""fabric-solve"",""--engine"",""quotient-portfolio"",""/Users/airbartek/codex/z3/output/worktrees/viper-fabric-next/benchmarks/smtlib-2025/QF_UF/QF_UF/QG-classification/qg6/iso_icl_repgen_sk004.smt2""]"
443,221,6903,QF_UF/QG-classification/qg6/iso_icl_repgen_sk004.smt2,unsat,baseline,0,1,unsat,0.753510292,0,0,0,,"unsat
",,"[""target/release/euf-viper"",""fabric-solve"",""--engine"",""quotient-portfolio"",""/Users/airbartek/codex/z3/output/worktrees/viper-fabric-next/benchmarks/smtlib-2025/QF_UF/QF_UF/QG-classification/qg6/iso_icl_repgen_sk004.smt2""]"
444,222,6904,QF_UF/QG-classification/qg6/iso_icl_repgen_sk005.smt2,unsat,baseline,0,0,unsat,0.501051333,0,0,0,,"unsat
",,"[""target/release/euf-viper"",""fabric-solve"",""--engine"",""quotient-portfolio"",""/Users/airbartek/codex/z3/output/worktrees/viper-fabric-next/benchmarks/smtlib-2025/QF_UF/QF_UF/QG-classification/qg6/iso_icl_repgen_sk005.smt2""]"
445,222,6904,QF_UF/QG-classification/qg6/iso_icl_repgen_sk005.smt2,unsat,candidate,0,1,unsat,0.390843500,0,0,0,,"unsat
",,"[""target/release/euf-viper"",""fabric-solve"",""--engine"",""quotient-portfolio"",""/Users/airbartek/codex/z3/output/worktrees/viper-fabric-next/benchmarks/smtlib-2025/QF_UF/QF_UF/QG-classification/qg6/iso_icl_repgen_sk005.smt2""]"
446,223,6905,QF_UF/QG-classification/qg6/iso_icl_repgen_sk006.smt2,unsat,candidate,0,0,unsat,0.367406959,0,0,0,,"unsat
",,"[""target/release/euf-viper"",""fabric-solve"",""--engine"",""quotient-portfolio"",""/Users/airbartek/codex/z3/output/worktrees/viper-fabric-next/benchmarks/smtlib-2025/QF_UF/QF_UF/QG-classification/qg6/iso_icl_repgen_sk006.smt2""]"
447,223,6905,QF_UF/QG-classification/qg6/iso_icl_repgen_sk006.smt2,unsat,baseline,0,1,unsat,0.629290500,0,0,0,,"unsat
",,"[""target/release/euf-viper"",""fabric-solve"",""--engine"",""quotient-portfolio"",""/Users/airbartek/codex/z3/output/worktrees/viper-fabric-next/benchmarks/smtlib-2025/QF_UF/QF_UF/QG-classification/qg6/iso_icl_repgen_sk006.smt2""]"
448,224,6906,QF_UF/QG-classification/qg6/iso_icl_repgen_sk007.smt2,unsat,baseline,0,0,unsat,0.750115916,0,0,0,,"unsat
",,"[""target/release/euf-viper"",""fabric-solve"",""--engine"",""quotient-portfolio"",""/Users/airbartek/codex/z3/output/worktrees/viper-fabric-next/benchmarks/smtlib-2025/QF_UF/QF_UF/QG-classification/qg6/iso_icl_repgen_sk007.smt2""]"
449,224,6906,QF_UF/QG-classification/qg6/iso_icl_repgen_sk007.smt2,unsat,candidate,0,1,unsat,0.473141542,0,0,0,,"unsat
",,"[""target/release/euf-viper"",""fabric-solve"",""--engine"",""quotient-portfolio"",""/Users/airbartek/codex/z3/output/worktrees/viper-fabric-next/benchmarks/smtlib-2025/QF_UF/QF_UF/QG-classification/qg6/iso_icl_repgen_sk007.smt2""]"
450,225,6907,QF_UF/QG-classification/qg6/iso_icl_repgen_sk008.smt2,unsat,candidate,0,0,unsat,1.229546625,0,0,0,,"unsat
",,"[""target/release/euf-viper"",""fabric-solve"",""--engine"",""quotient-portfolio"",""/Users/airbartek/codex/z3/output/worktrees/viper-fabric-next/benchmarks/smtlib-2025/QF_UF/QF_UF/QG-classification/qg6/iso_icl_repgen_sk008.smt2""]"
451,225,6907,QF_UF/QG-classification/qg6/iso_icl_repgen_sk008.smt2,unsat,baseline,0,1,unsat,1.757975042,0,0,0,,"unsat
",,"[""target/release/euf-viper"",""fabric-solve"",""--engine"",""quotient-portfolio"",""/Users/airbartek/codex/z3/output/worktrees/viper-fabric-next/benchmarks/smtlib-2025/QF_UF/QF_UF/QG-classification/qg6/iso_icl_repgen_sk008.smt2""]"
452,226,6908,QF_UF/QG-classification/qg6/iso_icl_repgen_sk009.smt2,unsat,baseline,0,0,unsat,1.205879041,0,0,0,,"unsat
",,"[""target/release/euf-viper"",""fabric-solve"",""--engine"",""quotient-portfolio"",""/Users/airbartek/codex/z3/output/worktrees/viper-fabric-next/benchmarks/smtlib-2025/QF_UF/QF_UF/QG-classification/qg6/iso_icl_repgen_sk009.smt2""]"
453,226,6908,QF_UF/QG-classification/qg6/iso_icl_repgen_sk009.smt2,unsat,candidate,0,1,unsat,0.807053875,0,0,0,,"unsat
",,"[""target/release/euf-viper"",""fabric-solve"",""--engine"",""quotient-portfolio"",""/Users/airbartek/codex/z3/output/worktrees/viper-fabric-next/benchmarks/smtlib-2025/QF_UF/QF_UF/QG-classification/qg6/iso_icl_repgen_sk009.smt2""]"
454,227,6909,QF_UF/QG-classification/qg6/iso_icl_repgen_sk010.smt2,unsat,candidate,0,0,unsat,0.422993958,0,0,0,,"unsat
",,"[""target/release/euf-viper"",""fabric-solve"",""--engine"",""quotient-portfolio"",""/Users/airbartek/codex/z3/output/worktrees/viper-fabric-next/benchmarks/smtlib-2025/QF_UF/QF_UF/QG-classification/qg6/iso_icl_repgen_sk010.smt2""]"
455,227,6909,QF_UF/QG-classification/qg6/iso_icl_repgen_sk010.smt2,unsat,baseline,0,1,unsat,0.756528792,0,0,0,,"unsat
",,"[""target/release/euf-viper"",""fabric-solve"",""--engine"",""quotient-portfolio"",""/Users/airbartek/codex/z3/output/worktrees/viper-fabric-next/benchmarks/smtlib-2025/QF_UF/QF_UF/QG-classification/qg6/iso_icl_repgen_sk010.smt2""]"
456,228,6910,QF_UF/QG-classification/qg6/iso_icl_repgen_sk011.smt2,unsat,baseline,0,0,unsat,0.537657625,0,0,0,,"unsat
",,"[""target/release/euf-viper"",""fabric-solve"",""--engine"",""quotient-portfolio"",""/Users/airbartek/codex/z3/output/worktrees/viper-fabric-next/benchmarks/smtlib-2025/QF_UF/QF_UF/QG-classification/qg6/iso_icl_repgen_sk011.smt2""]"
457,228,6910,QF_UF/QG-classification/qg6/iso_icl_repgen_sk011.smt2,unsat,candidate,0,1,unsat,0.393364250,0,0,0,,"unsat
",,"[""target/release/euf-viper"",""fabric-solve"",""--engine"",""quotient-portfolio"",""/Users/airbartek/codex/z3/output/worktrees/viper-fabric-next/benchmarks/smtlib-2025/QF_UF/QF_UF/QG-classification/qg6/iso_icl_repgen_sk011.smt2""]"
458,229,6911,QF_UF/QG-classification/qg6/iso_icl_repgen_sk012.smt2,unsat,candidate,0,0,unsat,0.896684417,0,0,0,,"unsat
",,"[""target/release/euf-viper"",""fabric-solve"",""--engine"",""quotient-portfolio"",""/Users/airbartek/codex/z3/output/worktrees/viper-fabric-next/benchmarks/smtlib-2025/QF_UF/QF_UF/QG-classification/qg6/iso_icl_repgen_sk012.smt2""]"
459,229,6911,QF_UF/QG-classification/qg6/iso_icl_repgen_sk012.smt2,unsat,baseline,0,1,unsat,1.514391584,0,0,0,,"unsat
",,"[""target/release/euf-viper"",""fabric-solve"",""--engine"",""quotient-portfolio"",""/Users/airbartek/codex/z3/output/worktrees/viper-fabric-next/benchmarks/smtlib-2025/QF_UF/QF_UF/QG-classification/qg6/iso_icl_repgen_sk012.smt2""]"
460,230,6912,QF_UF/QG-classification/qg6/iso_icl_repgen_sk013.smt2,unsat,baseline,0,0,unsat,1.172267917,0,0,0,,"unsat
",,"[""target/release/euf-viper"",""fabric-solve"",""--engine"",""quotient-portfolio"",""/Users/airbartek/codex/z3/output/worktrees/viper-fabric-next/benchmarks/smtlib-2025/QF_UF/QF_UF/QG-classification/qg6/iso_icl_repgen_sk013.smt2""]"
461,230,6912,QF_UF/QG-classification/qg6/iso_icl_repgen_sk013.smt2,unsat,candidate,0,1,unsat,0.696199708,0,0,0,,"unsat
",,"[""target/release/euf-viper"",""fabric-solve"",""--engine"",""quotient-portfolio"",""/Users/airbartek/codex/z3/output/worktrees/viper-fabric-next/benchmarks/smtlib-2025/QF_UF/QF_UF/QG-classification/qg6/iso_icl_repgen_sk013.smt2""]"
462,231,6913,QF_UF/QG-classification/qg6/iso_icl_sk001.smt2,unsat,candidate,0,0,unsat,0.010642916,0,0,0,,"unsat
",,"[""target/release/euf-viper"",""fabric-solve"",""--engine"",""quotient-portfolio"",""/Users/airbartek/codex/z3/output/worktrees/viper-fabric-next/benchmarks/smtlib-2025/QF_UF/QF_UF/QG-classification/qg6/iso_icl_sk001.smt2""]"
463,231,6913,QF_UF/QG-classification/qg6/iso_icl_sk001.smt2,unsat,baseline,0,1,unsat,0.009673542,0,0,0,,"unsat
",,"[""target/release/euf-viper"",""fabric-solve"",""--engine"",""quotient-portfolio"",""/Users/airbartek/codex/z3/output/worktrees/viper-fabric-next/benchmarks/smtlib-2025/QF_UF/QF_UF/QG-classification/qg6/iso_icl_sk001.smt2""]"
464,232,6914,QF_UF/QG-classification/qg6/iso_icl_sk002.smt2,unsat,baseline,0,0,unsat,0.006665250,0,0,0,,"unsat
",,"[""target/release/euf-viper"",""fabric-solve"",""--engine"",""quotient-portfolio"",""/Users/airbartek/codex/z3/output/worktrees/viper-fabric-next/benchmarks/smtlib-2025/QF_UF/QF_UF/QG-classification/qg6/iso_icl_sk002.smt2""]"
465,232,6914,QF_UF/QG-classification/qg6/iso_icl_sk002.smt2,unsat,candidate,0,1,unsat,0.009234542,0,0,0,,"unsat
",,"[""target/release/euf-viper"",""fabric-solve"",""--engine"",""quotient-portfolio"",""/Users/airbartek/codex/z3/output/worktrees/viper-fabric-next/benchmarks/smtlib-2025/QF_UF/QF_UF/QG-classification/qg6/iso_icl_sk002.smt2""]"
466,233,6915,QF_UF/QG-classification/qg6/iso_icl_sk003.smt2,unsat,candidate,0,0,unsat,0.011527000,0,0,0,,"unsat
",,"[""target/release/euf-viper"",""fabric-solve"",""--engine"",""quotient-portfolio"",""/Users/airbartek/codex/z3/output/worktrees/viper-fabric-next/benchmarks/smtlib-2025/QF_UF/QF_UF/QG-classification/qg6/iso_icl_sk003.smt2""]"
467,233,6915,QF_UF/QG-classification/qg6/iso_icl_sk003.smt2,unsat,baseline,0,1,unsat,0.009961709,0,0,0,,"unsat
",,"[""target/release/euf-viper"",""fabric-solve"",""--engine"",""quotient-portfolio"",""/Users/airbartek/codex/z3/output/worktrees/viper-fabric-next/benchmarks/smtlib-2025/QF_UF/QF_UF/QG-classification/qg6/iso_icl_sk003.smt2""]"
468,234,6916,QF_UF/QG-classification/qg6/iso_icl_sk004.smt2,unsat,baseline,0,0,unsat,0.009083458,0,0,0,,"unsat
",,"[""target/release/euf-viper"",""fabric-solve"",""--engine"",""quotient-portfolio"",""/Users/airbartek/codex/z3/output/worktrees/viper-fabric-next/benchmarks/smtlib-2025/QF_UF/QF_UF/QG-classification/qg6/iso_icl_sk004.smt2""]"
469,234,6916,QF_UF/QG-classification/qg6/iso_icl_sk004.smt2,unsat,candidate,0,1,unsat,0.009743417,0,0,0,,"unsat
",,"[""target/release/euf-viper"",""fabric-solve"",""--engine"",""quotient-portfolio"",""/Users/airbartek/codex/z3/output/worktrees/viper-fabric-next/benchmarks/smtlib-2025/QF_UF/QF_UF/QG-classification/qg6/iso_icl_sk004.smt2""]"
470,235,6917,QF_UF/QG-classification/qg6/iso_icl_sk005.smt2,unsat,candidate,0,0,unsat,0.009941666,0,0,0,,"unsat
",,"[""target/release/euf-viper"",""fabric-solve"",""--engine"",""quotient-portfolio"",""/Users/airbartek/codex/z3/output/worktrees/viper-fabric-next/benchmarks/smtlib-2025/QF_UF/QF_UF/QG-classification/qg6/iso_icl_sk005.smt2""]"
471,235,6917,QF_UF/QG-classification/qg6/iso_icl_sk005.smt2,unsat,baseline,0,1,unsat,0.009156500,0,0,0,,"unsat
",,"[""target/release/euf-viper"",""fabric-solve"",""--engine"",""quotient-portfolio"",""/Users/airbartek/codex/z3/output/worktrees/viper-fabric-next/benchmarks/smtlib-2025/QF_UF/QF_UF/QG-classification/qg6/iso_icl_sk005.smt2""]"
472,236,6918,QF_UF/QG-classification/qg6/iso_icl_sk006.smt2,unsat,baseline,0,0,unsat,0.009857000,0,0,0,,"unsat
",,"[""target/release/euf-viper"",""fabric-solve"",""--engine"",""quotient-portfolio"",""/Users/airbartek/codex/z3/output/worktrees/viper-fabric-next/benchmarks/smtlib-2025/QF_UF/QF_UF/QG-classification/qg6/iso_icl_sk006.smt2""]"
473,236,6918,QF_UF/QG-classification/qg6/iso_icl_sk006.smt2,unsat,candidate,0,1,unsat,0.011875584,0,0,0,,"unsat
",,"[""target/release/euf-viper"",""fabric-solve"",""--engine"",""quotient-portfolio"",""/Users/airbartek/codex/z3/output/worktrees/viper-fabric-next/benchmarks/smtlib-2025/QF_UF/QF_UF/QG-classification/qg6/iso_icl_sk006.smt2""]"
474,237,6919,QF_UF/QG-classification/qg6/iso_icl_sk007.smt2,unsat,candidate,0,0,unsat,0.013488458,0,0,0,,"unsat
",,"[""target/release/euf-viper"",""fabric-solve"",""--engine"",""quotient-portfolio"",""/Users/airbartek/codex/z3/output/worktrees/viper-fabric-next/benchmarks/smtlib-2025/QF_UF/QF_UF/QG-classification/qg6/iso_icl_sk007.smt2""]"
475,237,6919,QF_UF/QG-classification/qg6/iso_icl_sk007.smt2,unsat,baseline,0,1,unsat,0.009825417,0,0,0,,"unsat
",,"[""target/release/euf-viper"",""fabric-solve"",""--engine"",""quotient-portfolio"",""/Users/airbartek/codex/z3/output/worktrees/viper-fabric-next/benchmarks/smtlib-2025/QF_UF/QF_UF/QG-classification/qg6/iso_icl_sk007.smt2""]"
476,238,6920,QF_UF/QG-classification/qg6/iso_icl_sk008.smt2,unsat,baseline,0,0,unsat,0.015638750,0,0,0,,"unsat
",,"[""target/release/euf-viper"",""fabric-solve"",""--engine"",""quotient-portfolio"",""/Users/airbartek/codex/z3/output/worktrees/viper-fabric-next/benchmarks/smtlib-2025/QF_UF/QF_UF/QG-classification/qg6/iso_icl_sk008.smt2""]"
477,238,6920,QF_UF/QG-classification/qg6/iso_icl_sk008.smt2,unsat,candidate,0,1,unsat,0.011873458,0,0,0,,"unsat
",,"[""target/release/euf-viper"",""fabric-solve"",""--engine"",""quotient-portfolio"",""/Users/airbartek/codex/z3/output/worktrees/viper-fabric-next/benchmarks/smtlib-2025/QF_UF/QF_UF/QG-classification/qg6/iso_icl_sk008.smt2""]"
478,239,6921,QF_UF/QG-classification/qg6/iso_icl_sk009.smt2,unsat,candidate,0,0,unsat,0.011164792,0,0,0,,"unsat
",,"[""target/release/euf-viper"",""fabric-solve"",""--engine"",""quotient-portfolio"",""/Users/airbartek/codex/z3/output/worktrees/viper-fabric-next/benchmarks/smtlib-2025/QF_UF/QF_UF/QG-classification/qg6/iso_icl_sk009.smt2""]"
479,239,6921,QF_UF/QG-classification/qg6/iso_icl_sk009.smt2,unsat,baseline,0,1,unsat,0.011398375,0,0,0,,"unsat
",,"[""target/release/euf-viper"",""fabric-solve"",""--engine"",""quotient-portfolio"",""/Users/airbartek/codex/z3/output/worktrees/viper-fabric-next/benchmarks/smtlib-2025/QF_UF/QF_UF/QG-classification/qg6/iso_icl_sk009.smt2""]"
480,240,6922,QF_UF/QG-classification/qg6/iso_icl_sk010.smt2,unsat,baseline,0,0,unsat,0.008050958,0,0,0,,"unsat
",,"[""target/release/euf-viper"",""fabric-solve"",""--engine"",""quotient-portfolio"",""/Users/airbartek/codex/z3/output/worktrees/viper-fabric-next/benchmarks/smtlib-2025/QF_UF/QF_UF/QG-classification/qg6/iso_icl_sk010.smt2""]"
481,240,6922,QF_UF/QG-classification/qg6/iso_icl_sk010.smt2,unsat,candidate,0,1,unsat,0.009945875,0,0,0,,"unsat
",,"[""target/release/euf-viper"",""fabric-solve"",""--engine"",""quotient-portfolio"",""/Users/airbartek/codex/z3/output/worktrees/viper-fabric-next/benchmarks/smtlib-2025/QF_UF/QF_UF/QG-classification/qg6/iso_icl_sk010.smt2""]"
482,241,6923,QF_UF/QG-classification/qg6/iso_icl_sk011.smt2,unsat,candidate,0,0,unsat,0.012662208,0,0,0,,"unsat
",,"[""target/release/euf-viper"",""fabric-solve"",""--engine"",""quotient-portfolio"",""/Users/airbartek/codex/z3/output/worktrees/viper-fabric-next/benchmarks/smtlib-2025/QF_UF/QF_UF/QG-classification/qg6/iso_icl_sk011.smt2""]"
483,241,6923,QF_UF/QG-classification/qg6/iso_icl_sk011.smt2,unsat,baseline,0,1,unsat,0.010979000,0,0,0,,"unsat
",,"[""target/release/euf-viper"",""fabric-solve"",""--engine"",""quotient-portfolio"",""/Users/airbartek/codex/z3/output/worktrees/viper-fabric-next/benchmarks/smtlib-2025/QF_UF/QF_UF/QG-classification/qg6/iso_icl_sk011.smt2""]"
484,242,6924,QF_UF/QG-classification/qg6/iso_icl_sk012.smt2,unsat,baseline,0,0,unsat,0.013252125,0,0,0,,"unsat
",,"[""target/release/euf-viper"",""fabric-solve"",""--engine"",""quotient-portfolio"",""/Users/airbartek/codex/z3/output/worktrees/viper-fabric-next/benchmarks/smtlib-2025/QF_UF/QF_UF/QG-classification/qg6/iso_icl_sk012.smt2""]"
485,242,6924,QF_UF/QG-classification/qg6/iso_icl_sk012.smt2,unsat,candidate,0,1,unsat,0.013377917,0,0,0,,"unsat
",,"[""target/release/euf-viper"",""fabric-solve"",""--engine"",""quotient-portfolio"",""/Users/airbartek/codex/z3/output/worktrees/viper-fabric-next/benchmarks/smtlib-2025/QF_UF/QF_UF/QG-classification/qg6/iso_icl_sk012.smt2""]"
486,243,6925,QF_UF/QG-classification/qg6/iso_icl_sk013.smt2,unsat,candidate,0,0,unsat,0.009693208,0,0,0,,"unsat
",,"[""target/release/euf-viper"",""fabric-solve"",""--engine"",""quotient-portfolio"",""/Users/airbartek/codex/z3/output/worktrees/viper-fabric-next/benchmarks/smtlib-2025/QF_UF/QF_UF/QG-classification/qg6/iso_icl_sk013.smt2""]"
487,243,6925,QF_UF/QG-classification/qg6/iso_icl_sk013.smt2,unsat,baseline,0,1,unsat,0.009601209,0,0,0,,"unsat
",,"[""target/release/euf-viper"",""fabric-solve"",""--engine"",""quotient-portfolio"",""/Users/airbartek/codex/z3/output/worktrees/viper-fabric-next/benchmarks/smtlib-2025/QF_UF/QF_UF/QG-classification/qg6/iso_icl_sk013.smt2""]"
