sequence,row_index,id,relative_path,expected_status,label,repeat,order_in_repeat,result,time_s,exit_code,process_returncode,timed_out,error_kind,stdout,stderr,argv_json
0,0,6682,QF_UF/QG-classification/qg6/dead_dnd001.smt2,unsat,baseline,0,0,unsat,1.140294917,0,0,0,,"unsat
",,"[""target/release/euf-viper"",""fabric-solve"",""--engine"",""quotient-portfolio"",""/Users/airbartek/codex/z3/output/worktrees/viper-fabric-next/benchmarks/smtlib-2025/QF_UF/QF_UF/QG-classification/qg6/dead_dnd001.smt2""]"
1,0,6682,QF_UF/QG-classification/qg6/dead_dnd001.smt2,unsat,candidate,0,1,unsat,0.462047208,0,0,0,,"unsat
",,"[""target/release/euf-viper"",""fabric-solve"",""--engine"",""quotient-portfolio"",""/Users/airbartek/codex/z3/output/worktrees/viper-fabric-next/benchmarks/smtlib-2025/QF_UF/QF_UF/QG-classification/qg6/dead_dnd001.smt2""]"
2,1,6683,QF_UF/QG-classification/qg6/dead_dnd002.smt2,unsat,candidate,0,0,unsat,0.313776792,0,0,0,,"unsat
",,"[""target/release/euf-viper"",""fabric-solve"",""--engine"",""quotient-portfolio"",""/Users/airbartek/codex/z3/output/worktrees/viper-fabric-next/benchmarks/smtlib-2025/QF_UF/QF_UF/QG-classification/qg6/dead_dnd002.smt2""]"
3,1,6683,QF_UF/QG-classification/qg6/dead_dnd002.smt2,unsat,baseline,0,1,unsat,1.139126000,0,0,0,,"unsat
",,"[""target/release/euf-viper"",""fabric-solve"",""--engine"",""quotient-portfolio"",""/Users/airbartek/codex/z3/output/worktrees/viper-fabric-next/benchmarks/smtlib-2025/QF_UF/QF_UF/QG-classification/qg6/dead_dnd002.smt2""]"
4,2,6684,QF_UF/QG-classification/qg6/dead_dnd_sk001.smt2,unsat,baseline,0,0,unsat,0.554761834,0,0,0,,"unsat
",,"[""target/release/euf-viper"",""fabric-solve"",""--engine"",""quotient-portfolio"",""/Users/airbartek/codex/z3/output/worktrees/viper-fabric-next/benchmarks/smtlib-2025/QF_UF/QF_UF/QG-classification/qg6/dead_dnd_sk001.smt2""]"
5,2,6684,QF_UF/QG-classification/qg6/dead_dnd_sk001.smt2,unsat,candidate,0,1,unsat,0.235707875,0,0,0,,"unsat
",,"[""target/release/euf-viper"",""fabric-solve"",""--engine"",""quotient-portfolio"",""/Users/airbartek/codex/z3/output/worktrees/viper-fabric-next/benchmarks/smtlib-2025/QF_UF/QF_UF/QG-classification/qg6/dead_dnd_sk001.smt2""]"
6,3,6685,QF_UF/QG-classification/qg6/dead_dnd_sk002.smt2,unsat,candidate,0,0,unsat,0.069214833,0,0,0,,"unsat
",,"[""target/release/euf-viper"",""fabric-solve"",""--engine"",""quotient-portfolio"",""/Users/airbartek/codex/z3/output/worktrees/viper-fabric-next/benchmarks/smtlib-2025/QF_UF/QF_UF/QG-classification/qg6/dead_dnd_sk002.smt2""]"
7,3,6685,QF_UF/QG-classification/qg6/dead_dnd_sk002.smt2,unsat,baseline,0,1,unsat,0.253634542,0,0,0,,"unsat
",,"[""target/release/euf-viper"",""fabric-solve"",""--engine"",""quotient-portfolio"",""/Users/airbartek/codex/z3/output/worktrees/viper-fabric-next/benchmarks/smtlib-2025/QF_UF/QF_UF/QG-classification/qg6/dead_dnd_sk002.smt2""]"
8,4,6686,QF_UF/QG-classification/qg6/gensys_brn001.smt2,sat,baseline,0,0,sat,0.073776917,0,0,0,,"sat
",,"[""target/release/euf-viper"",""fabric-solve"",""--engine"",""quotient-portfolio"",""/Users/airbartek/codex/z3/output/worktrees/viper-fabric-next/benchmarks/smtlib-2025/QF_UF/QF_UF/QG-classification/qg6/gensys_brn001.smt2""]"
9,4,6686,QF_UF/QG-classification/qg6/gensys_brn001.smt2,sat,candidate,0,1,sat,0.027172750,0,0,0,,"sat
",,"[""target/release/euf-viper"",""fabric-solve"",""--engine"",""quotient-portfolio"",""/Users/airbartek/codex/z3/output/worktrees/viper-fabric-next/benchmarks/smtlib-2025/QF_UF/QF_UF/QG-classification/qg6/gensys_brn001.smt2""]"
10,5,6687,QF_UF/QG-classification/qg6/gensys_brn002.smt2,sat,candidate,0,0,sat,0.020610625,0,0,0,,"sat
",,"[""target/release/euf-viper"",""fabric-solve"",""--engine"",""quotient-portfolio"",""/Users/airbartek/codex/z3/output/worktrees/viper-fabric-next/benchmarks/smtlib-2025/QF_UF/QF_UF/QG-classification/qg6/gensys_brn002.smt2""]"
11,5,6687,QF_UF/QG-classification/qg6/gensys_brn002.smt2,sat,baseline,0,1,sat,0.081561625,0,0,0,,"sat
",,"[""target/release/euf-viper"",""fabric-solve"",""--engine"",""quotient-portfolio"",""/Users/airbartek/codex/z3/output/worktrees/viper-fabric-next/benchmarks/smtlib-2025/QF_UF/QF_UF/QG-classification/qg6/gensys_brn002.smt2""]"
12,6,6688,QF_UF/QG-classification/qg6/gensys_brn003.smt2,sat,baseline,0,0,sat,0.084757917,0,0,0,,"sat
",,"[""target/release/euf-viper"",""fabric-solve"",""--engine"",""quotient-portfolio"",""/Users/airbartek/codex/z3/output/worktrees/viper-fabric-next/benchmarks/smtlib-2025/QF_UF/QF_UF/QG-classification/qg6/gensys_brn003.smt2""]"
13,6,6688,QF_UF/QG-classification/qg6/gensys_brn003.smt2,sat,candidate,0,1,sat,0.017324208,0,0,0,,"sat
",,"[""target/release/euf-viper"",""fabric-solve"",""--engine"",""quotient-portfolio"",""/Users/airbartek/codex/z3/output/worktrees/viper-fabric-next/benchmarks/smtlib-2025/QF_UF/QF_UF/QG-classification/qg6/gensys_brn003.smt2""]"
14,7,6689,QF_UF/QG-classification/qg6/gensys_brn004.smt2,sat,candidate,0,0,sat,0.026477209,0,0,0,,"sat
",,"[""target/release/euf-viper"",""fabric-solve"",""--engine"",""quotient-portfolio"",""/Users/airbartek/codex/z3/output/worktrees/viper-fabric-next/benchmarks/smtlib-2025/QF_UF/QF_UF/QG-classification/qg6/gensys_brn004.smt2""]"
15,7,6689,QF_UF/QG-classification/qg6/gensys_brn004.smt2,sat,baseline,0,1,sat,0.091044250,0,0,0,,"sat
",,"[""target/release/euf-viper"",""fabric-solve"",""--engine"",""quotient-portfolio"",""/Users/airbartek/codex/z3/output/worktrees/viper-fabric-next/benchmarks/smtlib-2025/QF_UF/QF_UF/QG-classification/qg6/gensys_brn004.smt2""]"
16,8,6690,QF_UF/QG-classification/qg6/gensys_brn005.smt2,sat,baseline,0,0,sat,0.179029750,0,0,0,,"sat
",,"[""target/release/euf-viper"",""fabric-solve"",""--engine"",""quotient-portfolio"",""/Users/airbartek/codex/z3/output/worktrees/viper-fabric-next/benchmarks/smtlib-2025/QF_UF/QF_UF/QG-classification/qg6/gensys_brn005.smt2""]"
17,8,6690,QF_UF/QG-classification/qg6/gensys_brn005.smt2,sat,candidate,0,1,sat,0.018021959,0,0,0,,"sat
",,"[""target/release/euf-viper"",""fabric-solve"",""--engine"",""quotient-portfolio"",""/Users/airbartek/codex/z3/output/worktrees/viper-fabric-next/benchmarks/smtlib-2025/QF_UF/QF_UF/QG-classification/qg6/gensys_brn005.smt2""]"
18,9,6691,QF_UF/QG-classification/qg6/gensys_brn006.smt2,sat,candidate,0,0,sat,0.025092583,0,0,0,,"sat
",,"[""target/release/euf-viper"",""fabric-solve"",""--engine"",""quotient-portfolio"",""/Users/airbartek/codex/z3/output/worktrees/viper-fabric-next/benchmarks/smtlib-2025/QF_UF/QF_UF/QG-classification/qg6/gensys_brn006.smt2""]"
19,9,6691,QF_UF/QG-classification/qg6/gensys_brn006.smt2,sat,baseline,0,1,sat,0.107206458,0,0,0,,"sat
",,"[""target/release/euf-viper"",""fabric-solve"",""--engine"",""quotient-portfolio"",""/Users/airbartek/codex/z3/output/worktrees/viper-fabric-next/benchmarks/smtlib-2025/QF_UF/QF_UF/QG-classification/qg6/gensys_brn006.smt2""]"
20,10,6692,QF_UF/QG-classification/qg6/gensys_brn007.smt2,unsat,baseline,0,0,unsat,1.246506791,0,0,0,,"unsat
",,"[""target/release/euf-viper"",""fabric-solve"",""--engine"",""quotient-portfolio"",""/Users/airbartek/codex/z3/output/worktrees/viper-fabric-next/benchmarks/smtlib-2025/QF_UF/QF_UF/QG-classification/qg6/gensys_brn007.smt2""]"
21,10,6692,QF_UF/QG-classification/qg6/gensys_brn007.smt2,unsat,candidate,0,1,unsat,0.325614042,0,0,0,,"unsat
",,"[""target/release/euf-viper"",""fabric-solve"",""--engine"",""quotient-portfolio"",""/Users/airbartek/codex/z3/output/worktrees/viper-fabric-next/benchmarks/smtlib-2025/QF_UF/QF_UF/QG-classification/qg6/gensys_brn007.smt2""]"
22,11,6693,QF_UF/QG-classification/qg6/gensys_brn008.smt2,unsat,candidate,0,0,unsat,0.224337583,0,0,0,,"unsat
",,"[""target/release/euf-viper"",""fabric-solve"",""--engine"",""quotient-portfolio"",""/Users/airbartek/codex/z3/output/worktrees/viper-fabric-next/benchmarks/smtlib-2025/QF_UF/QF_UF/QG-classification/qg6/gensys_brn008.smt2""]"
23,11,6693,QF_UF/QG-classification/qg6/gensys_brn008.smt2,unsat,baseline,0,1,unsat,1.213032541,0,0,0,,"unsat
",,"[""target/release/euf-viper"",""fabric-solve"",""--engine"",""quotient-portfolio"",""/Users/airbartek/codex/z3/output/worktrees/viper-fabric-next/benchmarks/smtlib-2025/QF_UF/QF_UF/QG-classification/qg6/gensys_brn008.smt2""]"
24,12,6694,QF_UF/QG-classification/qg6/gensys_brn009.smt2,sat,baseline,0,0,sat,0.122661417,0,0,0,,"sat
",,"[""target/release/euf-viper"",""fabric-solve"",""--engine"",""quotient-portfolio"",""/Users/airbartek/codex/z3/output/worktrees/viper-fabric-next/benchmarks/smtlib-2025/QF_UF/QF_UF/QG-classification/qg6/gensys_brn009.smt2""]"
25,12,6694,QF_UF/QG-classification/qg6/gensys_brn009.smt2,sat,candidate,0,1,sat,0.018704208,0,0,0,,"sat
",,"[""target/release/euf-viper"",""fabric-solve"",""--engine"",""quotient-portfolio"",""/Users/airbartek/codex/z3/output/worktrees/viper-fabric-next/benchmarks/smtlib-2025/QF_UF/QF_UF/QG-classification/qg6/gensys_brn009.smt2""]"
26,13,6695,QF_UF/QG-classification/qg6/gensys_brn010.smt2,sat,candidate,0,0,sat,0.019013833,0,0,0,,"sat
",,"[""target/release/euf-viper"",""fabric-solve"",""--engine"",""quotient-portfolio"",""/Users/airbartek/codex/z3/output/worktrees/viper-fabric-next/benchmarks/smtlib-2025/QF_UF/QF_UF/QG-classification/qg6/gensys_brn010.smt2""]"
27,13,6695,QF_UF/QG-classification/qg6/gensys_brn010.smt2,sat,baseline,0,1,sat,0.086332583,0,0,0,,"sat
",,"[""target/release/euf-viper"",""fabric-solve"",""--engine"",""quotient-portfolio"",""/Users/airbartek/codex/z3/output/worktrees/viper-fabric-next/benchmarks/smtlib-2025/QF_UF/QF_UF/QG-classification/qg6/gensys_brn010.smt2""]"
28,14,6696,QF_UF/QG-classification/qg6/gensys_brn011.smt2,sat,baseline,0,0,sat,0.097506416,0,0,0,,"sat
",,"[""target/release/euf-viper"",""fabric-solve"",""--engine"",""quotient-portfolio"",""/Users/airbartek/codex/z3/output/worktrees/viper-fabric-next/benchmarks/smtlib-2025/QF_UF/QF_UF/QG-classification/qg6/gensys_brn011.smt2""]"
29,14,6696,QF_UF/QG-classification/qg6/gensys_brn011.smt2,sat,candidate,0,1,sat,0.019858541,0,0,0,,"sat
",,"[""target/release/euf-viper"",""fabric-solve"",""--engine"",""quotient-portfolio"",""/Users/airbartek/codex/z3/output/worktrees/viper-fabric-next/benchmarks/smtlib-2025/QF_UF/QF_UF/QG-classification/qg6/gensys_brn011.smt2""]"
30,15,6697,QF_UF/QG-classification/qg6/gensys_brn012.smt2,sat,candidate,0,0,sat,0.019377708,0,0,0,,"sat
",,"[""target/release/euf-viper"",""fabric-solve"",""--engine"",""quotient-portfolio"",""/Users/airbartek/codex/z3/output/worktrees/viper-fabric-next/benchmarks/smtlib-2025/QF_UF/QF_UF/QG-classification/qg6/gensys_brn012.smt2""]"
31,15,6697,QF_UF/QG-classification/qg6/gensys_brn012.smt2,sat,baseline,0,1,sat,0.095292709,0,0,0,,"sat
",,"[""target/release/euf-viper"",""fabric-solve"",""--engine"",""quotient-portfolio"",""/Users/airbartek/codex/z3/output/worktrees/viper-fabric-next/benchmarks/smtlib-2025/QF_UF/QF_UF/QG-classification/qg6/gensys_brn012.smt2""]"
32,16,6698,QF_UF/QG-classification/qg6/gensys_brn013.smt2,sat,baseline,0,0,sat,0.098422000,0,0,0,,"sat
",,"[""target/release/euf-viper"",""fabric-solve"",""--engine"",""quotient-portfolio"",""/Users/airbartek/codex/z3/output/worktrees/viper-fabric-next/benchmarks/smtlib-2025/QF_UF/QF_UF/QG-classification/qg6/gensys_brn013.smt2""]"
33,16,6698,QF_UF/QG-classification/qg6/gensys_brn013.smt2,sat,candidate,0,1,sat,0.022931375,0,0,0,,"sat
",,"[""target/release/euf-viper"",""fabric-solve"",""--engine"",""quotient-portfolio"",""/Users/airbartek/codex/z3/output/worktrees/viper-fabric-next/benchmarks/smtlib-2025/QF_UF/QF_UF/QG-classification/qg6/gensys_brn013.smt2""]"
34,17,6699,QF_UF/QG-classification/qg6/gensys_brn014.smt2,sat,candidate,0,0,sat,0.023937167,0,0,0,,"sat
",,"[""target/release/euf-viper"",""fabric-solve"",""--engine"",""quotient-portfolio"",""/Users/airbartek/codex/z3/output/worktrees/viper-fabric-next/benchmarks/smtlib-2025/QF_UF/QF_UF/QG-classification/qg6/gensys_brn014.smt2""]"
35,17,6699,QF_UF/QG-classification/qg6/gensys_brn014.smt2,sat,baseline,0,1,sat,0.088052500,0,0,0,,"sat
",,"[""target/release/euf-viper"",""fabric-solve"",""--engine"",""quotient-portfolio"",""/Users/airbartek/codex/z3/output/worktrees/viper-fabric-next/benchmarks/smtlib-2025/QF_UF/QF_UF/QG-classification/qg6/gensys_brn014.smt2""]"
36,18,6700,QF_UF/QG-classification/qg6/gensys_brn015.smt2,sat,baseline,0,0,sat,0.092550291,0,0,0,,"sat
",,"[""target/release/euf-viper"",""fabric-solve"",""--engine"",""quotient-portfolio"",""/Users/airbartek/codex/z3/output/worktrees/viper-fabric-next/benchmarks/smtlib-2025/QF_UF/QF_UF/QG-classification/qg6/gensys_brn015.smt2""]"
37,18,6700,QF_UF/QG-classification/qg6/gensys_brn015.smt2,sat,candidate,0,1,sat,0.020003208,0,0,0,,"sat
",,"[""target/release/euf-viper"",""fabric-solve"",""--engine"",""quotient-portfolio"",""/Users/airbartek/codex/z3/output/worktrees/viper-fabric-next/benchmarks/smtlib-2025/QF_UF/QF_UF/QG-classification/qg6/gensys_brn015.smt2""]"
38,19,6701,QF_UF/QG-classification/qg6/gensys_brn016.smt2,sat,candidate,0,0,sat,0.022111500,0,0,0,,"sat
",,"[""target/release/euf-viper"",""fabric-solve"",""--engine"",""quotient-portfolio"",""/Users/airbartek/codex/z3/output/worktrees/viper-fabric-next/benchmarks/smtlib-2025/QF_UF/QF_UF/QG-classification/qg6/gensys_brn016.smt2""]"
39,19,6701,QF_UF/QG-classification/qg6/gensys_brn016.smt2,sat,baseline,0,1,sat,0.087540875,0,0,0,,"sat
",,"[""target/release/euf-viper"",""fabric-solve"",""--engine"",""quotient-portfolio"",""/Users/airbartek/codex/z3/output/worktrees/viper-fabric-next/benchmarks/smtlib-2025/QF_UF/QF_UF/QG-classification/qg6/gensys_brn016.smt2""]"
40,20,6702,QF_UF/QG-classification/qg6/gensys_brn017.smt2,unsat,baseline,0,0,unsat,1.170389833,0,0,0,,"unsat
",,"[""target/release/euf-viper"",""fabric-solve"",""--engine"",""quotient-portfolio"",""/Users/airbartek/codex/z3/output/worktrees/viper-fabric-next/benchmarks/smtlib-2025/QF_UF/QF_UF/QG-classification/qg6/gensys_brn017.smt2""]"
41,20,6702,QF_UF/QG-classification/qg6/gensys_brn017.smt2,unsat,candidate,0,1,unsat,0.428694000,0,0,0,,"unsat
",,"[""target/release/euf-viper"",""fabric-solve"",""--engine"",""quotient-portfolio"",""/Users/airbartek/codex/z3/output/worktrees/viper-fabric-next/benchmarks/smtlib-2025/QF_UF/QF_UF/QG-classification/qg6/gensys_brn017.smt2""]"
42,21,6703,QF_UF/QG-classification/qg6/gensys_brn_sk001.smt2,sat,candidate,0,0,sat,0.013866167,0,0,0,,"sat
",,"[""target/release/euf-viper"",""fabric-solve"",""--engine"",""quotient-portfolio"",""/Users/airbartek/codex/z3/output/worktrees/viper-fabric-next/benchmarks/smtlib-2025/QF_UF/QF_UF/QG-classification/qg6/gensys_brn_sk001.smt2""]"
43,21,6703,QF_UF/QG-classification/qg6/gensys_brn_sk001.smt2,sat,baseline,0,1,sat,0.027218334,0,0,0,,"sat
",,"[""target/release/euf-viper"",""fabric-solve"",""--engine"",""quotient-portfolio"",""/Users/airbartek/codex/z3/output/worktrees/viper-fabric-next/benchmarks/smtlib-2025/QF_UF/QF_UF/QG-classification/qg6/gensys_brn_sk001.smt2""]"
44,22,6704,QF_UF/QG-classification/qg6/gensys_brn_sk002.smt2,sat,baseline,0,0,sat,0.026493459,0,0,0,,"sat
",,"[""target/release/euf-viper"",""fabric-solve"",""--engine"",""quotient-portfolio"",""/Users/airbartek/codex/z3/output/worktrees/viper-fabric-next/benchmarks/smtlib-2025/QF_UF/QF_UF/QG-classification/qg6/gensys_brn_sk002.smt2""]"
45,22,6704,QF_UF/QG-classification/qg6/gensys_brn_sk002.smt2,sat,candidate,0,1,sat,0.013545250,0,0,0,,"sat
",,"[""target/release/euf-viper"",""fabric-solve"",""--engine"",""quotient-portfolio"",""/Users/airbartek/codex/z3/output/worktrees/viper-fabric-next/benchmarks/smtlib-2025/QF_UF/QF_UF/QG-classification/qg6/gensys_brn_sk002.smt2""]"
46,23,6705,QF_UF/QG-classification/qg6/gensys_brn_sk003.smt2,sat,candidate,0,0,sat,0.015250292,0,0,0,,"sat
",,"[""target/release/euf-viper"",""fabric-solve"",""--engine"",""quotient-portfolio"",""/Users/airbartek/codex/z3/output/worktrees/viper-fabric-next/benchmarks/smtlib-2025/QF_UF/QF_UF/QG-classification/qg6/gensys_brn_sk003.smt2""]"
47,23,6705,QF_UF/QG-classification/qg6/gensys_brn_sk003.smt2,sat,baseline,0,1,sat,0.027917667,0,0,0,,"sat
",,"[""target/release/euf-viper"",""fabric-solve"",""--engine"",""quotient-portfolio"",""/Users/airbartek/codex/z3/output/worktrees/viper-fabric-next/benchmarks/smtlib-2025/QF_UF/QF_UF/QG-classification/qg6/gensys_brn_sk003.smt2""]"
48,24,6706,QF_UF/QG-classification/qg6/gensys_brn_sk004.smt2,sat,baseline,0,0,sat,0.033240416,0,0,0,,"sat
",,"[""target/release/euf-viper"",""fabric-solve"",""--engine"",""quotient-portfolio"",""/Users/airbartek/codex/z3/output/worktrees/viper-fabric-next/benchmarks/smtlib-2025/QF_UF/QF_UF/QG-classification/qg6/gensys_brn_sk004.smt2""]"
49,24,6706,QF_UF/QG-classification/qg6/gensys_brn_sk004.smt2,sat,candidate,0,1,sat,0.014650542,0,0,0,,"sat
",,"[""target/release/euf-viper"",""fabric-solve"",""--engine"",""quotient-portfolio"",""/Users/airbartek/codex/z3/output/worktrees/viper-fabric-next/benchmarks/smtlib-2025/QF_UF/QF_UF/QG-classification/qg6/gensys_brn_sk004.smt2""]"
50,25,6707,QF_UF/QG-classification/qg6/gensys_brn_sk005.smt2,sat,candidate,0,0,sat,0.014498000,0,0,0,,"sat
",,"[""target/release/euf-viper"",""fabric-solve"",""--engine"",""quotient-portfolio"",""/Users/airbartek/codex/z3/output/worktrees/viper-fabric-next/benchmarks/smtlib-2025/QF_UF/QF_UF/QG-classification/qg6/gensys_brn_sk005.smt2""]"
51,25,6707,QF_UF/QG-classification/qg6/gensys_brn_sk005.smt2,sat,baseline,0,1,sat,0.026536958,0,0,0,,"sat
",,"[""target/release/euf-viper"",""fabric-solve"",""--engine"",""quotient-portfolio"",""/Users/airbartek/codex/z3/output/worktrees/viper-fabric-next/benchmarks/smtlib-2025/QF_UF/QF_UF/QG-classification/qg6/gensys_brn_sk005.smt2""]"
52,26,6708,QF_UF/QG-classification/qg6/gensys_brn_sk006.smt2,sat,baseline,0,0,sat,0.028938250,0,0,0,,"sat
",,"[""target/release/euf-viper"",""fabric-solve"",""--engine"",""quotient-portfolio"",""/Users/airbartek/codex/z3/output/worktrees/viper-fabric-next/benchmarks/smtlib-2025/QF_UF/QF_UF/QG-classification/qg6/gensys_brn_sk006.smt2""]"
53,26,6708,QF_UF/QG-classification/qg6/gensys_brn_sk006.smt2,sat,candidate,0,1,sat,0.015030125,0,0,0,,"sat
",,"[""target/release/euf-viper"",""fabric-solve"",""--engine"",""quotient-portfolio"",""/Users/airbartek/codex/z3/output/worktrees/viper-fabric-next/benchmarks/smtlib-2025/QF_UF/QF_UF/QG-classification/qg6/gensys_brn_sk006.smt2""]"
54,27,6709,QF_UF/QG-classification/qg6/gensys_brn_sk007.smt2,unsat,candidate,0,0,unsat,0.192290666,0,0,0,,"unsat
",,"[""target/release/euf-viper"",""fabric-solve"",""--engine"",""quotient-portfolio"",""/Users/airbartek/codex/z3/output/worktrees/viper-fabric-next/benchmarks/smtlib-2025/QF_UF/QF_UF/QG-classification/qg6/gensys_brn_sk007.smt2""]"
55,27,6709,QF_UF/QG-classification/qg6/gensys_brn_sk007.smt2,unsat,baseline,0,1,unsat,0.657011542,0,0,0,,"unsat
",,"[""target/release/euf-viper"",""fabric-solve"",""--engine"",""quotient-portfolio"",""/Users/airbartek/codex/z3/output/worktrees/viper-fabric-next/benchmarks/smtlib-2025/QF_UF/QF_UF/QG-classification/qg6/gensys_brn_sk007.smt2""]"
56,28,6710,QF_UF/QG-classification/qg6/gensys_brn_sk008.smt2,unsat,baseline,0,0,unsat,0.557933625,0,0,0,,"unsat
",,"[""target/release/euf-viper"",""fabric-solve"",""--engine"",""quotient-portfolio"",""/Users/airbartek/codex/z3/output/worktrees/viper-fabric-next/benchmarks/smtlib-2025/QF_UF/QF_UF/QG-classification/qg6/gensys_brn_sk008.smt2""]"
57,28,6710,QF_UF/QG-classification/qg6/gensys_brn_sk008.smt2,unsat,candidate,0,1,unsat,0.158133250,0,0,0,,"unsat
",,"[""target/release/euf-viper"",""fabric-solve"",""--engine"",""quotient-portfolio"",""/Users/airbartek/codex/z3/output/worktrees/viper-fabric-next/benchmarks/smtlib-2025/QF_UF/QF_UF/QG-classification/qg6/gensys_brn_sk008.smt2""]"
58,29,6711,QF_UF/QG-classification/qg6/gensys_brn_sk009.smt2,sat,candidate,0,0,sat,0.015748834,0,0,0,,"sat
",,"[""target/release/euf-viper"",""fabric-solve"",""--engine"",""quotient-portfolio"",""/Users/airbartek/codex/z3/output/worktrees/viper-fabric-next/benchmarks/smtlib-2025/QF_UF/QF_UF/QG-classification/qg6/gensys_brn_sk009.smt2""]"
59,29,6711,QF_UF/QG-classification/qg6/gensys_brn_sk009.smt2,sat,baseline,0,1,sat,0.034606042,0,0,0,,"sat
",,"[""target/release/euf-viper"",""fabric-solve"",""--engine"",""quotient-portfolio"",""/Users/airbartek/codex/z3/output/worktrees/viper-fabric-next/benchmarks/smtlib-2025/QF_UF/QF_UF/QG-classification/qg6/gensys_brn_sk009.smt2""]"
60,30,6712,QF_UF/QG-classification/qg6/gensys_brn_sk010.smt2,sat,baseline,0,0,sat,0.034268084,0,0,0,,"sat
",,"[""target/release/euf-viper"",""fabric-solve"",""--engine"",""quotient-portfolio"",""/Users/airbartek/codex/z3/output/worktrees/viper-fabric-next/benchmarks/smtlib-2025/QF_UF/QF_UF/QG-classification/qg6/gensys_brn_sk010.smt2""]"
61,30,6712,QF_UF/QG-classification/qg6/gensys_brn_sk010.smt2,sat,candidate,0,1,sat,0.014336208,0,0,0,,"sat
",,"[""target/release/euf-viper"",""fabric-solve"",""--engine"",""quotient-portfolio"",""/Users/airbartek/codex/z3/output/worktrees/viper-fabric-next/benchmarks/smtlib-2025/QF_UF/QF_UF/QG-classification/qg6/gensys_brn_sk010.smt2""]"
62,31,6713,QF_UF/QG-classification/qg6/gensys_brn_sk011.smt2,sat,candidate,0,0,sat,0.015914417,0,0,0,,"sat
",,"[""target/release/euf-viper"",""fabric-solve"",""--engine"",""quotient-portfolio"",""/Users/airbartek/codex/z3/output/worktrees/viper-fabric-next/benchmarks/smtlib-2025/QF_UF/QF_UF/QG-classification/qg6/gensys_brn_sk011.smt2""]"
63,31,6713,QF_UF/QG-classification/qg6/gensys_brn_sk011.smt2,sat,baseline,0,1,sat,0.041708000,0,0,0,,"sat
",,"[""target/release/euf-viper"",""fabric-solve"",""--engine"",""quotient-portfolio"",""/Users/airbartek/codex/z3/output/worktrees/viper-fabric-next/benchmarks/smtlib-2025/QF_UF/QF_UF/QG-classification/qg6/gensys_brn_sk011.smt2""]"
64,32,6714,QF_UF/QG-classification/qg6/gensys_brn_sk012.smt2,sat,baseline,0,0,sat,0.035283791,0,0,0,,"sat
",,"[""target/release/euf-viper"",""fabric-solve"",""--engine"",""quotient-portfolio"",""/Users/airbartek/codex/z3/output/worktrees/viper-fabric-next/benchmarks/smtlib-2025/QF_UF/QF_UF/QG-classification/qg6/gensys_brn_sk012.smt2""]"
65,32,6714,QF_UF/QG-classification/qg6/gensys_brn_sk012.smt2,sat,candidate,0,1,sat,0.015293667,0,0,0,,"sat
",,"[""target/release/euf-viper"",""fabric-solve"",""--engine"",""quotient-portfolio"",""/Users/airbartek/codex/z3/output/worktrees/viper-fabric-next/benchmarks/smtlib-2025/QF_UF/QF_UF/QG-classification/qg6/gensys_brn_sk012.smt2""]"
66,33,6715,QF_UF/QG-classification/qg6/gensys_brn_sk013.smt2,sat,candidate,0,0,sat,0.017104583,0,0,0,,"sat
",,"[""target/release/euf-viper"",""fabric-solve"",""--engine"",""quotient-portfolio"",""/Users/airbartek/codex/z3/output/worktrees/viper-fabric-next/benchmarks/smtlib-2025/QF_UF/QF_UF/QG-classification/qg6/gensys_brn_sk013.smt2""]"
67,33,6715,QF_UF/QG-classification/qg6/gensys_brn_sk013.smt2,sat,baseline,0,1,sat,0.066746459,0,0,0,,"sat
",,"[""target/release/euf-viper"",""fabric-solve"",""--engine"",""quotient-portfolio"",""/Users/airbartek/codex/z3/output/worktrees/viper-fabric-next/benchmarks/smtlib-2025/QF_UF/QF_UF/QG-classification/qg6/gensys_brn_sk013.smt2""]"
68,34,6716,QF_UF/QG-classification/qg6/gensys_brn_sk014.smt2,sat,baseline,0,0,sat,0.042739625,0,0,0,,"sat
",,"[""target/release/euf-viper"",""fabric-solve"",""--engine"",""quotient-portfolio"",""/Users/airbartek/codex/z3/output/worktrees/viper-fabric-next/benchmarks/smtlib-2025/QF_UF/QF_UF/QG-classification/qg6/gensys_brn_sk014.smt2""]"
69,34,6716,QF_UF/QG-classification/qg6/gensys_brn_sk014.smt2,sat,candidate,0,1,sat,0.016672375,0,0,0,,"sat
",,"[""target/release/euf-viper"",""fabric-solve"",""--engine"",""quotient-portfolio"",""/Users/airbartek/codex/z3/output/worktrees/viper-fabric-next/benchmarks/smtlib-2025/QF_UF/QF_UF/QG-classification/qg6/gensys_brn_sk014.smt2""]"
70,35,6717,QF_UF/QG-classification/qg6/gensys_brn_sk015.smt2,sat,candidate,0,0,sat,0.016568917,0,0,0,,"sat
",,"[""target/release/euf-viper"",""fabric-solve"",""--engine"",""quotient-portfolio"",""/Users/airbartek/codex/z3/output/worktrees/viper-fabric-next/benchmarks/smtlib-2025/QF_UF/QF_UF/QG-classification/qg6/gensys_brn_sk015.smt2""]"
71,35,6717,QF_UF/QG-classification/qg6/gensys_brn_sk015.smt2,sat,baseline,0,1,sat,0.048938959,0,0,0,,"sat
",,"[""target/release/euf-viper"",""fabric-solve"",""--engine"",""quotient-portfolio"",""/Users/airbartek/codex/z3/output/worktrees/viper-fabric-next/benchmarks/smtlib-2025/QF_UF/QF_UF/QG-classification/qg6/gensys_brn_sk015.smt2""]"
72,36,6718,QF_UF/QG-classification/qg6/gensys_brn_sk016.smt2,sat,baseline,0,0,sat,0.046608250,0,0,0,,"sat
",,"[""target/release/euf-viper"",""fabric-solve"",""--engine"",""quotient-portfolio"",""/Users/airbartek/codex/z3/output/worktrees/viper-fabric-next/benchmarks/smtlib-2025/QF_UF/QF_UF/QG-classification/qg6/gensys_brn_sk016.smt2""]"
73,36,6718,QF_UF/QG-classification/qg6/gensys_brn_sk016.smt2,sat,candidate,0,1,sat,0.017251792,0,0,0,,"sat
",,"[""target/release/euf-viper"",""fabric-solve"",""--engine"",""quotient-portfolio"",""/Users/airbartek/codex/z3/output/worktrees/viper-fabric-next/benchmarks/smtlib-2025/QF_UF/QF_UF/QG-classification/qg6/gensys_brn_sk016.smt2""]"
74,37,6719,QF_UF/QG-classification/qg6/gensys_brn_sk017.smt2,unsat,candidate,0,0,unsat,0.271269458,0,0,0,,"unsat
",,"[""target/release/euf-viper"",""fabric-solve"",""--engine"",""quotient-portfolio"",""/Users/airbartek/codex/z3/output/worktrees/viper-fabric-next/benchmarks/smtlib-2025/QF_UF/QF_UF/QG-classification/qg6/gensys_brn_sk017.smt2""]"
75,37,6719,QF_UF/QG-classification/qg6/gensys_brn_sk017.smt2,unsat,baseline,0,1,unsat,0.670605125,0,0,0,,"unsat
",,"[""target/release/euf-viper"",""fabric-solve"",""--engine"",""quotient-portfolio"",""/Users/airbartek/codex/z3/output/worktrees/viper-fabric-next/benchmarks/smtlib-2025/QF_UF/QF_UF/QG-classification/qg6/gensys_brn_sk017.smt2""]"
76,38,6720,QF_UF/QG-classification/qg6/gensys_icl001.smt2,unsat,baseline,0,0,timeout,2.003920125,124,-9,1,timeout,,,"[""target/release/euf-viper"",""fabric-solve"",""--engine"",""quotient-portfolio"",""/Users/airbartek/codex/z3/output/worktrees/viper-fabric-next/benchmarks/smtlib-2025/QF_UF/QF_UF/QG-classification/qg6/gensys_icl001.smt2""]"
77,38,6720,QF_UF/QG-classification/qg6/gensys_icl001.smt2,unsat,candidate,0,1,unsat,0.382926750,0,0,0,,"unsat
",,"[""target/release/euf-viper"",""fabric-solve"",""--engine"",""quotient-portfolio"",""/Users/airbartek/codex/z3/output/worktrees/viper-fabric-next/benchmarks/smtlib-2025/QF_UF/QF_UF/QG-classification/qg6/gensys_icl001.smt2""]"
78,39,6721,QF_UF/QG-classification/qg6/gensys_icl002.smt2,unsat,candidate,0,0,unsat,0.246026209,0,0,0,,"unsat
",,"[""target/release/euf-viper"",""fabric-solve"",""--engine"",""quotient-portfolio"",""/Users/airbartek/codex/z3/output/worktrees/viper-fabric-next/benchmarks/smtlib-2025/QF_UF/QF_UF/QG-classification/qg6/gensys_icl002.smt2""]"
79,39,6721,QF_UF/QG-classification/qg6/gensys_icl002.smt2,unsat,baseline,0,1,unsat,1.106024875,0,0,0,,"unsat
",,"[""target/release/euf-viper"",""fabric-solve"",""--engine"",""quotient-portfolio"",""/Users/airbartek/codex/z3/output/worktrees/viper-fabric-next/benchmarks/smtlib-2025/QF_UF/QF_UF/QG-classification/qg6/gensys_icl002.smt2""]"
80,40,6722,QF_UF/QG-classification/qg6/gensys_icl003.smt2,unsat,baseline,0,0,unsat,1.227432584,0,0,0,,"unsat
",,"[""target/release/euf-viper"",""fabric-solve"",""--engine"",""quotient-portfolio"",""/Users/airbartek/codex/z3/output/worktrees/viper-fabric-next/benchmarks/smtlib-2025/QF_UF/QF_UF/QG-classification/qg6/gensys_icl003.smt2""]"
81,40,6722,QF_UF/QG-classification/qg6/gensys_icl003.smt2,unsat,candidate,0,1,unsat,0.261044500,0,0,0,,"unsat
",,"[""target/release/euf-viper"",""fabric-solve"",""--engine"",""quotient-portfolio"",""/Users/airbartek/codex/z3/output/worktrees/viper-fabric-next/benchmarks/smtlib-2025/QF_UF/QF_UF/QG-classification/qg6/gensys_icl003.smt2""]"
82,41,6723,QF_UF/QG-classification/qg6/gensys_icl004.smt2,unsat,candidate,0,0,unsat,0.328248333,0,0,0,,"unsat
",,"[""target/release/euf-viper"",""fabric-solve"",""--engine"",""quotient-portfolio"",""/Users/airbartek/codex/z3/output/worktrees/viper-fabric-next/benchmarks/smtlib-2025/QF_UF/QF_UF/QG-classification/qg6/gensys_icl004.smt2""]"
83,41,6723,QF_UF/QG-classification/qg6/gensys_icl004.smt2,unsat,baseline,0,1,unsat,1.355285500,0,0,0,,"unsat
",,"[""target/release/euf-viper"",""fabric-solve"",""--engine"",""quotient-portfolio"",""/Users/airbartek/codex/z3/output/worktrees/viper-fabric-next/benchmarks/smtlib-2025/QF_UF/QF_UF/QG-classification/qg6/gensys_icl004.smt2""]"
84,42,6724,QF_UF/QG-classification/qg6/gensys_icl005.smt2,unsat,baseline,0,0,unsat,1.220360625,0,0,0,,"unsat
",,"[""target/release/euf-viper"",""fabric-solve"",""--engine"",""quotient-portfolio"",""/Users/airbartek/codex/z3/output/worktrees/viper-fabric-next/benchmarks/smtlib-2025/QF_UF/QF_UF/QG-classification/qg6/gensys_icl005.smt2""]"
85,42,6724,QF_UF/QG-classification/qg6/gensys_icl005.smt2,unsat,candidate,0,1,unsat,0.275885750,0,0,0,,"unsat
",,"[""target/release/euf-viper"",""fabric-solve"",""--engine"",""quotient-portfolio"",""/Users/airbartek/codex/z3/output/worktrees/viper-fabric-next/benchmarks/smtlib-2025/QF_UF/QF_UF/QG-classification/qg6/gensys_icl005.smt2""]"
86,43,6725,QF_UF/QG-classification/qg6/gensys_icl006.smt2,unsat,candidate,0,0,unsat,0.291428583,0,0,0,,"unsat
",,"[""target/release/euf-viper"",""fabric-solve"",""--engine"",""quotient-portfolio"",""/Users/airbartek/codex/z3/output/worktrees/viper-fabric-next/benchmarks/smtlib-2025/QF_UF/QF_UF/QG-classification/qg6/gensys_icl006.smt2""]"
87,43,6725,QF_UF/QG-classification/qg6/gensys_icl006.smt2,unsat,baseline,0,1,unsat,1.295100417,0,0,0,,"unsat
",,"[""target/release/euf-viper"",""fabric-solve"",""--engine"",""quotient-portfolio"",""/Users/airbartek/codex/z3/output/worktrees/viper-fabric-next/benchmarks/smtlib-2025/QF_UF/QF_UF/QG-classification/qg6/gensys_icl006.smt2""]"
88,44,6726,QF_UF/QG-classification/qg6/gensys_icl007.smt2,unsat,baseline,0,0,unsat,1.134141708,0,0,0,,"unsat
",,"[""target/release/euf-viper"",""fabric-solve"",""--engine"",""quotient-portfolio"",""/Users/airbartek/codex/z3/output/worktrees/viper-fabric-next/benchmarks/smtlib-2025/QF_UF/QF_UF/QG-classification/qg6/gensys_icl007.smt2""]"
89,44,6726,QF_UF/QG-classification/qg6/gensys_icl007.smt2,unsat,candidate,0,1,unsat,0.307122083,0,0,0,,"unsat
",,"[""target/release/euf-viper"",""fabric-solve"",""--engine"",""quotient-portfolio"",""/Users/airbartek/codex/z3/output/worktrees/viper-fabric-next/benchmarks/smtlib-2025/QF_UF/QF_UF/QG-classification/qg6/gensys_icl007.smt2""]"
90,45,6727,QF_UF/QG-classification/qg6/gensys_icl008.smt2,unsat,candidate,0,0,unsat,0.235089916,0,0,0,,"unsat
",,"[""target/release/euf-viper"",""fabric-solve"",""--engine"",""quotient-portfolio"",""/Users/airbartek/codex/z3/output/worktrees/viper-fabric-next/benchmarks/smtlib-2025/QF_UF/QF_UF/QG-classification/qg6/gensys_icl008.smt2""]"
91,45,6727,QF_UF/QG-classification/qg6/gensys_icl008.smt2,unsat,baseline,0,1,unsat,1.651742500,0,0,0,,"unsat
",,"[""target/release/euf-viper"",""fabric-solve"",""--engine"",""quotient-portfolio"",""/Users/airbartek/codex/z3/output/worktrees/viper-fabric-next/benchmarks/smtlib-2025/QF_UF/QF_UF/QG-classification/qg6/gensys_icl008.smt2""]"
92,46,6728,QF_UF/QG-classification/qg6/gensys_icl009.smt2,unsat,baseline,0,0,unsat,1.586062833,0,0,0,,"unsat
",,"[""target/release/euf-viper"",""fabric-solve"",""--engine"",""quotient-portfolio"",""/Users/airbartek/codex/z3/output/worktrees/viper-fabric-next/benchmarks/smtlib-2025/QF_UF/QF_UF/QG-classification/qg6/gensys_icl009.smt2""]"
93,46,6728,QF_UF/QG-classification/qg6/gensys_icl009.smt2,unsat,candidate,0,1,unsat,0.545968708,0,0,0,,"unsat
",,"[""target/release/euf-viper"",""fabric-solve"",""--engine"",""quotient-portfolio"",""/Users/airbartek/codex/z3/output/worktrees/viper-fabric-next/benchmarks/smtlib-2025/QF_UF/QF_UF/QG-classification/qg6/gensys_icl009.smt2""]"
94,47,6729,QF_UF/QG-classification/qg6/gensys_icl010.smt2,unsat,candidate,0,0,unsat,0.221808542,0,0,0,,"unsat
",,"[""target/release/euf-viper"",""fabric-solve"",""--engine"",""quotient-portfolio"",""/Users/airbartek/codex/z3/output/worktrees/viper-fabric-next/benchmarks/smtlib-2025/QF_UF/QF_UF/QG-classification/qg6/gensys_icl010.smt2""]"
95,47,6729,QF_UF/QG-classification/qg6/gensys_icl010.smt2,unsat,baseline,0,1,unsat,1.160807291,0,0,0,,"unsat
",,"[""target/release/euf-viper"",""fabric-solve"",""--engine"",""quotient-portfolio"",""/Users/airbartek/codex/z3/output/worktrees/viper-fabric-next/benchmarks/smtlib-2025/QF_UF/QF_UF/QG-classification/qg6/gensys_icl010.smt2""]"
96,48,6730,QF_UF/QG-classification/qg6/gensys_icl011.smt2,unsat,baseline,0,0,unsat,1.138751042,0,0,0,,"unsat
",,"[""target/release/euf-viper"",""fabric-solve"",""--engine"",""quotient-portfolio"",""/Users/airbartek/codex/z3/output/worktrees/viper-fabric-next/benchmarks/smtlib-2025/QF_UF/QF_UF/QG-classification/qg6/gensys_icl011.smt2""]"
97,48,6730,QF_UF/QG-classification/qg6/gensys_icl011.smt2,unsat,candidate,0,1,unsat,0.260583291,0,0,0,,"unsat
",,"[""target/release/euf-viper"",""fabric-solve"",""--engine"",""quotient-portfolio"",""/Users/airbartek/codex/z3/output/worktrees/viper-fabric-next/benchmarks/smtlib-2025/QF_UF/QF_UF/QG-classification/qg6/gensys_icl011.smt2""]"
98,49,6731,QF_UF/QG-classification/qg6/gensys_icl012.smt2,unsat,candidate,0,0,unsat,0.282436000,0,0,0,,"unsat
",,"[""target/release/euf-viper"",""fabric-solve"",""--engine"",""quotient-portfolio"",""/Users/airbartek/codex/z3/output/worktrees/viper-fabric-next/benchmarks/smtlib-2025/QF_UF/QF_UF/QG-classification/qg6/gensys_icl012.smt2""]"
99,49,6731,QF_UF/QG-classification/qg6/gensys_icl012.smt2,unsat,baseline,0,1,unsat,1.345780084,0,0,0,,"unsat
",,"[""target/release/euf-viper"",""fabric-solve"",""--engine"",""quotient-portfolio"",""/Users/airbartek/codex/z3/output/worktrees/viper-fabric-next/benchmarks/smtlib-2025/QF_UF/QF_UF/QG-classification/qg6/gensys_icl012.smt2""]"
100,50,6732,QF_UF/QG-classification/qg6/gensys_icl013.smt2,unsat,baseline,0,0,unsat,1.443862208,0,0,0,,"unsat
",,"[""target/release/euf-viper"",""fabric-solve"",""--engine"",""quotient-portfolio"",""/Users/airbartek/codex/z3/output/worktrees/viper-fabric-next/benchmarks/smtlib-2025/QF_UF/QF_UF/QG-classification/qg6/gensys_icl013.smt2""]"
101,50,6732,QF_UF/QG-classification/qg6/gensys_icl013.smt2,unsat,candidate,0,1,unsat,0.482470084,0,0,0,,"unsat
",,"[""target/release/euf-viper"",""fabric-solve"",""--engine"",""quotient-portfolio"",""/Users/airbartek/codex/z3/output/worktrees/viper-fabric-next/benchmarks/smtlib-2025/QF_UF/QF_UF/QG-classification/qg6/gensys_icl013.smt2""]"
102,51,6733,QF_UF/QG-classification/qg6/gensys_icl_sk001.smt2,unsat,candidate,0,0,unsat,0.701814208,0,0,0,,"unsat
",,"[""target/release/euf-viper"",""fabric-solve"",""--engine"",""quotient-portfolio"",""/Users/airbartek/codex/z3/output/worktrees/viper-fabric-next/benchmarks/smtlib-2025/QF_UF/QF_UF/QG-classification/qg6/gensys_icl_sk001.smt2""]"
103,51,6733,QF_UF/QG-classification/qg6/gensys_icl_sk001.smt2,unsat,baseline,0,1,unsat,0.924963542,0,0,0,,"unsat
",,"[""target/release/euf-viper"",""fabric-solve"",""--engine"",""quotient-portfolio"",""/Users/airbartek/codex/z3/output/worktrees/viper-fabric-next/benchmarks/smtlib-2025/QF_UF/QF_UF/QG-classification/qg6/gensys_icl_sk001.smt2""]"
104,52,6734,QF_UF/QG-classification/qg6/gensys_icl_sk002.smt2,unsat,baseline,0,0,unsat,0.529675708,0,0,0,,"unsat
",,"[""target/release/euf-viper"",""fabric-solve"",""--engine"",""quotient-portfolio"",""/Users/airbartek/codex/z3/output/worktrees/viper-fabric-next/benchmarks/smtlib-2025/QF_UF/QF_UF/QG-classification/qg6/gensys_icl_sk002.smt2""]"
105,52,6734,QF_UF/QG-classification/qg6/gensys_icl_sk002.smt2,unsat,candidate,0,1,unsat,0.108523334,0,0,0,,"unsat
",,"[""target/release/euf-viper"",""fabric-solve"",""--engine"",""quotient-portfolio"",""/Users/airbartek/codex/z3/output/worktrees/viper-fabric-next/benchmarks/smtlib-2025/QF_UF/QF_UF/QG-classification/qg6/gensys_icl_sk002.smt2""]"
106,53,6735,QF_UF/QG-classification/qg6/gensys_icl_sk003.smt2,unsat,candidate,0,0,unsat,0.158149708,0,0,0,,"unsat
",,"[""target/release/euf-viper"",""fabric-solve"",""--engine"",""quotient-portfolio"",""/Users/airbartek/codex/z3/output/worktrees/viper-fabric-next/benchmarks/smtlib-2025/QF_UF/QF_UF/QG-classification/qg6/gensys_icl_sk003.smt2""]"
107,53,6735,QF_UF/QG-classification/qg6/gensys_icl_sk003.smt2,unsat,baseline,0,1,unsat,0.680753292,0,0,0,,"unsat
",,"[""target/release/euf-viper"",""fabric-solve"",""--engine"",""quotient-portfolio"",""/Users/airbartek/codex/z3/output/worktrees/viper-fabric-next/benchmarks/smtlib-2025/QF_UF/QF_UF/QG-classification/qg6/gensys_icl_sk003.smt2""]"
108,54,6736,QF_UF/QG-classification/qg6/gensys_icl_sk004.smt2,unsat,baseline,0,0,unsat,0.589097917,0,0,0,,"unsat
",,"[""target/release/euf-viper"",""fabric-solve"",""--engine"",""quotient-portfolio"",""/Users/airbartek/codex/z3/output/worktrees/viper-fabric-next/benchmarks/smtlib-2025/QF_UF/QF_UF/QG-classification/qg6/gensys_icl_sk004.smt2""]"
109,54,6736,QF_UF/QG-classification/qg6/gensys_icl_sk004.smt2,unsat,candidate,0,1,unsat,0.193018541,0,0,0,,"unsat
",,"[""target/release/euf-viper"",""fabric-solve"",""--engine"",""quotient-portfolio"",""/Users/airbartek/codex/z3/output/worktrees/viper-fabric-next/benchmarks/smtlib-2025/QF_UF/QF_UF/QG-classification/qg6/gensys_icl_sk004.smt2""]"
110,55,6737,QF_UF/QG-classification/qg6/gensys_icl_sk005.smt2,unsat,candidate,0,0,unsat,0.153240333,0,0,0,,"unsat
",,"[""target/release/euf-viper"",""fabric-solve"",""--engine"",""quotient-portfolio"",""/Users/airbartek/codex/z3/output/worktrees/viper-fabric-next/benchmarks/smtlib-2025/QF_UF/QF_UF/QG-classification/qg6/gensys_icl_sk005.smt2""]"
111,55,6737,QF_UF/QG-classification/qg6/gensys_icl_sk005.smt2,unsat,baseline,0,1,unsat,0.745678667,0,0,0,,"unsat
",,"[""target/release/euf-viper"",""fabric-solve"",""--engine"",""quotient-portfolio"",""/Users/airbartek/codex/z3/output/worktrees/viper-fabric-next/benchmarks/smtlib-2025/QF_UF/QF_UF/QG-classification/qg6/gensys_icl_sk005.smt2""]"
112,56,6738,QF_UF/QG-classification/qg6/gensys_icl_sk006.smt2,unsat,baseline,0,0,unsat,0.611781375,0,0,0,,"unsat
",,"[""target/release/euf-viper"",""fabric-solve"",""--engine"",""quotient-portfolio"",""/Users/airbartek/codex/z3/output/worktrees/viper-fabric-next/benchmarks/smtlib-2025/QF_UF/QF_UF/QG-classification/qg6/gensys_icl_sk006.smt2""]"
113,56,6738,QF_UF/QG-classification/qg6/gensys_icl_sk006.smt2,unsat,candidate,0,1,unsat,0.183547375,0,0,0,,"unsat
",,"[""target/release/euf-viper"",""fabric-solve"",""--engine"",""quotient-portfolio"",""/Users/airbartek/codex/z3/output/worktrees/viper-fabric-next/benchmarks/smtlib-2025/QF_UF/QF_UF/QG-classification/qg6/gensys_icl_sk006.smt2""]"
114,57,6739,QF_UF/QG-classification/qg6/gensys_icl_sk007.smt2,unsat,candidate,0,0,unsat,0.198518042,0,0,0,,"unsat
",,"[""target/release/euf-viper"",""fabric-solve"",""--engine"",""quotient-portfolio"",""/Users/airbartek/codex/z3/output/worktrees/viper-fabric-next/benchmarks/smtlib-2025/QF_UF/QF_UF/QG-classification/qg6/gensys_icl_sk007.smt2""]"
115,57,6739,QF_UF/QG-classification/qg6/gensys_icl_sk007.smt2,unsat,baseline,0,1,unsat,0.604661708,0,0,0,,"unsat
",,"[""target/release/euf-viper"",""fabric-solve"",""--engine"",""quotient-portfolio"",""/Users/airbartek/codex/z3/output/worktrees/viper-fabric-next/benchmarks/smtlib-2025/QF_UF/QF_UF/QG-classification/qg6/gensys_icl_sk007.smt2""]"
116,58,6740,QF_UF/QG-classification/qg6/gensys_icl_sk008.smt2,unsat,baseline,0,0,unsat,0.571490792,0,0,0,,"unsat
",,"[""target/release/euf-viper"",""fabric-solve"",""--engine"",""quotient-portfolio"",""/Users/airbartek/codex/z3/output/worktrees/viper-fabric-next/benchmarks/smtlib-2025/QF_UF/QF_UF/QG-classification/qg6/gensys_icl_sk008.smt2""]"
117,58,6740,QF_UF/QG-classification/qg6/gensys_icl_sk008.smt2,unsat,candidate,0,1,unsat,0.125478833,0,0,0,,"unsat
",,"[""target/release/euf-viper"",""fabric-solve"",""--engine"",""quotient-portfolio"",""/Users/airbartek/codex/z3/output/worktrees/viper-fabric-next/benchmarks/smtlib-2025/QF_UF/QF_UF/QG-classification/qg6/gensys_icl_sk008.smt2""]"
118,59,6741,QF_UF/QG-classification/qg6/gensys_icl_sk009.smt2,unsat,candidate,0,0,unsat,0.364403208,0,0,0,,"unsat
",,"[""target/release/euf-viper"",""fabric-solve"",""--engine"",""quotient-portfolio"",""/Users/airbartek/codex/z3/output/worktrees/viper-fabric-next/benchmarks/smtlib-2025/QF_UF/QF_UF/QG-classification/qg6/gensys_icl_sk009.smt2""]"
119,59,6741,QF_UF/QG-classification/qg6/gensys_icl_sk009.smt2,unsat,baseline,0,1,unsat,0.801783625,0,0,0,,"unsat
",,"[""target/release/euf-viper"",""fabric-solve"",""--engine"",""quotient-portfolio"",""/Users/airbartek/codex/z3/output/worktrees/viper-fabric-next/benchmarks/smtlib-2025/QF_UF/QF_UF/QG-classification/qg6/gensys_icl_sk009.smt2""]"
120,60,6742,QF_UF/QG-classification/qg6/gensys_icl_sk010.smt2,unsat,baseline,0,0,unsat,0.575299584,0,0,0,,"unsat
",,"[""target/release/euf-viper"",""fabric-solve"",""--engine"",""quotient-portfolio"",""/Users/airbartek/codex/z3/output/worktrees/viper-fabric-next/benchmarks/smtlib-2025/QF_UF/QF_UF/QG-classification/qg6/gensys_icl_sk010.smt2""]"
121,60,6742,QF_UF/QG-classification/qg6/gensys_icl_sk010.smt2,unsat,candidate,0,1,unsat,0.139887584,0,0,0,,"unsat
",,"[""target/release/euf-viper"",""fabric-solve"",""--engine"",""quotient-portfolio"",""/Users/airbartek/codex/z3/output/worktrees/viper-fabric-next/benchmarks/smtlib-2025/QF_UF/QF_UF/QG-classification/qg6/gensys_icl_sk010.smt2""]"
122,61,6743,QF_UF/QG-classification/qg6/gensys_icl_sk011.smt2,unsat,candidate,0,0,unsat,0.215681125,0,0,0,,"unsat
",,"[""target/release/euf-viper"",""fabric-solve"",""--engine"",""quotient-portfolio"",""/Users/airbartek/codex/z3/output/worktrees/viper-fabric-next/benchmarks/smtlib-2025/QF_UF/QF_UF/QG-classification/qg6/gensys_icl_sk011.smt2""]"
123,61,6743,QF_UF/QG-classification/qg6/gensys_icl_sk011.smt2,unsat,baseline,0,1,unsat,0.712291750,0,0,0,,"unsat
",,"[""target/release/euf-viper"",""fabric-solve"",""--engine"",""quotient-portfolio"",""/Users/airbartek/codex/z3/output/worktrees/viper-fabric-next/benchmarks/smtlib-2025/QF_UF/QF_UF/QG-classification/qg6/gensys_icl_sk011.smt2""]"
124,62,6744,QF_UF/QG-classification/qg6/gensys_icl_sk012.smt2,unsat,baseline,0,0,unsat,0.895613417,0,0,0,,"unsat
",,"[""target/release/euf-viper"",""fabric-solve"",""--engine"",""quotient-portfolio"",""/Users/airbartek/codex/z3/output/worktrees/viper-fabric-next/benchmarks/smtlib-2025/QF_UF/QF_UF/QG-classification/qg6/gensys_icl_sk012.smt2""]"
125,62,6744,QF_UF/QG-classification/qg6/gensys_icl_sk012.smt2,unsat,candidate,0,1,unsat,0.365073709,0,0,0,,"unsat
",,"[""target/release/euf-viper"",""fabric-solve"",""--engine"",""quotient-portfolio"",""/Users/airbartek/codex/z3/output/worktrees/viper-fabric-next/benchmarks/smtlib-2025/QF_UF/QF_UF/QG-classification/qg6/gensys_icl_sk012.smt2""]"
126,63,6745,QF_UF/QG-classification/qg6/gensys_icl_sk013.smt2,unsat,candidate,0,0,unsat,0.283870041,0,0,0,,"unsat
",,"[""target/release/euf-viper"",""fabric-solve"",""--engine"",""quotient-portfolio"",""/Users/airbartek/codex/z3/output/worktrees/viper-fabric-next/benchmarks/smtlib-2025/QF_UF/QF_UF/QG-classification/qg6/gensys_icl_sk013.smt2""]"
127,63,6745,QF_UF/QG-classification/qg6/gensys_icl_sk013.smt2,unsat,baseline,0,1,unsat,0.704451709,0,0,0,,"unsat
",,"[""target/release/euf-viper"",""fabric-solve"",""--engine"",""quotient-portfolio"",""/Users/airbartek/codex/z3/output/worktrees/viper-fabric-next/benchmarks/smtlib-2025/QF_UF/QF_UF/QG-classification/qg6/gensys_icl_sk013.smt2""]"
128,64,6746,QF_UF/QG-classification/qg6/iso_brn001.smt2,sat,baseline,0,0,sat,0.037878917,0,0,0,,"sat
",,"[""target/release/euf-viper"",""fabric-solve"",""--engine"",""quotient-portfolio"",""/Users/airbartek/codex/z3/output/worktrees/viper-fabric-next/benchmarks/smtlib-2025/QF_UF/QF_UF/QG-classification/qg6/iso_brn001.smt2""]"
129,64,6746,QF_UF/QG-classification/qg6/iso_brn001.smt2,sat,candidate,0,1,sat,0.036987292,0,0,0,,"sat
",,"[""target/release/euf-viper"",""fabric-solve"",""--engine"",""quotient-portfolio"",""/Users/airbartek/codex/z3/output/worktrees/viper-fabric-next/benchmarks/smtlib-2025/QF_UF/QF_UF/QG-classification/qg6/iso_brn001.smt2""]"
130,65,6747,QF_UF/QG-classification/qg6/iso_brn002.smt2,sat,candidate,0,0,sat,0.043466958,0,0,0,,"sat
",,"[""target/release/euf-viper"",""fabric-solve"",""--engine"",""quotient-portfolio"",""/Users/airbartek/codex/z3/output/worktrees/viper-fabric-next/benchmarks/smtlib-2025/QF_UF/QF_UF/QG-classification/qg6/iso_brn002.smt2""]"
131,65,6747,QF_UF/QG-classification/qg6/iso_brn002.smt2,sat,baseline,0,1,sat,0.043277333,0,0,0,,"sat
",,"[""target/release/euf-viper"",""fabric-solve"",""--engine"",""quotient-portfolio"",""/Users/airbartek/codex/z3/output/worktrees/viper-fabric-next/benchmarks/smtlib-2025/QF_UF/QF_UF/QG-classification/qg6/iso_brn002.smt2""]"
132,66,6748,QF_UF/QG-classification/qg6/iso_brn003.smt2,sat,baseline,0,0,sat,0.049039917,0,0,0,,"sat
",,"[""target/release/euf-viper"",""fabric-solve"",""--engine"",""quotient-portfolio"",""/Users/airbartek/codex/z3/output/worktrees/viper-fabric-next/benchmarks/smtlib-2025/QF_UF/QF_UF/QG-classification/qg6/iso_brn003.smt2""]"
133,66,6748,QF_UF/QG-classification/qg6/iso_brn003.smt2,sat,candidate,0,1,sat,0.048093625,0,0,0,,"sat
",,"[""target/release/euf-viper"",""fabric-solve"",""--engine"",""quotient-portfolio"",""/Users/airbartek/codex/z3/output/worktrees/viper-fabric-next/benchmarks/smtlib-2025/QF_UF/QF_UF/QG-classification/qg6/iso_brn003.smt2""]"
134,67,6749,QF_UF/QG-classification/qg6/iso_brn004.smt2,sat,candidate,0,0,sat,0.054767875,0,0,0,,"sat
",,"[""target/release/euf-viper"",""fabric-solve"",""--engine"",""quotient-portfolio"",""/Users/airbartek/codex/z3/output/worktrees/viper-fabric-next/benchmarks/smtlib-2025/QF_UF/QF_UF/QG-classification/qg6/iso_brn004.smt2""]"
135,67,6749,QF_UF/QG-classification/qg6/iso_brn004.smt2,sat,baseline,0,1,sat,0.054200958,0,0,0,,"sat
",,"[""target/release/euf-viper"",""fabric-solve"",""--engine"",""quotient-portfolio"",""/Users/airbartek/codex/z3/output/worktrees/viper-fabric-next/benchmarks/smtlib-2025/QF_UF/QF_UF/QG-classification/qg6/iso_brn004.smt2""]"
136,68,6750,QF_UF/QG-classification/qg6/iso_brn005.smt2,sat,baseline,0,0,sat,0.089321458,0,0,0,,"sat
",,"[""target/release/euf-viper"",""fabric-solve"",""--engine"",""quotient-portfolio"",""/Users/airbartek/codex/z3/output/worktrees/viper-fabric-next/benchmarks/smtlib-2025/QF_UF/QF_UF/QG-classification/qg6/iso_brn005.smt2""]"
137,68,6750,QF_UF/QG-classification/qg6/iso_brn005.smt2,sat,candidate,0,1,sat,0.088426250,0,0,0,,"sat
",,"[""target/release/euf-viper"",""fabric-solve"",""--engine"",""quotient-portfolio"",""/Users/airbartek/codex/z3/output/worktrees/viper-fabric-next/benchmarks/smtlib-2025/QF_UF/QF_UF/QG-classification/qg6/iso_brn005.smt2""]"
138,69,6751,QF_UF/QG-classification/qg6/iso_brn006.smt2,sat,candidate,0,0,sat,0.094060958,0,0,0,,"sat
",,"[""target/release/euf-viper"",""fabric-solve"",""--engine"",""quotient-portfolio"",""/Users/airbartek/codex/z3/output/worktrees/viper-fabric-next/benchmarks/smtlib-2025/QF_UF/QF_UF/QG-classification/qg6/iso_brn006.smt2""]"
139,69,6751,QF_UF/QG-classification/qg6/iso_brn006.smt2,sat,baseline,0,1,sat,0.095278959,0,0,0,,"sat
",,"[""target/release/euf-viper"",""fabric-solve"",""--engine"",""quotient-portfolio"",""/Users/airbartek/codex/z3/output/worktrees/viper-fabric-next/benchmarks/smtlib-2025/QF_UF/QF_UF/QG-classification/qg6/iso_brn006.smt2""]"
140,70,6752,QF_UF/QG-classification/qg6/iso_brn007.smt2,sat,baseline,0,0,sat,0.079093791,0,0,0,,"sat
",,"[""target/release/euf-viper"",""fabric-solve"",""--engine"",""quotient-portfolio"",""/Users/airbartek/codex/z3/output/worktrees/viper-fabric-next/benchmarks/smtlib-2025/QF_UF/QF_UF/QG-classification/qg6/iso_brn007.smt2""]"
141,70,6752,QF_UF/QG-classification/qg6/iso_brn007.smt2,sat,candidate,0,1,sat,0.078524708,0,0,0,,"sat
",,"[""target/release/euf-viper"",""fabric-solve"",""--engine"",""quotient-portfolio"",""/Users/airbartek/codex/z3/output/worktrees/viper-fabric-next/benchmarks/smtlib-2025/QF_UF/QF_UF/QG-classification/qg6/iso_brn007.smt2""]"
142,71,6753,QF_UF/QG-classification/qg6/iso_brn008.smt2,sat,candidate,0,0,sat,0.046493833,0,0,0,,"sat
",,"[""target/release/euf-viper"",""fabric-solve"",""--engine"",""quotient-portfolio"",""/Users/airbartek/codex/z3/output/worktrees/viper-fabric-next/benchmarks/smtlib-2025/QF_UF/QF_UF/QG-classification/qg6/iso_brn008.smt2""]"
143,71,6753,QF_UF/QG-classification/qg6/iso_brn008.smt2,sat,baseline,0,1,sat,0.046338375,0,0,0,,"sat
",,"[""target/release/euf-viper"",""fabric-solve"",""--engine"",""quotient-portfolio"",""/Users/airbartek/codex/z3/output/worktrees/viper-fabric-next/benchmarks/smtlib-2025/QF_UF/QF_UF/QG-classification/qg6/iso_brn008.smt2""]"
144,72,6754,QF_UF/QG-classification/qg6/iso_brn009.smt2,sat,baseline,0,0,sat,0.064122125,0,0,0,,"sat
",,"[""target/release/euf-viper"",""fabric-solve"",""--engine"",""quotient-portfolio"",""/Users/airbartek/codex/z3/output/worktrees/viper-fabric-next/benchmarks/smtlib-2025/QF_UF/QF_UF/QG-classification/qg6/iso_brn009.smt2""]"
145,72,6754,QF_UF/QG-classification/qg6/iso_brn009.smt2,sat,candidate,0,1,sat,0.064007917,0,0,0,,"sat
",,"[""target/release/euf-viper"",""fabric-solve"",""--engine"",""quotient-portfolio"",""/Users/airbartek/codex/z3/output/worktrees/viper-fabric-next/benchmarks/smtlib-2025/QF_UF/QF_UF/QG-classification/qg6/iso_brn009.smt2""]"
146,73,6755,QF_UF/QG-classification/qg6/iso_brn010.smt2,sat,candidate,0,0,sat,0.040963084,0,0,0,,"sat
",,"[""target/release/euf-viper"",""fabric-solve"",""--engine"",""quotient-portfolio"",""/Users/airbartek/codex/z3/output/worktrees/viper-fabric-next/benchmarks/smtlib-2025/QF_UF/QF_UF/QG-classification/qg6/iso_brn010.smt2""]"
147,73,6755,QF_UF/QG-classification/qg6/iso_brn010.smt2,sat,baseline,0,1,sat,0.040318250,0,0,0,,"sat
",,"[""target/release/euf-viper"",""fabric-solve"",""--engine"",""quotient-portfolio"",""/Users/airbartek/codex/z3/output/worktrees/viper-fabric-next/benchmarks/smtlib-2025/QF_UF/QF_UF/QG-classification/qg6/iso_brn010.smt2""]"
148,74,6756,QF_UF/QG-classification/qg6/iso_brn011.smt2,unsat,baseline,0,0,unsat,0.100741417,0,0,0,,"unsat
",,"[""target/release/euf-viper"",""fabric-solve"",""--engine"",""quotient-portfolio"",""/Users/airbartek/codex/z3/output/worktrees/viper-fabric-next/benchmarks/smtlib-2025/QF_UF/QF_UF/QG-classification/qg6/iso_brn011.smt2""]"
149,74,6756,QF_UF/QG-classification/qg6/iso_brn011.smt2,unsat,candidate,0,1,unsat,0.101418625,0,0,0,,"unsat
",,"[""target/release/euf-viper"",""fabric-solve"",""--engine"",""quotient-portfolio"",""/Users/airbartek/codex/z3/output/worktrees/viper-fabric-next/benchmarks/smtlib-2025/QF_UF/QF_UF/QG-classification/qg6/iso_brn011.smt2""]"
150,75,6757,QF_UF/QG-classification/qg6/iso_brn012.smt2,sat,candidate,0,0,sat,0.044756708,0,0,0,,"sat
",,"[""target/release/euf-viper"",""fabric-solve"",""--engine"",""quotient-portfolio"",""/Users/airbartek/codex/z3/output/worktrees/viper-fabric-next/benchmarks/smtlib-2025/QF_UF/QF_UF/QG-classification/qg6/iso_brn012.smt2""]"
151,75,6757,QF_UF/QG-classification/qg6/iso_brn012.smt2,sat,baseline,0,1,sat,0.043639542,0,0,0,,"sat
",,"[""target/release/euf-viper"",""fabric-solve"",""--engine"",""quotient-portfolio"",""/Users/airbartek/codex/z3/output/worktrees/viper-fabric-next/benchmarks/smtlib-2025/QF_UF/QF_UF/QG-classification/qg6/iso_brn012.smt2""]"
152,76,6758,QF_UF/QG-classification/qg6/iso_brn013.smt2,sat,baseline,0,0,sat,0.045013208,0,0,0,,"sat
",,"[""target/release/euf-viper"",""fabric-solve"",""--engine"",""quotient-portfolio"",""/Users/airbartek/codex/z3/output/worktrees/viper-fabric-next/benchmarks/smtlib-2025/QF_UF/QF_UF/QG-classification/qg6/iso_brn013.smt2""]"
153,76,6758,QF_UF/QG-classification/qg6/iso_brn013.smt2,sat,candidate,0,1,sat,0.045050000,0,0,0,,"sat
",,"[""target/release/euf-viper"",""fabric-solve"",""--engine"",""quotient-portfolio"",""/Users/airbartek/codex/z3/output/worktrees/viper-fabric-next/benchmarks/smtlib-2025/QF_UF/QF_UF/QG-classification/qg6/iso_brn013.smt2""]"
154,77,6759,QF_UF/QG-classification/qg6/iso_brn014.smt2,unsat,candidate,0,0,unsat,0.044981666,0,0,0,,"unsat
",,"[""target/release/euf-viper"",""fabric-solve"",""--engine"",""quotient-portfolio"",""/Users/airbartek/codex/z3/output/worktrees/viper-fabric-next/benchmarks/smtlib-2025/QF_UF/QF_UF/QG-classification/qg6/iso_brn014.smt2""]"
155,77,6759,QF_UF/QG-classification/qg6/iso_brn014.smt2,unsat,baseline,0,1,unsat,0.044055583,0,0,0,,"unsat
",,"[""target/release/euf-viper"",""fabric-solve"",""--engine"",""quotient-portfolio"",""/Users/airbartek/codex/z3/output/worktrees/viper-fabric-next/benchmarks/smtlib-2025/QF_UF/QF_UF/QG-classification/qg6/iso_brn014.smt2""]"
156,78,6760,QF_UF/QG-classification/qg6/iso_brn015.smt2,unsat,baseline,0,0,unsat,0.085038959,0,0,0,,"unsat
",,"[""target/release/euf-viper"",""fabric-solve"",""--engine"",""quotient-portfolio"",""/Users/airbartek/codex/z3/output/worktrees/viper-fabric-next/benchmarks/smtlib-2025/QF_UF/QF_UF/QG-classification/qg6/iso_brn015.smt2""]"
157,78,6760,QF_UF/QG-classification/qg6/iso_brn015.smt2,unsat,candidate,0,1,unsat,0.085107750,0,0,0,,"unsat
",,"[""target/release/euf-viper"",""fabric-solve"",""--engine"",""quotient-portfolio"",""/Users/airbartek/codex/z3/output/worktrees/viper-fabric-next/benchmarks/smtlib-2025/QF_UF/QF_UF/QG-classification/qg6/iso_brn015.smt2""]"
158,79,6761,QF_UF/QG-classification/qg6/iso_brn016.smt2,unsat,candidate,0,0,unsat,0.090709750,0,0,0,,"unsat
",,"[""target/release/euf-viper"",""fabric-solve"",""--engine"",""quotient-portfolio"",""/Users/airbartek/codex/z3/output/worktrees/viper-fabric-next/benchmarks/smtlib-2025/QF_UF/QF_UF/QG-classification/qg6/iso_brn016.smt2""]"
159,79,6761,QF_UF/QG-classification/qg6/iso_brn016.smt2,unsat,baseline,0,1,unsat,0.089651625,0,0,0,,"unsat
",,"[""target/release/euf-viper"",""fabric-solve"",""--engine"",""quotient-portfolio"",""/Users/airbartek/codex/z3/output/worktrees/viper-fabric-next/benchmarks/smtlib-2025/QF_UF/QF_UF/QG-classification/qg6/iso_brn016.smt2""]"
160,80,6762,QF_UF/QG-classification/qg6/iso_brn017.smt2,sat,baseline,0,0,sat,0.037280750,0,0,0,,"sat
",,"[""target/release/euf-viper"",""fabric-solve"",""--engine"",""quotient-portfolio"",""/Users/airbartek/codex/z3/output/worktrees/viper-fabric-next/benchmarks/smtlib-2025/QF_UF/QF_UF/QG-classification/qg6/iso_brn017.smt2""]"
161,80,6762,QF_UF/QG-classification/qg6/iso_brn017.smt2,sat,candidate,0,1,sat,0.036454708,0,0,0,,"sat
",,"[""target/release/euf-viper"",""fabric-solve"",""--engine"",""quotient-portfolio"",""/Users/airbartek/codex/z3/output/worktrees/viper-fabric-next/benchmarks/smtlib-2025/QF_UF/QF_UF/QG-classification/qg6/iso_brn017.smt2""]"
162,81,6763,QF_UF/QG-classification/qg6/iso_brn_nogen001.smt2,sat,candidate,0,0,sat,0.239660333,0,0,0,,"sat
",,"[""target/release/euf-viper"",""fabric-solve"",""--engine"",""quotient-portfolio"",""/Users/airbartek/codex/z3/output/worktrees/viper-fabric-next/benchmarks/smtlib-2025/QF_UF/QF_UF/QG-classification/qg6/iso_brn_nogen001.smt2""]"
163,81,6763,QF_UF/QG-classification/qg6/iso_brn_nogen001.smt2,sat,baseline,0,1,sat,0.273196125,0,0,0,,"sat
",,"[""target/release/euf-viper"",""fabric-solve"",""--engine"",""quotient-portfolio"",""/Users/airbartek/codex/z3/output/worktrees/viper-fabric-next/benchmarks/smtlib-2025/QF_UF/QF_UF/QG-classification/qg6/iso_brn_nogen001.smt2""]"
164,82,6764,QF_UF/QG-classification/qg6/iso_brn_nogen002.smt2,sat,baseline,0,0,sat,0.364142625,0,0,0,,"sat
",,"[""target/release/euf-viper"",""fabric-solve"",""--engine"",""quotient-portfolio"",""/Users/airbartek/codex/z3/output/worktrees/viper-fabric-next/benchmarks/smtlib-2025/QF_UF/QF_UF/QG-classification/qg6/iso_brn_nogen002.smt2""]"
165,82,6764,QF_UF/QG-classification/qg6/iso_brn_nogen002.smt2,sat,candidate,0,1,sat,0.371762709,0,0,0,,"sat
",,"[""target/release/euf-viper"",""fabric-solve"",""--engine"",""quotient-portfolio"",""/Users/airbartek/codex/z3/output/worktrees/viper-fabric-next/benchmarks/smtlib-2025/QF_UF/QF_UF/QG-classification/qg6/iso_brn_nogen002.smt2""]"
166,83,6765,QF_UF/QG-classification/qg6/iso_brn_nogen003.smt2,sat,candidate,0,0,sat,0.238804958,0,0,0,,"sat
",,"[""target/release/euf-viper"",""fabric-solve"",""--engine"",""quotient-portfolio"",""/Users/airbartek/codex/z3/output/worktrees/viper-fabric-next/benchmarks/smtlib-2025/QF_UF/QF_UF/QG-classification/qg6/iso_brn_nogen003.smt2""]"
167,83,6765,QF_UF/QG-classification/qg6/iso_brn_nogen003.smt2,sat,baseline,0,1,sat,0.301704250,0,0,0,,"sat
",,"[""target/release/euf-viper"",""fabric-solve"",""--engine"",""quotient-portfolio"",""/Users/airbartek/codex/z3/output/worktrees/viper-fabric-next/benchmarks/smtlib-2025/QF_UF/QF_UF/QG-classification/qg6/iso_brn_nogen003.smt2""]"
168,84,6766,QF_UF/QG-classification/qg6/iso_brn_nogen004.smt2,sat,baseline,0,0,sat,0.261290083,0,0,0,,"sat
",,"[""target/release/euf-viper"",""fabric-solve"",""--engine"",""quotient-portfolio"",""/Users/airbartek/codex/z3/output/worktrees/viper-fabric-next/benchmarks/smtlib-2025/QF_UF/QF_UF/QG-classification/qg6/iso_brn_nogen004.smt2""]"
169,84,6766,QF_UF/QG-classification/qg6/iso_brn_nogen004.smt2,sat,candidate,0,1,sat,0.234191000,0,0,0,,"sat
",,"[""target/release/euf-viper"",""fabric-solve"",""--engine"",""quotient-portfolio"",""/Users/airbartek/codex/z3/output/worktrees/viper-fabric-next/benchmarks/smtlib-2025/QF_UF/QF_UF/QG-classification/qg6/iso_brn_nogen004.smt2""]"
170,85,6767,QF_UF/QG-classification/qg6/iso_brn_nogen005.smt2,sat,candidate,0,0,sat,0.238629958,0,0,0,,"sat
",,"[""target/release/euf-viper"",""fabric-solve"",""--engine"",""quotient-portfolio"",""/Users/airbartek/codex/z3/output/worktrees/viper-fabric-next/benchmarks/smtlib-2025/QF_UF/QF_UF/QG-classification/qg6/iso_brn_nogen005.smt2""]"
171,85,6767,QF_UF/QG-classification/qg6/iso_brn_nogen005.smt2,sat,baseline,0,1,sat,0.260126500,0,0,0,,"sat
",,"[""target/release/euf-viper"",""fabric-solve"",""--engine"",""quotient-portfolio"",""/Users/airbartek/codex/z3/output/worktrees/viper-fabric-next/benchmarks/smtlib-2025/QF_UF/QF_UF/QG-classification/qg6/iso_brn_nogen005.smt2""]"
172,86,6768,QF_UF/QG-classification/qg6/iso_brn_nogen006.smt2,sat,baseline,0,0,sat,0.411642417,0,0,0,,"sat
",,"[""target/release/euf-viper"",""fabric-solve"",""--engine"",""quotient-portfolio"",""/Users/airbartek/codex/z3/output/worktrees/viper-fabric-next/benchmarks/smtlib-2025/QF_UF/QF_UF/QG-classification/qg6/iso_brn_nogen006.smt2""]"
173,86,6768,QF_UF/QG-classification/qg6/iso_brn_nogen006.smt2,sat,candidate,0,1,sat,0.257989750,0,0,0,,"sat
",,"[""target/release/euf-viper"",""fabric-solve"",""--engine"",""quotient-portfolio"",""/Users/airbartek/codex/z3/output/worktrees/viper-fabric-next/benchmarks/smtlib-2025/QF_UF/QF_UF/QG-classification/qg6/iso_brn_nogen006.smt2""]"
174,87,6769,QF_UF/QG-classification/qg6/iso_brn_nogen007.smt2,sat,candidate,0,0,sat,0.262371583,0,0,0,,"sat
",,"[""target/release/euf-viper"",""fabric-solve"",""--engine"",""quotient-portfolio"",""/Users/airbartek/codex/z3/output/worktrees/viper-fabric-next/benchmarks/smtlib-2025/QF_UF/QF_UF/QG-classification/qg6/iso_brn_nogen007.smt2""]"
175,87,6769,QF_UF/QG-classification/qg6/iso_brn_nogen007.smt2,sat,baseline,0,1,sat,0.294438500,0,0,0,,"sat
",,"[""target/release/euf-viper"",""fabric-solve"",""--engine"",""quotient-portfolio"",""/Users/airbartek/codex/z3/output/worktrees/viper-fabric-next/benchmarks/smtlib-2025/QF_UF/QF_UF/QG-classification/qg6/iso_brn_nogen007.smt2""]"
176,88,6770,QF_UF/QG-classification/qg6/iso_brn_nogen008.smt2,sat,baseline,0,0,sat,0.334017875,0,0,0,,"sat
",,"[""target/release/euf-viper"",""fabric-solve"",""--engine"",""quotient-portfolio"",""/Users/airbartek/codex/z3/output/worktrees/viper-fabric-next/benchmarks/smtlib-2025/QF_UF/QF_UF/QG-classification/qg6/iso_brn_nogen008.smt2""]"
177,88,6770,QF_UF/QG-classification/qg6/iso_brn_nogen008.smt2,sat,candidate,0,1,sat,0.233350792,0,0,0,,"sat
",,"[""target/release/euf-viper"",""fabric-solve"",""--engine"",""quotient-portfolio"",""/Users/airbartek/codex/z3/output/worktrees/viper-fabric-next/benchmarks/smtlib-2025/QF_UF/QF_UF/QG-classification/qg6/iso_brn_nogen008.smt2""]"
178,89,6771,QF_UF/QG-classification/qg6/iso_brn_nogen009.smt2,sat,candidate,0,0,sat,0.236964125,0,0,0,,"sat
",,"[""target/release/euf-viper"",""fabric-solve"",""--engine"",""quotient-portfolio"",""/Users/airbartek/codex/z3/output/worktrees/viper-fabric-next/benchmarks/smtlib-2025/QF_UF/QF_UF/QG-classification/qg6/iso_brn_nogen009.smt2""]"
179,89,6771,QF_UF/QG-classification/qg6/iso_brn_nogen009.smt2,sat,baseline,0,1,sat,0.267838166,0,0,0,,"sat
",,"[""target/release/euf-viper"",""fabric-solve"",""--engine"",""quotient-portfolio"",""/Users/airbartek/codex/z3/output/worktrees/viper-fabric-next/benchmarks/smtlib-2025/QF_UF/QF_UF/QG-classification/qg6/iso_brn_nogen009.smt2""]"
180,90,6772,QF_UF/QG-classification/qg6/iso_brn_nogen010.smt2,sat,baseline,0,0,sat,0.293631083,0,0,0,,"sat
",,"[""target/release/euf-viper"",""fabric-solve"",""--engine"",""quotient-portfolio"",""/Users/airbartek/codex/z3/output/worktrees/viper-fabric-next/benchmarks/smtlib-2025/QF_UF/QF_UF/QG-classification/qg6/iso_brn_nogen010.smt2""]"
181,90,6772,QF_UF/QG-classification/qg6/iso_brn_nogen010.smt2,sat,candidate,0,1,sat,0.241531792,0,0,0,,"sat
",,"[""target/release/euf-viper"",""fabric-solve"",""--engine"",""quotient-portfolio"",""/Users/airbartek/codex/z3/output/worktrees/viper-fabric-next/benchmarks/smtlib-2025/QF_UF/QF_UF/QG-classification/qg6/iso_brn_nogen010.smt2""]"
182,91,6773,QF_UF/QG-classification/qg6/iso_brn_nogen011.smt2,sat,candidate,0,0,sat,0.244935708,0,0,0,,"sat
",,"[""target/release/euf-viper"",""fabric-solve"",""--engine"",""quotient-portfolio"",""/Users/airbartek/codex/z3/output/worktrees/viper-fabric-next/benchmarks/smtlib-2025/QF_UF/QF_UF/QG-classification/qg6/iso_brn_nogen011.smt2""]"
183,91,6773,QF_UF/QG-classification/qg6/iso_brn_nogen011.smt2,sat,baseline,0,1,sat,0.439540333,0,0,0,,"sat
",,"[""target/release/euf-viper"",""fabric-solve"",""--engine"",""quotient-portfolio"",""/Users/airbartek/codex/z3/output/worktrees/viper-fabric-next/benchmarks/smtlib-2025/QF_UF/QF_UF/QG-classification/qg6/iso_brn_nogen011.smt2""]"
184,92,6774,QF_UF/QG-classification/qg6/iso_brn_nogen012.smt2,sat,baseline,0,0,sat,0.265860834,0,0,0,,"sat
",,"[""target/release/euf-viper"",""fabric-solve"",""--engine"",""quotient-portfolio"",""/Users/airbartek/codex/z3/output/worktrees/viper-fabric-next/benchmarks/smtlib-2025/QF_UF/QF_UF/QG-classification/qg6/iso_brn_nogen012.smt2""]"
185,92,6774,QF_UF/QG-classification/qg6/iso_brn_nogen012.smt2,sat,candidate,0,1,sat,0.240815250,0,0,0,,"sat
",,"[""target/release/euf-viper"",""fabric-solve"",""--engine"",""quotient-portfolio"",""/Users/airbartek/codex/z3/output/worktrees/viper-fabric-next/benchmarks/smtlib-2025/QF_UF/QF_UF/QG-classification/qg6/iso_brn_nogen012.smt2""]"
186,93,6775,QF_UF/QG-classification/qg6/iso_brn_nogen013.smt2,sat,candidate,0,0,sat,0.238822417,0,0,0,,"sat
",,"[""target/release/euf-viper"",""fabric-solve"",""--engine"",""quotient-portfolio"",""/Users/airbartek/codex/z3/output/worktrees/viper-fabric-next/benchmarks/smtlib-2025/QF_UF/QF_UF/QG-classification/qg6/iso_brn_nogen013.smt2""]"
187,93,6775,QF_UF/QG-classification/qg6/iso_brn_nogen013.smt2,sat,baseline,0,1,sat,0.300489709,0,0,0,,"sat
",,"[""target/release/euf-viper"",""fabric-solve"",""--engine"",""quotient-portfolio"",""/Users/airbartek/codex/z3/output/worktrees/viper-fabric-next/benchmarks/smtlib-2025/QF_UF/QF_UF/QG-classification/qg6/iso_brn_nogen013.smt2""]"
188,94,6776,QF_UF/QG-classification/qg6/iso_brn_nogen014.smt2,sat,baseline,0,0,sat,0.036110292,0,0,0,,"sat
",,"[""target/release/euf-viper"",""fabric-solve"",""--engine"",""quotient-portfolio"",""/Users/airbartek/codex/z3/output/worktrees/viper-fabric-next/benchmarks/smtlib-2025/QF_UF/QF_UF/QG-classification/qg6/iso_brn_nogen014.smt2""]"
189,94,6776,QF_UF/QG-classification/qg6/iso_brn_nogen014.smt2,sat,candidate,0,1,sat,0.034864417,0,0,0,,"sat
",,"[""target/release/euf-viper"",""fabric-solve"",""--engine"",""quotient-portfolio"",""/Users/airbartek/codex/z3/output/worktrees/viper-fabric-next/benchmarks/smtlib-2025/QF_UF/QF_UF/QG-classification/qg6/iso_brn_nogen014.smt2""]"
190,95,6777,QF_UF/QG-classification/qg6/iso_brn_nogen015.smt2,sat,candidate,0,0,sat,0.246508417,0,0,0,,"sat
",,"[""target/release/euf-viper"",""fabric-solve"",""--engine"",""quotient-portfolio"",""/Users/airbartek/codex/z3/output/worktrees/viper-fabric-next/benchmarks/smtlib-2025/QF_UF/QF_UF/QG-classification/qg6/iso_brn_nogen015.smt2""]"
191,95,6777,QF_UF/QG-classification/qg6/iso_brn_nogen015.smt2,sat,baseline,0,1,sat,0.334363834,0,0,0,,"sat
",,"[""target/release/euf-viper"",""fabric-solve"",""--engine"",""quotient-portfolio"",""/Users/airbartek/codex/z3/output/worktrees/viper-fabric-next/benchmarks/smtlib-2025/QF_UF/QF_UF/QG-classification/qg6/iso_brn_nogen015.smt2""]"
192,96,6778,QF_UF/QG-classification/qg6/iso_brn_nogen016.smt2,sat,baseline,0,0,sat,0.528016292,0,0,0,,"sat
",,"[""target/release/euf-viper"",""fabric-solve"",""--engine"",""quotient-portfolio"",""/Users/airbartek/codex/z3/output/worktrees/viper-fabric-next/benchmarks/smtlib-2025/QF_UF/QF_UF/QG-classification/qg6/iso_brn_nogen016.smt2""]"
193,96,6778,QF_UF/QG-classification/qg6/iso_brn_nogen016.smt2,sat,candidate,0,1,sat,0.258788542,0,0,0,,"sat
",,"[""target/release/euf-viper"",""fabric-solve"",""--engine"",""quotient-portfolio"",""/Users/airbartek/codex/z3/output/worktrees/viper-fabric-next/benchmarks/smtlib-2025/QF_UF/QF_UF/QG-classification/qg6/iso_brn_nogen016.smt2""]"
194,97,6779,QF_UF/QG-classification/qg6/iso_brn_nogen017.smt2,sat,candidate,0,0,sat,0.354033625,0,0,0,,"sat
",,"[""target/release/euf-viper"",""fabric-solve"",""--engine"",""quotient-portfolio"",""/Users/airbartek/codex/z3/output/worktrees/viper-fabric-next/benchmarks/smtlib-2025/QF_UF/QF_UF/QG-classification/qg6/iso_brn_nogen017.smt2""]"
195,97,6779,QF_UF/QG-classification/qg6/iso_brn_nogen017.smt2,sat,baseline,0,1,sat,0.488764708,0,0,0,,"sat
",,"[""target/release/euf-viper"",""fabric-solve"",""--engine"",""quotient-portfolio"",""/Users/airbartek/codex/z3/output/worktrees/viper-fabric-next/benchmarks/smtlib-2025/QF_UF/QF_UF/QG-classification/qg6/iso_brn_nogen017.smt2""]"
196,98,6780,QF_UF/QG-classification/qg6/iso_brn_nogen_sk001.smt2,sat,baseline,0,0,sat,0.075433416,0,0,0,,"sat
",,"[""target/release/euf-viper"",""fabric-solve"",""--engine"",""quotient-portfolio"",""/Users/airbartek/codex/z3/output/worktrees/viper-fabric-next/benchmarks/smtlib-2025/QF_UF/QF_UF/QG-classification/qg6/iso_brn_nogen_sk001.smt2""]"
197,98,6780,QF_UF/QG-classification/qg6/iso_brn_nogen_sk001.smt2,sat,candidate,0,1,sat,0.081597083,0,0,0,,"sat
",,"[""target/release/euf-viper"",""fabric-solve"",""--engine"",""quotient-portfolio"",""/Users/airbartek/codex/z3/output/worktrees/viper-fabric-next/benchmarks/smtlib-2025/QF_UF/QF_UF/QG-classification/qg6/iso_brn_nogen_sk001.smt2""]"
198,99,6781,QF_UF/QG-classification/qg6/iso_brn_nogen_sk002.smt2,sat,candidate,0,0,sat,0.085726125,0,0,0,,"sat
",,"[""target/release/euf-viper"",""fabric-solve"",""--engine"",""quotient-portfolio"",""/Users/airbartek/codex/z3/output/worktrees/viper-fabric-next/benchmarks/smtlib-2025/QF_UF/QF_UF/QG-classification/qg6/iso_brn_nogen_sk002.smt2""]"
199,99,6781,QF_UF/QG-classification/qg6/iso_brn_nogen_sk002.smt2,sat,baseline,0,1,sat,0.085370375,0,0,0,,"sat
",,"[""target/release/euf-viper"",""fabric-solve"",""--engine"",""quotient-portfolio"",""/Users/airbartek/codex/z3/output/worktrees/viper-fabric-next/benchmarks/smtlib-2025/QF_UF/QF_UF/QG-classification/qg6/iso_brn_nogen_sk002.smt2""]"
200,100,6782,QF_UF/QG-classification/qg6/iso_brn_nogen_sk003.smt2,sat,baseline,0,0,sat,0.083909958,0,0,0,,"sat
",,"[""target/release/euf-viper"",""fabric-solve"",""--engine"",""quotient-portfolio"",""/Users/airbartek/codex/z3/output/worktrees/viper-fabric-next/benchmarks/smtlib-2025/QF_UF/QF_UF/QG-classification/qg6/iso_brn_nogen_sk003.smt2""]"
201,100,6782,QF_UF/QG-classification/qg6/iso_brn_nogen_sk003.smt2,sat,candidate,0,1,sat,0.086017792,0,0,0,,"sat
",,"[""target/release/euf-viper"",""fabric-solve"",""--engine"",""quotient-portfolio"",""/Users/airbartek/codex/z3/output/worktrees/viper-fabric-next/benchmarks/smtlib-2025/QF_UF/QF_UF/QG-classification/qg6/iso_brn_nogen_sk003.smt2""]"
202,101,6783,QF_UF/QG-classification/qg6/iso_brn_nogen_sk004.smt2,sat,candidate,0,0,sat,0.084543375,0,0,0,,"sat
",,"[""target/release/euf-viper"",""fabric-solve"",""--engine"",""quotient-portfolio"",""/Users/airbartek/codex/z3/output/worktrees/viper-fabric-next/benchmarks/smtlib-2025/QF_UF/QF_UF/QG-classification/qg6/iso_brn_nogen_sk004.smt2""]"
203,101,6783,QF_UF/QG-classification/qg6/iso_brn_nogen_sk004.smt2,sat,baseline,0,1,sat,0.081438125,0,0,0,,"sat
",,"[""target/release/euf-viper"",""fabric-solve"",""--engine"",""quotient-portfolio"",""/Users/airbartek/codex/z3/output/worktrees/viper-fabric-next/benchmarks/smtlib-2025/QF_UF/QF_UF/QG-classification/qg6/iso_brn_nogen_sk004.smt2""]"
204,102,6784,QF_UF/QG-classification/qg6/iso_brn_nogen_sk005.smt2,sat,baseline,0,0,sat,0.087927500,0,0,0,,"sat
",,"[""target/release/euf-viper"",""fabric-solve"",""--engine"",""quotient-portfolio"",""/Users/airbartek/codex/z3/output/worktrees/viper-fabric-next/benchmarks/smtlib-2025/QF_UF/QF_UF/QG-classification/qg6/iso_brn_nogen_sk005.smt2""]"
205,102,6784,QF_UF/QG-classification/qg6/iso_brn_nogen_sk005.smt2,sat,candidate,0,1,sat,0.082924125,0,0,0,,"sat
",,"[""target/release/euf-viper"",""fabric-solve"",""--engine"",""quotient-portfolio"",""/Users/airbartek/codex/z3/output/worktrees/viper-fabric-next/benchmarks/smtlib-2025/QF_UF/QF_UF/QG-classification/qg6/iso_brn_nogen_sk005.smt2""]"
206,103,6785,QF_UF/QG-classification/qg6/iso_brn_nogen_sk006.smt2,sat,candidate,0,0,sat,0.085697583,0,0,0,,"sat
",,"[""target/release/euf-viper"",""fabric-solve"",""--engine"",""quotient-portfolio"",""/Users/airbartek/codex/z3/output/worktrees/viper-fabric-next/benchmarks/smtlib-2025/QF_UF/QF_UF/QG-classification/qg6/iso_brn_nogen_sk006.smt2""]"
207,103,6785,QF_UF/QG-classification/qg6/iso_brn_nogen_sk006.smt2,sat,baseline,0,1,sat,0.098098416,0,0,0,,"sat
",,"[""target/release/euf-viper"",""fabric-solve"",""--engine"",""quotient-portfolio"",""/Users/airbartek/codex/z3/output/worktrees/viper-fabric-next/benchmarks/smtlib-2025/QF_UF/QF_UF/QG-classification/qg6/iso_brn_nogen_sk006.smt2""]"
208,104,6786,QF_UF/QG-classification/qg6/iso_brn_nogen_sk007.smt2,sat,baseline,0,0,sat,0.090129000,0,0,0,,"sat
",,"[""target/release/euf-viper"",""fabric-solve"",""--engine"",""quotient-portfolio"",""/Users/airbartek/codex/z3/output/worktrees/viper-fabric-next/benchmarks/smtlib-2025/QF_UF/QF_UF/QG-classification/qg6/iso_brn_nogen_sk007.smt2""]"
209,104,6786,QF_UF/QG-classification/qg6/iso_brn_nogen_sk007.smt2,sat,candidate,0,1,sat,0.086790584,0,0,0,,"sat
",,"[""target/release/euf-viper"",""fabric-solve"",""--engine"",""quotient-portfolio"",""/Users/airbartek/codex/z3/output/worktrees/viper-fabric-next/benchmarks/smtlib-2025/QF_UF/QF_UF/QG-classification/qg6/iso_brn_nogen_sk007.smt2""]"
210,105,6787,QF_UF/QG-classification/qg6/iso_brn_nogen_sk008.smt2,sat,candidate,0,0,sat,0.089786875,0,0,0,,"sat
",,"[""target/release/euf-viper"",""fabric-solve"",""--engine"",""quotient-portfolio"",""/Users/airbartek/codex/z3/output/worktrees/viper-fabric-next/benchmarks/smtlib-2025/QF_UF/QF_UF/QG-classification/qg6/iso_brn_nogen_sk008.smt2""]"
211,105,6787,QF_UF/QG-classification/qg6/iso_brn_nogen_sk008.smt2,sat,baseline,0,1,sat,0.099301541,0,0,0,,"sat
",,"[""target/release/euf-viper"",""fabric-solve"",""--engine"",""quotient-portfolio"",""/Users/airbartek/codex/z3/output/worktrees/viper-fabric-next/benchmarks/smtlib-2025/QF_UF/QF_UF/QG-classification/qg6/iso_brn_nogen_sk008.smt2""]"
212,106,6788,QF_UF/QG-classification/qg6/iso_brn_nogen_sk009.smt2,sat,baseline,0,0,sat,0.100117792,0,0,0,,"sat
",,"[""target/release/euf-viper"",""fabric-solve"",""--engine"",""quotient-portfolio"",""/Users/airbartek/codex/z3/output/worktrees/viper-fabric-next/benchmarks/smtlib-2025/QF_UF/QF_UF/QG-classification/qg6/iso_brn_nogen_sk009.smt2""]"
213,106,6788,QF_UF/QG-classification/qg6/iso_brn_nogen_sk009.smt2,sat,candidate,0,1,sat,0.086290708,0,0,0,,"sat
",,"[""target/release/euf-viper"",""fabric-solve"",""--engine"",""quotient-portfolio"",""/Users/airbartek/codex/z3/output/worktrees/viper-fabric-next/benchmarks/smtlib-2025/QF_UF/QF_UF/QG-classification/qg6/iso_brn_nogen_sk009.smt2""]"
214,107,6789,QF_UF/QG-classification/qg6/iso_brn_nogen_sk010.smt2,sat,candidate,0,0,sat,0.088014833,0,0,0,,"sat
",,"[""target/release/euf-viper"",""fabric-solve"",""--engine"",""quotient-portfolio"",""/Users/airbartek/codex/z3/output/worktrees/viper-fabric-next/benchmarks/smtlib-2025/QF_UF/QF_UF/QG-classification/qg6/iso_brn_nogen_sk010.smt2""]"
215,107,6789,QF_UF/QG-classification/qg6/iso_brn_nogen_sk010.smt2,sat,baseline,0,1,sat,0.095737375,0,0,0,,"sat
",,"[""target/release/euf-viper"",""fabric-solve"",""--engine"",""quotient-portfolio"",""/Users/airbartek/codex/z3/output/worktrees/viper-fabric-next/benchmarks/smtlib-2025/QF_UF/QF_UF/QG-classification/qg6/iso_brn_nogen_sk010.smt2""]"
216,108,6790,QF_UF/QG-classification/qg6/iso_brn_nogen_sk011.smt2,sat,baseline,0,0,sat,0.127260125,0,0,0,,"sat
",,"[""target/release/euf-viper"",""fabric-solve"",""--engine"",""quotient-portfolio"",""/Users/airbartek/codex/z3/output/worktrees/viper-fabric-next/benchmarks/smtlib-2025/QF_UF/QF_UF/QG-classification/qg6/iso_brn_nogen_sk011.smt2""]"
217,108,6790,QF_UF/QG-classification/qg6/iso_brn_nogen_sk011.smt2,sat,candidate,0,1,sat,0.087440959,0,0,0,,"sat
",,"[""target/release/euf-viper"",""fabric-solve"",""--engine"",""quotient-portfolio"",""/Users/airbartek/codex/z3/output/worktrees/viper-fabric-next/benchmarks/smtlib-2025/QF_UF/QF_UF/QG-classification/qg6/iso_brn_nogen_sk011.smt2""]"
218,109,6791,QF_UF/QG-classification/qg6/iso_brn_nogen_sk012.smt2,sat,candidate,0,0,sat,0.088326708,0,0,0,,"sat
",,"[""target/release/euf-viper"",""fabric-solve"",""--engine"",""quotient-portfolio"",""/Users/airbartek/codex/z3/output/worktrees/viper-fabric-next/benchmarks/smtlib-2025/QF_UF/QF_UF/QG-classification/qg6/iso_brn_nogen_sk012.smt2""]"
219,109,6791,QF_UF/QG-classification/qg6/iso_brn_nogen_sk012.smt2,sat,baseline,0,1,sat,0.104811958,0,0,0,,"sat
",,"[""target/release/euf-viper"",""fabric-solve"",""--engine"",""quotient-portfolio"",""/Users/airbartek/codex/z3/output/worktrees/viper-fabric-next/benchmarks/smtlib-2025/QF_UF/QF_UF/QG-classification/qg6/iso_brn_nogen_sk012.smt2""]"
220,110,6792,QF_UF/QG-classification/qg6/iso_brn_nogen_sk013.smt2,sat,baseline,0,0,sat,0.117779208,0,0,0,,"sat
",,"[""target/release/euf-viper"",""fabric-solve"",""--engine"",""quotient-portfolio"",""/Users/airbartek/codex/z3/output/worktrees/viper-fabric-next/benchmarks/smtlib-2025/QF_UF/QF_UF/QG-classification/qg6/iso_brn_nogen_sk013.smt2""]"
221,110,6792,QF_UF/QG-classification/qg6/iso_brn_nogen_sk013.smt2,sat,candidate,0,1,sat,0.087820792,0,0,0,,"sat
",,"[""target/release/euf-viper"",""fabric-solve"",""--engine"",""quotient-portfolio"",""/Users/airbartek/codex/z3/output/worktrees/viper-fabric-next/benchmarks/smtlib-2025/QF_UF/QF_UF/QG-classification/qg6/iso_brn_nogen_sk013.smt2""]"
222,111,6793,QF_UF/QG-classification/qg6/iso_brn_nogen_sk014.smt2,sat,candidate,0,0,sat,0.091898333,0,0,0,,"sat
",,"[""target/release/euf-viper"",""fabric-solve"",""--engine"",""quotient-portfolio"",""/Users/airbartek/codex/z3/output/worktrees/viper-fabric-next/benchmarks/smtlib-2025/QF_UF/QF_UF/QG-classification/qg6/iso_brn_nogen_sk014.smt2""]"
223,111,6793,QF_UF/QG-classification/qg6/iso_brn_nogen_sk014.smt2,sat,baseline,0,1,sat,0.107478000,0,0,0,,"sat
",,"[""target/release/euf-viper"",""fabric-solve"",""--engine"",""quotient-portfolio"",""/Users/airbartek/codex/z3/output/worktrees/viper-fabric-next/benchmarks/smtlib-2025/QF_UF/QF_UF/QG-classification/qg6/iso_brn_nogen_sk014.smt2""]"
224,112,6794,QF_UF/QG-classification/qg6/iso_brn_nogen_sk015.smt2,sat,baseline,0,0,sat,0.131705958,0,0,0,,"sat
",,"[""target/release/euf-viper"",""fabric-solve"",""--engine"",""quotient-portfolio"",""/Users/airbartek/codex/z3/output/worktrees/viper-fabric-next/benchmarks/smtlib-2025/QF_UF/QF_UF/QG-classification/qg6/iso_brn_nogen_sk015.smt2""]"
225,112,6794,QF_UF/QG-classification/qg6/iso_brn_nogen_sk015.smt2,sat,candidate,0,1,sat,0.089312709,0,0,0,,"sat
",,"[""target/release/euf-viper"",""fabric-solve"",""--engine"",""quotient-portfolio"",""/Users/airbartek/codex/z3/output/worktrees/viper-fabric-next/benchmarks/smtlib-2025/QF_UF/QF_UF/QG-classification/qg6/iso_brn_nogen_sk015.smt2""]"
226,113,6795,QF_UF/QG-classification/qg6/iso_brn_nogen_sk016.smt2,sat,candidate,0,0,sat,0.095042000,0,0,0,,"sat
",,"[""target/release/euf-viper"",""fabric-solve"",""--engine"",""quotient-portfolio"",""/Users/airbartek/codex/z3/output/worktrees/viper-fabric-next/benchmarks/smtlib-2025/QF_UF/QF_UF/QG-classification/qg6/iso_brn_nogen_sk016.smt2""]"
227,113,6795,QF_UF/QG-classification/qg6/iso_brn_nogen_sk016.smt2,sat,baseline,0,1,sat,0.134022375,0,0,0,,"sat
",,"[""target/release/euf-viper"",""fabric-solve"",""--engine"",""quotient-portfolio"",""/Users/airbartek/codex/z3/output/worktrees/viper-fabric-next/benchmarks/smtlib-2025/QF_UF/QF_UF/QG-classification/qg6/iso_brn_nogen_sk016.smt2""]"
228,114,6796,QF_UF/QG-classification/qg6/iso_brn_nogen_sk017.smt2,sat,baseline,0,0,sat,0.078809584,0,0,0,,"sat
",,"[""target/release/euf-viper"",""fabric-solve"",""--engine"",""quotient-portfolio"",""/Users/airbartek/codex/z3/output/worktrees/viper-fabric-next/benchmarks/smtlib-2025/QF_UF/QF_UF/QG-classification/qg6/iso_brn_nogen_sk017.smt2""]"
229,114,6796,QF_UF/QG-classification/qg6/iso_brn_nogen_sk017.smt2,sat,candidate,0,1,sat,0.087179125,0,0,0,,"sat
",,"[""target/release/euf-viper"",""fabric-solve"",""--engine"",""quotient-portfolio"",""/Users/airbartek/codex/z3/output/worktrees/viper-fabric-next/benchmarks/smtlib-2025/QF_UF/QF_UF/QG-classification/qg6/iso_brn_nogen_sk017.smt2""]"
230,115,6797,QF_UF/QG-classification/qg6/iso_brn_repgen001.smt2,sat,candidate,0,0,sat,0.023588417,0,0,0,,"sat
",,"[""target/release/euf-viper"",""fabric-solve"",""--engine"",""quotient-portfolio"",""/Users/airbartek/codex/z3/output/worktrees/viper-fabric-next/benchmarks/smtlib-2025/QF_UF/QF_UF/QG-classification/qg6/iso_brn_repgen001.smt2""]"
231,115,6797,QF_UF/QG-classification/qg6/iso_brn_repgen001.smt2,sat,baseline,0,1,sat,0.756520500,0,0,0,,"sat
",,"[""target/release/euf-viper"",""fabric-solve"",""--engine"",""quotient-portfolio"",""/Users/airbartek/codex/z3/output/worktrees/viper-fabric-next/benchmarks/smtlib-2025/QF_UF/QF_UF/QG-classification/qg6/iso_brn_repgen001.smt2""]"
232,116,6798,QF_UF/QG-classification/qg6/iso_brn_repgen002.smt2,sat,baseline,0,0,sat,0.768427583,0,0,0,,"sat
",,"[""target/release/euf-viper"",""fabric-solve"",""--engine"",""quotient-portfolio"",""/Users/airbartek/codex/z3/output/worktrees/viper-fabric-next/benchmarks/smtlib-2025/QF_UF/QF_UF/QG-classification/qg6/iso_brn_repgen002.smt2""]"
233,116,6798,QF_UF/QG-classification/qg6/iso_brn_repgen002.smt2,sat,candidate,0,1,sat,0.024108291,0,0,0,,"sat
",,"[""target/release/euf-viper"",""fabric-solve"",""--engine"",""quotient-portfolio"",""/Users/airbartek/codex/z3/output/worktrees/viper-fabric-next/benchmarks/smtlib-2025/QF_UF/QF_UF/QG-classification/qg6/iso_brn_repgen002.smt2""]"
234,117,6799,QF_UF/QG-classification/qg6/iso_brn_repgen003.smt2,sat,candidate,0,0,sat,0.031441333,0,0,0,,"sat
",,"[""target/release/euf-viper"",""fabric-solve"",""--engine"",""quotient-portfolio"",""/Users/airbartek/codex/z3/output/worktrees/viper-fabric-next/benchmarks/smtlib-2025/QF_UF/QF_UF/QG-classification/qg6/iso_brn_repgen003.smt2""]"
235,117,6799,QF_UF/QG-classification/qg6/iso_brn_repgen003.smt2,sat,baseline,0,1,sat,0.773962167,0,0,0,,"sat
",,"[""target/release/euf-viper"",""fabric-solve"",""--engine"",""quotient-portfolio"",""/Users/airbartek/codex/z3/output/worktrees/viper-fabric-next/benchmarks/smtlib-2025/QF_UF/QF_UF/QG-classification/qg6/iso_brn_repgen003.smt2""]"
236,118,6800,QF_UF/QG-classification/qg6/iso_brn_repgen004.smt2,sat,baseline,0,0,sat,0.891297375,0,0,0,,"sat
",,"[""target/release/euf-viper"",""fabric-solve"",""--engine"",""quotient-portfolio"",""/Users/airbartek/codex/z3/output/worktrees/viper-fabric-next/benchmarks/smtlib-2025/QF_UF/QF_UF/QG-classification/qg6/iso_brn_repgen004.smt2""]"
237,118,6800,QF_UF/QG-classification/qg6/iso_brn_repgen004.smt2,sat,candidate,0,1,sat,0.026509500,0,0,0,,"sat
",,"[""target/release/euf-viper"",""fabric-solve"",""--engine"",""quotient-portfolio"",""/Users/airbartek/codex/z3/output/worktrees/viper-fabric-next/benchmarks/smtlib-2025/QF_UF/QF_UF/QG-classification/qg6/iso_brn_repgen004.smt2""]"
238,119,6801,QF_UF/QG-classification/qg6/iso_brn_repgen005.smt2,sat,candidate,0,0,sat,0.026613875,0,0,0,,"sat
",,"[""target/release/euf-viper"",""fabric-solve"",""--engine"",""quotient-portfolio"",""/Users/airbartek/codex/z3/output/worktrees/viper-fabric-next/benchmarks/smtlib-2025/QF_UF/QF_UF/QG-classification/qg6/iso_brn_repgen005.smt2""]"
239,119,6801,QF_UF/QG-classification/qg6/iso_brn_repgen005.smt2,sat,baseline,0,1,sat,0.713384666,0,0,0,,"sat
",,"[""target/release/euf-viper"",""fabric-solve"",""--engine"",""quotient-portfolio"",""/Users/airbartek/codex/z3/output/worktrees/viper-fabric-next/benchmarks/smtlib-2025/QF_UF/QF_UF/QG-classification/qg6/iso_brn_repgen005.smt2""]"
240,120,6802,QF_UF/QG-classification/qg6/iso_brn_repgen006.smt2,sat,baseline,0,0,sat,0.758567250,0,0,0,,"sat
",,"[""target/release/euf-viper"",""fabric-solve"",""--engine"",""quotient-portfolio"",""/Users/airbartek/codex/z3/output/worktrees/viper-fabric-next/benchmarks/smtlib-2025/QF_UF/QF_UF/QG-classification/qg6/iso_brn_repgen006.smt2""]"
241,120,6802,QF_UF/QG-classification/qg6/iso_brn_repgen006.smt2,sat,candidate,0,1,sat,0.037880584,0,0,0,,"sat
",,"[""target/release/euf-viper"",""fabric-solve"",""--engine"",""quotient-portfolio"",""/Users/airbartek/codex/z3/output/worktrees/viper-fabric-next/benchmarks/smtlib-2025/QF_UF/QF_UF/QG-classification/qg6/iso_brn_repgen006.smt2""]"
242,121,6803,QF_UF/QG-classification/qg6/iso_brn_repgen007.smt2,sat,candidate,0,0,sat,0.037583917,0,0,0,,"sat
",,"[""target/release/euf-viper"",""fabric-solve"",""--engine"",""quotient-portfolio"",""/Users/airbartek/codex/z3/output/worktrees/viper-fabric-next/benchmarks/smtlib-2025/QF_UF/QF_UF/QG-classification/qg6/iso_brn_repgen007.smt2""]"
243,121,6803,QF_UF/QG-classification/qg6/iso_brn_repgen007.smt2,sat,baseline,0,1,sat,0.829977250,0,0,0,,"sat
",,"[""target/release/euf-viper"",""fabric-solve"",""--engine"",""quotient-portfolio"",""/Users/airbartek/codex/z3/output/worktrees/viper-fabric-next/benchmarks/smtlib-2025/QF_UF/QF_UF/QG-classification/qg6/iso_brn_repgen007.smt2""]"
244,122,6804,QF_UF/QG-classification/qg6/iso_brn_repgen008.smt2,sat,baseline,0,0,sat,0.784823625,0,0,0,,"sat
",,"[""target/release/euf-viper"",""fabric-solve"",""--engine"",""quotient-portfolio"",""/Users/airbartek/codex/z3/output/worktrees/viper-fabric-next/benchmarks/smtlib-2025/QF_UF/QF_UF/QG-classification/qg6/iso_brn_repgen008.smt2""]"
245,122,6804,QF_UF/QG-classification/qg6/iso_brn_repgen008.smt2,sat,candidate,0,1,sat,0.030786083,0,0,0,,"sat
",,"[""target/release/euf-viper"",""fabric-solve"",""--engine"",""quotient-portfolio"",""/Users/airbartek/codex/z3/output/worktrees/viper-fabric-next/benchmarks/smtlib-2025/QF_UF/QF_UF/QG-classification/qg6/iso_brn_repgen008.smt2""]"
246,123,6805,QF_UF/QG-classification/qg6/iso_brn_repgen009.smt2,sat,candidate,0,0,sat,0.027787208,0,0,0,,"sat
",,"[""target/release/euf-viper"",""fabric-solve"",""--engine"",""quotient-portfolio"",""/Users/airbartek/codex/z3/output/worktrees/viper-fabric-next/benchmarks/smtlib-2025/QF_UF/QF_UF/QG-classification/qg6/iso_brn_repgen009.smt2""]"
247,123,6805,QF_UF/QG-classification/qg6/iso_brn_repgen009.smt2,sat,baseline,0,1,sat,0.790448791,0,0,0,,"sat
",,"[""target/release/euf-viper"",""fabric-solve"",""--engine"",""quotient-portfolio"",""/Users/airbartek/codex/z3/output/worktrees/viper-fabric-next/benchmarks/smtlib-2025/QF_UF/QF_UF/QG-classification/qg6/iso_brn_repgen009.smt2""]"
248,124,6806,QF_UF/QG-classification/qg6/iso_brn_repgen010.smt2,sat,baseline,0,0,sat,0.881103750,0,0,0,,"sat
",,"[""target/release/euf-viper"",""fabric-solve"",""--engine"",""quotient-portfolio"",""/Users/airbartek/codex/z3/output/worktrees/viper-fabric-next/benchmarks/smtlib-2025/QF_UF/QF_UF/QG-classification/qg6/iso_brn_repgen010.smt2""]"
249,124,6806,QF_UF/QG-classification/qg6/iso_brn_repgen010.smt2,sat,candidate,0,1,sat,0.026102041,0,0,0,,"sat
",,"[""target/release/euf-viper"",""fabric-solve"",""--engine"",""quotient-portfolio"",""/Users/airbartek/codex/z3/output/worktrees/viper-fabric-next/benchmarks/smtlib-2025/QF_UF/QF_UF/QG-classification/qg6/iso_brn_repgen010.smt2""]"
250,125,6807,QF_UF/QG-classification/qg6/iso_brn_repgen011.smt2,sat,candidate,0,0,sat,0.037244583,0,0,0,,"sat
",,"[""target/release/euf-viper"",""fabric-solve"",""--engine"",""quotient-portfolio"",""/Users/airbartek/codex/z3/output/worktrees/viper-fabric-next/benchmarks/smtlib-2025/QF_UF/QF_UF/QG-classification/qg6/iso_brn_repgen011.smt2""]"
251,125,6807,QF_UF/QG-classification/qg6/iso_brn_repgen011.smt2,sat,baseline,0,1,sat,0.853904042,0,0,0,,"sat
",,"[""target/release/euf-viper"",""fabric-solve"",""--engine"",""quotient-portfolio"",""/Users/airbartek/codex/z3/output/worktrees/viper-fabric-next/benchmarks/smtlib-2025/QF_UF/QF_UF/QG-classification/qg6/iso_brn_repgen011.smt2""]"
252,126,6808,QF_UF/QG-classification/qg6/iso_brn_repgen012.smt2,sat,baseline,0,0,sat,0.771272583,0,0,0,,"sat
",,"[""target/release/euf-viper"",""fabric-solve"",""--engine"",""quotient-portfolio"",""/Users/airbartek/codex/z3/output/worktrees/viper-fabric-next/benchmarks/smtlib-2025/QF_UF/QF_UF/QG-classification/qg6/iso_brn_repgen012.smt2""]"
253,126,6808,QF_UF/QG-classification/qg6/iso_brn_repgen012.smt2,sat,candidate,0,1,sat,0.025093125,0,0,0,,"sat
",,"[""target/release/euf-viper"",""fabric-solve"",""--engine"",""quotient-portfolio"",""/Users/airbartek/codex/z3/output/worktrees/viper-fabric-next/benchmarks/smtlib-2025/QF_UF/QF_UF/QG-classification/qg6/iso_brn_repgen012.smt2""]"
254,127,6809,QF_UF/QG-classification/qg6/iso_brn_repgen013.smt2,sat,candidate,0,0,sat,0.026861250,0,0,0,,"sat
",,"[""target/release/euf-viper"",""fabric-solve"",""--engine"",""quotient-portfolio"",""/Users/airbartek/codex/z3/output/worktrees/viper-fabric-next/benchmarks/smtlib-2025/QF_UF/QF_UF/QG-classification/qg6/iso_brn_repgen013.smt2""]"
255,127,6809,QF_UF/QG-classification/qg6/iso_brn_repgen013.smt2,sat,baseline,0,1,sat,0.804906166,0,0,0,,"sat
",,"[""target/release/euf-viper"",""fabric-solve"",""--engine"",""quotient-portfolio"",""/Users/airbartek/codex/z3/output/worktrees/viper-fabric-next/benchmarks/smtlib-2025/QF_UF/QF_UF/QG-classification/qg6/iso_brn_repgen013.smt2""]"
256,128,6810,QF_UF/QG-classification/qg6/iso_brn_repgen014.smt2,sat,baseline,0,0,sat,0.748861250,0,0,0,,"sat
",,"[""target/release/euf-viper"",""fabric-solve"",""--engine"",""quotient-portfolio"",""/Users/airbartek/codex/z3/output/worktrees/viper-fabric-next/benchmarks/smtlib-2025/QF_UF/QF_UF/QG-classification/qg6/iso_brn_repgen014.smt2""]"
257,128,6810,QF_UF/QG-classification/qg6/iso_brn_repgen014.smt2,sat,candidate,0,1,sat,0.039030834,0,0,0,,"sat
",,"[""target/release/euf-viper"",""fabric-solve"",""--engine"",""quotient-portfolio"",""/Users/airbartek/codex/z3/output/worktrees/viper-fabric-next/benchmarks/smtlib-2025/QF_UF/QF_UF/QG-classification/qg6/iso_brn_repgen014.smt2""]"
258,129,6811,QF_UF/QG-classification/qg6/iso_brn_repgen015.smt2,sat,candidate,0,0,sat,0.026985250,0,0,0,,"sat
",,"[""target/release/euf-viper"",""fabric-solve"",""--engine"",""quotient-portfolio"",""/Users/airbartek/codex/z3/output/worktrees/viper-fabric-next/benchmarks/smtlib-2025/QF_UF/QF_UF/QG-classification/qg6/iso_brn_repgen015.smt2""]"
259,129,6811,QF_UF/QG-classification/qg6/iso_brn_repgen015.smt2,sat,baseline,0,1,sat,0.766477750,0,0,0,,"sat
",,"[""target/release/euf-viper"",""fabric-solve"",""--engine"",""quotient-portfolio"",""/Users/airbartek/codex/z3/output/worktrees/viper-fabric-next/benchmarks/smtlib-2025/QF_UF/QF_UF/QG-classification/qg6/iso_brn_repgen015.smt2""]"
260,130,6812,QF_UF/QG-classification/qg6/iso_brn_repgen016.smt2,sat,baseline,0,0,sat,0.909758959,0,0,0,,"sat
",,"[""target/release/euf-viper"",""fabric-solve"",""--engine"",""quotient-portfolio"",""/Users/airbartek/codex/z3/output/worktrees/viper-fabric-next/benchmarks/smtlib-2025/QF_UF/QF_UF/QG-classification/qg6/iso_brn_repgen016.smt2""]"
261,130,6812,QF_UF/QG-classification/qg6/iso_brn_repgen016.smt2,sat,candidate,0,1,sat,0.027176625,0,0,0,,"sat
",,"[""target/release/euf-viper"",""fabric-solve"",""--engine"",""quotient-portfolio"",""/Users/airbartek/codex/z3/output/worktrees/viper-fabric-next/benchmarks/smtlib-2025/QF_UF/QF_UF/QG-classification/qg6/iso_brn_repgen016.smt2""]"
262,131,6813,QF_UF/QG-classification/qg6/iso_brn_repgen017.smt2,sat,candidate,0,0,sat,0.031608459,0,0,0,,"sat
",,"[""target/release/euf-viper"",""fabric-solve"",""--engine"",""quotient-portfolio"",""/Users/airbartek/codex/z3/output/worktrees/viper-fabric-next/benchmarks/smtlib-2025/QF_UF/QF_UF/QG-classification/qg6/iso_brn_repgen017.smt2""]"
263,131,6813,QF_UF/QG-classification/qg6/iso_brn_repgen017.smt2,sat,baseline,0,1,sat,0.774441458,0,0,0,,"sat
",,"[""target/release/euf-viper"",""fabric-solve"",""--engine"",""quotient-portfolio"",""/Users/airbartek/codex/z3/output/worktrees/viper-fabric-next/benchmarks/smtlib-2025/QF_UF/QF_UF/QG-classification/qg6/iso_brn_repgen017.smt2""]"
264,132,6814,QF_UF/QG-classification/qg6/iso_brn_repgen_sk001.smt2,sat,baseline,0,0,sat,0.658814334,0,0,0,,"sat
",,"[""target/release/euf-viper"",""fabric-solve"",""--engine"",""quotient-portfolio"",""/Users/airbartek/codex/z3/output/worktrees/viper-fabric-next/benchmarks/smtlib-2025/QF_UF/QF_UF/QG-classification/qg6/iso_brn_repgen_sk001.smt2""]"
265,132,6814,QF_UF/QG-classification/qg6/iso_brn_repgen_sk001.smt2,sat,candidate,0,1,sat,0.022401000,0,0,0,,"sat
",,"[""target/release/euf-viper"",""fabric-solve"",""--engine"",""quotient-portfolio"",""/Users/airbartek/codex/z3/output/worktrees/viper-fabric-next/benchmarks/smtlib-2025/QF_UF/QF_UF/QG-classification/qg6/iso_brn_repgen_sk001.smt2""]"
266,133,6815,QF_UF/QG-classification/qg6/iso_brn_repgen_sk002.smt2,sat,candidate,0,0,sat,0.024028625,0,0,0,,"sat
",,"[""target/release/euf-viper"",""fabric-solve"",""--engine"",""quotient-portfolio"",""/Users/airbartek/codex/z3/output/worktrees/viper-fabric-next/benchmarks/smtlib-2025/QF_UF/QF_UF/QG-classification/qg6/iso_brn_repgen_sk002.smt2""]"
267,133,6815,QF_UF/QG-classification/qg6/iso_brn_repgen_sk002.smt2,sat,baseline,0,1,sat,0.666194833,0,0,0,,"sat
",,"[""target/release/euf-viper"",""fabric-solve"",""--engine"",""quotient-portfolio"",""/Users/airbartek/codex/z3/output/worktrees/viper-fabric-next/benchmarks/smtlib-2025/QF_UF/QF_UF/QG-classification/qg6/iso_brn_repgen_sk002.smt2""]"
268,134,6816,QF_UF/QG-classification/qg6/iso_brn_repgen_sk003.smt2,sat,baseline,0,0,sat,0.649037208,0,0,0,,"sat
",,"[""target/release/euf-viper"",""fabric-solve"",""--engine"",""quotient-portfolio"",""/Users/airbartek/codex/z3/output/worktrees/viper-fabric-next/benchmarks/smtlib-2025/QF_UF/QF_UF/QG-classification/qg6/iso_brn_repgen_sk003.smt2""]"
269,134,6816,QF_UF/QG-classification/qg6/iso_brn_repgen_sk003.smt2,sat,candidate,0,1,sat,0.022401375,0,0,0,,"sat
",,"[""target/release/euf-viper"",""fabric-solve"",""--engine"",""quotient-portfolio"",""/Users/airbartek/codex/z3/output/worktrees/viper-fabric-next/benchmarks/smtlib-2025/QF_UF/QF_UF/QG-classification/qg6/iso_brn_repgen_sk003.smt2""]"
270,135,6817,QF_UF/QG-classification/qg6/iso_brn_repgen_sk004.smt2,sat,candidate,0,0,sat,0.024647041,0,0,0,,"sat
",,"[""target/release/euf-viper"",""fabric-solve"",""--engine"",""quotient-portfolio"",""/Users/airbartek/codex/z3/output/worktrees/viper-fabric-next/benchmarks/smtlib-2025/QF_UF/QF_UF/QG-classification/qg6/iso_brn_repgen_sk004.smt2""]"
271,135,6817,QF_UF/QG-classification/qg6/iso_brn_repgen_sk004.smt2,sat,baseline,0,1,sat,0.658483708,0,0,0,,"sat
",,"[""target/release/euf-viper"",""fabric-solve"",""--engine"",""quotient-portfolio"",""/Users/airbartek/codex/z3/output/worktrees/viper-fabric-next/benchmarks/smtlib-2025/QF_UF/QF_UF/QG-classification/qg6/iso_brn_repgen_sk004.smt2""]"
272,136,6818,QF_UF/QG-classification/qg6/iso_brn_repgen_sk005.smt2,sat,baseline,0,0,sat,0.588074583,0,0,0,,"sat
",,"[""target/release/euf-viper"",""fabric-solve"",""--engine"",""quotient-portfolio"",""/Users/airbartek/codex/z3/output/worktrees/viper-fabric-next/benchmarks/smtlib-2025/QF_UF/QF_UF/QG-classification/qg6/iso_brn_repgen_sk005.smt2""]"
273,136,6818,QF_UF/QG-classification/qg6/iso_brn_repgen_sk005.smt2,sat,candidate,0,1,sat,0.025494166,0,0,0,,"sat
",,"[""target/release/euf-viper"",""fabric-solve"",""--engine"",""quotient-portfolio"",""/Users/airbartek/codex/z3/output/worktrees/viper-fabric-next/benchmarks/smtlib-2025/QF_UF/QF_UF/QG-classification/qg6/iso_brn_repgen_sk005.smt2""]"
274,137,6819,QF_UF/QG-classification/qg6/iso_brn_repgen_sk006.smt2,sat,candidate,0,0,sat,0.024766833,0,0,0,,"sat
",,"[""target/release/euf-viper"",""fabric-solve"",""--engine"",""quotient-portfolio"",""/Users/airbartek/codex/z3/output/worktrees/viper-fabric-next/benchmarks/smtlib-2025/QF_UF/QF_UF/QG-classification/qg6/iso_brn_repgen_sk006.smt2""]"
275,137,6819,QF_UF/QG-classification/qg6/iso_brn_repgen_sk006.smt2,sat,baseline,0,1,sat,0.592124375,0,0,0,,"sat
",,"[""target/release/euf-viper"",""fabric-solve"",""--engine"",""quotient-portfolio"",""/Users/airbartek/codex/z3/output/worktrees/viper-fabric-next/benchmarks/smtlib-2025/QF_UF/QF_UF/QG-classification/qg6/iso_brn_repgen_sk006.smt2""]"
276,138,6820,QF_UF/QG-classification/qg6/iso_brn_repgen_sk007.smt2,sat,baseline,0,0,sat,0.663297792,0,0,0,,"sat
",,"[""target/release/euf-viper"",""fabric-solve"",""--engine"",""quotient-portfolio"",""/Users/airbartek/codex/z3/output/worktrees/viper-fabric-next/benchmarks/smtlib-2025/QF_UF/QF_UF/QG-classification/qg6/iso_brn_repgen_sk007.smt2""]"
277,138,6820,QF_UF/QG-classification/qg6/iso_brn_repgen_sk007.smt2,sat,candidate,0,1,sat,0.026104334,0,0,0,,"sat
",,"[""target/release/euf-viper"",""fabric-solve"",""--engine"",""quotient-portfolio"",""/Users/airbartek/codex/z3/output/worktrees/viper-fabric-next/benchmarks/smtlib-2025/QF_UF/QF_UF/QG-classification/qg6/iso_brn_repgen_sk007.smt2""]"
278,139,6821,QF_UF/QG-classification/qg6/iso_brn_repgen_sk008.smt2,sat,candidate,0,0,sat,0.024133250,0,0,0,,"sat
",,"[""target/release/euf-viper"",""fabric-solve"",""--engine"",""quotient-portfolio"",""/Users/airbartek/codex/z3/output/worktrees/viper-fabric-next/benchmarks/smtlib-2025/QF_UF/QF_UF/QG-classification/qg6/iso_brn_repgen_sk008.smt2""]"
279,139,6821,QF_UF/QG-classification/qg6/iso_brn_repgen_sk008.smt2,sat,baseline,0,1,sat,0.666244542,0,0,0,,"sat
",,"[""target/release/euf-viper"",""fabric-solve"",""--engine"",""quotient-portfolio"",""/Users/airbartek/codex/z3/output/worktrees/viper-fabric-next/benchmarks/smtlib-2025/QF_UF/QF_UF/QG-classification/qg6/iso_brn_repgen_sk008.smt2""]"
280,140,6822,QF_UF/QG-classification/qg6/iso_brn_repgen_sk009.smt2,sat,baseline,0,0,sat,0.672666167,0,0,0,,"sat
",,"[""target/release/euf-viper"",""fabric-solve"",""--engine"",""quotient-portfolio"",""/Users/airbartek/codex/z3/output/worktrees/viper-fabric-next/benchmarks/smtlib-2025/QF_UF/QF_UF/QG-classification/qg6/iso_brn_repgen_sk009.smt2""]"
281,140,6822,QF_UF/QG-classification/qg6/iso_brn_repgen_sk009.smt2,sat,candidate,0,1,sat,0.022485709,0,0,0,,"sat
",,"[""target/release/euf-viper"",""fabric-solve"",""--engine"",""quotient-portfolio"",""/Users/airbartek/codex/z3/output/worktrees/viper-fabric-next/benchmarks/smtlib-2025/QF_UF/QF_UF/QG-classification/qg6/iso_brn_repgen_sk009.smt2""]"
282,141,6823,QF_UF/QG-classification/qg6/iso_brn_repgen_sk010.smt2,sat,candidate,0,0,sat,0.023499625,0,0,0,,"sat
",,"[""target/release/euf-viper"",""fabric-solve"",""--engine"",""quotient-portfolio"",""/Users/airbartek/codex/z3/output/worktrees/viper-fabric-next/benchmarks/smtlib-2025/QF_UF/QF_UF/QG-classification/qg6/iso_brn_repgen_sk010.smt2""]"
283,141,6823,QF_UF/QG-classification/qg6/iso_brn_repgen_sk010.smt2,sat,baseline,0,1,sat,0.704710000,0,0,0,,"sat
",,"[""target/release/euf-viper"",""fabric-solve"",""--engine"",""quotient-portfolio"",""/Users/airbartek/codex/z3/output/worktrees/viper-fabric-next/benchmarks/smtlib-2025/QF_UF/QF_UF/QG-classification/qg6/iso_brn_repgen_sk010.smt2""]"
284,142,6824,QF_UF/QG-classification/qg6/iso_brn_repgen_sk011.smt2,sat,baseline,0,0,sat,0.713359000,0,0,0,,"sat
",,"[""target/release/euf-viper"",""fabric-solve"",""--engine"",""quotient-portfolio"",""/Users/airbartek/codex/z3/output/worktrees/viper-fabric-next/benchmarks/smtlib-2025/QF_UF/QF_UF/QG-classification/qg6/iso_brn_repgen_sk011.smt2""]"
285,142,6824,QF_UF/QG-classification/qg6/iso_brn_repgen_sk011.smt2,sat,candidate,0,1,sat,0.022872334,0,0,0,,"sat
",,"[""target/release/euf-viper"",""fabric-solve"",""--engine"",""quotient-portfolio"",""/Users/airbartek/codex/z3/output/worktrees/viper-fabric-next/benchmarks/smtlib-2025/QF_UF/QF_UF/QG-classification/qg6/iso_brn_repgen_sk011.smt2""]"
286,143,6825,QF_UF/QG-classification/qg6/iso_brn_repgen_sk012.smt2,sat,candidate,0,0,sat,0.028261959,0,0,0,,"sat
",,"[""target/release/euf-viper"",""fabric-solve"",""--engine"",""quotient-portfolio"",""/Users/airbartek/codex/z3/output/worktrees/viper-fabric-next/benchmarks/smtlib-2025/QF_UF/QF_UF/QG-classification/qg6/iso_brn_repgen_sk012.smt2""]"
287,143,6825,QF_UF/QG-classification/qg6/iso_brn_repgen_sk012.smt2,sat,baseline,0,1,sat,0.669125958,0,0,0,,"sat
",,"[""target/release/euf-viper"",""fabric-solve"",""--engine"",""quotient-portfolio"",""/Users/airbartek/codex/z3/output/worktrees/viper-fabric-next/benchmarks/smtlib-2025/QF_UF/QF_UF/QG-classification/qg6/iso_brn_repgen_sk012.smt2""]"
288,144,6826,QF_UF/QG-classification/qg6/iso_brn_repgen_sk013.smt2,sat,baseline,0,0,sat,0.670702916,0,0,0,,"sat
",,"[""target/release/euf-viper"",""fabric-solve"",""--engine"",""quotient-portfolio"",""/Users/airbartek/codex/z3/output/worktrees/viper-fabric-next/benchmarks/smtlib-2025/QF_UF/QF_UF/QG-classification/qg6/iso_brn_repgen_sk013.smt2""]"
289,144,6826,QF_UF/QG-classification/qg6/iso_brn_repgen_sk013.smt2,sat,candidate,0,1,sat,0.024786708,0,0,0,,"sat
",,"[""target/release/euf-viper"",""fabric-solve"",""--engine"",""quotient-portfolio"",""/Users/airbartek/codex/z3/output/worktrees/viper-fabric-next/benchmarks/smtlib-2025/QF_UF/QF_UF/QG-classification/qg6/iso_brn_repgen_sk013.smt2""]"
290,145,6827,QF_UF/QG-classification/qg6/iso_brn_repgen_sk014.smt2,sat,candidate,0,0,sat,0.028313042,0,0,0,,"sat
",,"[""target/release/euf-viper"",""fabric-solve"",""--engine"",""quotient-portfolio"",""/Users/airbartek/codex/z3/output/worktrees/viper-fabric-next/benchmarks/smtlib-2025/QF_UF/QF_UF/QG-classification/qg6/iso_brn_repgen_sk014.smt2""]"
291,145,6827,QF_UF/QG-classification/qg6/iso_brn_repgen_sk014.smt2,sat,baseline,0,1,sat,0.622905416,0,0,0,,"sat
",,"[""target/release/euf-viper"",""fabric-solve"",""--engine"",""quotient-portfolio"",""/Users/airbartek/codex/z3/output/worktrees/viper-fabric-next/benchmarks/smtlib-2025/QF_UF/QF_UF/QG-classification/qg6/iso_brn_repgen_sk014.smt2""]"
292,146,6828,QF_UF/QG-classification/qg6/iso_brn_repgen_sk015.smt2,sat,baseline,0,0,sat,0.712850292,0,0,0,,"sat
",,"[""target/release/euf-viper"",""fabric-solve"",""--engine"",""quotient-portfolio"",""/Users/airbartek/codex/z3/output/worktrees/viper-fabric-next/benchmarks/smtlib-2025/QF_UF/QF_UF/QG-classification/qg6/iso_brn_repgen_sk015.smt2""]"
293,146,6828,QF_UF/QG-classification/qg6/iso_brn_repgen_sk015.smt2,sat,candidate,0,1,sat,0.023973583,0,0,0,,"sat
",,"[""target/release/euf-viper"",""fabric-solve"",""--engine"",""quotient-portfolio"",""/Users/airbartek/codex/z3/output/worktrees/viper-fabric-next/benchmarks/smtlib-2025/QF_UF/QF_UF/QG-classification/qg6/iso_brn_repgen_sk015.smt2""]"
294,147,6829,QF_UF/QG-classification/qg6/iso_brn_repgen_sk016.smt2,sat,candidate,0,0,sat,0.024376875,0,0,0,,"sat
",,"[""target/release/euf-viper"",""fabric-solve"",""--engine"",""quotient-portfolio"",""/Users/airbartek/codex/z3/output/worktrees/viper-fabric-next/benchmarks/smtlib-2025/QF_UF/QF_UF/QG-classification/qg6/iso_brn_repgen_sk016.smt2""]"
295,147,6829,QF_UF/QG-classification/qg6/iso_brn_repgen_sk016.smt2,sat,baseline,0,1,sat,0.668472750,0,0,0,,"sat
",,"[""target/release/euf-viper"",""fabric-solve"",""--engine"",""quotient-portfolio"",""/Users/airbartek/codex/z3/output/worktrees/viper-fabric-next/benchmarks/smtlib-2025/QF_UF/QF_UF/QG-classification/qg6/iso_brn_repgen_sk016.smt2""]"
296,148,6830,QF_UF/QG-classification/qg6/iso_brn_repgen_sk017.smt2,sat,baseline,0,0,sat,0.687773791,0,0,0,,"sat
",,"[""target/release/euf-viper"",""fabric-solve"",""--engine"",""quotient-portfolio"",""/Users/airbartek/codex/z3/output/worktrees/viper-fabric-next/benchmarks/smtlib-2025/QF_UF/QF_UF/QG-classification/qg6/iso_brn_repgen_sk017.smt2""]"
297,148,6830,QF_UF/QG-classification/qg6/iso_brn_repgen_sk017.smt2,sat,candidate,0,1,sat,0.029009750,0,0,0,,"sat
",,"[""target/release/euf-viper"",""fabric-solve"",""--engine"",""quotient-portfolio"",""/Users/airbartek/codex/z3/output/worktrees/viper-fabric-next/benchmarks/smtlib-2025/QF_UF/QF_UF/QG-classification/qg6/iso_brn_repgen_sk017.smt2""]"
298,149,6831,QF_UF/QG-classification/qg6/iso_brn_sk001.smt2,sat,candidate,0,0,sat,0.009470708,0,0,0,,"sat
",,"[""target/release/euf-viper"",""fabric-solve"",""--engine"",""quotient-portfolio"",""/Users/airbartek/codex/z3/output/worktrees/viper-fabric-next/benchmarks/smtlib-2025/QF_UF/QF_UF/QG-classification/qg6/iso_brn_sk001.smt2""]"
299,149,6831,QF_UF/QG-classification/qg6/iso_brn_sk001.smt2,sat,baseline,0,1,sat,0.027106833,0,0,0,,"sat
",,"[""target/release/euf-viper"",""fabric-solve"",""--engine"",""quotient-portfolio"",""/Users/airbartek/codex/z3/output/worktrees/viper-fabric-next/benchmarks/smtlib-2025/QF_UF/QF_UF/QG-classification/qg6/iso_brn_sk001.smt2""]"
300,150,6832,QF_UF/QG-classification/qg6/iso_brn_sk002.smt2,sat,baseline,0,0,sat,0.028094625,0,0,0,,"sat
",,"[""target/release/euf-viper"",""fabric-solve"",""--engine"",""quotient-portfolio"",""/Users/airbartek/codex/z3/output/worktrees/viper-fabric-next/benchmarks/smtlib-2025/QF_UF/QF_UF/QG-classification/qg6/iso_brn_sk002.smt2""]"
301,150,6832,QF_UF/QG-classification/qg6/iso_brn_sk002.smt2,sat,candidate,0,1,sat,0.009946292,0,0,0,,"sat
",,"[""target/release/euf-viper"",""fabric-solve"",""--engine"",""quotient-portfolio"",""/Users/airbartek/codex/z3/output/worktrees/viper-fabric-next/benchmarks/smtlib-2025/QF_UF/QF_UF/QG-classification/qg6/iso_brn_sk002.smt2""]"
302,151,6833,QF_UF/QG-classification/qg6/iso_brn_sk003.smt2,sat,candidate,0,0,sat,0.008394000,0,0,0,,"sat
",,"[""target/release/euf-viper"",""fabric-solve"",""--engine"",""quotient-portfolio"",""/Users/airbartek/codex/z3/output/worktrees/viper-fabric-next/benchmarks/smtlib-2025/QF_UF/QF_UF/QG-classification/qg6/iso_brn_sk003.smt2""]"
303,151,6833,QF_UF/QG-classification/qg6/iso_brn_sk003.smt2,sat,baseline,0,1,sat,0.028527125,0,0,0,,"sat
",,"[""target/release/euf-viper"",""fabric-solve"",""--engine"",""quotient-portfolio"",""/Users/airbartek/codex/z3/output/worktrees/viper-fabric-next/benchmarks/smtlib-2025/QF_UF/QF_UF/QG-classification/qg6/iso_brn_sk003.smt2""]"
304,152,6834,QF_UF/QG-classification/qg6/iso_brn_sk004.smt2,sat,baseline,0,0,sat,0.026429667,0,0,0,,"sat
",,"[""target/release/euf-viper"",""fabric-solve"",""--engine"",""quotient-portfolio"",""/Users/airbartek/codex/z3/output/worktrees/viper-fabric-next/benchmarks/smtlib-2025/QF_UF/QF_UF/QG-classification/qg6/iso_brn_sk004.smt2""]"
305,152,6834,QF_UF/QG-classification/qg6/iso_brn_sk004.smt2,sat,candidate,0,1,sat,0.010069750,0,0,0,,"sat
",,"[""target/release/euf-viper"",""fabric-solve"",""--engine"",""quotient-portfolio"",""/Users/airbartek/codex/z3/output/worktrees/viper-fabric-next/benchmarks/smtlib-2025/QF_UF/QF_UF/QG-classification/qg6/iso_brn_sk004.smt2""]"
306,153,6835,QF_UF/QG-classification/qg6/iso_brn_sk005.smt2,sat,candidate,0,0,sat,0.009659750,0,0,0,,"sat
",,"[""target/release/euf-viper"",""fabric-solve"",""--engine"",""quotient-portfolio"",""/Users/airbartek/codex/z3/output/worktrees/viper-fabric-next/benchmarks/smtlib-2025/QF_UF/QF_UF/QG-classification/qg6/iso_brn_sk005.smt2""]"
307,153,6835,QF_UF/QG-classification/qg6/iso_brn_sk005.smt2,sat,baseline,0,1,sat,0.026021208,0,0,0,,"sat
",,"[""target/release/euf-viper"",""fabric-solve"",""--engine"",""quotient-portfolio"",""/Users/airbartek/codex/z3/output/worktrees/viper-fabric-next/benchmarks/smtlib-2025/QF_UF/QF_UF/QG-classification/qg6/iso_brn_sk005.smt2""]"
308,154,6836,QF_UF/QG-classification/qg6/iso_brn_sk006.smt2,sat,baseline,0,0,sat,0.027512333,0,0,0,,"sat
",,"[""target/release/euf-viper"",""fabric-solve"",""--engine"",""quotient-portfolio"",""/Users/airbartek/codex/z3/output/worktrees/viper-fabric-next/benchmarks/smtlib-2025/QF_UF/QF_UF/QG-classification/qg6/iso_brn_sk006.smt2""]"
309,154,6836,QF_UF/QG-classification/qg6/iso_brn_sk006.smt2,sat,candidate,0,1,sat,0.010824708,0,0,0,,"sat
",,"[""target/release/euf-viper"",""fabric-solve"",""--engine"",""quotient-portfolio"",""/Users/airbartek/codex/z3/output/worktrees/viper-fabric-next/benchmarks/smtlib-2025/QF_UF/QF_UF/QG-classification/qg6/iso_brn_sk006.smt2""]"
310,155,6837,QF_UF/QG-classification/qg6/iso_brn_sk007.smt2,sat,candidate,0,0,sat,0.012792083,0,0,0,,"sat
",,"[""target/release/euf-viper"",""fabric-solve"",""--engine"",""quotient-portfolio"",""/Users/airbartek/codex/z3/output/worktrees/viper-fabric-next/benchmarks/smtlib-2025/QF_UF/QF_UF/QG-classification/qg6/iso_brn_sk007.smt2""]"
311,155,6837,QF_UF/QG-classification/qg6/iso_brn_sk007.smt2,sat,baseline,0,1,sat,0.025867417,0,0,0,,"sat
",,"[""target/release/euf-viper"",""fabric-solve"",""--engine"",""quotient-portfolio"",""/Users/airbartek/codex/z3/output/worktrees/viper-fabric-next/benchmarks/smtlib-2025/QF_UF/QF_UF/QG-classification/qg6/iso_brn_sk007.smt2""]"
312,156,6838,QF_UF/QG-classification/qg6/iso_brn_sk008.smt2,sat,baseline,0,0,sat,0.028383666,0,0,0,,"sat
",,"[""target/release/euf-viper"",""fabric-solve"",""--engine"",""quotient-portfolio"",""/Users/airbartek/codex/z3/output/worktrees/viper-fabric-next/benchmarks/smtlib-2025/QF_UF/QF_UF/QG-classification/qg6/iso_brn_sk008.smt2""]"
313,156,6838,QF_UF/QG-classification/qg6/iso_brn_sk008.smt2,sat,candidate,0,1,sat,0.015725125,0,0,0,,"sat
",,"[""target/release/euf-viper"",""fabric-solve"",""--engine"",""quotient-portfolio"",""/Users/airbartek/codex/z3/output/worktrees/viper-fabric-next/benchmarks/smtlib-2025/QF_UF/QF_UF/QG-classification/qg6/iso_brn_sk008.smt2""]"
314,157,6839,QF_UF/QG-classification/qg6/iso_brn_sk009.smt2,sat,candidate,0,0,sat,0.007889875,0,0,0,,"sat
",,"[""target/release/euf-viper"",""fabric-solve"",""--engine"",""quotient-portfolio"",""/Users/airbartek/codex/z3/output/worktrees/viper-fabric-next/benchmarks/smtlib-2025/QF_UF/QF_UF/QG-classification/qg6/iso_brn_sk009.smt2""]"
315,157,6839,QF_UF/QG-classification/qg6/iso_brn_sk009.smt2,sat,baseline,0,1,sat,0.028055875,0,0,0,,"sat
",,"[""target/release/euf-viper"",""fabric-solve"",""--engine"",""quotient-portfolio"",""/Users/airbartek/codex/z3/output/worktrees/viper-fabric-next/benchmarks/smtlib-2025/QF_UF/QF_UF/QG-classification/qg6/iso_brn_sk009.smt2""]"
316,158,6840,QF_UF/QG-classification/qg6/iso_brn_sk010.smt2,sat,baseline,0,0,sat,0.028026584,0,0,0,,"sat
",,"[""target/release/euf-viper"",""fabric-solve"",""--engine"",""quotient-portfolio"",""/Users/airbartek/codex/z3/output/worktrees/viper-fabric-next/benchmarks/smtlib-2025/QF_UF/QF_UF/QG-classification/qg6/iso_brn_sk010.smt2""]"
317,158,6840,QF_UF/QG-classification/qg6/iso_brn_sk010.smt2,sat,candidate,0,1,sat,0.008625959,0,0,0,,"sat
",,"[""target/release/euf-viper"",""fabric-solve"",""--engine"",""quotient-portfolio"",""/Users/airbartek/codex/z3/output/worktrees/viper-fabric-next/benchmarks/smtlib-2025/QF_UF/QF_UF/QG-classification/qg6/iso_brn_sk010.smt2""]"
318,159,6841,QF_UF/QG-classification/qg6/iso_brn_sk011.smt2,unsat,candidate,0,0,unsat,0.014569583,0,0,0,,"unsat
",,"[""target/release/euf-viper"",""fabric-solve"",""--engine"",""quotient-portfolio"",""/Users/airbartek/codex/z3/output/worktrees/viper-fabric-next/benchmarks/smtlib-2025/QF_UF/QF_UF/QG-classification/qg6/iso_brn_sk011.smt2""]"
319,159,6841,QF_UF/QG-classification/qg6/iso_brn_sk011.smt2,unsat,baseline,0,1,unsat,0.035736041,0,0,0,,"unsat
",,"[""target/release/euf-viper"",""fabric-solve"",""--engine"",""quotient-portfolio"",""/Users/airbartek/codex/z3/output/worktrees/viper-fabric-next/benchmarks/smtlib-2025/QF_UF/QF_UF/QG-classification/qg6/iso_brn_sk011.smt2""]"
320,160,6842,QF_UF/QG-classification/qg6/iso_brn_sk012.smt2,sat,baseline,0,0,sat,0.029015167,0,0,0,,"sat
",,"[""target/release/euf-viper"",""fabric-solve"",""--engine"",""quotient-portfolio"",""/Users/airbartek/codex/z3/output/worktrees/viper-fabric-next/benchmarks/smtlib-2025/QF_UF/QF_UF/QG-classification/qg6/iso_brn_sk012.smt2""]"
321,160,6842,QF_UF/QG-classification/qg6/iso_brn_sk012.smt2,sat,candidate,0,1,sat,0.007952292,0,0,0,,"sat
",,"[""target/release/euf-viper"",""fabric-solve"",""--engine"",""quotient-portfolio"",""/Users/airbartek/codex/z3/output/worktrees/viper-fabric-next/benchmarks/smtlib-2025/QF_UF/QF_UF/QG-classification/qg6/iso_brn_sk012.smt2""]"
322,161,6843,QF_UF/QG-classification/qg6/iso_brn_sk013.smt2,sat,candidate,0,0,sat,0.012666416,0,0,0,,"sat
",,"[""target/release/euf-viper"",""fabric-solve"",""--engine"",""quotient-portfolio"",""/Users/airbartek/codex/z3/output/worktrees/viper-fabric-next/benchmarks/smtlib-2025/QF_UF/QF_UF/QG-classification/qg6/iso_brn_sk013.smt2""]"
323,161,6843,QF_UF/QG-classification/qg6/iso_brn_sk013.smt2,sat,baseline,0,1,sat,0.029884000,0,0,0,,"sat
",,"[""target/release/euf-viper"",""fabric-solve"",""--engine"",""quotient-portfolio"",""/Users/airbartek/codex/z3/output/worktrees/viper-fabric-next/benchmarks/smtlib-2025/QF_UF/QF_UF/QG-classification/qg6/iso_brn_sk013.smt2""]"
324,162,6844,QF_UF/QG-classification/qg6/iso_brn_sk014.smt2,unsat,baseline,0,0,unsat,0.029292042,0,0,0,,"unsat
",,"[""target/release/euf-viper"",""fabric-solve"",""--engine"",""quotient-portfolio"",""/Users/airbartek/codex/z3/output/worktrees/viper-fabric-next/benchmarks/smtlib-2025/QF_UF/QF_UF/QG-classification/qg6/iso_brn_sk014.smt2""]"
325,162,6844,QF_UF/QG-classification/qg6/iso_brn_sk014.smt2,unsat,candidate,0,1,unsat,0.009839292,0,0,0,,"unsat
",,"[""target/release/euf-viper"",""fabric-solve"",""--engine"",""quotient-portfolio"",""/Users/airbartek/codex/z3/output/worktrees/viper-fabric-next/benchmarks/smtlib-2025/QF_UF/QF_UF/QG-classification/qg6/iso_brn_sk014.smt2""]"
326,163,6845,QF_UF/QG-classification/qg6/iso_brn_sk015.smt2,unsat,candidate,0,0,unsat,0.010191584,0,0,0,,"unsat
",,"[""target/release/euf-viper"",""fabric-solve"",""--engine"",""quotient-portfolio"",""/Users/airbartek/codex/z3/output/worktrees/viper-fabric-next/benchmarks/smtlib-2025/QF_UF/QF_UF/QG-classification/qg6/iso_brn_sk015.smt2""]"
327,163,6845,QF_UF/QG-classification/qg6/iso_brn_sk015.smt2,unsat,baseline,0,1,unsat,0.032163916,0,0,0,,"unsat
",,"[""target/release/euf-viper"",""fabric-solve"",""--engine"",""quotient-portfolio"",""/Users/airbartek/codex/z3/output/worktrees/viper-fabric-next/benchmarks/smtlib-2025/QF_UF/QF_UF/QG-classification/qg6/iso_brn_sk015.smt2""]"
328,164,6846,QF_UF/QG-classification/qg6/iso_brn_sk016.smt2,unsat,baseline,0,0,unsat,0.033117500,0,0,0,,"unsat
",,"[""target/release/euf-viper"",""fabric-solve"",""--engine"",""quotient-portfolio"",""/Users/airbartek/codex/z3/output/worktrees/viper-fabric-next/benchmarks/smtlib-2025/QF_UF/QF_UF/QG-classification/qg6/iso_brn_sk016.smt2""]"
329,164,6846,QF_UF/QG-classification/qg6/iso_brn_sk016.smt2,unsat,candidate,0,1,unsat,0.009386500,0,0,0,,"unsat
",,"[""target/release/euf-viper"",""fabric-solve"",""--engine"",""quotient-portfolio"",""/Users/airbartek/codex/z3/output/worktrees/viper-fabric-next/benchmarks/smtlib-2025/QF_UF/QF_UF/QG-classification/qg6/iso_brn_sk016.smt2""]"
330,165,6847,QF_UF/QG-classification/qg6/iso_brn_sk017.smt2,sat,candidate,0,0,sat,0.009364292,0,0,0,,"sat
",,"[""target/release/euf-viper"",""fabric-solve"",""--engine"",""quotient-portfolio"",""/Users/airbartek/codex/z3/output/worktrees/viper-fabric-next/benchmarks/smtlib-2025/QF_UF/QF_UF/QG-classification/qg6/iso_brn_sk017.smt2""]"
331,165,6847,QF_UF/QG-classification/qg6/iso_brn_sk017.smt2,sat,baseline,0,1,sat,0.026330166,0,0,0,,"sat
",,"[""target/release/euf-viper"",""fabric-solve"",""--engine"",""quotient-portfolio"",""/Users/airbartek/codex/z3/output/worktrees/viper-fabric-next/benchmarks/smtlib-2025/QF_UF/QF_UF/QG-classification/qg6/iso_brn_sk017.smt2""]"
332,166,6848,QF_UF/QG-classification/qg6/iso_icl001.smt2,unsat,baseline,0,0,unsat,0.108408458,0,0,0,,"unsat
",,"[""target/release/euf-viper"",""fabric-solve"",""--engine"",""quotient-portfolio"",""/Users/airbartek/codex/z3/output/worktrees/viper-fabric-next/benchmarks/smtlib-2025/QF_UF/QF_UF/QG-classification/qg6/iso_icl001.smt2""]"
333,166,6848,QF_UF/QG-classification/qg6/iso_icl001.smt2,unsat,candidate,0,1,unsat,0.106402292,0,0,0,,"unsat
",,"[""target/release/euf-viper"",""fabric-solve"",""--engine"",""quotient-portfolio"",""/Users/airbartek/codex/z3/output/worktrees/viper-fabric-next/benchmarks/smtlib-2025/QF_UF/QF_UF/QG-classification/qg6/iso_icl001.smt2""]"
334,167,6849,QF_UF/QG-classification/qg6/iso_icl002.smt2,unsat,candidate,0,0,unsat,0.065944833,0,0,0,,"unsat
",,"[""target/release/euf-viper"",""fabric-solve"",""--engine"",""quotient-portfolio"",""/Users/airbartek/codex/z3/output/worktrees/viper-fabric-next/benchmarks/smtlib-2025/QF_UF/QF_UF/QG-classification/qg6/iso_icl002.smt2""]"
335,167,6849,QF_UF/QG-classification/qg6/iso_icl002.smt2,unsat,baseline,0,1,unsat,0.066130709,0,0,0,,"unsat
",,"[""target/release/euf-viper"",""fabric-solve"",""--engine"",""quotient-portfolio"",""/Users/airbartek/codex/z3/output/worktrees/viper-fabric-next/benchmarks/smtlib-2025/QF_UF/QF_UF/QG-classification/qg6/iso_icl002.smt2""]"
336,168,6850,QF_UF/QG-classification/qg6/iso_icl003.smt2,unsat,baseline,0,0,unsat,0.084023042,0,0,0,,"unsat
",,"[""target/release/euf-viper"",""fabric-solve"",""--engine"",""quotient-portfolio"",""/Users/airbartek/codex/z3/output/worktrees/viper-fabric-next/benchmarks/smtlib-2025/QF_UF/QF_UF/QG-classification/qg6/iso_icl003.smt2""]"
337,168,6850,QF_UF/QG-classification/qg6/iso_icl003.smt2,unsat,candidate,0,1,unsat,0.082392667,0,0,0,,"unsat
",,"[""target/release/euf-viper"",""fabric-solve"",""--engine"",""quotient-portfolio"",""/Users/airbartek/codex/z3/output/worktrees/viper-fabric-next/benchmarks/smtlib-2025/QF_UF/QF_UF/QG-classification/qg6/iso_icl003.smt2""]"
338,169,6851,QF_UF/QG-classification/qg6/iso_icl004.smt2,unsat,candidate,0,0,unsat,0.087296625,0,0,0,,"unsat
",,"[""target/release/euf-viper"",""fabric-solve"",""--engine"",""quotient-portfolio"",""/Users/airbartek/codex/z3/output/worktrees/viper-fabric-next/benchmarks/smtlib-2025/QF_UF/QF_UF/QG-classification/qg6/iso_icl004.smt2""]"
339,169,6851,QF_UF/QG-classification/qg6/iso_icl004.smt2,unsat,baseline,0,1,unsat,0.087222625,0,0,0,,"unsat
",,"[""target/release/euf-viper"",""fabric-solve"",""--engine"",""quotient-portfolio"",""/Users/airbartek/codex/z3/output/worktrees/viper-fabric-next/benchmarks/smtlib-2025/QF_UF/QF_UF/QG-classification/qg6/iso_icl004.smt2""]"
340,170,6852,QF_UF/QG-classification/qg6/iso_icl005.smt2,unsat,baseline,0,0,unsat,0.050649708,0,0,0,,"unsat
",,"[""target/release/euf-viper"",""fabric-solve"",""--engine"",""quotient-portfolio"",""/Users/airbartek/codex/z3/output/worktrees/viper-fabric-next/benchmarks/smtlib-2025/QF_UF/QF_UF/QG-classification/qg6/iso_icl005.smt2""]"
341,170,6852,QF_UF/QG-classification/qg6/iso_icl005.smt2,unsat,candidate,0,1,unsat,0.049891042,0,0,0,,"unsat
",,"[""target/release/euf-viper"",""fabric-solve"",""--engine"",""quotient-portfolio"",""/Users/airbartek/codex/z3/output/worktrees/viper-fabric-next/benchmarks/smtlib-2025/QF_UF/QF_UF/QG-classification/qg6/iso_icl005.smt2""]"
342,171,6853,QF_UF/QG-classification/qg6/iso_icl006.smt2,unsat,candidate,0,0,unsat,0.087513167,0,0,0,,"unsat
",,"[""target/release/euf-viper"",""fabric-solve"",""--engine"",""quotient-portfolio"",""/Users/airbartek/codex/z3/output/worktrees/viper-fabric-next/benchmarks/smtlib-2025/QF_UF/QF_UF/QG-classification/qg6/iso_icl006.smt2""]"
343,171,6853,QF_UF/QG-classification/qg6/iso_icl006.smt2,unsat,baseline,0,1,unsat,0.086684542,0,0,0,,"unsat
",,"[""target/release/euf-viper"",""fabric-solve"",""--engine"",""quotient-portfolio"",""/Users/airbartek/codex/z3/output/worktrees/viper-fabric-next/benchmarks/smtlib-2025/QF_UF/QF_UF/QG-classification/qg6/iso_icl006.smt2""]"
344,172,6854,QF_UF/QG-classification/qg6/iso_icl007.smt2,unsat,baseline,0,0,unsat,0.083318375,0,0,0,,"unsat
",,"[""target/release/euf-viper"",""fabric-solve"",""--engine"",""quotient-portfolio"",""/Users/airbartek/codex/z3/output/worktrees/viper-fabric-next/benchmarks/smtlib-2025/QF_UF/QF_UF/QG-classification/qg6/iso_icl007.smt2""]"
345,172,6854,QF_UF/QG-classification/qg6/iso_icl007.smt2,unsat,candidate,0,1,unsat,0.083016083,0,0,0,,"unsat
",,"[""target/release/euf-viper"",""fabric-solve"",""--engine"",""quotient-portfolio"",""/Users/airbartek/codex/z3/output/worktrees/viper-fabric-next/benchmarks/smtlib-2025/QF_UF/QF_UF/QG-classification/qg6/iso_icl007.smt2""]"
346,173,6855,QF_UF/QG-classification/qg6/iso_icl008.smt2,unsat,candidate,0,0,unsat,0.057291625,0,0,0,,"unsat
",,"[""target/release/euf-viper"",""fabric-solve"",""--engine"",""quotient-portfolio"",""/Users/airbartek/codex/z3/output/worktrees/viper-fabric-next/benchmarks/smtlib-2025/QF_UF/QF_UF/QG-classification/qg6/iso_icl008.smt2""]"
347,173,6855,QF_UF/QG-classification/qg6/iso_icl008.smt2,unsat,baseline,0,1,unsat,0.057761083,0,0,0,,"unsat
",,"[""target/release/euf-viper"",""fabric-solve"",""--engine"",""quotient-portfolio"",""/Users/airbartek/codex/z3/output/worktrees/viper-fabric-next/benchmarks/smtlib-2025/QF_UF/QF_UF/QG-classification/qg6/iso_icl008.smt2""]"
348,174,6856,QF_UF/QG-classification/qg6/iso_icl009.smt2,unsat,baseline,0,0,unsat,0.067966584,0,0,0,,"unsat
",,"[""target/release/euf-viper"",""fabric-solve"",""--engine"",""quotient-portfolio"",""/Users/airbartek/codex/z3/output/worktrees/viper-fabric-next/benchmarks/smtlib-2025/QF_UF/QF_UF/QG-classification/qg6/iso_icl009.smt2""]"
349,174,6856,QF_UF/QG-classification/qg6/iso_icl009.smt2,unsat,candidate,0,1,unsat,0.067801125,0,0,0,,"unsat
",,"[""target/release/euf-viper"",""fabric-solve"",""--engine"",""quotient-portfolio"",""/Users/airbartek/codex/z3/output/worktrees/viper-fabric-next/benchmarks/smtlib-2025/QF_UF/QF_UF/QG-classification/qg6/iso_icl009.smt2""]"
350,175,6857,QF_UF/QG-classification/qg6/iso_icl010.smt2,unsat,candidate,0,0,unsat,0.055169625,0,0,0,,"unsat
",,"[""target/release/euf-viper"",""fabric-solve"",""--engine"",""quotient-portfolio"",""/Users/airbartek/codex/z3/output/worktrees/viper-fabric-next/benchmarks/smtlib-2025/QF_UF/QF_UF/QG-classification/qg6/iso_icl010.smt2""]"
351,175,6857,QF_UF/QG-classification/qg6/iso_icl010.smt2,unsat,baseline,0,1,unsat,0.053982333,0,0,0,,"unsat
",,"[""target/release/euf-viper"",""fabric-solve"",""--engine"",""quotient-portfolio"",""/Users/airbartek/codex/z3/output/worktrees/viper-fabric-next/benchmarks/smtlib-2025/QF_UF/QF_UF/QG-classification/qg6/iso_icl010.smt2""]"
352,176,6858,QF_UF/QG-classification/qg6/iso_icl011.smt2,unsat,baseline,0,0,unsat,0.075841417,0,0,0,,"unsat
",,"[""target/release/euf-viper"",""fabric-solve"",""--engine"",""quotient-portfolio"",""/Users/airbartek/codex/z3/output/worktrees/viper-fabric-next/benchmarks/smtlib-2025/QF_UF/QF_UF/QG-classification/qg6/iso_icl011.smt2""]"
353,176,6858,QF_UF/QG-classification/qg6/iso_icl011.smt2,unsat,candidate,0,1,unsat,0.074986625,0,0,0,,"unsat
",,"[""target/release/euf-viper"",""fabric-solve"",""--engine"",""quotient-portfolio"",""/Users/airbartek/codex/z3/output/worktrees/viper-fabric-next/benchmarks/smtlib-2025/QF_UF/QF_UF/QG-classification/qg6/iso_icl011.smt2""]"
354,177,6859,QF_UF/QG-classification/qg6/iso_icl012.smt2,unsat,candidate,0,0,unsat,0.098815458,0,0,0,,"unsat
",,"[""target/release/euf-viper"",""fabric-solve"",""--engine"",""quotient-portfolio"",""/Users/airbartek/codex/z3/output/worktrees/viper-fabric-next/benchmarks/smtlib-2025/QF_UF/QF_UF/QG-classification/qg6/iso_icl012.smt2""]"
355,177,6859,QF_UF/QG-classification/qg6/iso_icl012.smt2,unsat,baseline,0,1,unsat,0.094865375,0,0,0,,"unsat
",,"[""target/release/euf-viper"",""fabric-solve"",""--engine"",""quotient-portfolio"",""/Users/airbartek/codex/z3/output/worktrees/viper-fabric-next/benchmarks/smtlib-2025/QF_UF/QF_UF/QG-classification/qg6/iso_icl012.smt2""]"
356,178,6860,QF_UF/QG-classification/qg6/iso_icl013.smt2,unsat,baseline,0,0,unsat,0.099243417,0,0,0,,"unsat
",,"[""target/release/euf-viper"",""fabric-solve"",""--engine"",""quotient-portfolio"",""/Users/airbartek/codex/z3/output/worktrees/viper-fabric-next/benchmarks/smtlib-2025/QF_UF/QF_UF/QG-classification/qg6/iso_icl013.smt2""]"
357,178,6860,QF_UF/QG-classification/qg6/iso_icl013.smt2,unsat,candidate,0,1,unsat,0.097927708,0,0,0,,"unsat
",,"[""target/release/euf-viper"",""fabric-solve"",""--engine"",""quotient-portfolio"",""/Users/airbartek/codex/z3/output/worktrees/viper-fabric-next/benchmarks/smtlib-2025/QF_UF/QF_UF/QG-classification/qg6/iso_icl013.smt2""]"
358,179,6861,QF_UF/QG-classification/qg6/iso_icl_nogen001.smt2,unsat,candidate,0,0,unsat,0.605774417,0,0,0,,"unsat
",,"[""target/release/euf-viper"",""fabric-solve"",""--engine"",""quotient-portfolio"",""/Users/airbartek/codex/z3/output/worktrees/viper-fabric-next/benchmarks/smtlib-2025/QF_UF/QF_UF/QG-classification/qg6/iso_icl_nogen001.smt2""]"
359,179,6861,QF_UF/QG-classification/qg6/iso_icl_nogen001.smt2,unsat,baseline,0,1,timeout,2.003322209,124,-9,1,timeout,,,"[""target/release/euf-viper"",""fabric-solve"",""--engine"",""quotient-portfolio"",""/Users/airbartek/codex/z3/output/worktrees/viper-fabric-next/benchmarks/smtlib-2025/QF_UF/QF_UF/QG-classification/qg6/iso_icl_nogen001.smt2""]"
360,180,6862,QF_UF/QG-classification/qg6/iso_icl_nogen002.smt2,unsat,baseline,0,0,timeout,2.004553375,124,-9,1,timeout,,,"[""target/release/euf-viper"",""fabric-solve"",""--engine"",""quotient-portfolio"",""/Users/airbartek/codex/z3/output/worktrees/viper-fabric-next/benchmarks/smtlib-2025/QF_UF/QF_UF/QG-classification/qg6/iso_icl_nogen002.smt2""]"
361,180,6862,QF_UF/QG-classification/qg6/iso_icl_nogen002.smt2,unsat,candidate,0,1,unsat,0.437769916,0,0,0,,"unsat
",,"[""target/release/euf-viper"",""fabric-solve"",""--engine"",""quotient-portfolio"",""/Users/airbartek/codex/z3/output/worktrees/viper-fabric-next/benchmarks/smtlib-2025/QF_UF/QF_UF/QG-classification/qg6/iso_icl_nogen002.smt2""]"
362,181,6863,QF_UF/QG-classification/qg6/iso_icl_nogen003.smt2,unsat,candidate,0,0,unsat,0.546882291,0,0,0,,"unsat
",,"[""target/release/euf-viper"",""fabric-solve"",""--engine"",""quotient-portfolio"",""/Users/airbartek/codex/z3/output/worktrees/viper-fabric-next/benchmarks/smtlib-2025/QF_UF/QF_UF/QG-classification/qg6/iso_icl_nogen003.smt2""]"
363,181,6863,QF_UF/QG-classification/qg6/iso_icl_nogen003.smt2,unsat,baseline,0,1,unsat,1.921701042,0,0,0,,"unsat
",,"[""target/release/euf-viper"",""fabric-solve"",""--engine"",""quotient-portfolio"",""/Users/airbartek/codex/z3/output/worktrees/viper-fabric-next/benchmarks/smtlib-2025/QF_UF/QF_UF/QG-classification/qg6/iso_icl_nogen003.smt2""]"
364,182,6864,QF_UF/QG-classification/qg6/iso_icl_nogen004.smt2,unsat,baseline,0,0,timeout,2.004080583,124,-9,1,timeout,,,"[""target/release/euf-viper"",""fabric-solve"",""--engine"",""quotient-portfolio"",""/Users/airbartek/codex/z3/output/worktrees/viper-fabric-next/benchmarks/smtlib-2025/QF_UF/QF_UF/QG-classification/qg6/iso_icl_nogen004.smt2""]"
365,182,6864,QF_UF/QG-classification/qg6/iso_icl_nogen004.smt2,unsat,candidate,0,1,unsat,0.514751334,0,0,0,,"unsat
",,"[""target/release/euf-viper"",""fabric-solve"",""--engine"",""quotient-portfolio"",""/Users/airbartek/codex/z3/output/worktrees/viper-fabric-next/benchmarks/smtlib-2025/QF_UF/QF_UF/QG-classification/qg6/iso_icl_nogen004.smt2""]"
366,183,6865,QF_UF/QG-classification/qg6/iso_icl_nogen005.smt2,unsat,candidate,0,0,unsat,0.484511000,0,0,0,,"unsat
",,"[""target/release/euf-viper"",""fabric-solve"",""--engine"",""quotient-portfolio"",""/Users/airbartek/codex/z3/output/worktrees/viper-fabric-next/benchmarks/smtlib-2025/QF_UF/QF_UF/QG-classification/qg6/iso_icl_nogen005.smt2""]"
367,183,6865,QF_UF/QG-classification/qg6/iso_icl_nogen005.smt2,unsat,baseline,0,1,unsat,1.811623041,0,0,0,,"unsat
",,"[""target/release/euf-viper"",""fabric-solve"",""--engine"",""quotient-portfolio"",""/Users/airbartek/codex/z3/output/worktrees/viper-fabric-next/benchmarks/smtlib-2025/QF_UF/QF_UF/QG-classification/qg6/iso_icl_nogen005.smt2""]"
368,184,6866,QF_UF/QG-classification/qg6/iso_icl_nogen006.smt2,unsat,baseline,0,0,timeout,2.001949792,124,-9,1,timeout,,,"[""target/release/euf-viper"",""fabric-solve"",""--engine"",""quotient-portfolio"",""/Users/airbartek/codex/z3/output/worktrees/viper-fabric-next/benchmarks/smtlib-2025/QF_UF/QF_UF/QG-classification/qg6/iso_icl_nogen006.smt2""]"
369,184,6866,QF_UF/QG-classification/qg6/iso_icl_nogen006.smt2,unsat,candidate,0,1,unsat,0.598550791,0,0,0,,"unsat
",,"[""target/release/euf-viper"",""fabric-solve"",""--engine"",""quotient-portfolio"",""/Users/airbartek/codex/z3/output/worktrees/viper-fabric-next/benchmarks/smtlib-2025/QF_UF/QF_UF/QG-classification/qg6/iso_icl_nogen006.smt2""]"
370,185,6867,QF_UF/QG-classification/qg6/iso_icl_nogen007.smt2,unsat,candidate,0,0,unsat,0.600560084,0,0,0,,"unsat
",,"[""target/release/euf-viper"",""fabric-solve"",""--engine"",""quotient-portfolio"",""/Users/airbartek/codex/z3/output/worktrees/viper-fabric-next/benchmarks/smtlib-2025/QF_UF/QF_UF/QG-classification/qg6/iso_icl_nogen007.smt2""]"
371,185,6867,QF_UF/QG-classification/qg6/iso_icl_nogen007.smt2,unsat,baseline,0,1,unsat,1.884647542,0,0,0,,"unsat
",,"[""target/release/euf-viper"",""fabric-solve"",""--engine"",""quotient-portfolio"",""/Users/airbartek/codex/z3/output/worktrees/viper-fabric-next/benchmarks/smtlib-2025/QF_UF/QF_UF/QG-classification/qg6/iso_icl_nogen007.smt2""]"
372,186,6868,QF_UF/QG-classification/qg6/iso_icl_nogen008.smt2,unsat,baseline,0,0,timeout,2.002281542,124,-9,1,timeout,,,"[""target/release/euf-viper"",""fabric-solve"",""--engine"",""quotient-portfolio"",""/Users/airbartek/codex/z3/output/worktrees/viper-fabric-next/benchmarks/smtlib-2025/QF_UF/QF_UF/QG-classification/qg6/iso_icl_nogen008.smt2""]"
373,186,6868,QF_UF/QG-classification/qg6/iso_icl_nogen008.smt2,unsat,candidate,0,1,unsat,0.906861333,0,0,0,,"unsat
",,"[""target/release/euf-viper"",""fabric-solve"",""--engine"",""quotient-portfolio"",""/Users/airbartek/codex/z3/output/worktrees/viper-fabric-next/benchmarks/smtlib-2025/QF_UF/QF_UF/QG-classification/qg6/iso_icl_nogen008.smt2""]"
374,187,6869,QF_UF/QG-classification/qg6/iso_icl_nogen009.smt2,unsat,candidate,0,0,unsat,0.802105542,0,0,0,,"unsat
",,"[""target/release/euf-viper"",""fabric-solve"",""--engine"",""quotient-portfolio"",""/Users/airbartek/codex/z3/output/worktrees/viper-fabric-next/benchmarks/smtlib-2025/QF_UF/QF_UF/QG-classification/qg6/iso_icl_nogen009.smt2""]"
375,187,6869,QF_UF/QG-classification/qg6/iso_icl_nogen009.smt2,unsat,baseline,0,1,timeout,2.004282166,124,-9,1,timeout,,,"[""target/release/euf-viper"",""fabric-solve"",""--engine"",""quotient-portfolio"",""/Users/airbartek/codex/z3/output/worktrees/viper-fabric-next/benchmarks/smtlib-2025/QF_UF/QF_UF/QG-classification/qg6/iso_icl_nogen009.smt2""]"
376,188,6870,QF_UF/QG-classification/qg6/iso_icl_nogen010.smt2,unsat,baseline,0,0,unsat,1.865258458,0,0,0,,"unsat
",,"[""target/release/euf-viper"",""fabric-solve"",""--engine"",""quotient-portfolio"",""/Users/airbartek/codex/z3/output/worktrees/viper-fabric-next/benchmarks/smtlib-2025/QF_UF/QF_UF/QG-classification/qg6/iso_icl_nogen010.smt2""]"
377,188,6870,QF_UF/QG-classification/qg6/iso_icl_nogen010.smt2,unsat,candidate,0,1,unsat,0.593827167,0,0,0,,"unsat
",,"[""target/release/euf-viper"",""fabric-solve"",""--engine"",""quotient-portfolio"",""/Users/airbartek/codex/z3/output/worktrees/viper-fabric-next/benchmarks/smtlib-2025/QF_UF/QF_UF/QG-classification/qg6/iso_icl_nogen010.smt2""]"
378,189,6871,QF_UF/QG-classification/qg6/iso_icl_nogen011.smt2,unsat,candidate,0,0,unsat,0.522062833,0,0,0,,"unsat
",,"[""target/release/euf-viper"",""fabric-solve"",""--engine"",""quotient-portfolio"",""/Users/airbartek/codex/z3/output/worktrees/viper-fabric-next/benchmarks/smtlib-2025/QF_UF/QF_UF/QG-classification/qg6/iso_icl_nogen011.smt2""]"
379,189,6871,QF_UF/QG-classification/qg6/iso_icl_nogen011.smt2,unsat,baseline,0,1,unsat,1.914151584,0,0,0,,"unsat
",,"[""target/release/euf-viper"",""fabric-solve"",""--engine"",""quotient-portfolio"",""/Users/airbartek/codex/z3/output/worktrees/viper-fabric-next/benchmarks/smtlib-2025/QF_UF/QF_UF/QG-classification/qg6/iso_icl_nogen011.smt2""]"
380,190,6872,QF_UF/QG-classification/qg6/iso_icl_nogen012.smt2,unsat,baseline,0,0,timeout,2.003961709,124,-9,1,timeout,,,"[""target/release/euf-viper"",""fabric-solve"",""--engine"",""quotient-portfolio"",""/Users/airbartek/codex/z3/output/worktrees/viper-fabric-next/benchmarks/smtlib-2025/QF_UF/QF_UF/QG-classification/qg6/iso_icl_nogen012.smt2""]"
381,190,6872,QF_UF/QG-classification/qg6/iso_icl_nogen012.smt2,unsat,candidate,0,1,unsat,0.740301792,0,0,0,,"unsat
",,"[""target/release/euf-viper"",""fabric-solve"",""--engine"",""quotient-portfolio"",""/Users/airbartek/codex/z3/output/worktrees/viper-fabric-next/benchmarks/smtlib-2025/QF_UF/QF_UF/QG-classification/qg6/iso_icl_nogen012.smt2""]"
382,191,6873,QF_UF/QG-classification/qg6/iso_icl_nogen013.smt2,unsat,candidate,0,0,unsat,0.834206833,0,0,0,,"unsat
",,"[""target/release/euf-viper"",""fabric-solve"",""--engine"",""quotient-portfolio"",""/Users/airbartek/codex/z3/output/worktrees/viper-fabric-next/benchmarks/smtlib-2025/QF_UF/QF_UF/QG-classification/qg6/iso_icl_nogen013.smt2""]"
383,191,6873,QF_UF/QG-classification/qg6/iso_icl_nogen013.smt2,unsat,baseline,0,1,unsat,1.976822709,0,0,0,,"unsat
",,"[""target/release/euf-viper"",""fabric-solve"",""--engine"",""quotient-portfolio"",""/Users/airbartek/codex/z3/output/worktrees/viper-fabric-next/benchmarks/smtlib-2025/QF_UF/QF_UF/QG-classification/qg6/iso_icl_nogen013.smt2""]"
384,192,6874,QF_UF/QG-classification/qg6/iso_icl_nogen_sk001.smt2,unsat,baseline,0,0,unsat,1.628645000,0,0,0,,"unsat
",,"[""target/release/euf-viper"",""fabric-solve"",""--engine"",""quotient-portfolio"",""/Users/airbartek/codex/z3/output/worktrees/viper-fabric-next/benchmarks/smtlib-2025/QF_UF/QF_UF/QG-classification/qg6/iso_icl_nogen_sk001.smt2""]"
385,192,6874,QF_UF/QG-classification/qg6/iso_icl_nogen_sk001.smt2,unsat,candidate,0,1,unsat,0.766955208,0,0,0,,"unsat
",,"[""target/release/euf-viper"",""fabric-solve"",""--engine"",""quotient-portfolio"",""/Users/airbartek/codex/z3/output/worktrees/viper-fabric-next/benchmarks/smtlib-2025/QF_UF/QF_UF/QG-classification/qg6/iso_icl_nogen_sk001.smt2""]"
386,193,6875,QF_UF/QG-classification/qg6/iso_icl_nogen_sk002.smt2,unsat,candidate,0,0,unsat,0.198923917,0,0,0,,"unsat
",,"[""target/release/euf-viper"",""fabric-solve"",""--engine"",""quotient-portfolio"",""/Users/airbartek/codex/z3/output/worktrees/viper-fabric-next/benchmarks/smtlib-2025/QF_UF/QF_UF/QG-classification/qg6/iso_icl_nogen_sk002.smt2""]"
387,193,6875,QF_UF/QG-classification/qg6/iso_icl_nogen_sk002.smt2,unsat,baseline,0,1,unsat,1.330571125,0,0,0,,"unsat
",,"[""target/release/euf-viper"",""fabric-solve"",""--engine"",""quotient-portfolio"",""/Users/airbartek/codex/z3/output/worktrees/viper-fabric-next/benchmarks/smtlib-2025/QF_UF/QF_UF/QG-classification/qg6/iso_icl_nogen_sk002.smt2""]"
388,194,6876,QF_UF/QG-classification/qg6/iso_icl_nogen_sk003.smt2,unsat,baseline,0,0,unsat,1.245964000,0,0,0,,"unsat
",,"[""target/release/euf-viper"",""fabric-solve"",""--engine"",""quotient-portfolio"",""/Users/airbartek/codex/z3/output/worktrees/viper-fabric-next/benchmarks/smtlib-2025/QF_UF/QF_UF/QG-classification/qg6/iso_icl_nogen_sk003.smt2""]"
389,194,6876,QF_UF/QG-classification/qg6/iso_icl_nogen_sk003.smt2,unsat,candidate,0,1,unsat,0.257707125,0,0,0,,"unsat
",,"[""target/release/euf-viper"",""fabric-solve"",""--engine"",""quotient-portfolio"",""/Users/airbartek/codex/z3/output/worktrees/viper-fabric-next/benchmarks/smtlib-2025/QF_UF/QF_UF/QG-classification/qg6/iso_icl_nogen_sk003.smt2""]"
390,195,6877,QF_UF/QG-classification/qg6/iso_icl_nogen_sk004.smt2,unsat,candidate,0,0,unsat,0.286133292,0,0,0,,"unsat
",,"[""target/release/euf-viper"",""fabric-solve"",""--engine"",""quotient-portfolio"",""/Users/airbartek/codex/z3/output/worktrees/viper-fabric-next/benchmarks/smtlib-2025/QF_UF/QF_UF/QG-classification/qg6/iso_icl_nogen_sk004.smt2""]"
391,195,6877,QF_UF/QG-classification/qg6/iso_icl_nogen_sk004.smt2,unsat,baseline,0,1,unsat,1.343594750,0,0,0,,"unsat
",,"[""target/release/euf-viper"",""fabric-solve"",""--engine"",""quotient-portfolio"",""/Users/airbartek/codex/z3/output/worktrees/viper-fabric-next/benchmarks/smtlib-2025/QF_UF/QF_UF/QG-classification/qg6/iso_icl_nogen_sk004.smt2""]"
392,196,6878,QF_UF/QG-classification/qg6/iso_icl_nogen_sk005.smt2,unsat,baseline,0,0,unsat,1.518450417,0,0,0,,"unsat
",,"[""target/release/euf-viper"",""fabric-solve"",""--engine"",""quotient-portfolio"",""/Users/airbartek/codex/z3/output/worktrees/viper-fabric-next/benchmarks/smtlib-2025/QF_UF/QF_UF/QG-classification/qg6/iso_icl_nogen_sk005.smt2""]"
393,196,6878,QF_UF/QG-classification/qg6/iso_icl_nogen_sk005.smt2,unsat,candidate,0,1,unsat,0.251796375,0,0,0,,"unsat
",,"[""target/release/euf-viper"",""fabric-solve"",""--engine"",""quotient-portfolio"",""/Users/airbartek/codex/z3/output/worktrees/viper-fabric-next/benchmarks/smtlib-2025/QF_UF/QF_UF/QG-classification/qg6/iso_icl_nogen_sk005.smt2""]"
394,197,6879,QF_UF/QG-classification/qg6/iso_icl_nogen_sk006.smt2,unsat,candidate,0,0,unsat,0.252308291,0,0,0,,"unsat
",,"[""target/release/euf-viper"",""fabric-solve"",""--engine"",""quotient-portfolio"",""/Users/airbartek/codex/z3/output/worktrees/viper-fabric-next/benchmarks/smtlib-2025/QF_UF/QF_UF/QG-classification/qg6/iso_icl_nogen_sk006.smt2""]"
395,197,6879,QF_UF/QG-classification/qg6/iso_icl_nogen_sk006.smt2,unsat,baseline,0,1,unsat,1.451789959,0,0,0,,"unsat
",,"[""target/release/euf-viper"",""fabric-solve"",""--engine"",""quotient-portfolio"",""/Users/airbartek/codex/z3/output/worktrees/viper-fabric-next/benchmarks/smtlib-2025/QF_UF/QF_UF/QG-classification/qg6/iso_icl_nogen_sk006.smt2""]"
396,198,6880,QF_UF/QG-classification/qg6/iso_icl_nogen_sk007.smt2,unsat,baseline,0,0,unsat,1.528749000,0,0,0,,"unsat
",,"[""target/release/euf-viper"",""fabric-solve"",""--engine"",""quotient-portfolio"",""/Users/airbartek/codex/z3/output/worktrees/viper-fabric-next/benchmarks/smtlib-2025/QF_UF/QF_UF/QG-classification/qg6/iso_icl_nogen_sk007.smt2""]"
397,198,6880,QF_UF/QG-classification/qg6/iso_icl_nogen_sk007.smt2,unsat,candidate,0,1,unsat,0.271649167,0,0,0,,"unsat
",,"[""target/release/euf-viper"",""fabric-solve"",""--engine"",""quotient-portfolio"",""/Users/airbartek/codex/z3/output/worktrees/viper-fabric-next/benchmarks/smtlib-2025/QF_UF/QF_UF/QG-classification/qg6/iso_icl_nogen_sk007.smt2""]"
398,199,6881,QF_UF/QG-classification/qg6/iso_icl_nogen_sk008.smt2,unsat,candidate,0,0,unsat,0.738942125,0,0,0,,"unsat
",,"[""target/release/euf-viper"",""fabric-solve"",""--engine"",""quotient-portfolio"",""/Users/airbartek/codex/z3/output/worktrees/viper-fabric-next/benchmarks/smtlib-2025/QF_UF/QF_UF/QG-classification/qg6/iso_icl_nogen_sk008.smt2""]"
399,199,6881,QF_UF/QG-classification/qg6/iso_icl_nogen_sk008.smt2,unsat,baseline,0,1,unsat,1.822812625,0,0,0,,"unsat
",,"[""target/release/euf-viper"",""fabric-solve"",""--engine"",""quotient-portfolio"",""/Users/airbartek/codex/z3/output/worktrees/viper-fabric-next/benchmarks/smtlib-2025/QF_UF/QF_UF/QG-classification/qg6/iso_icl_nogen_sk008.smt2""]"
400,200,6882,QF_UF/QG-classification/qg6/iso_icl_nogen_sk009.smt2,unsat,baseline,0,0,unsat,1.469906417,0,0,0,,"unsat
",,"[""target/release/euf-viper"",""fabric-solve"",""--engine"",""quotient-portfolio"",""/Users/airbartek/codex/z3/output/worktrees/viper-fabric-next/benchmarks/smtlib-2025/QF_UF/QF_UF/QG-classification/qg6/iso_icl_nogen_sk009.smt2""]"
401,200,6882,QF_UF/QG-classification/qg6/iso_icl_nogen_sk009.smt2,unsat,candidate,0,1,unsat,0.473078417,0,0,0,,"unsat
",,"[""target/release/euf-viper"",""fabric-solve"",""--engine"",""quotient-portfolio"",""/Users/airbartek/codex/z3/output/worktrees/viper-fabric-next/benchmarks/smtlib-2025/QF_UF/QF_UF/QG-classification/qg6/iso_icl_nogen_sk009.smt2""]"
402,201,6883,QF_UF/QG-classification/qg6/iso_icl_nogen_sk010.smt2,unsat,candidate,0,0,unsat,0.260088333,0,0,0,,"unsat
",,"[""target/release/euf-viper"",""fabric-solve"",""--engine"",""quotient-portfolio"",""/Users/airbartek/codex/z3/output/worktrees/viper-fabric-next/benchmarks/smtlib-2025/QF_UF/QF_UF/QG-classification/qg6/iso_icl_nogen_sk010.smt2""]"
403,201,6883,QF_UF/QG-classification/qg6/iso_icl_nogen_sk010.smt2,unsat,baseline,0,1,unsat,1.401846625,0,0,0,,"unsat
",,"[""target/release/euf-viper"",""fabric-solve"",""--engine"",""quotient-portfolio"",""/Users/airbartek/codex/z3/output/worktrees/viper-fabric-next/benchmarks/smtlib-2025/QF_UF/QF_UF/QG-classification/qg6/iso_icl_nogen_sk010.smt2""]"
404,202,6884,QF_UF/QG-classification/qg6/iso_icl_nogen_sk011.smt2,unsat,baseline,0,0,unsat,1.221057333,0,0,0,,"unsat
",,"[""target/release/euf-viper"",""fabric-solve"",""--engine"",""quotient-portfolio"",""/Users/airbartek/codex/z3/output/worktrees/viper-fabric-next/benchmarks/smtlib-2025/QF_UF/QF_UF/QG-classification/qg6/iso_icl_nogen_sk011.smt2""]"
405,202,6884,QF_UF/QG-classification/qg6/iso_icl_nogen_sk011.smt2,unsat,candidate,0,1,unsat,0.270858167,0,0,0,,"unsat
",,"[""target/release/euf-viper"",""fabric-solve"",""--engine"",""quotient-portfolio"",""/Users/airbartek/codex/z3/output/worktrees/viper-fabric-next/benchmarks/smtlib-2025/QF_UF/QF_UF/QG-classification/qg6/iso_icl_nogen_sk011.smt2""]"
406,203,6885,QF_UF/QG-classification/qg6/iso_icl_nogen_sk012.smt2,unsat,candidate,0,0,unsat,0.461635583,0,0,0,,"unsat
",,"[""target/release/euf-viper"",""fabric-solve"",""--engine"",""quotient-portfolio"",""/Users/airbartek/codex/z3/output/worktrees/viper-fabric-next/benchmarks/smtlib-2025/QF_UF/QF_UF/QG-classification/qg6/iso_icl_nogen_sk012.smt2""]"
407,203,6885,QF_UF/QG-classification/qg6/iso_icl_nogen_sk012.smt2,unsat,baseline,0,1,unsat,1.911049000,0,0,0,,"unsat
",,"[""target/release/euf-viper"",""fabric-solve"",""--engine"",""quotient-portfolio"",""/Users/airbartek/codex/z3/output/worktrees/viper-fabric-next/benchmarks/smtlib-2025/QF_UF/QF_UF/QG-classification/qg6/iso_icl_nogen_sk012.smt2""]"
408,204,6886,QF_UF/QG-classification/qg6/iso_icl_nogen_sk013.smt2,unsat,baseline,0,0,unsat,1.402315750,0,0,0,,"unsat
",,"[""target/release/euf-viper"",""fabric-solve"",""--engine"",""quotient-portfolio"",""/Users/airbartek/codex/z3/output/worktrees/viper-fabric-next/benchmarks/smtlib-2025/QF_UF/QF_UF/QG-classification/qg6/iso_icl_nogen_sk013.smt2""]"
409,204,6886,QF_UF/QG-classification/qg6/iso_icl_nogen_sk013.smt2,unsat,candidate,0,1,unsat,0.378109875,0,0,0,,"unsat
",,"[""target/release/euf-viper"",""fabric-solve"",""--engine"",""quotient-portfolio"",""/Users/airbartek/codex/z3/output/worktrees/viper-fabric-next/benchmarks/smtlib-2025/QF_UF/QF_UF/QG-classification/qg6/iso_icl_nogen_sk013.smt2""]"
410,205,6887,QF_UF/QG-classification/qg6/iso_icl_repgen001.smt2,unsat,candidate,0,0,unsat,0.622313875,0,0,0,,"unsat
",,"[""target/release/euf-viper"",""fabric-solve"",""--engine"",""quotient-portfolio"",""/Users/airbartek/codex/z3/output/worktrees/viper-fabric-next/benchmarks/smtlib-2025/QF_UF/QF_UF/QG-classification/qg6/iso_icl_repgen001.smt2""]"
411,205,6887,QF_UF/QG-classification/qg6/iso_icl_repgen001.smt2,unsat,baseline,0,1,timeout,2.003741833,124,-9,1,timeout,,,"[""target/release/euf-viper"",""fabric-solve"",""--engine"",""quotient-portfolio"",""/Users/airbartek/codex/z3/output/worktrees/viper-fabric-next/benchmarks/smtlib-2025/QF_UF/QF_UF/QG-classification/qg6/iso_icl_repgen001.smt2""]"
412,206,6888,QF_UF/QG-classification/qg6/iso_icl_repgen002.smt2,unsat,baseline,0,0,unsat,1.912380083,0,0,0,,"unsat
",,"[""target/release/euf-viper"",""fabric-solve"",""--engine"",""quotient-portfolio"",""/Users/airbartek/codex/z3/output/worktrees/viper-fabric-next/benchmarks/smtlib-2025/QF_UF/QF_UF/QG-classification/qg6/iso_icl_repgen002.smt2""]"
413,206,6888,QF_UF/QG-classification/qg6/iso_icl_repgen002.smt2,unsat,candidate,0,1,unsat,0.282884959,0,0,0,,"unsat
",,"[""target/release/euf-viper"",""fabric-solve"",""--engine"",""quotient-portfolio"",""/Users/airbartek/codex/z3/output/worktrees/viper-fabric-next/benchmarks/smtlib-2025/QF_UF/QF_UF/QG-classification/qg6/iso_icl_repgen002.smt2""]"
414,207,6889,QF_UF/QG-classification/qg6/iso_icl_repgen003.smt2,unsat,candidate,0,0,unsat,0.487975125,0,0,0,,"unsat
",,"[""target/release/euf-viper"",""fabric-solve"",""--engine"",""quotient-portfolio"",""/Users/airbartek/codex/z3/output/worktrees/viper-fabric-next/benchmarks/smtlib-2025/QF_UF/QF_UF/QG-classification/qg6/iso_icl_repgen003.smt2""]"
415,207,6889,QF_UF/QG-classification/qg6/iso_icl_repgen003.smt2,unsat,baseline,0,1,timeout,2.003679208,124,-9,1,timeout,,,"[""target/release/euf-viper"",""fabric-solve"",""--engine"",""quotient-portfolio"",""/Users/airbartek/codex/z3/output/worktrees/viper-fabric-next/benchmarks/smtlib-2025/QF_UF/QF_UF/QG-classification/qg6/iso_icl_repgen003.smt2""]"
416,208,6890,QF_UF/QG-classification/qg6/iso_icl_repgen004.smt2,unsat,baseline,0,0,timeout,2.003791834,124,-9,1,timeout,,,"[""target/release/euf-viper"",""fabric-solve"",""--engine"",""quotient-portfolio"",""/Users/airbartek/codex/z3/output/worktrees/viper-fabric-next/benchmarks/smtlib-2025/QF_UF/QF_UF/QG-classification/qg6/iso_icl_repgen004.smt2""]"
417,208,6890,QF_UF/QG-classification/qg6/iso_icl_repgen004.smt2,unsat,candidate,0,1,unsat,0.538678125,0,0,0,,"unsat
",,"[""target/release/euf-viper"",""fabric-solve"",""--engine"",""quotient-portfolio"",""/Users/airbartek/codex/z3/output/worktrees/viper-fabric-next/benchmarks/smtlib-2025/QF_UF/QF_UF/QG-classification/qg6/iso_icl_repgen004.smt2""]"
418,209,6891,QF_UF/QG-classification/qg6/iso_icl_repgen005.smt2,unsat,candidate,0,0,unsat,0.445204292,0,0,0,,"unsat
",,"[""target/release/euf-viper"",""fabric-solve"",""--engine"",""quotient-portfolio"",""/Users/airbartek/codex/z3/output/worktrees/viper-fabric-next/benchmarks/smtlib-2025/QF_UF/QF_UF/QG-classification/qg6/iso_icl_repgen005.smt2""]"
419,209,6891,QF_UF/QG-classification/qg6/iso_icl_repgen005.smt2,unsat,baseline,0,1,timeout,2.003685250,124,-9,1,timeout,,,"[""target/release/euf-viper"",""fabric-solve"",""--engine"",""quotient-portfolio"",""/Users/airbartek/codex/z3/output/worktrees/viper-fabric-next/benchmarks/smtlib-2025/QF_UF/QF_UF/QG-classification/qg6/iso_icl_repgen005.smt2""]"
420,210,6892,QF_UF/QG-classification/qg6/iso_icl_repgen006.smt2,unsat,baseline,0,0,timeout,2.003615250,124,-9,1,timeout,,,"[""target/release/euf-viper"",""fabric-solve"",""--engine"",""quotient-portfolio"",""/Users/airbartek/codex/z3/output/worktrees/viper-fabric-next/benchmarks/smtlib-2025/QF_UF/QF_UF/QG-classification/qg6/iso_icl_repgen006.smt2""]"
421,210,6892,QF_UF/QG-classification/qg6/iso_icl_repgen006.smt2,unsat,candidate,0,1,unsat,0.534186791,0,0,0,,"unsat
",,"[""target/release/euf-viper"",""fabric-solve"",""--engine"",""quotient-portfolio"",""/Users/airbartek/codex/z3/output/worktrees/viper-fabric-next/benchmarks/smtlib-2025/QF_UF/QF_UF/QG-classification/qg6/iso_icl_repgen006.smt2""]"
422,211,6893,QF_UF/QG-classification/qg6/iso_icl_repgen007.smt2,unsat,candidate,0,0,unsat,0.569076958,0,0,0,,"unsat
",,"[""target/release/euf-viper"",""fabric-solve"",""--engine"",""quotient-portfolio"",""/Users/airbartek/codex/z3/output/worktrees/viper-fabric-next/benchmarks/smtlib-2025/QF_UF/QF_UF/QG-classification/qg6/iso_icl_repgen007.smt2""]"
423,211,6893,QF_UF/QG-classification/qg6/iso_icl_repgen007.smt2,unsat,baseline,0,1,timeout,2.003683291,124,-9,1,timeout,,,"[""target/release/euf-viper"",""fabric-solve"",""--engine"",""quotient-portfolio"",""/Users/airbartek/codex/z3/output/worktrees/viper-fabric-next/benchmarks/smtlib-2025/QF_UF/QF_UF/QG-classification/qg6/iso_icl_repgen007.smt2""]"
424,212,6894,QF_UF/QG-classification/qg6/iso_icl_repgen008.smt2,unsat,baseline,0,0,timeout,2.003695417,124,-9,1,timeout,,,"[""target/release/euf-viper"",""fabric-solve"",""--engine"",""quotient-portfolio"",""/Users/airbartek/codex/z3/output/worktrees/viper-fabric-next/benchmarks/smtlib-2025/QF_UF/QF_UF/QG-classification/qg6/iso_icl_repgen008.smt2""]"
425,212,6894,QF_UF/QG-classification/qg6/iso_icl_repgen008.smt2,unsat,candidate,0,1,unsat,0.892287834,0,0,0,,"unsat
",,"[""target/release/euf-viper"",""fabric-solve"",""--engine"",""quotient-portfolio"",""/Users/airbartek/codex/z3/output/worktrees/viper-fabric-next/benchmarks/smtlib-2025/QF_UF/QF_UF/QG-classification/qg6/iso_icl_repgen008.smt2""]"
426,213,6895,QF_UF/QG-classification/qg6/iso_icl_repgen009.smt2,unsat,candidate,0,0,unsat,0.863939334,0,0,0,,"unsat
",,"[""target/release/euf-viper"",""fabric-solve"",""--engine"",""quotient-portfolio"",""/Users/airbartek/codex/z3/output/worktrees/viper-fabric-next/benchmarks/smtlib-2025/QF_UF/QF_UF/QG-classification/qg6/iso_icl_repgen009.smt2""]"
427,213,6895,QF_UF/QG-classification/qg6/iso_icl_repgen009.smt2,unsat,baseline,0,1,timeout,2.003753083,124,-9,1,timeout,,,"[""target/release/euf-viper"",""fabric-solve"",""--engine"",""quotient-portfolio"",""/Users/airbartek/codex/z3/output/worktrees/viper-fabric-next/benchmarks/smtlib-2025/QF_UF/QF_UF/QG-classification/qg6/iso_icl_repgen009.smt2""]"
428,214,6896,QF_UF/QG-classification/qg6/iso_icl_repgen010.smt2,unsat,baseline,0,0,timeout,2.003777584,124,-9,1,timeout,,,"[""target/release/euf-viper"",""fabric-solve"",""--engine"",""quotient-portfolio"",""/Users/airbartek/codex/z3/output/worktrees/viper-fabric-next/benchmarks/smtlib-2025/QF_UF/QF_UF/QG-classification/qg6/iso_icl_repgen010.smt2""]"
429,214,6896,QF_UF/QG-classification/qg6/iso_icl_repgen010.smt2,unsat,candidate,0,1,unsat,0.566694333,0,0,0,,"unsat
",,"[""target/release/euf-viper"",""fabric-solve"",""--engine"",""quotient-portfolio"",""/Users/airbartek/codex/z3/output/worktrees/viper-fabric-next/benchmarks/smtlib-2025/QF_UF/QF_UF/QG-classification/qg6/iso_icl_repgen010.smt2""]"
430,215,6897,QF_UF/QG-classification/qg6/iso_icl_repgen011.smt2,unsat,candidate,0,0,unsat,0.508728833,0,0,0,,"unsat
",,"[""target/release/euf-viper"",""fabric-solve"",""--engine"",""quotient-portfolio"",""/Users/airbartek/codex/z3/output/worktrees/viper-fabric-next/benchmarks/smtlib-2025/QF_UF/QF_UF/QG-classification/qg6/iso_icl_repgen011.smt2""]"
431,215,6897,QF_UF/QG-classification/qg6/iso_icl_repgen011.smt2,unsat,baseline,0,1,timeout,2.003722583,124,-9,1,timeout,,,"[""target/release/euf-viper"",""fabric-solve"",""--engine"",""quotient-portfolio"",""/Users/airbartek/codex/z3/output/worktrees/viper-fabric-next/benchmarks/smtlib-2025/QF_UF/QF_UF/QG-classification/qg6/iso_icl_repgen011.smt2""]"
432,216,6898,QF_UF/QG-classification/qg6/iso_icl_repgen012.smt2,unsat,baseline,0,0,timeout,2.002561458,124,-9,1,timeout,,,"[""target/release/euf-viper"",""fabric-solve"",""--engine"",""quotient-portfolio"",""/Users/airbartek/codex/z3/output/worktrees/viper-fabric-next/benchmarks/smtlib-2025/QF_UF/QF_UF/QG-classification/qg6/iso_icl_repgen012.smt2""]"
433,216,6898,QF_UF/QG-classification/qg6/iso_icl_repgen012.smt2,unsat,candidate,0,1,unsat,0.569725250,0,0,0,,"unsat
",,"[""target/release/euf-viper"",""fabric-solve"",""--engine"",""quotient-portfolio"",""/Users/airbartek/codex/z3/output/worktrees/viper-fabric-next/benchmarks/smtlib-2025/QF_UF/QF_UF/QG-classification/qg6/iso_icl_repgen012.smt2""]"
434,217,6899,QF_UF/QG-classification/qg6/iso_icl_repgen013.smt2,unsat,candidate,0,0,unsat,0.854297875,0,0,0,,"unsat
",,"[""target/release/euf-viper"",""fabric-solve"",""--engine"",""quotient-portfolio"",""/Users/airbartek/codex/z3/output/worktrees/viper-fabric-next/benchmarks/smtlib-2025/QF_UF/QF_UF/QG-classification/qg6/iso_icl_repgen013.smt2""]"
435,217,6899,QF_UF/QG-classification/qg6/iso_icl_repgen013.smt2,unsat,baseline,0,1,timeout,2.003694125,124,-9,1,timeout,,,"[""target/release/euf-viper"",""fabric-solve"",""--engine"",""quotient-portfolio"",""/Users/airbartek/codex/z3/output/worktrees/viper-fabric-next/benchmarks/smtlib-2025/QF_UF/QF_UF/QG-classification/qg6/iso_icl_repgen013.smt2""]"
436,218,6900,QF_UF/QG-classification/qg6/iso_icl_repgen_sk001.smt2,unsat,baseline,0,0,timeout,2.003639041,124,-9,1,timeout,,,"[""target/release/euf-viper"",""fabric-solve"",""--engine"",""quotient-portfolio"",""/Users/airbartek/codex/z3/output/worktrees/viper-fabric-next/benchmarks/smtlib-2025/QF_UF/QF_UF/QG-classification/qg6/iso_icl_repgen_sk001.smt2""]"
437,218,6900,QF_UF/QG-classification/qg6/iso_icl_repgen_sk001.smt2,unsat,candidate,0,1,unsat,1.443323083,0,0,0,,"unsat
",,"[""target/release/euf-viper"",""fabric-solve"",""--engine"",""quotient-portfolio"",""/Users/airbartek/codex/z3/output/worktrees/viper-fabric-next/benchmarks/smtlib-2025/QF_UF/QF_UF/QG-classification/qg6/iso_icl_repgen_sk001.smt2""]"
438,219,6901,QF_UF/QG-classification/qg6/iso_icl_repgen_sk002.smt2,unsat,candidate,0,0,unsat,0.243248667,0,0,0,,"unsat
",,"[""target/release/euf-viper"",""fabric-solve"",""--engine"",""quotient-portfolio"",""/Users/airbartek/codex/z3/output/worktrees/viper-fabric-next/benchmarks/smtlib-2025/QF_UF/QF_UF/QG-classification/qg6/iso_icl_repgen_sk002.smt2""]"
439,219,6901,QF_UF/QG-classification/qg6/iso_icl_repgen_sk002.smt2,unsat,baseline,0,1,unsat,1.356366916,0,0,0,,"unsat
",,"[""target/release/euf-viper"",""fabric-solve"",""--engine"",""quotient-portfolio"",""/Users/airbartek/codex/z3/output/worktrees/viper-fabric-next/benchmarks/smtlib-2025/QF_UF/QF_UF/QG-classification/qg6/iso_icl_repgen_sk002.smt2""]"
440,220,6902,QF_UF/QG-classification/qg6/iso_icl_repgen_sk003.smt2,unsat,baseline,0,0,unsat,1.657820875,0,0,0,,"unsat
",,"[""target/release/euf-viper"",""fabric-solve"",""--engine"",""quotient-portfolio"",""/Users/airbartek/codex/z3/output/worktrees/viper-fabric-next/benchmarks/smtlib-2025/QF_UF/QF_UF/QG-classification/qg6/iso_icl_repgen_sk003.smt2""]"
441,220,6902,QF_UF/QG-classification/qg6/iso_icl_repgen_sk003.smt2,unsat,candidate,0,1,unsat,0.377269125,0,0,0,,"unsat
",,"[""target/release/euf-viper"",""fabric-solve"",""--engine"",""quotient-portfolio"",""/Users/airbartek/codex/z3/output/worktrees/viper-fabric-next/benchmarks/smtlib-2025/QF_UF/QF_UF/QG-classification/qg6/iso_icl_repgen_sk003.smt2""]"
442,221,6903,QF_UF/QG-classification/qg6/iso_icl_repgen_sk004.smt2,unsat,candidate,0,0,unsat,0.436181458,0,0,0,,"unsat
",,"[""target/release/euf-viper"",""fabric-solve"",""--engine"",""quotient-portfolio"",""/Users/airbartek/codex/z3/output/worktrees/viper-fabric-next/benchmarks/smtlib-2025/QF_UF/QF_UF/QG-classification/qg6/iso_icl_repgen_sk004.smt2""]"
443,221,6903,QF_UF/QG-classification/qg6/iso_icl_repgen_sk004.smt2,unsat,baseline,0,1,unsat,1.710379792,0,0,0,,"unsat
",,"[""target/release/euf-viper"",""fabric-solve"",""--engine"",""quotient-portfolio"",""/Users/airbartek/codex/z3/output/worktrees/viper-fabric-next/benchmarks/smtlib-2025/QF_UF/QF_UF/QG-classification/qg6/iso_icl_repgen_sk004.smt2""]"
444,222,6904,QF_UF/QG-classification/qg6/iso_icl_repgen_sk005.smt2,unsat,baseline,0,0,unsat,1.604899250,0,0,0,,"unsat
",,"[""target/release/euf-viper"",""fabric-solve"",""--engine"",""quotient-portfolio"",""/Users/airbartek/codex/z3/output/worktrees/viper-fabric-next/benchmarks/smtlib-2025/QF_UF/QF_UF/QG-classification/qg6/iso_icl_repgen_sk005.smt2""]"
445,222,6904,QF_UF/QG-classification/qg6/iso_icl_repgen_sk005.smt2,unsat,candidate,0,1,unsat,0.395182958,0,0,0,,"unsat
",,"[""target/release/euf-viper"",""fabric-solve"",""--engine"",""quotient-portfolio"",""/Users/airbartek/codex/z3/output/worktrees/viper-fabric-next/benchmarks/smtlib-2025/QF_UF/QF_UF/QG-classification/qg6/iso_icl_repgen_sk005.smt2""]"
446,223,6905,QF_UF/QG-classification/qg6/iso_icl_repgen_sk006.smt2,unsat,candidate,0,0,unsat,0.365056791,0,0,0,,"unsat
",,"[""target/release/euf-viper"",""fabric-solve"",""--engine"",""quotient-portfolio"",""/Users/airbartek/codex/z3/output/worktrees/viper-fabric-next/benchmarks/smtlib-2025/QF_UF/QF_UF/QG-classification/qg6/iso_icl_repgen_sk006.smt2""]"
447,223,6905,QF_UF/QG-classification/qg6/iso_icl_repgen_sk006.smt2,unsat,baseline,0,1,unsat,1.650153500,0,0,0,,"unsat
",,"[""target/release/euf-viper"",""fabric-solve"",""--engine"",""quotient-portfolio"",""/Users/airbartek/codex/z3/output/worktrees/viper-fabric-next/benchmarks/smtlib-2025/QF_UF/QF_UF/QG-classification/qg6/iso_icl_repgen_sk006.smt2""]"
448,224,6906,QF_UF/QG-classification/qg6/iso_icl_repgen_sk007.smt2,unsat,baseline,0,0,unsat,1.806948584,0,0,0,,"unsat
",,"[""target/release/euf-viper"",""fabric-solve"",""--engine"",""quotient-portfolio"",""/Users/airbartek/codex/z3/output/worktrees/viper-fabric-next/benchmarks/smtlib-2025/QF_UF/QF_UF/QG-classification/qg6/iso_icl_repgen_sk007.smt2""]"
449,224,6906,QF_UF/QG-classification/qg6/iso_icl_repgen_sk007.smt2,unsat,candidate,0,1,unsat,0.465669875,0,0,0,,"unsat
",,"[""target/release/euf-viper"",""fabric-solve"",""--engine"",""quotient-portfolio"",""/Users/airbartek/codex/z3/output/worktrees/viper-fabric-next/benchmarks/smtlib-2025/QF_UF/QF_UF/QG-classification/qg6/iso_icl_repgen_sk007.smt2""]"
450,225,6907,QF_UF/QG-classification/qg6/iso_icl_repgen_sk008.smt2,unsat,candidate,0,0,unsat,1.223982750,0,0,0,,"unsat
",,"[""target/release/euf-viper"",""fabric-solve"",""--engine"",""quotient-portfolio"",""/Users/airbartek/codex/z3/output/worktrees/viper-fabric-next/benchmarks/smtlib-2025/QF_UF/QF_UF/QG-classification/qg6/iso_icl_repgen_sk008.smt2""]"
451,225,6907,QF_UF/QG-classification/qg6/iso_icl_repgen_sk008.smt2,unsat,baseline,0,1,timeout,2.003718750,124,-9,1,timeout,,,"[""target/release/euf-viper"",""fabric-solve"",""--engine"",""quotient-portfolio"",""/Users/airbartek/codex/z3/output/worktrees/viper-fabric-next/benchmarks/smtlib-2025/QF_UF/QF_UF/QG-classification/qg6/iso_icl_repgen_sk008.smt2""]"
452,226,6908,QF_UF/QG-classification/qg6/iso_icl_repgen_sk009.smt2,unsat,baseline,0,0,unsat,1.979139042,0,0,0,,"unsat
",,"[""target/release/euf-viper"",""fabric-solve"",""--engine"",""quotient-portfolio"",""/Users/airbartek/codex/z3/output/worktrees/viper-fabric-next/benchmarks/smtlib-2025/QF_UF/QF_UF/QG-classification/qg6/iso_icl_repgen_sk009.smt2""]"
453,226,6908,QF_UF/QG-classification/qg6/iso_icl_repgen_sk009.smt2,unsat,candidate,0,1,unsat,0.795280500,0,0,0,,"unsat
",,"[""target/release/euf-viper"",""fabric-solve"",""--engine"",""quotient-portfolio"",""/Users/airbartek/codex/z3/output/worktrees/viper-fabric-next/benchmarks/smtlib-2025/QF_UF/QF_UF/QG-classification/qg6/iso_icl_repgen_sk009.smt2""]"
454,227,6909,QF_UF/QG-classification/qg6/iso_icl_repgen_sk010.smt2,unsat,candidate,0,0,unsat,0.416370875,0,0,0,,"unsat
",,"[""target/release/euf-viper"",""fabric-solve"",""--engine"",""quotient-portfolio"",""/Users/airbartek/codex/z3/output/worktrees/viper-fabric-next/benchmarks/smtlib-2025/QF_UF/QF_UF/QG-classification/qg6/iso_icl_repgen_sk010.smt2""]"
455,227,6909,QF_UF/QG-classification/qg6/iso_icl_repgen_sk010.smt2,unsat,baseline,0,1,unsat,1.694274250,0,0,0,,"unsat
",,"[""target/release/euf-viper"",""fabric-solve"",""--engine"",""quotient-portfolio"",""/Users/airbartek/codex/z3/output/worktrees/viper-fabric-next/benchmarks/smtlib-2025/QF_UF/QF_UF/QG-classification/qg6/iso_icl_repgen_sk010.smt2""]"
456,228,6910,QF_UF/QG-classification/qg6/iso_icl_repgen_sk011.smt2,unsat,baseline,0,0,unsat,1.496464500,0,0,0,,"unsat
",,"[""target/release/euf-viper"",""fabric-solve"",""--engine"",""quotient-portfolio"",""/Users/airbartek/codex/z3/output/worktrees/viper-fabric-next/benchmarks/smtlib-2025/QF_UF/QF_UF/QG-classification/qg6/iso_icl_repgen_sk011.smt2""]"
457,228,6910,QF_UF/QG-classification/qg6/iso_icl_repgen_sk011.smt2,unsat,candidate,0,1,unsat,0.389746875,0,0,0,,"unsat
",,"[""target/release/euf-viper"",""fabric-solve"",""--engine"",""quotient-portfolio"",""/Users/airbartek/codex/z3/output/worktrees/viper-fabric-next/benchmarks/smtlib-2025/QF_UF/QF_UF/QG-classification/qg6/iso_icl_repgen_sk011.smt2""]"
458,229,6911,QF_UF/QG-classification/qg6/iso_icl_repgen_sk012.smt2,unsat,candidate,0,0,unsat,0.891699208,0,0,0,,"unsat
",,"[""target/release/euf-viper"",""fabric-solve"",""--engine"",""quotient-portfolio"",""/Users/airbartek/codex/z3/output/worktrees/viper-fabric-next/benchmarks/smtlib-2025/QF_UF/QF_UF/QG-classification/qg6/iso_icl_repgen_sk012.smt2""]"
459,229,6911,QF_UF/QG-classification/qg6/iso_icl_repgen_sk012.smt2,unsat,baseline,0,1,timeout,2.003648458,124,-9,1,timeout,,,"[""target/release/euf-viper"",""fabric-solve"",""--engine"",""quotient-portfolio"",""/Users/airbartek/codex/z3/output/worktrees/viper-fabric-next/benchmarks/smtlib-2025/QF_UF/QF_UF/QG-classification/qg6/iso_icl_repgen_sk012.smt2""]"
460,230,6912,QF_UF/QG-classification/qg6/iso_icl_repgen_sk013.smt2,unsat,baseline,0,0,unsat,1.990770666,0,0,0,,"unsat
",,"[""target/release/euf-viper"",""fabric-solve"",""--engine"",""quotient-portfolio"",""/Users/airbartek/codex/z3/output/worktrees/viper-fabric-next/benchmarks/smtlib-2025/QF_UF/QF_UF/QG-classification/qg6/iso_icl_repgen_sk013.smt2""]"
461,230,6912,QF_UF/QG-classification/qg6/iso_icl_repgen_sk013.smt2,unsat,candidate,0,1,unsat,0.686141084,0,0,0,,"unsat
",,"[""target/release/euf-viper"",""fabric-solve"",""--engine"",""quotient-portfolio"",""/Users/airbartek/codex/z3/output/worktrees/viper-fabric-next/benchmarks/smtlib-2025/QF_UF/QF_UF/QG-classification/qg6/iso_icl_repgen_sk013.smt2""]"
462,231,6913,QF_UF/QG-classification/qg6/iso_icl_sk001.smt2,unsat,candidate,0,0,unsat,0.010606042,0,0,0,,"unsat
",,"[""target/release/euf-viper"",""fabric-solve"",""--engine"",""quotient-portfolio"",""/Users/airbartek/codex/z3/output/worktrees/viper-fabric-next/benchmarks/smtlib-2025/QF_UF/QF_UF/QG-classification/qg6/iso_icl_sk001.smt2""]"
463,231,6913,QF_UF/QG-classification/qg6/iso_icl_sk001.smt2,unsat,baseline,0,1,unsat,0.028218833,0,0,0,,"unsat
",,"[""target/release/euf-viper"",""fabric-solve"",""--engine"",""quotient-portfolio"",""/Users/airbartek/codex/z3/output/worktrees/viper-fabric-next/benchmarks/smtlib-2025/QF_UF/QF_UF/QG-classification/qg6/iso_icl_sk001.smt2""]"
464,232,6914,QF_UF/QG-classification/qg6/iso_icl_sk002.smt2,unsat,baseline,0,0,unsat,0.026058917,0,0,0,,"unsat
",,"[""target/release/euf-viper"",""fabric-solve"",""--engine"",""quotient-portfolio"",""/Users/airbartek/codex/z3/output/worktrees/viper-fabric-next/benchmarks/smtlib-2025/QF_UF/QF_UF/QG-classification/qg6/iso_icl_sk002.smt2""]"
465,232,6914,QF_UF/QG-classification/qg6/iso_icl_sk002.smt2,unsat,candidate,0,1,unsat,0.009103458,0,0,0,,"unsat
",,"[""target/release/euf-viper"",""fabric-solve"",""--engine"",""quotient-portfolio"",""/Users/airbartek/codex/z3/output/worktrees/viper-fabric-next/benchmarks/smtlib-2025/QF_UF/QF_UF/QG-classification/qg6/iso_icl_sk002.smt2""]"
466,233,6915,QF_UF/QG-classification/qg6/iso_icl_sk003.smt2,unsat,candidate,0,0,unsat,0.011471625,0,0,0,,"unsat
",,"[""target/release/euf-viper"",""fabric-solve"",""--engine"",""quotient-portfolio"",""/Users/airbartek/codex/z3/output/worktrees/viper-fabric-next/benchmarks/smtlib-2025/QF_UF/QF_UF/QG-classification/qg6/iso_icl_sk003.smt2""]"
467,233,6915,QF_UF/QG-classification/qg6/iso_icl_sk003.smt2,unsat,baseline,0,1,unsat,0.029476792,0,0,0,,"unsat
",,"[""target/release/euf-viper"",""fabric-solve"",""--engine"",""quotient-portfolio"",""/Users/airbartek/codex/z3/output/worktrees/viper-fabric-next/benchmarks/smtlib-2025/QF_UF/QF_UF/QG-classification/qg6/iso_icl_sk003.smt2""]"
468,234,6916,QF_UF/QG-classification/qg6/iso_icl_sk004.smt2,unsat,baseline,0,0,unsat,0.028865500,0,0,0,,"unsat
",,"[""target/release/euf-viper"",""fabric-solve"",""--engine"",""quotient-portfolio"",""/Users/airbartek/codex/z3/output/worktrees/viper-fabric-next/benchmarks/smtlib-2025/QF_UF/QF_UF/QG-classification/qg6/iso_icl_sk004.smt2""]"
469,234,6916,QF_UF/QG-classification/qg6/iso_icl_sk004.smt2,unsat,candidate,0,1,unsat,0.009935292,0,0,0,,"unsat
",,"[""target/release/euf-viper"",""fabric-solve"",""--engine"",""quotient-portfolio"",""/Users/airbartek/codex/z3/output/worktrees/viper-fabric-next/benchmarks/smtlib-2025/QF_UF/QF_UF/QG-classification/qg6/iso_icl_sk004.smt2""]"
470,235,6917,QF_UF/QG-classification/qg6/iso_icl_sk005.smt2,unsat,candidate,0,0,unsat,0.010296667,0,0,0,,"unsat
",,"[""target/release/euf-viper"",""fabric-solve"",""--engine"",""quotient-portfolio"",""/Users/airbartek/codex/z3/output/worktrees/viper-fabric-next/benchmarks/smtlib-2025/QF_UF/QF_UF/QG-classification/qg6/iso_icl_sk005.smt2""]"
471,235,6917,QF_UF/QG-classification/qg6/iso_icl_sk005.smt2,unsat,baseline,0,1,unsat,0.029695083,0,0,0,,"unsat
",,"[""target/release/euf-viper"",""fabric-solve"",""--engine"",""quotient-portfolio"",""/Users/airbartek/codex/z3/output/worktrees/viper-fabric-next/benchmarks/smtlib-2025/QF_UF/QF_UF/QG-classification/qg6/iso_icl_sk005.smt2""]"
472,236,6918,QF_UF/QG-classification/qg6/iso_icl_sk006.smt2,unsat,baseline,0,0,unsat,0.031995500,0,0,0,,"unsat
",,"[""target/release/euf-viper"",""fabric-solve"",""--engine"",""quotient-portfolio"",""/Users/airbartek/codex/z3/output/worktrees/viper-fabric-next/benchmarks/smtlib-2025/QF_UF/QF_UF/QG-classification/qg6/iso_icl_sk006.smt2""]"
473,236,6918,QF_UF/QG-classification/qg6/iso_icl_sk006.smt2,unsat,candidate,0,1,unsat,0.011628417,0,0,0,,"unsat
",,"[""target/release/euf-viper"",""fabric-solve"",""--engine"",""quotient-portfolio"",""/Users/airbartek/codex/z3/output/worktrees/viper-fabric-next/benchmarks/smtlib-2025/QF_UF/QF_UF/QG-classification/qg6/iso_icl_sk006.smt2""]"
474,237,6919,QF_UF/QG-classification/qg6/iso_icl_sk007.smt2,unsat,candidate,0,0,unsat,0.013485959,0,0,0,,"unsat
",,"[""target/release/euf-viper"",""fabric-solve"",""--engine"",""quotient-portfolio"",""/Users/airbartek/codex/z3/output/worktrees/viper-fabric-next/benchmarks/smtlib-2025/QF_UF/QF_UF/QG-classification/qg6/iso_icl_sk007.smt2""]"
475,237,6919,QF_UF/QG-classification/qg6/iso_icl_sk007.smt2,unsat,baseline,0,1,unsat,0.032341792,0,0,0,,"unsat
",,"[""target/release/euf-viper"",""fabric-solve"",""--engine"",""quotient-portfolio"",""/Users/airbartek/codex/z3/output/worktrees/viper-fabric-next/benchmarks/smtlib-2025/QF_UF/QF_UF/QG-classification/qg6/iso_icl_sk007.smt2""]"
476,238,6920,QF_UF/QG-classification/qg6/iso_icl_sk008.smt2,unsat,baseline,0,0,unsat,0.030148916,0,0,0,,"unsat
",,"[""target/release/euf-viper"",""fabric-solve"",""--engine"",""quotient-portfolio"",""/Users/airbartek/codex/z3/output/worktrees/viper-fabric-next/benchmarks/smtlib-2025/QF_UF/QF_UF/QG-classification/qg6/iso_icl_sk008.smt2""]"
477,238,6920,QF_UF/QG-classification/qg6/iso_icl_sk008.smt2,unsat,candidate,0,1,unsat,0.011924125,0,0,0,,"unsat
",,"[""target/release/euf-viper"",""fabric-solve"",""--engine"",""quotient-portfolio"",""/Users/airbartek/codex/z3/output/worktrees/viper-fabric-next/benchmarks/smtlib-2025/QF_UF/QF_UF/QG-classification/qg6/iso_icl_sk008.smt2""]"
478,239,6921,QF_UF/QG-classification/qg6/iso_icl_sk009.smt2,unsat,candidate,0,0,unsat,0.011281792,0,0,0,,"unsat
",,"[""target/release/euf-viper"",""fabric-solve"",""--engine"",""quotient-portfolio"",""/Users/airbartek/codex/z3/output/worktrees/viper-fabric-next/benchmarks/smtlib-2025/QF_UF/QF_UF/QG-classification/qg6/iso_icl_sk009.smt2""]"
479,239,6921,QF_UF/QG-classification/qg6/iso_icl_sk009.smt2,unsat,baseline,0,1,unsat,0.030459125,0,0,0,,"unsat
",,"[""target/release/euf-viper"",""fabric-solve"",""--engine"",""quotient-portfolio"",""/Users/airbartek/codex/z3/output/worktrees/viper-fabric-next/benchmarks/smtlib-2025/QF_UF/QF_UF/QG-classification/qg6/iso_icl_sk009.smt2""]"
480,240,6922,QF_UF/QG-classification/qg6/iso_icl_sk010.smt2,unsat,baseline,0,0,unsat,0.028998958,0,0,0,,"unsat
",,"[""target/release/euf-viper"",""fabric-solve"",""--engine"",""quotient-portfolio"",""/Users/airbartek/codex/z3/output/worktrees/viper-fabric-next/benchmarks/smtlib-2025/QF_UF/QF_UF/QG-classification/qg6/iso_icl_sk010.smt2""]"
481,240,6922,QF_UF/QG-classification/qg6/iso_icl_sk010.smt2,unsat,candidate,0,1,unsat,0.009887083,0,0,0,,"unsat
",,"[""target/release/euf-viper"",""fabric-solve"",""--engine"",""quotient-portfolio"",""/Users/airbartek/codex/z3/output/worktrees/viper-fabric-next/benchmarks/smtlib-2025/QF_UF/QF_UF/QG-classification/qg6/iso_icl_sk010.smt2""]"
482,241,6923,QF_UF/QG-classification/qg6/iso_icl_sk011.smt2,unsat,candidate,0,0,unsat,0.012893000,0,0,0,,"unsat
",,"[""target/release/euf-viper"",""fabric-solve"",""--engine"",""quotient-portfolio"",""/Users/airbartek/codex/z3/output/worktrees/viper-fabric-next/benchmarks/smtlib-2025/QF_UF/QF_UF/QG-classification/qg6/iso_icl_sk011.smt2""]"
483,241,6923,QF_UF/QG-classification/qg6/iso_icl_sk011.smt2,unsat,baseline,0,1,unsat,0.034915125,0,0,0,,"unsat
",,"[""target/release/euf-viper"",""fabric-solve"",""--engine"",""quotient-portfolio"",""/Users/airbartek/codex/z3/output/worktrees/viper-fabric-next/benchmarks/smtlib-2025/QF_UF/QF_UF/QG-classification/qg6/iso_icl_sk011.smt2""]"
484,242,6924,QF_UF/QG-classification/qg6/iso_icl_sk012.smt2,unsat,baseline,0,0,unsat,0.031133916,0,0,0,,"unsat
",,"[""target/release/euf-viper"",""fabric-solve"",""--engine"",""quotient-portfolio"",""/Users/airbartek/codex/z3/output/worktrees/viper-fabric-next/benchmarks/smtlib-2025/QF_UF/QF_UF/QG-classification/qg6/iso_icl_sk012.smt2""]"
485,242,6924,QF_UF/QG-classification/qg6/iso_icl_sk012.smt2,unsat,candidate,0,1,unsat,0.013640625,0,0,0,,"unsat
",,"[""target/release/euf-viper"",""fabric-solve"",""--engine"",""quotient-portfolio"",""/Users/airbartek/codex/z3/output/worktrees/viper-fabric-next/benchmarks/smtlib-2025/QF_UF/QF_UF/QG-classification/qg6/iso_icl_sk012.smt2""]"
486,243,6925,QF_UF/QG-classification/qg6/iso_icl_sk013.smt2,unsat,candidate,0,0,unsat,0.009931250,0,0,0,,"unsat
",,"[""target/release/euf-viper"",""fabric-solve"",""--engine"",""quotient-portfolio"",""/Users/airbartek/codex/z3/output/worktrees/viper-fabric-next/benchmarks/smtlib-2025/QF_UF/QF_UF/QG-classification/qg6/iso_icl_sk013.smt2""]"
487,243,6925,QF_UF/QG-classification/qg6/iso_icl_sk013.smt2,unsat,baseline,0,1,unsat,0.026871583,0,0,0,,"unsat
",,"[""target/release/euf-viper"",""fabric-solve"",""--engine"",""quotient-portfolio"",""/Users/airbartek/codex/z3/output/worktrees/viper-fabric-next/benchmarks/smtlib-2025/QF_UF/QF_UF/QG-classification/qg6/iso_icl_sk013.smt2""]"
