sequence,row_index,id,relative_path,source_sha256,source_size_bytes,expected_status,schedule_schema_version,schedule_design,schedule_sha256,repeat,schedule_row,complete_block,row_in_block,order_in_repeat,arm_position,label,arm,schedule_order_json,timing_scope,parser_inclusive,result,time_s,exit_code,process_returncode,timed_out,error_kind,error_detail,stdout,stderr,argv_json
0,0,6928,QF_UF/QG-classification/qg7/gensys_brn005.smt2,bb0c8f6ac3c90fd17db9941d0b5301a165bb905d7a98471ae7fd0aed2c49f3af,811349,sat,1,williams_first_order_carryover,6ad653227c3c19559c94ff26e7c6827f5db285b786b909d8b494bd463f6fcf84,0,0,0,0,0,0,baseline,baseline,"[""baseline"",""braid-0"",""braid-10000"",""braid-10"",""braid-1000"",""braid-100""]",parser_inclusive_subprocess_wall_clock,1,sat,0.122451638,0,0,0,,,"sat
",,"[""/net/scratch/hscra/plgrid/plgnasqret/codex-control/projects/euf-viper/runs/20260727T090821Z-braid-qg7-b89c8eb/target/release/euf-viper"",""fabric-solve"",""--engine"",""quotient-portfolio"",""/net/scratch/hscra/plgrid/plgnasqret/codex-control/projects/euf-viper/corpora/9b39c70a794d52277a4e5d83731f0ebc50a2f3b804eb1dfc8cf32766a5ebeadc/smtlib-2025/QF_UF/QF_UF/QG-classification/qg7/gensys_brn005.smt2""]"
1,0,6928,QF_UF/QG-classification/qg7/gensys_brn005.smt2,bb0c8f6ac3c90fd17db9941d0b5301a165bb905d7a98471ae7fd0aed2c49f3af,811349,sat,1,williams_first_order_carryover,6ad653227c3c19559c94ff26e7c6827f5db285b786b909d8b494bd463f6fcf84,0,0,0,0,1,1,braid-0,braid-0,"[""baseline"",""braid-0"",""braid-10000"",""braid-10"",""braid-1000"",""braid-100""]",parser_inclusive_subprocess_wall_clock,1,sat,0.313107181,0,0,0,,,"sat
",,"[""/net/scratch/hscra/plgrid/plgnasqret/codex-control/projects/euf-viper/runs/20260727T090821Z-braid-qg7-b89c8eb/target/release/euf-viper"",""fabric-solve"",""--engine"",""quotient-portfolio"",""/net/scratch/hscra/plgrid/plgnasqret/codex-control/projects/euf-viper/corpora/9b39c70a794d52277a4e5d83731f0ebc50a2f3b804eb1dfc8cf32766a5ebeadc/smtlib-2025/QF_UF/QF_UF/QG-classification/qg7/gensys_brn005.smt2""]"
2,0,6928,QF_UF/QG-classification/qg7/gensys_brn005.smt2,bb0c8f6ac3c90fd17db9941d0b5301a165bb905d7a98471ae7fd0aed2c49f3af,811349,sat,1,williams_first_order_carryover,6ad653227c3c19559c94ff26e7c6827f5db285b786b909d8b494bd463f6fcf84,0,0,0,0,2,2,braid-10000,braid-10000,"[""baseline"",""braid-0"",""braid-10000"",""braid-10"",""braid-1000"",""braid-100""]",parser_inclusive_subprocess_wall_clock,1,sat,0.301462178,0,0,0,,,"sat
",,"[""/net/scratch/hscra/plgrid/plgnasqret/codex-control/projects/euf-viper/runs/20260727T090821Z-braid-qg7-b89c8eb/target/release/euf-viper"",""fabric-solve"",""--engine"",""quotient-portfolio"",""/net/scratch/hscra/plgrid/plgnasqret/codex-control/projects/euf-viper/corpora/9b39c70a794d52277a4e5d83731f0ebc50a2f3b804eb1dfc8cf32766a5ebeadc/smtlib-2025/QF_UF/QF_UF/QG-classification/qg7/gensys_brn005.smt2""]"
3,0,6928,QF_UF/QG-classification/qg7/gensys_brn005.smt2,bb0c8f6ac3c90fd17db9941d0b5301a165bb905d7a98471ae7fd0aed2c49f3af,811349,sat,1,williams_first_order_carryover,6ad653227c3c19559c94ff26e7c6827f5db285b786b909d8b494bd463f6fcf84,0,0,0,0,3,3,braid-10,braid-10,"[""baseline"",""braid-0"",""braid-10000"",""braid-10"",""braid-1000"",""braid-100""]",parser_inclusive_subprocess_wall_clock,1,sat,0.340239721,0,0,0,,,"sat
",,"[""/net/scratch/hscra/plgrid/plgnasqret/codex-control/projects/euf-viper/runs/20260727T090821Z-braid-qg7-b89c8eb/target/release/euf-viper"",""fabric-solve"",""--engine"",""quotient-portfolio"",""/net/scratch/hscra/plgrid/plgnasqret/codex-control/projects/euf-viper/corpora/9b39c70a794d52277a4e5d83731f0ebc50a2f3b804eb1dfc8cf32766a5ebeadc/smtlib-2025/QF_UF/QF_UF/QG-classification/qg7/gensys_brn005.smt2""]"
4,0,6928,QF_UF/QG-classification/qg7/gensys_brn005.smt2,bb0c8f6ac3c90fd17db9941d0b5301a165bb905d7a98471ae7fd0aed2c49f3af,811349,sat,1,williams_first_order_carryover,6ad653227c3c19559c94ff26e7c6827f5db285b786b909d8b494bd463f6fcf84,0,0,0,0,4,4,braid-1000,braid-1000,"[""baseline"",""braid-0"",""braid-10000"",""braid-10"",""braid-1000"",""braid-100""]",parser_inclusive_subprocess_wall_clock,1,sat,0.329642788,0,0,0,,,"sat
",,"[""/net/scratch/hscra/plgrid/plgnasqret/codex-control/projects/euf-viper/runs/20260727T090821Z-braid-qg7-b89c8eb/target/release/euf-viper"",""fabric-solve"",""--engine"",""quotient-portfolio"",""/net/scratch/hscra/plgrid/plgnasqret/codex-control/projects/euf-viper/corpora/9b39c70a794d52277a4e5d83731f0ebc50a2f3b804eb1dfc8cf32766a5ebeadc/smtlib-2025/QF_UF/QF_UF/QG-classification/qg7/gensys_brn005.smt2""]"
5,0,6928,QF_UF/QG-classification/qg7/gensys_brn005.smt2,bb0c8f6ac3c90fd17db9941d0b5301a165bb905d7a98471ae7fd0aed2c49f3af,811349,sat,1,williams_first_order_carryover,6ad653227c3c19559c94ff26e7c6827f5db285b786b909d8b494bd463f6fcf84,0,0,0,0,5,5,braid-100,braid-100,"[""baseline"",""braid-0"",""braid-10000"",""braid-10"",""braid-1000"",""braid-100""]",parser_inclusive_subprocess_wall_clock,1,sat,0.212118163,0,0,0,,,"sat
",,"[""/net/scratch/hscra/plgrid/plgnasqret/codex-control/projects/euf-viper/runs/20260727T090821Z-braid-qg7-b89c8eb/target/release/euf-viper"",""fabric-solve"",""--engine"",""quotient-portfolio"",""/net/scratch/hscra/plgrid/plgnasqret/codex-control/projects/euf-viper/corpora/9b39c70a794d52277a4e5d83731f0ebc50a2f3b804eb1dfc8cf32766a5ebeadc/smtlib-2025/QF_UF/QF_UF/QG-classification/qg7/gensys_brn005.smt2""]"
6,0,6928,QF_UF/QG-classification/qg7/gensys_brn005.smt2,bb0c8f6ac3c90fd17db9941d0b5301a165bb905d7a98471ae7fd0aed2c49f3af,811349,sat,1,williams_first_order_carryover,6ad653227c3c19559c94ff26e7c6827f5db285b786b909d8b494bd463f6fcf84,1,1,0,1,0,0,braid-0,braid-0,"[""braid-0"",""braid-10"",""baseline"",""braid-100"",""braid-10000"",""braid-1000""]",parser_inclusive_subprocess_wall_clock,1,sat,0.219959152,0,0,0,,,"sat
",,"[""/net/scratch/hscra/plgrid/plgnasqret/codex-control/projects/euf-viper/runs/20260727T090821Z-braid-qg7-b89c8eb/target/release/euf-viper"",""fabric-solve"",""--engine"",""quotient-portfolio"",""/net/scratch/hscra/plgrid/plgnasqret/codex-control/projects/euf-viper/corpora/9b39c70a794d52277a4e5d83731f0ebc50a2f3b804eb1dfc8cf32766a5ebeadc/smtlib-2025/QF_UF/QF_UF/QG-classification/qg7/gensys_brn005.smt2""]"
7,0,6928,QF_UF/QG-classification/qg7/gensys_brn005.smt2,bb0c8f6ac3c90fd17db9941d0b5301a165bb905d7a98471ae7fd0aed2c49f3af,811349,sat,1,williams_first_order_carryover,6ad653227c3c19559c94ff26e7c6827f5db285b786b909d8b494bd463f6fcf84,1,1,0,1,1,1,braid-10,braid-10,"[""braid-0"",""braid-10"",""baseline"",""braid-100"",""braid-10000"",""braid-1000""]",parser_inclusive_subprocess_wall_clock,1,sat,0.205788398,0,0,0,,,"sat
",,"[""/net/scratch/hscra/plgrid/plgnasqret/codex-control/projects/euf-viper/runs/20260727T090821Z-braid-qg7-b89c8eb/target/release/euf-viper"",""fabric-solve"",""--engine"",""quotient-portfolio"",""/net/scratch/hscra/plgrid/plgnasqret/codex-control/projects/euf-viper/corpora/9b39c70a794d52277a4e5d83731f0ebc50a2f3b804eb1dfc8cf32766a5ebeadc/smtlib-2025/QF_UF/QF_UF/QG-classification/qg7/gensys_brn005.smt2""]"
8,0,6928,QF_UF/QG-classification/qg7/gensys_brn005.smt2,bb0c8f6ac3c90fd17db9941d0b5301a165bb905d7a98471ae7fd0aed2c49f3af,811349,sat,1,williams_first_order_carryover,6ad653227c3c19559c94ff26e7c6827f5db285b786b909d8b494bd463f6fcf84,1,1,0,1,2,2,baseline,baseline,"[""braid-0"",""braid-10"",""baseline"",""braid-100"",""braid-10000"",""braid-1000""]",parser_inclusive_subprocess_wall_clock,1,sat,0.109899930,0,0,0,,,"sat
",,"[""/net/scratch/hscra/plgrid/plgnasqret/codex-control/projects/euf-viper/runs/20260727T090821Z-braid-qg7-b89c8eb/target/release/euf-viper"",""fabric-solve"",""--engine"",""quotient-portfolio"",""/net/scratch/hscra/plgrid/plgnasqret/codex-control/projects/euf-viper/corpora/9b39c70a794d52277a4e5d83731f0ebc50a2f3b804eb1dfc8cf32766a5ebeadc/smtlib-2025/QF_UF/QF_UF/QG-classification/qg7/gensys_brn005.smt2""]"
9,0,6928,QF_UF/QG-classification/qg7/gensys_brn005.smt2,bb0c8f6ac3c90fd17db9941d0b5301a165bb905d7a98471ae7fd0aed2c49f3af,811349,sat,1,williams_first_order_carryover,6ad653227c3c19559c94ff26e7c6827f5db285b786b909d8b494bd463f6fcf84,1,1,0,1,3,3,braid-100,braid-100,"[""braid-0"",""braid-10"",""baseline"",""braid-100"",""braid-10000"",""braid-1000""]",parser_inclusive_subprocess_wall_clock,1,sat,0.190114686,0,0,0,,,"sat
",,"[""/net/scratch/hscra/plgrid/plgnasqret/codex-control/projects/euf-viper/runs/20260727T090821Z-braid-qg7-b89c8eb/target/release/euf-viper"",""fabric-solve"",""--engine"",""quotient-portfolio"",""/net/scratch/hscra/plgrid/plgnasqret/codex-control/projects/euf-viper/corpora/9b39c70a794d52277a4e5d83731f0ebc50a2f3b804eb1dfc8cf32766a5ebeadc/smtlib-2025/QF_UF/QF_UF/QG-classification/qg7/gensys_brn005.smt2""]"
10,0,6928,QF_UF/QG-classification/qg7/gensys_brn005.smt2,bb0c8f6ac3c90fd17db9941d0b5301a165bb905d7a98471ae7fd0aed2c49f3af,811349,sat,1,williams_first_order_carryover,6ad653227c3c19559c94ff26e7c6827f5db285b786b909d8b494bd463f6fcf84,1,1,0,1,4,4,braid-10000,braid-10000,"[""braid-0"",""braid-10"",""baseline"",""braid-100"",""braid-10000"",""braid-1000""]",parser_inclusive_subprocess_wall_clock,1,sat,0.205189330,0,0,0,,,"sat
",,"[""/net/scratch/hscra/plgrid/plgnasqret/codex-control/projects/euf-viper/runs/20260727T090821Z-braid-qg7-b89c8eb/target/release/euf-viper"",""fabric-solve"",""--engine"",""quotient-portfolio"",""/net/scratch/hscra/plgrid/plgnasqret/codex-control/projects/euf-viper/corpora/9b39c70a794d52277a4e5d83731f0ebc50a2f3b804eb1dfc8cf32766a5ebeadc/smtlib-2025/QF_UF/QF_UF/QG-classification/qg7/gensys_brn005.smt2""]"
11,0,6928,QF_UF/QG-classification/qg7/gensys_brn005.smt2,bb0c8f6ac3c90fd17db9941d0b5301a165bb905d7a98471ae7fd0aed2c49f3af,811349,sat,1,williams_first_order_carryover,6ad653227c3c19559c94ff26e7c6827f5db285b786b909d8b494bd463f6fcf84,1,1,0,1,5,5,braid-1000,braid-1000,"[""braid-0"",""braid-10"",""baseline"",""braid-100"",""braid-10000"",""braid-1000""]",parser_inclusive_subprocess_wall_clock,1,sat,0.185037305,0,0,0,,,"sat
",,"[""/net/scratch/hscra/plgrid/plgnasqret/codex-control/projects/euf-viper/runs/20260727T090821Z-braid-qg7-b89c8eb/target/release/euf-viper"",""fabric-solve"",""--engine"",""quotient-portfolio"",""/net/scratch/hscra/plgrid/plgnasqret/codex-control/projects/euf-viper/corpora/9b39c70a794d52277a4e5d83731f0ebc50a2f3b804eb1dfc8cf32766a5ebeadc/smtlib-2025/QF_UF/QF_UF/QG-classification/qg7/gensys_brn005.smt2""]"
12,0,6928,QF_UF/QG-classification/qg7/gensys_brn005.smt2,bb0c8f6ac3c90fd17db9941d0b5301a165bb905d7a98471ae7fd0aed2c49f3af,811349,sat,1,williams_first_order_carryover,6ad653227c3c19559c94ff26e7c6827f5db285b786b909d8b494bd463f6fcf84,2,2,0,2,0,0,braid-10,braid-10,"[""braid-10"",""braid-100"",""braid-0"",""braid-1000"",""baseline"",""braid-10000""]",parser_inclusive_subprocess_wall_clock,1,sat,0.201430297,0,0,0,,,"sat
",,"[""/net/scratch/hscra/plgrid/plgnasqret/codex-control/projects/euf-viper/runs/20260727T090821Z-braid-qg7-b89c8eb/target/release/euf-viper"",""fabric-solve"",""--engine"",""quotient-portfolio"",""/net/scratch/hscra/plgrid/plgnasqret/codex-control/projects/euf-viper/corpora/9b39c70a794d52277a4e5d83731f0ebc50a2f3b804eb1dfc8cf32766a5ebeadc/smtlib-2025/QF_UF/QF_UF/QG-classification/qg7/gensys_brn005.smt2""]"
13,0,6928,QF_UF/QG-classification/qg7/gensys_brn005.smt2,bb0c8f6ac3c90fd17db9941d0b5301a165bb905d7a98471ae7fd0aed2c49f3af,811349,sat,1,williams_first_order_carryover,6ad653227c3c19559c94ff26e7c6827f5db285b786b909d8b494bd463f6fcf84,2,2,0,2,1,1,braid-100,braid-100,"[""braid-10"",""braid-100"",""braid-0"",""braid-1000"",""baseline"",""braid-10000""]",parser_inclusive_subprocess_wall_clock,1,sat,0.185666882,0,0,0,,,"sat
",,"[""/net/scratch/hscra/plgrid/plgnasqret/codex-control/projects/euf-viper/runs/20260727T090821Z-braid-qg7-b89c8eb/target/release/euf-viper"",""fabric-solve"",""--engine"",""quotient-portfolio"",""/net/scratch/hscra/plgrid/plgnasqret/codex-control/projects/euf-viper/corpora/9b39c70a794d52277a4e5d83731f0ebc50a2f3b804eb1dfc8cf32766a5ebeadc/smtlib-2025/QF_UF/QF_UF/QG-classification/qg7/gensys_brn005.smt2""]"
14,0,6928,QF_UF/QG-classification/qg7/gensys_brn005.smt2,bb0c8f6ac3c90fd17db9941d0b5301a165bb905d7a98471ae7fd0aed2c49f3af,811349,sat,1,williams_first_order_carryover,6ad653227c3c19559c94ff26e7c6827f5db285b786b909d8b494bd463f6fcf84,2,2,0,2,2,2,braid-0,braid-0,"[""braid-10"",""braid-100"",""braid-0"",""braid-1000"",""baseline"",""braid-10000""]",parser_inclusive_subprocess_wall_clock,1,sat,0.212304459,0,0,0,,,"sat
",,"[""/net/scratch/hscra/plgrid/plgnasqret/codex-control/projects/euf-viper/runs/20260727T090821Z-braid-qg7-b89c8eb/target/release/euf-viper"",""fabric-solve"",""--engine"",""quotient-portfolio"",""/net/scratch/hscra/plgrid/plgnasqret/codex-control/projects/euf-viper/corpora/9b39c70a794d52277a4e5d83731f0ebc50a2f3b804eb1dfc8cf32766a5ebeadc/smtlib-2025/QF_UF/QF_UF/QG-classification/qg7/gensys_brn005.smt2""]"
15,0,6928,QF_UF/QG-classification/qg7/gensys_brn005.smt2,bb0c8f6ac3c90fd17db9941d0b5301a165bb905d7a98471ae7fd0aed2c49f3af,811349,sat,1,williams_first_order_carryover,6ad653227c3c19559c94ff26e7c6827f5db285b786b909d8b494bd463f6fcf84,2,2,0,2,3,3,braid-1000,braid-1000,"[""braid-10"",""braid-100"",""braid-0"",""braid-1000"",""baseline"",""braid-10000""]",parser_inclusive_subprocess_wall_clock,1,sat,0.189037330,0,0,0,,,"sat
",,"[""/net/scratch/hscra/plgrid/plgnasqret/codex-control/projects/euf-viper/runs/20260727T090821Z-braid-qg7-b89c8eb/target/release/euf-viper"",""fabric-solve"",""--engine"",""quotient-portfolio"",""/net/scratch/hscra/plgrid/plgnasqret/codex-control/projects/euf-viper/corpora/9b39c70a794d52277a4e5d83731f0ebc50a2f3b804eb1dfc8cf32766a5ebeadc/smtlib-2025/QF_UF/QF_UF/QG-classification/qg7/gensys_brn005.smt2""]"
16,0,6928,QF_UF/QG-classification/qg7/gensys_brn005.smt2,bb0c8f6ac3c90fd17db9941d0b5301a165bb905d7a98471ae7fd0aed2c49f3af,811349,sat,1,williams_first_order_carryover,6ad653227c3c19559c94ff26e7c6827f5db285b786b909d8b494bd463f6fcf84,2,2,0,2,4,4,baseline,baseline,"[""braid-10"",""braid-100"",""braid-0"",""braid-1000"",""baseline"",""braid-10000""]",parser_inclusive_subprocess_wall_clock,1,sat,0.117338069,0,0,0,,,"sat
",,"[""/net/scratch/hscra/plgrid/plgnasqret/codex-control/projects/euf-viper/runs/20260727T090821Z-braid-qg7-b89c8eb/target/release/euf-viper"",""fabric-solve"",""--engine"",""quotient-portfolio"",""/net/scratch/hscra/plgrid/plgnasqret/codex-control/projects/euf-viper/corpora/9b39c70a794d52277a4e5d83731f0ebc50a2f3b804eb1dfc8cf32766a5ebeadc/smtlib-2025/QF_UF/QF_UF/QG-classification/qg7/gensys_brn005.smt2""]"
17,0,6928,QF_UF/QG-classification/qg7/gensys_brn005.smt2,bb0c8f6ac3c90fd17db9941d0b5301a165bb905d7a98471ae7fd0aed2c49f3af,811349,sat,1,williams_first_order_carryover,6ad653227c3c19559c94ff26e7c6827f5db285b786b909d8b494bd463f6fcf84,2,2,0,2,5,5,braid-10000,braid-10000,"[""braid-10"",""braid-100"",""braid-0"",""braid-1000"",""baseline"",""braid-10000""]",parser_inclusive_subprocess_wall_clock,1,sat,0.183778792,0,0,0,,,"sat
",,"[""/net/scratch/hscra/plgrid/plgnasqret/codex-control/projects/euf-viper/runs/20260727T090821Z-braid-qg7-b89c8eb/target/release/euf-viper"",""fabric-solve"",""--engine"",""quotient-portfolio"",""/net/scratch/hscra/plgrid/plgnasqret/codex-control/projects/euf-viper/corpora/9b39c70a794d52277a4e5d83731f0ebc50a2f3b804eb1dfc8cf32766a5ebeadc/smtlib-2025/QF_UF/QF_UF/QG-classification/qg7/gensys_brn005.smt2""]"
18,0,6928,QF_UF/QG-classification/qg7/gensys_brn005.smt2,bb0c8f6ac3c90fd17db9941d0b5301a165bb905d7a98471ae7fd0aed2c49f3af,811349,sat,1,williams_first_order_carryover,6ad653227c3c19559c94ff26e7c6827f5db285b786b909d8b494bd463f6fcf84,3,3,0,3,0,0,braid-100,braid-100,"[""braid-100"",""braid-1000"",""braid-10"",""braid-10000"",""braid-0"",""baseline""]",parser_inclusive_subprocess_wall_clock,1,sat,0.184395729,0,0,0,,,"sat
",,"[""/net/scratch/hscra/plgrid/plgnasqret/codex-control/projects/euf-viper/runs/20260727T090821Z-braid-qg7-b89c8eb/target/release/euf-viper"",""fabric-solve"",""--engine"",""quotient-portfolio"",""/net/scratch/hscra/plgrid/plgnasqret/codex-control/projects/euf-viper/corpora/9b39c70a794d52277a4e5d83731f0ebc50a2f3b804eb1dfc8cf32766a5ebeadc/smtlib-2025/QF_UF/QF_UF/QG-classification/qg7/gensys_brn005.smt2""]"
19,0,6928,QF_UF/QG-classification/qg7/gensys_brn005.smt2,bb0c8f6ac3c90fd17db9941d0b5301a165bb905d7a98471ae7fd0aed2c49f3af,811349,sat,1,williams_first_order_carryover,6ad653227c3c19559c94ff26e7c6827f5db285b786b909d8b494bd463f6fcf84,3,3,0,3,1,1,braid-1000,braid-1000,"[""braid-100"",""braid-1000"",""braid-10"",""braid-10000"",""braid-0"",""baseline""]",parser_inclusive_subprocess_wall_clock,1,sat,0.194250596,0,0,0,,,"sat
",,"[""/net/scratch/hscra/plgrid/plgnasqret/codex-control/projects/euf-viper/runs/20260727T090821Z-braid-qg7-b89c8eb/target/release/euf-viper"",""fabric-solve"",""--engine"",""quotient-portfolio"",""/net/scratch/hscra/plgrid/plgnasqret/codex-control/projects/euf-viper/corpora/9b39c70a794d52277a4e5d83731f0ebc50a2f3b804eb1dfc8cf32766a5ebeadc/smtlib-2025/QF_UF/QF_UF/QG-classification/qg7/gensys_brn005.smt2""]"
20,0,6928,QF_UF/QG-classification/qg7/gensys_brn005.smt2,bb0c8f6ac3c90fd17db9941d0b5301a165bb905d7a98471ae7fd0aed2c49f3af,811349,sat,1,williams_first_order_carryover,6ad653227c3c19559c94ff26e7c6827f5db285b786b909d8b494bd463f6fcf84,3,3,0,3,2,2,braid-10,braid-10,"[""braid-100"",""braid-1000"",""braid-10"",""braid-10000"",""braid-0"",""baseline""]",parser_inclusive_subprocess_wall_clock,1,sat,0.197405804,0,0,0,,,"sat
",,"[""/net/scratch/hscra/plgrid/plgnasqret/codex-control/projects/euf-viper/runs/20260727T090821Z-braid-qg7-b89c8eb/target/release/euf-viper"",""fabric-solve"",""--engine"",""quotient-portfolio"",""/net/scratch/hscra/plgrid/plgnasqret/codex-control/projects/euf-viper/corpora/9b39c70a794d52277a4e5d83731f0ebc50a2f3b804eb1dfc8cf32766a5ebeadc/smtlib-2025/QF_UF/QF_UF/QG-classification/qg7/gensys_brn005.smt2""]"
21,0,6928,QF_UF/QG-classification/qg7/gensys_brn005.smt2,bb0c8f6ac3c90fd17db9941d0b5301a165bb905d7a98471ae7fd0aed2c49f3af,811349,sat,1,williams_first_order_carryover,6ad653227c3c19559c94ff26e7c6827f5db285b786b909d8b494bd463f6fcf84,3,3,0,3,3,3,braid-10000,braid-10000,"[""braid-100"",""braid-1000"",""braid-10"",""braid-10000"",""braid-0"",""baseline""]",parser_inclusive_subprocess_wall_clock,1,sat,0.216659525,0,0,0,,,"sat
",,"[""/net/scratch/hscra/plgrid/plgnasqret/codex-control/projects/euf-viper/runs/20260727T090821Z-braid-qg7-b89c8eb/target/release/euf-viper"",""fabric-solve"",""--engine"",""quotient-portfolio"",""/net/scratch/hscra/plgrid/plgnasqret/codex-control/projects/euf-viper/corpora/9b39c70a794d52277a4e5d83731f0ebc50a2f3b804eb1dfc8cf32766a5ebeadc/smtlib-2025/QF_UF/QF_UF/QG-classification/qg7/gensys_brn005.smt2""]"
22,0,6928,QF_UF/QG-classification/qg7/gensys_brn005.smt2,bb0c8f6ac3c90fd17db9941d0b5301a165bb905d7a98471ae7fd0aed2c49f3af,811349,sat,1,williams_first_order_carryover,6ad653227c3c19559c94ff26e7c6827f5db285b786b909d8b494bd463f6fcf84,3,3,0,3,4,4,braid-0,braid-0,"[""braid-100"",""braid-1000"",""braid-10"",""braid-10000"",""braid-0"",""baseline""]",parser_inclusive_subprocess_wall_clock,1,sat,0.221472638,0,0,0,,,"sat
",,"[""/net/scratch/hscra/plgrid/plgnasqret/codex-control/projects/euf-viper/runs/20260727T090821Z-braid-qg7-b89c8eb/target/release/euf-viper"",""fabric-solve"",""--engine"",""quotient-portfolio"",""/net/scratch/hscra/plgrid/plgnasqret/codex-control/projects/euf-viper/corpora/9b39c70a794d52277a4e5d83731f0ebc50a2f3b804eb1dfc8cf32766a5ebeadc/smtlib-2025/QF_UF/QF_UF/QG-classification/qg7/gensys_brn005.smt2""]"
23,0,6928,QF_UF/QG-classification/qg7/gensys_brn005.smt2,bb0c8f6ac3c90fd17db9941d0b5301a165bb905d7a98471ae7fd0aed2c49f3af,811349,sat,1,williams_first_order_carryover,6ad653227c3c19559c94ff26e7c6827f5db285b786b909d8b494bd463f6fcf84,3,3,0,3,5,5,baseline,baseline,"[""braid-100"",""braid-1000"",""braid-10"",""braid-10000"",""braid-0"",""baseline""]",parser_inclusive_subprocess_wall_clock,1,sat,0.110152429,0,0,0,,,"sat
",,"[""/net/scratch/hscra/plgrid/plgnasqret/codex-control/projects/euf-viper/runs/20260727T090821Z-braid-qg7-b89c8eb/target/release/euf-viper"",""fabric-solve"",""--engine"",""quotient-portfolio"",""/net/scratch/hscra/plgrid/plgnasqret/codex-control/projects/euf-viper/corpora/9b39c70a794d52277a4e5d83731f0ebc50a2f3b804eb1dfc8cf32766a5ebeadc/smtlib-2025/QF_UF/QF_UF/QG-classification/qg7/gensys_brn005.smt2""]"
24,0,6928,QF_UF/QG-classification/qg7/gensys_brn005.smt2,bb0c8f6ac3c90fd17db9941d0b5301a165bb905d7a98471ae7fd0aed2c49f3af,811349,sat,1,williams_first_order_carryover,6ad653227c3c19559c94ff26e7c6827f5db285b786b909d8b494bd463f6fcf84,4,4,0,4,0,0,braid-1000,braid-1000,"[""braid-1000"",""braid-10000"",""braid-100"",""baseline"",""braid-10"",""braid-0""]",parser_inclusive_subprocess_wall_clock,1,sat,0.287636693,0,0,0,,,"sat
",,"[""/net/scratch/hscra/plgrid/plgnasqret/codex-control/projects/euf-viper/runs/20260727T090821Z-braid-qg7-b89c8eb/target/release/euf-viper"",""fabric-solve"",""--engine"",""quotient-portfolio"",""/net/scratch/hscra/plgrid/plgnasqret/codex-control/projects/euf-viper/corpora/9b39c70a794d52277a4e5d83731f0ebc50a2f3b804eb1dfc8cf32766a5ebeadc/smtlib-2025/QF_UF/QF_UF/QG-classification/qg7/gensys_brn005.smt2""]"
25,0,6928,QF_UF/QG-classification/qg7/gensys_brn005.smt2,bb0c8f6ac3c90fd17db9941d0b5301a165bb905d7a98471ae7fd0aed2c49f3af,811349,sat,1,williams_first_order_carryover,6ad653227c3c19559c94ff26e7c6827f5db285b786b909d8b494bd463f6fcf84,4,4,0,4,1,1,braid-10000,braid-10000,"[""braid-1000"",""braid-10000"",""braid-100"",""baseline"",""braid-10"",""braid-0""]",parser_inclusive_subprocess_wall_clock,1,sat,0.331192162,0,0,0,,,"sat
",,"[""/net/scratch/hscra/plgrid/plgnasqret/codex-control/projects/euf-viper/runs/20260727T090821Z-braid-qg7-b89c8eb/target/release/euf-viper"",""fabric-solve"",""--engine"",""quotient-portfolio"",""/net/scratch/hscra/plgrid/plgnasqret/codex-control/projects/euf-viper/corpora/9b39c70a794d52277a4e5d83731f0ebc50a2f3b804eb1dfc8cf32766a5ebeadc/smtlib-2025/QF_UF/QF_UF/QG-classification/qg7/gensys_brn005.smt2""]"
26,0,6928,QF_UF/QG-classification/qg7/gensys_brn005.smt2,bb0c8f6ac3c90fd17db9941d0b5301a165bb905d7a98471ae7fd0aed2c49f3af,811349,sat,1,williams_first_order_carryover,6ad653227c3c19559c94ff26e7c6827f5db285b786b909d8b494bd463f6fcf84,4,4,0,4,2,2,braid-100,braid-100,"[""braid-1000"",""braid-10000"",""braid-100"",""baseline"",""braid-10"",""braid-0""]",parser_inclusive_subprocess_wall_clock,1,sat,0.364477446,0,0,0,,,"sat
",,"[""/net/scratch/hscra/plgrid/plgnasqret/codex-control/projects/euf-viper/runs/20260727T090821Z-braid-qg7-b89c8eb/target/release/euf-viper"",""fabric-solve"",""--engine"",""quotient-portfolio"",""/net/scratch/hscra/plgrid/plgnasqret/codex-control/projects/euf-viper/corpora/9b39c70a794d52277a4e5d83731f0ebc50a2f3b804eb1dfc8cf32766a5ebeadc/smtlib-2025/QF_UF/QF_UF/QG-classification/qg7/gensys_brn005.smt2""]"
27,0,6928,QF_UF/QG-classification/qg7/gensys_brn005.smt2,bb0c8f6ac3c90fd17db9941d0b5301a165bb905d7a98471ae7fd0aed2c49f3af,811349,sat,1,williams_first_order_carryover,6ad653227c3c19559c94ff26e7c6827f5db285b786b909d8b494bd463f6fcf84,4,4,0,4,3,3,baseline,baseline,"[""braid-1000"",""braid-10000"",""braid-100"",""baseline"",""braid-10"",""braid-0""]",parser_inclusive_subprocess_wall_clock,1,sat,0.141336987,0,0,0,,,"sat
",,"[""/net/scratch/hscra/plgrid/plgnasqret/codex-control/projects/euf-viper/runs/20260727T090821Z-braid-qg7-b89c8eb/target/release/euf-viper"",""fabric-solve"",""--engine"",""quotient-portfolio"",""/net/scratch/hscra/plgrid/plgnasqret/codex-control/projects/euf-viper/corpora/9b39c70a794d52277a4e5d83731f0ebc50a2f3b804eb1dfc8cf32766a5ebeadc/smtlib-2025/QF_UF/QF_UF/QG-classification/qg7/gensys_brn005.smt2""]"
28,0,6928,QF_UF/QG-classification/qg7/gensys_brn005.smt2,bb0c8f6ac3c90fd17db9941d0b5301a165bb905d7a98471ae7fd0aed2c49f3af,811349,sat,1,williams_first_order_carryover,6ad653227c3c19559c94ff26e7c6827f5db285b786b909d8b494bd463f6fcf84,4,4,0,4,4,4,braid-10,braid-10,"[""braid-1000"",""braid-10000"",""braid-100"",""baseline"",""braid-10"",""braid-0""]",parser_inclusive_subprocess_wall_clock,1,sat,0.403671738,0,0,0,,,"sat
",,"[""/net/scratch/hscra/plgrid/plgnasqret/codex-control/projects/euf-viper/runs/20260727T090821Z-braid-qg7-b89c8eb/target/release/euf-viper"",""fabric-solve"",""--engine"",""quotient-portfolio"",""/net/scratch/hscra/plgrid/plgnasqret/codex-control/projects/euf-viper/corpora/9b39c70a794d52277a4e5d83731f0ebc50a2f3b804eb1dfc8cf32766a5ebeadc/smtlib-2025/QF_UF/QF_UF/QG-classification/qg7/gensys_brn005.smt2""]"
29,0,6928,QF_UF/QG-classification/qg7/gensys_brn005.smt2,bb0c8f6ac3c90fd17db9941d0b5301a165bb905d7a98471ae7fd0aed2c49f3af,811349,sat,1,williams_first_order_carryover,6ad653227c3c19559c94ff26e7c6827f5db285b786b909d8b494bd463f6fcf84,4,4,0,4,5,5,braid-0,braid-0,"[""braid-1000"",""braid-10000"",""braid-100"",""baseline"",""braid-10"",""braid-0""]",parser_inclusive_subprocess_wall_clock,1,sat,0.389530122,0,0,0,,,"sat
",,"[""/net/scratch/hscra/plgrid/plgnasqret/codex-control/projects/euf-viper/runs/20260727T090821Z-braid-qg7-b89c8eb/target/release/euf-viper"",""fabric-solve"",""--engine"",""quotient-portfolio"",""/net/scratch/hscra/plgrid/plgnasqret/codex-control/projects/euf-viper/corpora/9b39c70a794d52277a4e5d83731f0ebc50a2f3b804eb1dfc8cf32766a5ebeadc/smtlib-2025/QF_UF/QF_UF/QG-classification/qg7/gensys_brn005.smt2""]"
30,0,6928,QF_UF/QG-classification/qg7/gensys_brn005.smt2,bb0c8f6ac3c90fd17db9941d0b5301a165bb905d7a98471ae7fd0aed2c49f3af,811349,sat,1,williams_first_order_carryover,6ad653227c3c19559c94ff26e7c6827f5db285b786b909d8b494bd463f6fcf84,5,5,0,5,0,0,braid-10000,braid-10000,"[""braid-10000"",""baseline"",""braid-1000"",""braid-0"",""braid-100"",""braid-10""]",parser_inclusive_subprocess_wall_clock,1,sat,0.421741556,0,0,0,,,"sat
",,"[""/net/scratch/hscra/plgrid/plgnasqret/codex-control/projects/euf-viper/runs/20260727T090821Z-braid-qg7-b89c8eb/target/release/euf-viper"",""fabric-solve"",""--engine"",""quotient-portfolio"",""/net/scratch/hscra/plgrid/plgnasqret/codex-control/projects/euf-viper/corpora/9b39c70a794d52277a4e5d83731f0ebc50a2f3b804eb1dfc8cf32766a5ebeadc/smtlib-2025/QF_UF/QF_UF/QG-classification/qg7/gensys_brn005.smt2""]"
31,0,6928,QF_UF/QG-classification/qg7/gensys_brn005.smt2,bb0c8f6ac3c90fd17db9941d0b5301a165bb905d7a98471ae7fd0aed2c49f3af,811349,sat,1,williams_first_order_carryover,6ad653227c3c19559c94ff26e7c6827f5db285b786b909d8b494bd463f6fcf84,5,5,0,5,1,1,baseline,baseline,"[""braid-10000"",""baseline"",""braid-1000"",""braid-0"",""braid-100"",""braid-10""]",parser_inclusive_subprocess_wall_clock,1,sat,0.110656798,0,0,0,,,"sat
",,"[""/net/scratch/hscra/plgrid/plgnasqret/codex-control/projects/euf-viper/runs/20260727T090821Z-braid-qg7-b89c8eb/target/release/euf-viper"",""fabric-solve"",""--engine"",""quotient-portfolio"",""/net/scratch/hscra/plgrid/plgnasqret/codex-control/projects/euf-viper/corpora/9b39c70a794d52277a4e5d83731f0ebc50a2f3b804eb1dfc8cf32766a5ebeadc/smtlib-2025/QF_UF/QF_UF/QG-classification/qg7/gensys_brn005.smt2""]"
32,0,6928,QF_UF/QG-classification/qg7/gensys_brn005.smt2,bb0c8f6ac3c90fd17db9941d0b5301a165bb905d7a98471ae7fd0aed2c49f3af,811349,sat,1,williams_first_order_carryover,6ad653227c3c19559c94ff26e7c6827f5db285b786b909d8b494bd463f6fcf84,5,5,0,5,2,2,braid-1000,braid-1000,"[""braid-10000"",""baseline"",""braid-1000"",""braid-0"",""braid-100"",""braid-10""]",parser_inclusive_subprocess_wall_clock,1,sat,0.211393316,0,0,0,,,"sat
",,"[""/net/scratch/hscra/plgrid/plgnasqret/codex-control/projects/euf-viper/runs/20260727T090821Z-braid-qg7-b89c8eb/target/release/euf-viper"",""fabric-solve"",""--engine"",""quotient-portfolio"",""/net/scratch/hscra/plgrid/plgnasqret/codex-control/projects/euf-viper/corpora/9b39c70a794d52277a4e5d83731f0ebc50a2f3b804eb1dfc8cf32766a5ebeadc/smtlib-2025/QF_UF/QF_UF/QG-classification/qg7/gensys_brn005.smt2""]"
33,0,6928,QF_UF/QG-classification/qg7/gensys_brn005.smt2,bb0c8f6ac3c90fd17db9941d0b5301a165bb905d7a98471ae7fd0aed2c49f3af,811349,sat,1,williams_first_order_carryover,6ad653227c3c19559c94ff26e7c6827f5db285b786b909d8b494bd463f6fcf84,5,5,0,5,3,3,braid-0,braid-0,"[""braid-10000"",""baseline"",""braid-1000"",""braid-0"",""braid-100"",""braid-10""]",parser_inclusive_subprocess_wall_clock,1,sat,0.228794443,0,0,0,,,"sat
",,"[""/net/scratch/hscra/plgrid/plgnasqret/codex-control/projects/euf-viper/runs/20260727T090821Z-braid-qg7-b89c8eb/target/release/euf-viper"",""fabric-solve"",""--engine"",""quotient-portfolio"",""/net/scratch/hscra/plgrid/plgnasqret/codex-control/projects/euf-viper/corpora/9b39c70a794d52277a4e5d83731f0ebc50a2f3b804eb1dfc8cf32766a5ebeadc/smtlib-2025/QF_UF/QF_UF/QG-classification/qg7/gensys_brn005.smt2""]"
34,0,6928,QF_UF/QG-classification/qg7/gensys_brn005.smt2,bb0c8f6ac3c90fd17db9941d0b5301a165bb905d7a98471ae7fd0aed2c49f3af,811349,sat,1,williams_first_order_carryover,6ad653227c3c19559c94ff26e7c6827f5db285b786b909d8b494bd463f6fcf84,5,5,0,5,4,4,braid-100,braid-100,"[""braid-10000"",""baseline"",""braid-1000"",""braid-0"",""braid-100"",""braid-10""]",parser_inclusive_subprocess_wall_clock,1,sat,0.271135380,0,0,0,,,"sat
",,"[""/net/scratch/hscra/plgrid/plgnasqret/codex-control/projects/euf-viper/runs/20260727T090821Z-braid-qg7-b89c8eb/target/release/euf-viper"",""fabric-solve"",""--engine"",""quotient-portfolio"",""/net/scratch/hscra/plgrid/plgnasqret/codex-control/projects/euf-viper/corpora/9b39c70a794d52277a4e5d83731f0ebc50a2f3b804eb1dfc8cf32766a5ebeadc/smtlib-2025/QF_UF/QF_UF/QG-classification/qg7/gensys_brn005.smt2""]"
35,0,6928,QF_UF/QG-classification/qg7/gensys_brn005.smt2,bb0c8f6ac3c90fd17db9941d0b5301a165bb905d7a98471ae7fd0aed2c49f3af,811349,sat,1,williams_first_order_carryover,6ad653227c3c19559c94ff26e7c6827f5db285b786b909d8b494bd463f6fcf84,5,5,0,5,5,5,braid-10,braid-10,"[""braid-10000"",""baseline"",""braid-1000"",""braid-0"",""braid-100"",""braid-10""]",parser_inclusive_subprocess_wall_clock,1,sat,0.282036303,0,0,0,,,"sat
",,"[""/net/scratch/hscra/plgrid/plgnasqret/codex-control/projects/euf-viper/runs/20260727T090821Z-braid-qg7-b89c8eb/target/release/euf-viper"",""fabric-solve"",""--engine"",""quotient-portfolio"",""/net/scratch/hscra/plgrid/plgnasqret/codex-control/projects/euf-viper/corpora/9b39c70a794d52277a4e5d83731f0ebc50a2f3b804eb1dfc8cf32766a5ebeadc/smtlib-2025/QF_UF/QF_UF/QG-classification/qg7/gensys_brn005.smt2""]"
36,1,7037,QF_UF/QG-classification/qg7/gensys_icl004.smt2,7136175cd6dd47a322bb329e0dd1e93d109ee2b86400fe48d6ac2211897f2c15,812328,unsat,1,williams_first_order_carryover,6ad653227c3c19559c94ff26e7c6827f5db285b786b909d8b494bd463f6fcf84,0,0,0,0,0,0,baseline,baseline,"[""baseline"",""braid-0"",""braid-10000"",""braid-10"",""braid-1000"",""braid-100""]",parser_inclusive_subprocess_wall_clock,1,timeout,2.006338506,124,-9,1,timeout,exceeded 2 seconds,,,"[""/net/scratch/hscra/plgrid/plgnasqret/codex-control/projects/euf-viper/runs/20260727T090821Z-braid-qg7-b89c8eb/target/release/euf-viper"",""fabric-solve"",""--engine"",""quotient-portfolio"",""/net/scratch/hscra/plgrid/plgnasqret/codex-control/projects/euf-viper/corpora/9b39c70a794d52277a4e5d83731f0ebc50a2f3b804eb1dfc8cf32766a5ebeadc/smtlib-2025/QF_UF/QF_UF/QG-classification/qg7/gensys_icl004.smt2""]"
37,1,7037,QF_UF/QG-classification/qg7/gensys_icl004.smt2,7136175cd6dd47a322bb329e0dd1e93d109ee2b86400fe48d6ac2211897f2c15,812328,unsat,1,williams_first_order_carryover,6ad653227c3c19559c94ff26e7c6827f5db285b786b909d8b494bd463f6fcf84,0,0,0,0,1,1,braid-0,braid-0,"[""baseline"",""braid-0"",""braid-10000"",""braid-10"",""braid-1000"",""braid-100""]",parser_inclusive_subprocess_wall_clock,1,unsat,1.411888990,0,0,0,,,"unsat
",,"[""/net/scratch/hscra/plgrid/plgnasqret/codex-control/projects/euf-viper/runs/20260727T090821Z-braid-qg7-b89c8eb/target/release/euf-viper"",""fabric-solve"",""--engine"",""quotient-portfolio"",""/net/scratch/hscra/plgrid/plgnasqret/codex-control/projects/euf-viper/corpora/9b39c70a794d52277a4e5d83731f0ebc50a2f3b804eb1dfc8cf32766a5ebeadc/smtlib-2025/QF_UF/QF_UF/QG-classification/qg7/gensys_icl004.smt2""]"
38,1,7037,QF_UF/QG-classification/qg7/gensys_icl004.smt2,7136175cd6dd47a322bb329e0dd1e93d109ee2b86400fe48d6ac2211897f2c15,812328,unsat,1,williams_first_order_carryover,6ad653227c3c19559c94ff26e7c6827f5db285b786b909d8b494bd463f6fcf84,0,0,0,0,2,2,braid-10000,braid-10000,"[""baseline"",""braid-0"",""braid-10000"",""braid-10"",""braid-1000"",""braid-100""]",parser_inclusive_subprocess_wall_clock,1,unsat,1.510411932,0,0,0,,,"unsat
",,"[""/net/scratch/hscra/plgrid/plgnasqret/codex-control/projects/euf-viper/runs/20260727T090821Z-braid-qg7-b89c8eb/target/release/euf-viper"",""fabric-solve"",""--engine"",""quotient-portfolio"",""/net/scratch/hscra/plgrid/plgnasqret/codex-control/projects/euf-viper/corpora/9b39c70a794d52277a4e5d83731f0ebc50a2f3b804eb1dfc8cf32766a5ebeadc/smtlib-2025/QF_UF/QF_UF/QG-classification/qg7/gensys_icl004.smt2""]"
39,1,7037,QF_UF/QG-classification/qg7/gensys_icl004.smt2,7136175cd6dd47a322bb329e0dd1e93d109ee2b86400fe48d6ac2211897f2c15,812328,unsat,1,williams_first_order_carryover,6ad653227c3c19559c94ff26e7c6827f5db285b786b909d8b494bd463f6fcf84,0,0,0,0,3,3,braid-10,braid-10,"[""baseline"",""braid-0"",""braid-10000"",""braid-10"",""braid-1000"",""braid-100""]",parser_inclusive_subprocess_wall_clock,1,unsat,1.607443152,0,0,0,,,"unsat
",,"[""/net/scratch/hscra/plgrid/plgnasqret/codex-control/projects/euf-viper/runs/20260727T090821Z-braid-qg7-b89c8eb/target/release/euf-viper"",""fabric-solve"",""--engine"",""quotient-portfolio"",""/net/scratch/hscra/plgrid/plgnasqret/codex-control/projects/euf-viper/corpora/9b39c70a794d52277a4e5d83731f0ebc50a2f3b804eb1dfc8cf32766a5ebeadc/smtlib-2025/QF_UF/QF_UF/QG-classification/qg7/gensys_icl004.smt2""]"
40,1,7037,QF_UF/QG-classification/qg7/gensys_icl004.smt2,7136175cd6dd47a322bb329e0dd1e93d109ee2b86400fe48d6ac2211897f2c15,812328,unsat,1,williams_first_order_carryover,6ad653227c3c19559c94ff26e7c6827f5db285b786b909d8b494bd463f6fcf84,0,0,0,0,4,4,braid-1000,braid-1000,"[""baseline"",""braid-0"",""braid-10000"",""braid-10"",""braid-1000"",""braid-100""]",parser_inclusive_subprocess_wall_clock,1,unsat,1.862148421,0,0,0,,,"unsat
",,"[""/net/scratch/hscra/plgrid/plgnasqret/codex-control/projects/euf-viper/runs/20260727T090821Z-braid-qg7-b89c8eb/target/release/euf-viper"",""fabric-solve"",""--engine"",""quotient-portfolio"",""/net/scratch/hscra/plgrid/plgnasqret/codex-control/projects/euf-viper/corpora/9b39c70a794d52277a4e5d83731f0ebc50a2f3b804eb1dfc8cf32766a5ebeadc/smtlib-2025/QF_UF/QF_UF/QG-classification/qg7/gensys_icl004.smt2""]"
41,1,7037,QF_UF/QG-classification/qg7/gensys_icl004.smt2,7136175cd6dd47a322bb329e0dd1e93d109ee2b86400fe48d6ac2211897f2c15,812328,unsat,1,williams_first_order_carryover,6ad653227c3c19559c94ff26e7c6827f5db285b786b909d8b494bd463f6fcf84,0,0,0,0,5,5,braid-100,braid-100,"[""baseline"",""braid-0"",""braid-10000"",""braid-10"",""braid-1000"",""braid-100""]",parser_inclusive_subprocess_wall_clock,1,unsat,1.651344579,0,0,0,,,"unsat
",,"[""/net/scratch/hscra/plgrid/plgnasqret/codex-control/projects/euf-viper/runs/20260727T090821Z-braid-qg7-b89c8eb/target/release/euf-viper"",""fabric-solve"",""--engine"",""quotient-portfolio"",""/net/scratch/hscra/plgrid/plgnasqret/codex-control/projects/euf-viper/corpora/9b39c70a794d52277a4e5d83731f0ebc50a2f3b804eb1dfc8cf32766a5ebeadc/smtlib-2025/QF_UF/QF_UF/QG-classification/qg7/gensys_icl004.smt2""]"
42,1,7037,QF_UF/QG-classification/qg7/gensys_icl004.smt2,7136175cd6dd47a322bb329e0dd1e93d109ee2b86400fe48d6ac2211897f2c15,812328,unsat,1,williams_first_order_carryover,6ad653227c3c19559c94ff26e7c6827f5db285b786b909d8b494bd463f6fcf84,1,1,0,1,0,0,braid-0,braid-0,"[""braid-0"",""braid-10"",""baseline"",""braid-100"",""braid-10000"",""braid-1000""]",parser_inclusive_subprocess_wall_clock,1,unsat,1.485660934,0,0,0,,,"unsat
",,"[""/net/scratch/hscra/plgrid/plgnasqret/codex-control/projects/euf-viper/runs/20260727T090821Z-braid-qg7-b89c8eb/target/release/euf-viper"",""fabric-solve"",""--engine"",""quotient-portfolio"",""/net/scratch/hscra/plgrid/plgnasqret/codex-control/projects/euf-viper/corpora/9b39c70a794d52277a4e5d83731f0ebc50a2f3b804eb1dfc8cf32766a5ebeadc/smtlib-2025/QF_UF/QF_UF/QG-classification/qg7/gensys_icl004.smt2""]"
43,1,7037,QF_UF/QG-classification/qg7/gensys_icl004.smt2,7136175cd6dd47a322bb329e0dd1e93d109ee2b86400fe48d6ac2211897f2c15,812328,unsat,1,williams_first_order_carryover,6ad653227c3c19559c94ff26e7c6827f5db285b786b909d8b494bd463f6fcf84,1,1,0,1,1,1,braid-10,braid-10,"[""braid-0"",""braid-10"",""baseline"",""braid-100"",""braid-10000"",""braid-1000""]",parser_inclusive_subprocess_wall_clock,1,unsat,1.499336342,0,0,0,,,"unsat
",,"[""/net/scratch/hscra/plgrid/plgnasqret/codex-control/projects/euf-viper/runs/20260727T090821Z-braid-qg7-b89c8eb/target/release/euf-viper"",""fabric-solve"",""--engine"",""quotient-portfolio"",""/net/scratch/hscra/plgrid/plgnasqret/codex-control/projects/euf-viper/corpora/9b39c70a794d52277a4e5d83731f0ebc50a2f3b804eb1dfc8cf32766a5ebeadc/smtlib-2025/QF_UF/QF_UF/QG-classification/qg7/gensys_icl004.smt2""]"
44,1,7037,QF_UF/QG-classification/qg7/gensys_icl004.smt2,7136175cd6dd47a322bb329e0dd1e93d109ee2b86400fe48d6ac2211897f2c15,812328,unsat,1,williams_first_order_carryover,6ad653227c3c19559c94ff26e7c6827f5db285b786b909d8b494bd463f6fcf84,1,1,0,1,2,2,baseline,baseline,"[""braid-0"",""braid-10"",""baseline"",""braid-100"",""braid-10000"",""braid-1000""]",parser_inclusive_subprocess_wall_clock,1,timeout,2.006842084,124,-9,1,timeout,exceeded 2 seconds,,,"[""/net/scratch/hscra/plgrid/plgnasqret/codex-control/projects/euf-viper/runs/20260727T090821Z-braid-qg7-b89c8eb/target/release/euf-viper"",""fabric-solve"",""--engine"",""quotient-portfolio"",""/net/scratch/hscra/plgrid/plgnasqret/codex-control/projects/euf-viper/corpora/9b39c70a794d52277a4e5d83731f0ebc50a2f3b804eb1dfc8cf32766a5ebeadc/smtlib-2025/QF_UF/QF_UF/QG-classification/qg7/gensys_icl004.smt2""]"
45,1,7037,QF_UF/QG-classification/qg7/gensys_icl004.smt2,7136175cd6dd47a322bb329e0dd1e93d109ee2b86400fe48d6ac2211897f2c15,812328,unsat,1,williams_first_order_carryover,6ad653227c3c19559c94ff26e7c6827f5db285b786b909d8b494bd463f6fcf84,1,1,0,1,3,3,braid-100,braid-100,"[""braid-0"",""braid-10"",""baseline"",""braid-100"",""braid-10000"",""braid-1000""]",parser_inclusive_subprocess_wall_clock,1,unsat,1.835134038,0,0,0,,,"unsat
",,"[""/net/scratch/hscra/plgrid/plgnasqret/codex-control/projects/euf-viper/runs/20260727T090821Z-braid-qg7-b89c8eb/target/release/euf-viper"",""fabric-solve"",""--engine"",""quotient-portfolio"",""/net/scratch/hscra/plgrid/plgnasqret/codex-control/projects/euf-viper/corpora/9b39c70a794d52277a4e5d83731f0ebc50a2f3b804eb1dfc8cf32766a5ebeadc/smtlib-2025/QF_UF/QF_UF/QG-classification/qg7/gensys_icl004.smt2""]"
46,1,7037,QF_UF/QG-classification/qg7/gensys_icl004.smt2,7136175cd6dd47a322bb329e0dd1e93d109ee2b86400fe48d6ac2211897f2c15,812328,unsat,1,williams_first_order_carryover,6ad653227c3c19559c94ff26e7c6827f5db285b786b909d8b494bd463f6fcf84,1,1,0,1,4,4,braid-10000,braid-10000,"[""braid-0"",""braid-10"",""baseline"",""braid-100"",""braid-10000"",""braid-1000""]",parser_inclusive_subprocess_wall_clock,1,unsat,1.679774954,0,0,0,,,"unsat
",,"[""/net/scratch/hscra/plgrid/plgnasqret/codex-control/projects/euf-viper/runs/20260727T090821Z-braid-qg7-b89c8eb/target/release/euf-viper"",""fabric-solve"",""--engine"",""quotient-portfolio"",""/net/scratch/hscra/plgrid/plgnasqret/codex-control/projects/euf-viper/corpora/9b39c70a794d52277a4e5d83731f0ebc50a2f3b804eb1dfc8cf32766a5ebeadc/smtlib-2025/QF_UF/QF_UF/QG-classification/qg7/gensys_icl004.smt2""]"
47,1,7037,QF_UF/QG-classification/qg7/gensys_icl004.smt2,7136175cd6dd47a322bb329e0dd1e93d109ee2b86400fe48d6ac2211897f2c15,812328,unsat,1,williams_first_order_carryover,6ad653227c3c19559c94ff26e7c6827f5db285b786b909d8b494bd463f6fcf84,1,1,0,1,5,5,braid-1000,braid-1000,"[""braid-0"",""braid-10"",""baseline"",""braid-100"",""braid-10000"",""braid-1000""]",parser_inclusive_subprocess_wall_clock,1,unsat,1.761469555,0,0,0,,,"unsat
",,"[""/net/scratch/hscra/plgrid/plgnasqret/codex-control/projects/euf-viper/runs/20260727T090821Z-braid-qg7-b89c8eb/target/release/euf-viper"",""fabric-solve"",""--engine"",""quotient-portfolio"",""/net/scratch/hscra/plgrid/plgnasqret/codex-control/projects/euf-viper/corpora/9b39c70a794d52277a4e5d83731f0ebc50a2f3b804eb1dfc8cf32766a5ebeadc/smtlib-2025/QF_UF/QF_UF/QG-classification/qg7/gensys_icl004.smt2""]"
48,1,7037,QF_UF/QG-classification/qg7/gensys_icl004.smt2,7136175cd6dd47a322bb329e0dd1e93d109ee2b86400fe48d6ac2211897f2c15,812328,unsat,1,williams_first_order_carryover,6ad653227c3c19559c94ff26e7c6827f5db285b786b909d8b494bd463f6fcf84,2,2,0,2,0,0,braid-10,braid-10,"[""braid-10"",""braid-100"",""braid-0"",""braid-1000"",""baseline"",""braid-10000""]",parser_inclusive_subprocess_wall_clock,1,unsat,1.493174503,0,0,0,,,"unsat
",,"[""/net/scratch/hscra/plgrid/plgnasqret/codex-control/projects/euf-viper/runs/20260727T090821Z-braid-qg7-b89c8eb/target/release/euf-viper"",""fabric-solve"",""--engine"",""quotient-portfolio"",""/net/scratch/hscra/plgrid/plgnasqret/codex-control/projects/euf-viper/corpora/9b39c70a794d52277a4e5d83731f0ebc50a2f3b804eb1dfc8cf32766a5ebeadc/smtlib-2025/QF_UF/QF_UF/QG-classification/qg7/gensys_icl004.smt2""]"
49,1,7037,QF_UF/QG-classification/qg7/gensys_icl004.smt2,7136175cd6dd47a322bb329e0dd1e93d109ee2b86400fe48d6ac2211897f2c15,812328,unsat,1,williams_first_order_carryover,6ad653227c3c19559c94ff26e7c6827f5db285b786b909d8b494bd463f6fcf84,2,2,0,2,1,1,braid-100,braid-100,"[""braid-10"",""braid-100"",""braid-0"",""braid-1000"",""baseline"",""braid-10000""]",parser_inclusive_subprocess_wall_clock,1,unsat,1.555358485,0,0,0,,,"unsat
",,"[""/net/scratch/hscra/plgrid/plgnasqret/codex-control/projects/euf-viper/runs/20260727T090821Z-braid-qg7-b89c8eb/target/release/euf-viper"",""fabric-solve"",""--engine"",""quotient-portfolio"",""/net/scratch/hscra/plgrid/plgnasqret/codex-control/projects/euf-viper/corpora/9b39c70a794d52277a4e5d83731f0ebc50a2f3b804eb1dfc8cf32766a5ebeadc/smtlib-2025/QF_UF/QF_UF/QG-classification/qg7/gensys_icl004.smt2""]"
50,1,7037,QF_UF/QG-classification/qg7/gensys_icl004.smt2,7136175cd6dd47a322bb329e0dd1e93d109ee2b86400fe48d6ac2211897f2c15,812328,unsat,1,williams_first_order_carryover,6ad653227c3c19559c94ff26e7c6827f5db285b786b909d8b494bd463f6fcf84,2,2,0,2,2,2,braid-0,braid-0,"[""braid-10"",""braid-100"",""braid-0"",""braid-1000"",""baseline"",""braid-10000""]",parser_inclusive_subprocess_wall_clock,1,unsat,1.736016194,0,0,0,,,"unsat
",,"[""/net/scratch/hscra/plgrid/plgnasqret/codex-control/projects/euf-viper/runs/20260727T090821Z-braid-qg7-b89c8eb/target/release/euf-viper"",""fabric-solve"",""--engine"",""quotient-portfolio"",""/net/scratch/hscra/plgrid/plgnasqret/codex-control/projects/euf-viper/corpora/9b39c70a794d52277a4e5d83731f0ebc50a2f3b804eb1dfc8cf32766a5ebeadc/smtlib-2025/QF_UF/QF_UF/QG-classification/qg7/gensys_icl004.smt2""]"
51,1,7037,QF_UF/QG-classification/qg7/gensys_icl004.smt2,7136175cd6dd47a322bb329e0dd1e93d109ee2b86400fe48d6ac2211897f2c15,812328,unsat,1,williams_first_order_carryover,6ad653227c3c19559c94ff26e7c6827f5db285b786b909d8b494bd463f6fcf84,2,2,0,2,3,3,braid-1000,braid-1000,"[""braid-10"",""braid-100"",""braid-0"",""braid-1000"",""baseline"",""braid-10000""]",parser_inclusive_subprocess_wall_clock,1,unsat,1.686082734,0,0,0,,,"unsat
",,"[""/net/scratch/hscra/plgrid/plgnasqret/codex-control/projects/euf-viper/runs/20260727T090821Z-braid-qg7-b89c8eb/target/release/euf-viper"",""fabric-solve"",""--engine"",""quotient-portfolio"",""/net/scratch/hscra/plgrid/plgnasqret/codex-control/projects/euf-viper/corpora/9b39c70a794d52277a4e5d83731f0ebc50a2f3b804eb1dfc8cf32766a5ebeadc/smtlib-2025/QF_UF/QF_UF/QG-classification/qg7/gensys_icl004.smt2""]"
52,1,7037,QF_UF/QG-classification/qg7/gensys_icl004.smt2,7136175cd6dd47a322bb329e0dd1e93d109ee2b86400fe48d6ac2211897f2c15,812328,unsat,1,williams_first_order_carryover,6ad653227c3c19559c94ff26e7c6827f5db285b786b909d8b494bd463f6fcf84,2,2,0,2,4,4,baseline,baseline,"[""braid-10"",""braid-100"",""braid-0"",""braid-1000"",""baseline"",""braid-10000""]",parser_inclusive_subprocess_wall_clock,1,timeout,2.006677773,124,-9,1,timeout,exceeded 2 seconds,,,"[""/net/scratch/hscra/plgrid/plgnasqret/codex-control/projects/euf-viper/runs/20260727T090821Z-braid-qg7-b89c8eb/target/release/euf-viper"",""fabric-solve"",""--engine"",""quotient-portfolio"",""/net/scratch/hscra/plgrid/plgnasqret/codex-control/projects/euf-viper/corpora/9b39c70a794d52277a4e5d83731f0ebc50a2f3b804eb1dfc8cf32766a5ebeadc/smtlib-2025/QF_UF/QF_UF/QG-classification/qg7/gensys_icl004.smt2""]"
53,1,7037,QF_UF/QG-classification/qg7/gensys_icl004.smt2,7136175cd6dd47a322bb329e0dd1e93d109ee2b86400fe48d6ac2211897f2c15,812328,unsat,1,williams_first_order_carryover,6ad653227c3c19559c94ff26e7c6827f5db285b786b909d8b494bd463f6fcf84,2,2,0,2,5,5,braid-10000,braid-10000,"[""braid-10"",""braid-100"",""braid-0"",""braid-1000"",""baseline"",""braid-10000""]",parser_inclusive_subprocess_wall_clock,1,unsat,1.508183043,0,0,0,,,"unsat
",,"[""/net/scratch/hscra/plgrid/plgnasqret/codex-control/projects/euf-viper/runs/20260727T090821Z-braid-qg7-b89c8eb/target/release/euf-viper"",""fabric-solve"",""--engine"",""quotient-portfolio"",""/net/scratch/hscra/plgrid/plgnasqret/codex-control/projects/euf-viper/corpora/9b39c70a794d52277a4e5d83731f0ebc50a2f3b804eb1dfc8cf32766a5ebeadc/smtlib-2025/QF_UF/QF_UF/QG-classification/qg7/gensys_icl004.smt2""]"
54,1,7037,QF_UF/QG-classification/qg7/gensys_icl004.smt2,7136175cd6dd47a322bb329e0dd1e93d109ee2b86400fe48d6ac2211897f2c15,812328,unsat,1,williams_first_order_carryover,6ad653227c3c19559c94ff26e7c6827f5db285b786b909d8b494bd463f6fcf84,3,3,0,3,0,0,braid-100,braid-100,"[""braid-100"",""braid-1000"",""braid-10"",""braid-10000"",""braid-0"",""baseline""]",parser_inclusive_subprocess_wall_clock,1,unsat,1.572430141,0,0,0,,,"unsat
",,"[""/net/scratch/hscra/plgrid/plgnasqret/codex-control/projects/euf-viper/runs/20260727T090821Z-braid-qg7-b89c8eb/target/release/euf-viper"",""fabric-solve"",""--engine"",""quotient-portfolio"",""/net/scratch/hscra/plgrid/plgnasqret/codex-control/projects/euf-viper/corpora/9b39c70a794d52277a4e5d83731f0ebc50a2f3b804eb1dfc8cf32766a5ebeadc/smtlib-2025/QF_UF/QF_UF/QG-classification/qg7/gensys_icl004.smt2""]"
55,1,7037,QF_UF/QG-classification/qg7/gensys_icl004.smt2,7136175cd6dd47a322bb329e0dd1e93d109ee2b86400fe48d6ac2211897f2c15,812328,unsat,1,williams_first_order_carryover,6ad653227c3c19559c94ff26e7c6827f5db285b786b909d8b494bd463f6fcf84,3,3,0,3,1,1,braid-1000,braid-1000,"[""braid-100"",""braid-1000"",""braid-10"",""braid-10000"",""braid-0"",""baseline""]",parser_inclusive_subprocess_wall_clock,1,unsat,1.891724992,0,0,0,,,"unsat
",,"[""/net/scratch/hscra/plgrid/plgnasqret/codex-control/projects/euf-viper/runs/20260727T090821Z-braid-qg7-b89c8eb/target/release/euf-viper"",""fabric-solve"",""--engine"",""quotient-portfolio"",""/net/scratch/hscra/plgrid/plgnasqret/codex-control/projects/euf-viper/corpora/9b39c70a794d52277a4e5d83731f0ebc50a2f3b804eb1dfc8cf32766a5ebeadc/smtlib-2025/QF_UF/QF_UF/QG-classification/qg7/gensys_icl004.smt2""]"
56,1,7037,QF_UF/QG-classification/qg7/gensys_icl004.smt2,7136175cd6dd47a322bb329e0dd1e93d109ee2b86400fe48d6ac2211897f2c15,812328,unsat,1,williams_first_order_carryover,6ad653227c3c19559c94ff26e7c6827f5db285b786b909d8b494bd463f6fcf84,3,3,0,3,2,2,braid-10,braid-10,"[""braid-100"",""braid-1000"",""braid-10"",""braid-10000"",""braid-0"",""baseline""]",parser_inclusive_subprocess_wall_clock,1,unsat,1.584339864,0,0,0,,,"unsat
",,"[""/net/scratch/hscra/plgrid/plgnasqret/codex-control/projects/euf-viper/runs/20260727T090821Z-braid-qg7-b89c8eb/target/release/euf-viper"",""fabric-solve"",""--engine"",""quotient-portfolio"",""/net/scratch/hscra/plgrid/plgnasqret/codex-control/projects/euf-viper/corpora/9b39c70a794d52277a4e5d83731f0ebc50a2f3b804eb1dfc8cf32766a5ebeadc/smtlib-2025/QF_UF/QF_UF/QG-classification/qg7/gensys_icl004.smt2""]"
57,1,7037,QF_UF/QG-classification/qg7/gensys_icl004.smt2,7136175cd6dd47a322bb329e0dd1e93d109ee2b86400fe48d6ac2211897f2c15,812328,unsat,1,williams_first_order_carryover,6ad653227c3c19559c94ff26e7c6827f5db285b786b909d8b494bd463f6fcf84,3,3,0,3,3,3,braid-10000,braid-10000,"[""braid-100"",""braid-1000"",""braid-10"",""braid-10000"",""braid-0"",""baseline""]",parser_inclusive_subprocess_wall_clock,1,unsat,1.595696211,0,0,0,,,"unsat
",,"[""/net/scratch/hscra/plgrid/plgnasqret/codex-control/projects/euf-viper/runs/20260727T090821Z-braid-qg7-b89c8eb/target/release/euf-viper"",""fabric-solve"",""--engine"",""quotient-portfolio"",""/net/scratch/hscra/plgrid/plgnasqret/codex-control/projects/euf-viper/corpora/9b39c70a794d52277a4e5d83731f0ebc50a2f3b804eb1dfc8cf32766a5ebeadc/smtlib-2025/QF_UF/QF_UF/QG-classification/qg7/gensys_icl004.smt2""]"
58,1,7037,QF_UF/QG-classification/qg7/gensys_icl004.smt2,7136175cd6dd47a322bb329e0dd1e93d109ee2b86400fe48d6ac2211897f2c15,812328,unsat,1,williams_first_order_carryover,6ad653227c3c19559c94ff26e7c6827f5db285b786b909d8b494bd463f6fcf84,3,3,0,3,4,4,braid-0,braid-0,"[""braid-100"",""braid-1000"",""braid-10"",""braid-10000"",""braid-0"",""baseline""]",parser_inclusive_subprocess_wall_clock,1,unsat,1.440220585,0,0,0,,,"unsat
",,"[""/net/scratch/hscra/plgrid/plgnasqret/codex-control/projects/euf-viper/runs/20260727T090821Z-braid-qg7-b89c8eb/target/release/euf-viper"",""fabric-solve"",""--engine"",""quotient-portfolio"",""/net/scratch/hscra/plgrid/plgnasqret/codex-control/projects/euf-viper/corpora/9b39c70a794d52277a4e5d83731f0ebc50a2f3b804eb1dfc8cf32766a5ebeadc/smtlib-2025/QF_UF/QF_UF/QG-classification/qg7/gensys_icl004.smt2""]"
59,1,7037,QF_UF/QG-classification/qg7/gensys_icl004.smt2,7136175cd6dd47a322bb329e0dd1e93d109ee2b86400fe48d6ac2211897f2c15,812328,unsat,1,williams_first_order_carryover,6ad653227c3c19559c94ff26e7c6827f5db285b786b909d8b494bd463f6fcf84,3,3,0,3,5,5,baseline,baseline,"[""braid-100"",""braid-1000"",""braid-10"",""braid-10000"",""braid-0"",""baseline""]",parser_inclusive_subprocess_wall_clock,1,timeout,2.007147447,124,-9,1,timeout,exceeded 2 seconds,,,"[""/net/scratch/hscra/plgrid/plgnasqret/codex-control/projects/euf-viper/runs/20260727T090821Z-braid-qg7-b89c8eb/target/release/euf-viper"",""fabric-solve"",""--engine"",""quotient-portfolio"",""/net/scratch/hscra/plgrid/plgnasqret/codex-control/projects/euf-viper/corpora/9b39c70a794d52277a4e5d83731f0ebc50a2f3b804eb1dfc8cf32766a5ebeadc/smtlib-2025/QF_UF/QF_UF/QG-classification/qg7/gensys_icl004.smt2""]"
60,1,7037,QF_UF/QG-classification/qg7/gensys_icl004.smt2,7136175cd6dd47a322bb329e0dd1e93d109ee2b86400fe48d6ac2211897f2c15,812328,unsat,1,williams_first_order_carryover,6ad653227c3c19559c94ff26e7c6827f5db285b786b909d8b494bd463f6fcf84,4,4,0,4,0,0,braid-1000,braid-1000,"[""braid-1000"",""braid-10000"",""braid-100"",""baseline"",""braid-10"",""braid-0""]",parser_inclusive_subprocess_wall_clock,1,unsat,1.892876104,0,0,0,,,"unsat
",,"[""/net/scratch/hscra/plgrid/plgnasqret/codex-control/projects/euf-viper/runs/20260727T090821Z-braid-qg7-b89c8eb/target/release/euf-viper"",""fabric-solve"",""--engine"",""quotient-portfolio"",""/net/scratch/hscra/plgrid/plgnasqret/codex-control/projects/euf-viper/corpora/9b39c70a794d52277a4e5d83731f0ebc50a2f3b804eb1dfc8cf32766a5ebeadc/smtlib-2025/QF_UF/QF_UF/QG-classification/qg7/gensys_icl004.smt2""]"
61,1,7037,QF_UF/QG-classification/qg7/gensys_icl004.smt2,7136175cd6dd47a322bb329e0dd1e93d109ee2b86400fe48d6ac2211897f2c15,812328,unsat,1,williams_first_order_carryover,6ad653227c3c19559c94ff26e7c6827f5db285b786b909d8b494bd463f6fcf84,4,4,0,4,1,1,braid-10000,braid-10000,"[""braid-1000"",""braid-10000"",""braid-100"",""baseline"",""braid-10"",""braid-0""]",parser_inclusive_subprocess_wall_clock,1,unsat,1.609205414,0,0,0,,,"unsat
",,"[""/net/scratch/hscra/plgrid/plgnasqret/codex-control/projects/euf-viper/runs/20260727T090821Z-braid-qg7-b89c8eb/target/release/euf-viper"",""fabric-solve"",""--engine"",""quotient-portfolio"",""/net/scratch/hscra/plgrid/plgnasqret/codex-control/projects/euf-viper/corpora/9b39c70a794d52277a4e5d83731f0ebc50a2f3b804eb1dfc8cf32766a5ebeadc/smtlib-2025/QF_UF/QF_UF/QG-classification/qg7/gensys_icl004.smt2""]"
62,1,7037,QF_UF/QG-classification/qg7/gensys_icl004.smt2,7136175cd6dd47a322bb329e0dd1e93d109ee2b86400fe48d6ac2211897f2c15,812328,unsat,1,williams_first_order_carryover,6ad653227c3c19559c94ff26e7c6827f5db285b786b909d8b494bd463f6fcf84,4,4,0,4,2,2,braid-100,braid-100,"[""braid-1000"",""braid-10000"",""braid-100"",""baseline"",""braid-10"",""braid-0""]",parser_inclusive_subprocess_wall_clock,1,unsat,1.637537592,0,0,0,,,"unsat
",,"[""/net/scratch/hscra/plgrid/plgnasqret/codex-control/projects/euf-viper/runs/20260727T090821Z-braid-qg7-b89c8eb/target/release/euf-viper"",""fabric-solve"",""--engine"",""quotient-portfolio"",""/net/scratch/hscra/plgrid/plgnasqret/codex-control/projects/euf-viper/corpora/9b39c70a794d52277a4e5d83731f0ebc50a2f3b804eb1dfc8cf32766a5ebeadc/smtlib-2025/QF_UF/QF_UF/QG-classification/qg7/gensys_icl004.smt2""]"
63,1,7037,QF_UF/QG-classification/qg7/gensys_icl004.smt2,7136175cd6dd47a322bb329e0dd1e93d109ee2b86400fe48d6ac2211897f2c15,812328,unsat,1,williams_first_order_carryover,6ad653227c3c19559c94ff26e7c6827f5db285b786b909d8b494bd463f6fcf84,4,4,0,4,3,3,baseline,baseline,"[""braid-1000"",""braid-10000"",""braid-100"",""baseline"",""braid-10"",""braid-0""]",parser_inclusive_subprocess_wall_clock,1,timeout,2.006911463,124,-9,1,timeout,exceeded 2 seconds,,,"[""/net/scratch/hscra/plgrid/plgnasqret/codex-control/projects/euf-viper/runs/20260727T090821Z-braid-qg7-b89c8eb/target/release/euf-viper"",""fabric-solve"",""--engine"",""quotient-portfolio"",""/net/scratch/hscra/plgrid/plgnasqret/codex-control/projects/euf-viper/corpora/9b39c70a794d52277a4e5d83731f0ebc50a2f3b804eb1dfc8cf32766a5ebeadc/smtlib-2025/QF_UF/QF_UF/QG-classification/qg7/gensys_icl004.smt2""]"
64,1,7037,QF_UF/QG-classification/qg7/gensys_icl004.smt2,7136175cd6dd47a322bb329e0dd1e93d109ee2b86400fe48d6ac2211897f2c15,812328,unsat,1,williams_first_order_carryover,6ad653227c3c19559c94ff26e7c6827f5db285b786b909d8b494bd463f6fcf84,4,4,0,4,4,4,braid-10,braid-10,"[""braid-1000"",""braid-10000"",""braid-100"",""baseline"",""braid-10"",""braid-0""]",parser_inclusive_subprocess_wall_clock,1,unsat,1.537120880,0,0,0,,,"unsat
",,"[""/net/scratch/hscra/plgrid/plgnasqret/codex-control/projects/euf-viper/runs/20260727T090821Z-braid-qg7-b89c8eb/target/release/euf-viper"",""fabric-solve"",""--engine"",""quotient-portfolio"",""/net/scratch/hscra/plgrid/plgnasqret/codex-control/projects/euf-viper/corpora/9b39c70a794d52277a4e5d83731f0ebc50a2f3b804eb1dfc8cf32766a5ebeadc/smtlib-2025/QF_UF/QF_UF/QG-classification/qg7/gensys_icl004.smt2""]"
65,1,7037,QF_UF/QG-classification/qg7/gensys_icl004.smt2,7136175cd6dd47a322bb329e0dd1e93d109ee2b86400fe48d6ac2211897f2c15,812328,unsat,1,williams_first_order_carryover,6ad653227c3c19559c94ff26e7c6827f5db285b786b909d8b494bd463f6fcf84,4,4,0,4,5,5,braid-0,braid-0,"[""braid-1000"",""braid-10000"",""braid-100"",""baseline"",""braid-10"",""braid-0""]",parser_inclusive_subprocess_wall_clock,1,unsat,1.734187429,0,0,0,,,"unsat
",,"[""/net/scratch/hscra/plgrid/plgnasqret/codex-control/projects/euf-viper/runs/20260727T090821Z-braid-qg7-b89c8eb/target/release/euf-viper"",""fabric-solve"",""--engine"",""quotient-portfolio"",""/net/scratch/hscra/plgrid/plgnasqret/codex-control/projects/euf-viper/corpora/9b39c70a794d52277a4e5d83731f0ebc50a2f3b804eb1dfc8cf32766a5ebeadc/smtlib-2025/QF_UF/QF_UF/QG-classification/qg7/gensys_icl004.smt2""]"
66,1,7037,QF_UF/QG-classification/qg7/gensys_icl004.smt2,7136175cd6dd47a322bb329e0dd1e93d109ee2b86400fe48d6ac2211897f2c15,812328,unsat,1,williams_first_order_carryover,6ad653227c3c19559c94ff26e7c6827f5db285b786b909d8b494bd463f6fcf84,5,5,0,5,0,0,braid-10000,braid-10000,"[""braid-10000"",""baseline"",""braid-1000"",""braid-0"",""braid-100"",""braid-10""]",parser_inclusive_subprocess_wall_clock,1,unsat,1.611884587,0,0,0,,,"unsat
",,"[""/net/scratch/hscra/plgrid/plgnasqret/codex-control/projects/euf-viper/runs/20260727T090821Z-braid-qg7-b89c8eb/target/release/euf-viper"",""fabric-solve"",""--engine"",""quotient-portfolio"",""/net/scratch/hscra/plgrid/plgnasqret/codex-control/projects/euf-viper/corpora/9b39c70a794d52277a4e5d83731f0ebc50a2f3b804eb1dfc8cf32766a5ebeadc/smtlib-2025/QF_UF/QF_UF/QG-classification/qg7/gensys_icl004.smt2""]"
67,1,7037,QF_UF/QG-classification/qg7/gensys_icl004.smt2,7136175cd6dd47a322bb329e0dd1e93d109ee2b86400fe48d6ac2211897f2c15,812328,unsat,1,williams_first_order_carryover,6ad653227c3c19559c94ff26e7c6827f5db285b786b909d8b494bd463f6fcf84,5,5,0,5,1,1,baseline,baseline,"[""braid-10000"",""baseline"",""braid-1000"",""braid-0"",""braid-100"",""braid-10""]",parser_inclusive_subprocess_wall_clock,1,timeout,2.007013655,124,-9,1,timeout,exceeded 2 seconds,,,"[""/net/scratch/hscra/plgrid/plgnasqret/codex-control/projects/euf-viper/runs/20260727T090821Z-braid-qg7-b89c8eb/target/release/euf-viper"",""fabric-solve"",""--engine"",""quotient-portfolio"",""/net/scratch/hscra/plgrid/plgnasqret/codex-control/projects/euf-viper/corpora/9b39c70a794d52277a4e5d83731f0ebc50a2f3b804eb1dfc8cf32766a5ebeadc/smtlib-2025/QF_UF/QF_UF/QG-classification/qg7/gensys_icl004.smt2""]"
68,1,7037,QF_UF/QG-classification/qg7/gensys_icl004.smt2,7136175cd6dd47a322bb329e0dd1e93d109ee2b86400fe48d6ac2211897f2c15,812328,unsat,1,williams_first_order_carryover,6ad653227c3c19559c94ff26e7c6827f5db285b786b909d8b494bd463f6fcf84,5,5,0,5,2,2,braid-1000,braid-1000,"[""braid-10000"",""baseline"",""braid-1000"",""braid-0"",""braid-100"",""braid-10""]",parser_inclusive_subprocess_wall_clock,1,unsat,1.568979221,0,0,0,,,"unsat
",,"[""/net/scratch/hscra/plgrid/plgnasqret/codex-control/projects/euf-viper/runs/20260727T090821Z-braid-qg7-b89c8eb/target/release/euf-viper"",""fabric-solve"",""--engine"",""quotient-portfolio"",""/net/scratch/hscra/plgrid/plgnasqret/codex-control/projects/euf-viper/corpora/9b39c70a794d52277a4e5d83731f0ebc50a2f3b804eb1dfc8cf32766a5ebeadc/smtlib-2025/QF_UF/QF_UF/QG-classification/qg7/gensys_icl004.smt2""]"
69,1,7037,QF_UF/QG-classification/qg7/gensys_icl004.smt2,7136175cd6dd47a322bb329e0dd1e93d109ee2b86400fe48d6ac2211897f2c15,812328,unsat,1,williams_first_order_carryover,6ad653227c3c19559c94ff26e7c6827f5db285b786b909d8b494bd463f6fcf84,5,5,0,5,3,3,braid-0,braid-0,"[""braid-10000"",""baseline"",""braid-1000"",""braid-0"",""braid-100"",""braid-10""]",parser_inclusive_subprocess_wall_clock,1,unsat,1.463593800,0,0,0,,,"unsat
",,"[""/net/scratch/hscra/plgrid/plgnasqret/codex-control/projects/euf-viper/runs/20260727T090821Z-braid-qg7-b89c8eb/target/release/euf-viper"",""fabric-solve"",""--engine"",""quotient-portfolio"",""/net/scratch/hscra/plgrid/plgnasqret/codex-control/projects/euf-viper/corpora/9b39c70a794d52277a4e5d83731f0ebc50a2f3b804eb1dfc8cf32766a5ebeadc/smtlib-2025/QF_UF/QF_UF/QG-classification/qg7/gensys_icl004.smt2""]"
70,1,7037,QF_UF/QG-classification/qg7/gensys_icl004.smt2,7136175cd6dd47a322bb329e0dd1e93d109ee2b86400fe48d6ac2211897f2c15,812328,unsat,1,williams_first_order_carryover,6ad653227c3c19559c94ff26e7c6827f5db285b786b909d8b494bd463f6fcf84,5,5,0,5,4,4,braid-100,braid-100,"[""braid-10000"",""baseline"",""braid-1000"",""braid-0"",""braid-100"",""braid-10""]",parser_inclusive_subprocess_wall_clock,1,unsat,1.809335396,0,0,0,,,"unsat
",,"[""/net/scratch/hscra/plgrid/plgnasqret/codex-control/projects/euf-viper/runs/20260727T090821Z-braid-qg7-b89c8eb/target/release/euf-viper"",""fabric-solve"",""--engine"",""quotient-portfolio"",""/net/scratch/hscra/plgrid/plgnasqret/codex-control/projects/euf-viper/corpora/9b39c70a794d52277a4e5d83731f0ebc50a2f3b804eb1dfc8cf32766a5ebeadc/smtlib-2025/QF_UF/QF_UF/QG-classification/qg7/gensys_icl004.smt2""]"
71,1,7037,QF_UF/QG-classification/qg7/gensys_icl004.smt2,7136175cd6dd47a322bb329e0dd1e93d109ee2b86400fe48d6ac2211897f2c15,812328,unsat,1,williams_first_order_carryover,6ad653227c3c19559c94ff26e7c6827f5db285b786b909d8b494bd463f6fcf84,5,5,0,5,5,5,braid-10,braid-10,"[""braid-10000"",""baseline"",""braid-1000"",""braid-0"",""braid-100"",""braid-10""]",parser_inclusive_subprocess_wall_clock,1,unsat,1.559737436,0,0,0,,,"unsat
",,"[""/net/scratch/hscra/plgrid/plgnasqret/codex-control/projects/euf-viper/runs/20260727T090821Z-braid-qg7-b89c8eb/target/release/euf-viper"",""fabric-solve"",""--engine"",""quotient-portfolio"",""/net/scratch/hscra/plgrid/plgnasqret/codex-control/projects/euf-viper/corpora/9b39c70a794d52277a4e5d83731f0ebc50a2f3b804eb1dfc8cf32766a5ebeadc/smtlib-2025/QF_UF/QF_UF/QG-classification/qg7/gensys_icl004.smt2""]"
72,2,7103,QF_UF/QG-classification/qg7/iso_brn_nogen004.smt2,3e4914effa02b8d689a61bc65e4ea213412bce832414ef17c0bc542f8b51e40b,6012110,sat,1,williams_first_order_carryover,6ad653227c3c19559c94ff26e7c6827f5db285b786b909d8b494bd463f6fcf84,0,0,0,0,0,0,baseline,baseline,"[""baseline"",""braid-0"",""braid-10000"",""braid-10"",""braid-1000"",""braid-100""]",parser_inclusive_subprocess_wall_clock,1,sat,0.326909333,0,0,0,,,"sat
",,"[""/net/scratch/hscra/plgrid/plgnasqret/codex-control/projects/euf-viper/runs/20260727T090821Z-braid-qg7-b89c8eb/target/release/euf-viper"",""fabric-solve"",""--engine"",""quotient-portfolio"",""/net/scratch/hscra/plgrid/plgnasqret/codex-control/projects/euf-viper/corpora/9b39c70a794d52277a4e5d83731f0ebc50a2f3b804eb1dfc8cf32766a5ebeadc/smtlib-2025/QF_UF/QF_UF/QG-classification/qg7/iso_brn_nogen004.smt2""]"
73,2,7103,QF_UF/QG-classification/qg7/iso_brn_nogen004.smt2,3e4914effa02b8d689a61bc65e4ea213412bce832414ef17c0bc542f8b51e40b,6012110,sat,1,williams_first_order_carryover,6ad653227c3c19559c94ff26e7c6827f5db285b786b909d8b494bd463f6fcf84,0,0,0,0,1,1,braid-0,braid-0,"[""baseline"",""braid-0"",""braid-10000"",""braid-10"",""braid-1000"",""braid-100""]",parser_inclusive_subprocess_wall_clock,1,sat,0.328876078,0,0,0,,,"sat
",,"[""/net/scratch/hscra/plgrid/plgnasqret/codex-control/projects/euf-viper/runs/20260727T090821Z-braid-qg7-b89c8eb/target/release/euf-viper"",""fabric-solve"",""--engine"",""quotient-portfolio"",""/net/scratch/hscra/plgrid/plgnasqret/codex-control/projects/euf-viper/corpora/9b39c70a794d52277a4e5d83731f0ebc50a2f3b804eb1dfc8cf32766a5ebeadc/smtlib-2025/QF_UF/QF_UF/QG-classification/qg7/iso_brn_nogen004.smt2""]"
74,2,7103,QF_UF/QG-classification/qg7/iso_brn_nogen004.smt2,3e4914effa02b8d689a61bc65e4ea213412bce832414ef17c0bc542f8b51e40b,6012110,sat,1,williams_first_order_carryover,6ad653227c3c19559c94ff26e7c6827f5db285b786b909d8b494bd463f6fcf84,0,0,0,0,2,2,braid-10000,braid-10000,"[""baseline"",""braid-0"",""braid-10000"",""braid-10"",""braid-1000"",""braid-100""]",parser_inclusive_subprocess_wall_clock,1,sat,0.441880585,0,0,0,,,"sat
",,"[""/net/scratch/hscra/plgrid/plgnasqret/codex-control/projects/euf-viper/runs/20260727T090821Z-braid-qg7-b89c8eb/target/release/euf-viper"",""fabric-solve"",""--engine"",""quotient-portfolio"",""/net/scratch/hscra/plgrid/plgnasqret/codex-control/projects/euf-viper/corpora/9b39c70a794d52277a4e5d83731f0ebc50a2f3b804eb1dfc8cf32766a5ebeadc/smtlib-2025/QF_UF/QF_UF/QG-classification/qg7/iso_brn_nogen004.smt2""]"
75,2,7103,QF_UF/QG-classification/qg7/iso_brn_nogen004.smt2,3e4914effa02b8d689a61bc65e4ea213412bce832414ef17c0bc542f8b51e40b,6012110,sat,1,williams_first_order_carryover,6ad653227c3c19559c94ff26e7c6827f5db285b786b909d8b494bd463f6fcf84,0,0,0,0,3,3,braid-10,braid-10,"[""baseline"",""braid-0"",""braid-10000"",""braid-10"",""braid-1000"",""braid-100""]",parser_inclusive_subprocess_wall_clock,1,sat,0.323396400,0,0,0,,,"sat
",,"[""/net/scratch/hscra/plgrid/plgnasqret/codex-control/projects/euf-viper/runs/20260727T090821Z-braid-qg7-b89c8eb/target/release/euf-viper"",""fabric-solve"",""--engine"",""quotient-portfolio"",""/net/scratch/hscra/plgrid/plgnasqret/codex-control/projects/euf-viper/corpora/9b39c70a794d52277a4e5d83731f0ebc50a2f3b804eb1dfc8cf32766a5ebeadc/smtlib-2025/QF_UF/QF_UF/QG-classification/qg7/iso_brn_nogen004.smt2""]"
76,2,7103,QF_UF/QG-classification/qg7/iso_brn_nogen004.smt2,3e4914effa02b8d689a61bc65e4ea213412bce832414ef17c0bc542f8b51e40b,6012110,sat,1,williams_first_order_carryover,6ad653227c3c19559c94ff26e7c6827f5db285b786b909d8b494bd463f6fcf84,0,0,0,0,4,4,braid-1000,braid-1000,"[""baseline"",""braid-0"",""braid-10000"",""braid-10"",""braid-1000"",""braid-100""]",parser_inclusive_subprocess_wall_clock,1,sat,0.315144362,0,0,0,,,"sat
",,"[""/net/scratch/hscra/plgrid/plgnasqret/codex-control/projects/euf-viper/runs/20260727T090821Z-braid-qg7-b89c8eb/target/release/euf-viper"",""fabric-solve"",""--engine"",""quotient-portfolio"",""/net/scratch/hscra/plgrid/plgnasqret/codex-control/projects/euf-viper/corpora/9b39c70a794d52277a4e5d83731f0ebc50a2f3b804eb1dfc8cf32766a5ebeadc/smtlib-2025/QF_UF/QF_UF/QG-classification/qg7/iso_brn_nogen004.smt2""]"
77,2,7103,QF_UF/QG-classification/qg7/iso_brn_nogen004.smt2,3e4914effa02b8d689a61bc65e4ea213412bce832414ef17c0bc542f8b51e40b,6012110,sat,1,williams_first_order_carryover,6ad653227c3c19559c94ff26e7c6827f5db285b786b909d8b494bd463f6fcf84,0,0,0,0,5,5,braid-100,braid-100,"[""baseline"",""braid-0"",""braid-10000"",""braid-10"",""braid-1000"",""braid-100""]",parser_inclusive_subprocess_wall_clock,1,sat,0.314267774,0,0,0,,,"sat
",,"[""/net/scratch/hscra/plgrid/plgnasqret/codex-control/projects/euf-viper/runs/20260727T090821Z-braid-qg7-b89c8eb/target/release/euf-viper"",""fabric-solve"",""--engine"",""quotient-portfolio"",""/net/scratch/hscra/plgrid/plgnasqret/codex-control/projects/euf-viper/corpora/9b39c70a794d52277a4e5d83731f0ebc50a2f3b804eb1dfc8cf32766a5ebeadc/smtlib-2025/QF_UF/QF_UF/QG-classification/qg7/iso_brn_nogen004.smt2""]"
78,2,7103,QF_UF/QG-classification/qg7/iso_brn_nogen004.smt2,3e4914effa02b8d689a61bc65e4ea213412bce832414ef17c0bc542f8b51e40b,6012110,sat,1,williams_first_order_carryover,6ad653227c3c19559c94ff26e7c6827f5db285b786b909d8b494bd463f6fcf84,1,1,0,1,0,0,braid-0,braid-0,"[""braid-0"",""braid-10"",""baseline"",""braid-100"",""braid-10000"",""braid-1000""]",parser_inclusive_subprocess_wall_clock,1,sat,0.320603096,0,0,0,,,"sat
",,"[""/net/scratch/hscra/plgrid/plgnasqret/codex-control/projects/euf-viper/runs/20260727T090821Z-braid-qg7-b89c8eb/target/release/euf-viper"",""fabric-solve"",""--engine"",""quotient-portfolio"",""/net/scratch/hscra/plgrid/plgnasqret/codex-control/projects/euf-viper/corpora/9b39c70a794d52277a4e5d83731f0ebc50a2f3b804eb1dfc8cf32766a5ebeadc/smtlib-2025/QF_UF/QF_UF/QG-classification/qg7/iso_brn_nogen004.smt2""]"
79,2,7103,QF_UF/QG-classification/qg7/iso_brn_nogen004.smt2,3e4914effa02b8d689a61bc65e4ea213412bce832414ef17c0bc542f8b51e40b,6012110,sat,1,williams_first_order_carryover,6ad653227c3c19559c94ff26e7c6827f5db285b786b909d8b494bd463f6fcf84,1,1,0,1,1,1,braid-10,braid-10,"[""braid-0"",""braid-10"",""baseline"",""braid-100"",""braid-10000"",""braid-1000""]",parser_inclusive_subprocess_wall_clock,1,sat,0.327081816,0,0,0,,,"sat
",,"[""/net/scratch/hscra/plgrid/plgnasqret/codex-control/projects/euf-viper/runs/20260727T090821Z-braid-qg7-b89c8eb/target/release/euf-viper"",""fabric-solve"",""--engine"",""quotient-portfolio"",""/net/scratch/hscra/plgrid/plgnasqret/codex-control/projects/euf-viper/corpora/9b39c70a794d52277a4e5d83731f0ebc50a2f3b804eb1dfc8cf32766a5ebeadc/smtlib-2025/QF_UF/QF_UF/QG-classification/qg7/iso_brn_nogen004.smt2""]"
80,2,7103,QF_UF/QG-classification/qg7/iso_brn_nogen004.smt2,3e4914effa02b8d689a61bc65e4ea213412bce832414ef17c0bc542f8b51e40b,6012110,sat,1,williams_first_order_carryover,6ad653227c3c19559c94ff26e7c6827f5db285b786b909d8b494bd463f6fcf84,1,1,0,1,2,2,baseline,baseline,"[""braid-0"",""braid-10"",""baseline"",""braid-100"",""braid-10000"",""braid-1000""]",parser_inclusive_subprocess_wall_clock,1,sat,0.312540538,0,0,0,,,"sat
",,"[""/net/scratch/hscra/plgrid/plgnasqret/codex-control/projects/euf-viper/runs/20260727T090821Z-braid-qg7-b89c8eb/target/release/euf-viper"",""fabric-solve"",""--engine"",""quotient-portfolio"",""/net/scratch/hscra/plgrid/plgnasqret/codex-control/projects/euf-viper/corpora/9b39c70a794d52277a4e5d83731f0ebc50a2f3b804eb1dfc8cf32766a5ebeadc/smtlib-2025/QF_UF/QF_UF/QG-classification/qg7/iso_brn_nogen004.smt2""]"
81,2,7103,QF_UF/QG-classification/qg7/iso_brn_nogen004.smt2,3e4914effa02b8d689a61bc65e4ea213412bce832414ef17c0bc542f8b51e40b,6012110,sat,1,williams_first_order_carryover,6ad653227c3c19559c94ff26e7c6827f5db285b786b909d8b494bd463f6fcf84,1,1,0,1,3,3,braid-100,braid-100,"[""braid-0"",""braid-10"",""baseline"",""braid-100"",""braid-10000"",""braid-1000""]",parser_inclusive_subprocess_wall_clock,1,sat,0.315038874,0,0,0,,,"sat
",,"[""/net/scratch/hscra/plgrid/plgnasqret/codex-control/projects/euf-viper/runs/20260727T090821Z-braid-qg7-b89c8eb/target/release/euf-viper"",""fabric-solve"",""--engine"",""quotient-portfolio"",""/net/scratch/hscra/plgrid/plgnasqret/codex-control/projects/euf-viper/corpora/9b39c70a794d52277a4e5d83731f0ebc50a2f3b804eb1dfc8cf32766a5ebeadc/smtlib-2025/QF_UF/QF_UF/QG-classification/qg7/iso_brn_nogen004.smt2""]"
82,2,7103,QF_UF/QG-classification/qg7/iso_brn_nogen004.smt2,3e4914effa02b8d689a61bc65e4ea213412bce832414ef17c0bc542f8b51e40b,6012110,sat,1,williams_first_order_carryover,6ad653227c3c19559c94ff26e7c6827f5db285b786b909d8b494bd463f6fcf84,1,1,0,1,4,4,braid-10000,braid-10000,"[""braid-0"",""braid-10"",""baseline"",""braid-100"",""braid-10000"",""braid-1000""]",parser_inclusive_subprocess_wall_clock,1,sat,0.314786355,0,0,0,,,"sat
",,"[""/net/scratch/hscra/plgrid/plgnasqret/codex-control/projects/euf-viper/runs/20260727T090821Z-braid-qg7-b89c8eb/target/release/euf-viper"",""fabric-solve"",""--engine"",""quotient-portfolio"",""/net/scratch/hscra/plgrid/plgnasqret/codex-control/projects/euf-viper/corpora/9b39c70a794d52277a4e5d83731f0ebc50a2f3b804eb1dfc8cf32766a5ebeadc/smtlib-2025/QF_UF/QF_UF/QG-classification/qg7/iso_brn_nogen004.smt2""]"
83,2,7103,QF_UF/QG-classification/qg7/iso_brn_nogen004.smt2,3e4914effa02b8d689a61bc65e4ea213412bce832414ef17c0bc542f8b51e40b,6012110,sat,1,williams_first_order_carryover,6ad653227c3c19559c94ff26e7c6827f5db285b786b909d8b494bd463f6fcf84,1,1,0,1,5,5,braid-1000,braid-1000,"[""braid-0"",""braid-10"",""baseline"",""braid-100"",""braid-10000"",""braid-1000""]",parser_inclusive_subprocess_wall_clock,1,sat,0.314978909,0,0,0,,,"sat
",,"[""/net/scratch/hscra/plgrid/plgnasqret/codex-control/projects/euf-viper/runs/20260727T090821Z-braid-qg7-b89c8eb/target/release/euf-viper"",""fabric-solve"",""--engine"",""quotient-portfolio"",""/net/scratch/hscra/plgrid/plgnasqret/codex-control/projects/euf-viper/corpora/9b39c70a794d52277a4e5d83731f0ebc50a2f3b804eb1dfc8cf32766a5ebeadc/smtlib-2025/QF_UF/QF_UF/QG-classification/qg7/iso_brn_nogen004.smt2""]"
84,2,7103,QF_UF/QG-classification/qg7/iso_brn_nogen004.smt2,3e4914effa02b8d689a61bc65e4ea213412bce832414ef17c0bc542f8b51e40b,6012110,sat,1,williams_first_order_carryover,6ad653227c3c19559c94ff26e7c6827f5db285b786b909d8b494bd463f6fcf84,2,2,0,2,0,0,braid-10,braid-10,"[""braid-10"",""braid-100"",""braid-0"",""braid-1000"",""baseline"",""braid-10000""]",parser_inclusive_subprocess_wall_clock,1,sat,0.319291890,0,0,0,,,"sat
",,"[""/net/scratch/hscra/plgrid/plgnasqret/codex-control/projects/euf-viper/runs/20260727T090821Z-braid-qg7-b89c8eb/target/release/euf-viper"",""fabric-solve"",""--engine"",""quotient-portfolio"",""/net/scratch/hscra/plgrid/plgnasqret/codex-control/projects/euf-viper/corpora/9b39c70a794d52277a4e5d83731f0ebc50a2f3b804eb1dfc8cf32766a5ebeadc/smtlib-2025/QF_UF/QF_UF/QG-classification/qg7/iso_brn_nogen004.smt2""]"
85,2,7103,QF_UF/QG-classification/qg7/iso_brn_nogen004.smt2,3e4914effa02b8d689a61bc65e4ea213412bce832414ef17c0bc542f8b51e40b,6012110,sat,1,williams_first_order_carryover,6ad653227c3c19559c94ff26e7c6827f5db285b786b909d8b494bd463f6fcf84,2,2,0,2,1,1,braid-100,braid-100,"[""braid-10"",""braid-100"",""braid-0"",""braid-1000"",""baseline"",""braid-10000""]",parser_inclusive_subprocess_wall_clock,1,sat,0.318099542,0,0,0,,,"sat
",,"[""/net/scratch/hscra/plgrid/plgnasqret/codex-control/projects/euf-viper/runs/20260727T090821Z-braid-qg7-b89c8eb/target/release/euf-viper"",""fabric-solve"",""--engine"",""quotient-portfolio"",""/net/scratch/hscra/plgrid/plgnasqret/codex-control/projects/euf-viper/corpora/9b39c70a794d52277a4e5d83731f0ebc50a2f3b804eb1dfc8cf32766a5ebeadc/smtlib-2025/QF_UF/QF_UF/QG-classification/qg7/iso_brn_nogen004.smt2""]"
86,2,7103,QF_UF/QG-classification/qg7/iso_brn_nogen004.smt2,3e4914effa02b8d689a61bc65e4ea213412bce832414ef17c0bc542f8b51e40b,6012110,sat,1,williams_first_order_carryover,6ad653227c3c19559c94ff26e7c6827f5db285b786b909d8b494bd463f6fcf84,2,2,0,2,2,2,braid-0,braid-0,"[""braid-10"",""braid-100"",""braid-0"",""braid-1000"",""baseline"",""braid-10000""]",parser_inclusive_subprocess_wall_clock,1,sat,0.324432591,0,0,0,,,"sat
",,"[""/net/scratch/hscra/plgrid/plgnasqret/codex-control/projects/euf-viper/runs/20260727T090821Z-braid-qg7-b89c8eb/target/release/euf-viper"",""fabric-solve"",""--engine"",""quotient-portfolio"",""/net/scratch/hscra/plgrid/plgnasqret/codex-control/projects/euf-viper/corpora/9b39c70a794d52277a4e5d83731f0ebc50a2f3b804eb1dfc8cf32766a5ebeadc/smtlib-2025/QF_UF/QF_UF/QG-classification/qg7/iso_brn_nogen004.smt2""]"
87,2,7103,QF_UF/QG-classification/qg7/iso_brn_nogen004.smt2,3e4914effa02b8d689a61bc65e4ea213412bce832414ef17c0bc542f8b51e40b,6012110,sat,1,williams_first_order_carryover,6ad653227c3c19559c94ff26e7c6827f5db285b786b909d8b494bd463f6fcf84,2,2,0,2,3,3,braid-1000,braid-1000,"[""braid-10"",""braid-100"",""braid-0"",""braid-1000"",""baseline"",""braid-10000""]",parser_inclusive_subprocess_wall_clock,1,sat,0.331841554,0,0,0,,,"sat
",,"[""/net/scratch/hscra/plgrid/plgnasqret/codex-control/projects/euf-viper/runs/20260727T090821Z-braid-qg7-b89c8eb/target/release/euf-viper"",""fabric-solve"",""--engine"",""quotient-portfolio"",""/net/scratch/hscra/plgrid/plgnasqret/codex-control/projects/euf-viper/corpora/9b39c70a794d52277a4e5d83731f0ebc50a2f3b804eb1dfc8cf32766a5ebeadc/smtlib-2025/QF_UF/QF_UF/QG-classification/qg7/iso_brn_nogen004.smt2""]"
88,2,7103,QF_UF/QG-classification/qg7/iso_brn_nogen004.smt2,3e4914effa02b8d689a61bc65e4ea213412bce832414ef17c0bc542f8b51e40b,6012110,sat,1,williams_first_order_carryover,6ad653227c3c19559c94ff26e7c6827f5db285b786b909d8b494bd463f6fcf84,2,2,0,2,4,4,baseline,baseline,"[""braid-10"",""braid-100"",""braid-0"",""braid-1000"",""baseline"",""braid-10000""]",parser_inclusive_subprocess_wall_clock,1,sat,0.343428683,0,0,0,,,"sat
",,"[""/net/scratch/hscra/plgrid/plgnasqret/codex-control/projects/euf-viper/runs/20260727T090821Z-braid-qg7-b89c8eb/target/release/euf-viper"",""fabric-solve"",""--engine"",""quotient-portfolio"",""/net/scratch/hscra/plgrid/plgnasqret/codex-control/projects/euf-viper/corpora/9b39c70a794d52277a4e5d83731f0ebc50a2f3b804eb1dfc8cf32766a5ebeadc/smtlib-2025/QF_UF/QF_UF/QG-classification/qg7/iso_brn_nogen004.smt2""]"
89,2,7103,QF_UF/QG-classification/qg7/iso_brn_nogen004.smt2,3e4914effa02b8d689a61bc65e4ea213412bce832414ef17c0bc542f8b51e40b,6012110,sat,1,williams_first_order_carryover,6ad653227c3c19559c94ff26e7c6827f5db285b786b909d8b494bd463f6fcf84,2,2,0,2,5,5,braid-10000,braid-10000,"[""braid-10"",""braid-100"",""braid-0"",""braid-1000"",""baseline"",""braid-10000""]",parser_inclusive_subprocess_wall_clock,1,sat,0.346605094,0,0,0,,,"sat
",,"[""/net/scratch/hscra/plgrid/plgnasqret/codex-control/projects/euf-viper/runs/20260727T090821Z-braid-qg7-b89c8eb/target/release/euf-viper"",""fabric-solve"",""--engine"",""quotient-portfolio"",""/net/scratch/hscra/plgrid/plgnasqret/codex-control/projects/euf-viper/corpora/9b39c70a794d52277a4e5d83731f0ebc50a2f3b804eb1dfc8cf32766a5ebeadc/smtlib-2025/QF_UF/QF_UF/QG-classification/qg7/iso_brn_nogen004.smt2""]"
90,2,7103,QF_UF/QG-classification/qg7/iso_brn_nogen004.smt2,3e4914effa02b8d689a61bc65e4ea213412bce832414ef17c0bc542f8b51e40b,6012110,sat,1,williams_first_order_carryover,6ad653227c3c19559c94ff26e7c6827f5db285b786b909d8b494bd463f6fcf84,3,3,0,3,0,0,braid-100,braid-100,"[""braid-100"",""braid-1000"",""braid-10"",""braid-10000"",""braid-0"",""baseline""]",parser_inclusive_subprocess_wall_clock,1,sat,0.360112645,0,0,0,,,"sat
",,"[""/net/scratch/hscra/plgrid/plgnasqret/codex-control/projects/euf-viper/runs/20260727T090821Z-braid-qg7-b89c8eb/target/release/euf-viper"",""fabric-solve"",""--engine"",""quotient-portfolio"",""/net/scratch/hscra/plgrid/plgnasqret/codex-control/projects/euf-viper/corpora/9b39c70a794d52277a4e5d83731f0ebc50a2f3b804eb1dfc8cf32766a5ebeadc/smtlib-2025/QF_UF/QF_UF/QG-classification/qg7/iso_brn_nogen004.smt2""]"
91,2,7103,QF_UF/QG-classification/qg7/iso_brn_nogen004.smt2,3e4914effa02b8d689a61bc65e4ea213412bce832414ef17c0bc542f8b51e40b,6012110,sat,1,williams_first_order_carryover,6ad653227c3c19559c94ff26e7c6827f5db285b786b909d8b494bd463f6fcf84,3,3,0,3,1,1,braid-1000,braid-1000,"[""braid-100"",""braid-1000"",""braid-10"",""braid-10000"",""braid-0"",""baseline""]",parser_inclusive_subprocess_wall_clock,1,sat,0.360215839,0,0,0,,,"sat
",,"[""/net/scratch/hscra/plgrid/plgnasqret/codex-control/projects/euf-viper/runs/20260727T090821Z-braid-qg7-b89c8eb/target/release/euf-viper"",""fabric-solve"",""--engine"",""quotient-portfolio"",""/net/scratch/hscra/plgrid/plgnasqret/codex-control/projects/euf-viper/corpora/9b39c70a794d52277a4e5d83731f0ebc50a2f3b804eb1dfc8cf32766a5ebeadc/smtlib-2025/QF_UF/QF_UF/QG-classification/qg7/iso_brn_nogen004.smt2""]"
92,2,7103,QF_UF/QG-classification/qg7/iso_brn_nogen004.smt2,3e4914effa02b8d689a61bc65e4ea213412bce832414ef17c0bc542f8b51e40b,6012110,sat,1,williams_first_order_carryover,6ad653227c3c19559c94ff26e7c6827f5db285b786b909d8b494bd463f6fcf84,3,3,0,3,2,2,braid-10,braid-10,"[""braid-100"",""braid-1000"",""braid-10"",""braid-10000"",""braid-0"",""baseline""]",parser_inclusive_subprocess_wall_clock,1,sat,0.318195473,0,0,0,,,"sat
",,"[""/net/scratch/hscra/plgrid/plgnasqret/codex-control/projects/euf-viper/runs/20260727T090821Z-braid-qg7-b89c8eb/target/release/euf-viper"",""fabric-solve"",""--engine"",""quotient-portfolio"",""/net/scratch/hscra/plgrid/plgnasqret/codex-control/projects/euf-viper/corpora/9b39c70a794d52277a4e5d83731f0ebc50a2f3b804eb1dfc8cf32766a5ebeadc/smtlib-2025/QF_UF/QF_UF/QG-classification/qg7/iso_brn_nogen004.smt2""]"
93,2,7103,QF_UF/QG-classification/qg7/iso_brn_nogen004.smt2,3e4914effa02b8d689a61bc65e4ea213412bce832414ef17c0bc542f8b51e40b,6012110,sat,1,williams_first_order_carryover,6ad653227c3c19559c94ff26e7c6827f5db285b786b909d8b494bd463f6fcf84,3,3,0,3,3,3,braid-10000,braid-10000,"[""braid-100"",""braid-1000"",""braid-10"",""braid-10000"",""braid-0"",""baseline""]",parser_inclusive_subprocess_wall_clock,1,sat,0.320064994,0,0,0,,,"sat
",,"[""/net/scratch/hscra/plgrid/plgnasqret/codex-control/projects/euf-viper/runs/20260727T090821Z-braid-qg7-b89c8eb/target/release/euf-viper"",""fabric-solve"",""--engine"",""quotient-portfolio"",""/net/scratch/hscra/plgrid/plgnasqret/codex-control/projects/euf-viper/corpora/9b39c70a794d52277a4e5d83731f0ebc50a2f3b804eb1dfc8cf32766a5ebeadc/smtlib-2025/QF_UF/QF_UF/QG-classification/qg7/iso_brn_nogen004.smt2""]"
94,2,7103,QF_UF/QG-classification/qg7/iso_brn_nogen004.smt2,3e4914effa02b8d689a61bc65e4ea213412bce832414ef17c0bc542f8b51e40b,6012110,sat,1,williams_first_order_carryover,6ad653227c3c19559c94ff26e7c6827f5db285b786b909d8b494bd463f6fcf84,3,3,0,3,4,4,braid-0,braid-0,"[""braid-100"",""braid-1000"",""braid-10"",""braid-10000"",""braid-0"",""baseline""]",parser_inclusive_subprocess_wall_clock,1,sat,0.320503499,0,0,0,,,"sat
",,"[""/net/scratch/hscra/plgrid/plgnasqret/codex-control/projects/euf-viper/runs/20260727T090821Z-braid-qg7-b89c8eb/target/release/euf-viper"",""fabric-solve"",""--engine"",""quotient-portfolio"",""/net/scratch/hscra/plgrid/plgnasqret/codex-control/projects/euf-viper/corpora/9b39c70a794d52277a4e5d83731f0ebc50a2f3b804eb1dfc8cf32766a5ebeadc/smtlib-2025/QF_UF/QF_UF/QG-classification/qg7/iso_brn_nogen004.smt2""]"
95,2,7103,QF_UF/QG-classification/qg7/iso_brn_nogen004.smt2,3e4914effa02b8d689a61bc65e4ea213412bce832414ef17c0bc542f8b51e40b,6012110,sat,1,williams_first_order_carryover,6ad653227c3c19559c94ff26e7c6827f5db285b786b909d8b494bd463f6fcf84,3,3,0,3,5,5,baseline,baseline,"[""braid-100"",""braid-1000"",""braid-10"",""braid-10000"",""braid-0"",""baseline""]",parser_inclusive_subprocess_wall_clock,1,sat,0.323621577,0,0,0,,,"sat
",,"[""/net/scratch/hscra/plgrid/plgnasqret/codex-control/projects/euf-viper/runs/20260727T090821Z-braid-qg7-b89c8eb/target/release/euf-viper"",""fabric-solve"",""--engine"",""quotient-portfolio"",""/net/scratch/hscra/plgrid/plgnasqret/codex-control/projects/euf-viper/corpora/9b39c70a794d52277a4e5d83731f0ebc50a2f3b804eb1dfc8cf32766a5ebeadc/smtlib-2025/QF_UF/QF_UF/QG-classification/qg7/iso_brn_nogen004.smt2""]"
96,2,7103,QF_UF/QG-classification/qg7/iso_brn_nogen004.smt2,3e4914effa02b8d689a61bc65e4ea213412bce832414ef17c0bc542f8b51e40b,6012110,sat,1,williams_first_order_carryover,6ad653227c3c19559c94ff26e7c6827f5db285b786b909d8b494bd463f6fcf84,4,4,0,4,0,0,braid-1000,braid-1000,"[""braid-1000"",""braid-10000"",""braid-100"",""baseline"",""braid-10"",""braid-0""]",parser_inclusive_subprocess_wall_clock,1,sat,0.323232670,0,0,0,,,"sat
",,"[""/net/scratch/hscra/plgrid/plgnasqret/codex-control/projects/euf-viper/runs/20260727T090821Z-braid-qg7-b89c8eb/target/release/euf-viper"",""fabric-solve"",""--engine"",""quotient-portfolio"",""/net/scratch/hscra/plgrid/plgnasqret/codex-control/projects/euf-viper/corpora/9b39c70a794d52277a4e5d83731f0ebc50a2f3b804eb1dfc8cf32766a5ebeadc/smtlib-2025/QF_UF/QF_UF/QG-classification/qg7/iso_brn_nogen004.smt2""]"
97,2,7103,QF_UF/QG-classification/qg7/iso_brn_nogen004.smt2,3e4914effa02b8d689a61bc65e4ea213412bce832414ef17c0bc542f8b51e40b,6012110,sat,1,williams_first_order_carryover,6ad653227c3c19559c94ff26e7c6827f5db285b786b909d8b494bd463f6fcf84,4,4,0,4,1,1,braid-10000,braid-10000,"[""braid-1000"",""braid-10000"",""braid-100"",""baseline"",""braid-10"",""braid-0""]",parser_inclusive_subprocess_wall_clock,1,sat,0.325847262,0,0,0,,,"sat
",,"[""/net/scratch/hscra/plgrid/plgnasqret/codex-control/projects/euf-viper/runs/20260727T090821Z-braid-qg7-b89c8eb/target/release/euf-viper"",""fabric-solve"",""--engine"",""quotient-portfolio"",""/net/scratch/hscra/plgrid/plgnasqret/codex-control/projects/euf-viper/corpora/9b39c70a794d52277a4e5d83731f0ebc50a2f3b804eb1dfc8cf32766a5ebeadc/smtlib-2025/QF_UF/QF_UF/QG-classification/qg7/iso_brn_nogen004.smt2""]"
98,2,7103,QF_UF/QG-classification/qg7/iso_brn_nogen004.smt2,3e4914effa02b8d689a61bc65e4ea213412bce832414ef17c0bc542f8b51e40b,6012110,sat,1,williams_first_order_carryover,6ad653227c3c19559c94ff26e7c6827f5db285b786b909d8b494bd463f6fcf84,4,4,0,4,2,2,braid-100,braid-100,"[""braid-1000"",""braid-10000"",""braid-100"",""baseline"",""braid-10"",""braid-0""]",parser_inclusive_subprocess_wall_clock,1,sat,0.405921859,0,0,0,,,"sat
",,"[""/net/scratch/hscra/plgrid/plgnasqret/codex-control/projects/euf-viper/runs/20260727T090821Z-braid-qg7-b89c8eb/target/release/euf-viper"",""fabric-solve"",""--engine"",""quotient-portfolio"",""/net/scratch/hscra/plgrid/plgnasqret/codex-control/projects/euf-viper/corpora/9b39c70a794d52277a4e5d83731f0ebc50a2f3b804eb1dfc8cf32766a5ebeadc/smtlib-2025/QF_UF/QF_UF/QG-classification/qg7/iso_brn_nogen004.smt2""]"
99,2,7103,QF_UF/QG-classification/qg7/iso_brn_nogen004.smt2,3e4914effa02b8d689a61bc65e4ea213412bce832414ef17c0bc542f8b51e40b,6012110,sat,1,williams_first_order_carryover,6ad653227c3c19559c94ff26e7c6827f5db285b786b909d8b494bd463f6fcf84,4,4,0,4,3,3,baseline,baseline,"[""braid-1000"",""braid-10000"",""braid-100"",""baseline"",""braid-10"",""braid-0""]",parser_inclusive_subprocess_wall_clock,1,sat,0.344770359,0,0,0,,,"sat
",,"[""/net/scratch/hscra/plgrid/plgnasqret/codex-control/projects/euf-viper/runs/20260727T090821Z-braid-qg7-b89c8eb/target/release/euf-viper"",""fabric-solve"",""--engine"",""quotient-portfolio"",""/net/scratch/hscra/plgrid/plgnasqret/codex-control/projects/euf-viper/corpora/9b39c70a794d52277a4e5d83731f0ebc50a2f3b804eb1dfc8cf32766a5ebeadc/smtlib-2025/QF_UF/QF_UF/QG-classification/qg7/iso_brn_nogen004.smt2""]"
100,2,7103,QF_UF/QG-classification/qg7/iso_brn_nogen004.smt2,3e4914effa02b8d689a61bc65e4ea213412bce832414ef17c0bc542f8b51e40b,6012110,sat,1,williams_first_order_carryover,6ad653227c3c19559c94ff26e7c6827f5db285b786b909d8b494bd463f6fcf84,4,4,0,4,4,4,braid-10,braid-10,"[""braid-1000"",""braid-10000"",""braid-100"",""baseline"",""braid-10"",""braid-0""]",parser_inclusive_subprocess_wall_clock,1,sat,0.329450527,0,0,0,,,"sat
",,"[""/net/scratch/hscra/plgrid/plgnasqret/codex-control/projects/euf-viper/runs/20260727T090821Z-braid-qg7-b89c8eb/target/release/euf-viper"",""fabric-solve"",""--engine"",""quotient-portfolio"",""/net/scratch/hscra/plgrid/plgnasqret/codex-control/projects/euf-viper/corpora/9b39c70a794d52277a4e5d83731f0ebc50a2f3b804eb1dfc8cf32766a5ebeadc/smtlib-2025/QF_UF/QF_UF/QG-classification/qg7/iso_brn_nogen004.smt2""]"
101,2,7103,QF_UF/QG-classification/qg7/iso_brn_nogen004.smt2,3e4914effa02b8d689a61bc65e4ea213412bce832414ef17c0bc542f8b51e40b,6012110,sat,1,williams_first_order_carryover,6ad653227c3c19559c94ff26e7c6827f5db285b786b909d8b494bd463f6fcf84,4,4,0,4,5,5,braid-0,braid-0,"[""braid-1000"",""braid-10000"",""braid-100"",""baseline"",""braid-10"",""braid-0""]",parser_inclusive_subprocess_wall_clock,1,sat,0.315217047,0,0,0,,,"sat
",,"[""/net/scratch/hscra/plgrid/plgnasqret/codex-control/projects/euf-viper/runs/20260727T090821Z-braid-qg7-b89c8eb/target/release/euf-viper"",""fabric-solve"",""--engine"",""quotient-portfolio"",""/net/scratch/hscra/plgrid/plgnasqret/codex-control/projects/euf-viper/corpora/9b39c70a794d52277a4e5d83731f0ebc50a2f3b804eb1dfc8cf32766a5ebeadc/smtlib-2025/QF_UF/QF_UF/QG-classification/qg7/iso_brn_nogen004.smt2""]"
102,2,7103,QF_UF/QG-classification/qg7/iso_brn_nogen004.smt2,3e4914effa02b8d689a61bc65e4ea213412bce832414ef17c0bc542f8b51e40b,6012110,sat,1,williams_first_order_carryover,6ad653227c3c19559c94ff26e7c6827f5db285b786b909d8b494bd463f6fcf84,5,5,0,5,0,0,braid-10000,braid-10000,"[""braid-10000"",""baseline"",""braid-1000"",""braid-0"",""braid-100"",""braid-10""]",parser_inclusive_subprocess_wall_clock,1,sat,0.315792408,0,0,0,,,"sat
",,"[""/net/scratch/hscra/plgrid/plgnasqret/codex-control/projects/euf-viper/runs/20260727T090821Z-braid-qg7-b89c8eb/target/release/euf-viper"",""fabric-solve"",""--engine"",""quotient-portfolio"",""/net/scratch/hscra/plgrid/plgnasqret/codex-control/projects/euf-viper/corpora/9b39c70a794d52277a4e5d83731f0ebc50a2f3b804eb1dfc8cf32766a5ebeadc/smtlib-2025/QF_UF/QF_UF/QG-classification/qg7/iso_brn_nogen004.smt2""]"
103,2,7103,QF_UF/QG-classification/qg7/iso_brn_nogen004.smt2,3e4914effa02b8d689a61bc65e4ea213412bce832414ef17c0bc542f8b51e40b,6012110,sat,1,williams_first_order_carryover,6ad653227c3c19559c94ff26e7c6827f5db285b786b909d8b494bd463f6fcf84,5,5,0,5,1,1,baseline,baseline,"[""braid-10000"",""baseline"",""braid-1000"",""braid-0"",""braid-100"",""braid-10""]",parser_inclusive_subprocess_wall_clock,1,sat,0.313156814,0,0,0,,,"sat
",,"[""/net/scratch/hscra/plgrid/plgnasqret/codex-control/projects/euf-viper/runs/20260727T090821Z-braid-qg7-b89c8eb/target/release/euf-viper"",""fabric-solve"",""--engine"",""quotient-portfolio"",""/net/scratch/hscra/plgrid/plgnasqret/codex-control/projects/euf-viper/corpora/9b39c70a794d52277a4e5d83731f0ebc50a2f3b804eb1dfc8cf32766a5ebeadc/smtlib-2025/QF_UF/QF_UF/QG-classification/qg7/iso_brn_nogen004.smt2""]"
104,2,7103,QF_UF/QG-classification/qg7/iso_brn_nogen004.smt2,3e4914effa02b8d689a61bc65e4ea213412bce832414ef17c0bc542f8b51e40b,6012110,sat,1,williams_first_order_carryover,6ad653227c3c19559c94ff26e7c6827f5db285b786b909d8b494bd463f6fcf84,5,5,0,5,2,2,braid-1000,braid-1000,"[""braid-10000"",""baseline"",""braid-1000"",""braid-0"",""braid-100"",""braid-10""]",parser_inclusive_subprocess_wall_clock,1,sat,0.313657947,0,0,0,,,"sat
",,"[""/net/scratch/hscra/plgrid/plgnasqret/codex-control/projects/euf-viper/runs/20260727T090821Z-braid-qg7-b89c8eb/target/release/euf-viper"",""fabric-solve"",""--engine"",""quotient-portfolio"",""/net/scratch/hscra/plgrid/plgnasqret/codex-control/projects/euf-viper/corpora/9b39c70a794d52277a4e5d83731f0ebc50a2f3b804eb1dfc8cf32766a5ebeadc/smtlib-2025/QF_UF/QF_UF/QG-classification/qg7/iso_brn_nogen004.smt2""]"
105,2,7103,QF_UF/QG-classification/qg7/iso_brn_nogen004.smt2,3e4914effa02b8d689a61bc65e4ea213412bce832414ef17c0bc542f8b51e40b,6012110,sat,1,williams_first_order_carryover,6ad653227c3c19559c94ff26e7c6827f5db285b786b909d8b494bd463f6fcf84,5,5,0,5,3,3,braid-0,braid-0,"[""braid-10000"",""baseline"",""braid-1000"",""braid-0"",""braid-100"",""braid-10""]",parser_inclusive_subprocess_wall_clock,1,sat,0.314329462,0,0,0,,,"sat
",,"[""/net/scratch/hscra/plgrid/plgnasqret/codex-control/projects/euf-viper/runs/20260727T090821Z-braid-qg7-b89c8eb/target/release/euf-viper"",""fabric-solve"",""--engine"",""quotient-portfolio"",""/net/scratch/hscra/plgrid/plgnasqret/codex-control/projects/euf-viper/corpora/9b39c70a794d52277a4e5d83731f0ebc50a2f3b804eb1dfc8cf32766a5ebeadc/smtlib-2025/QF_UF/QF_UF/QG-classification/qg7/iso_brn_nogen004.smt2""]"
106,2,7103,QF_UF/QG-classification/qg7/iso_brn_nogen004.smt2,3e4914effa02b8d689a61bc65e4ea213412bce832414ef17c0bc542f8b51e40b,6012110,sat,1,williams_first_order_carryover,6ad653227c3c19559c94ff26e7c6827f5db285b786b909d8b494bd463f6fcf84,5,5,0,5,4,4,braid-100,braid-100,"[""braid-10000"",""baseline"",""braid-1000"",""braid-0"",""braid-100"",""braid-10""]",parser_inclusive_subprocess_wall_clock,1,sat,0.313800804,0,0,0,,,"sat
",,"[""/net/scratch/hscra/plgrid/plgnasqret/codex-control/projects/euf-viper/runs/20260727T090821Z-braid-qg7-b89c8eb/target/release/euf-viper"",""fabric-solve"",""--engine"",""quotient-portfolio"",""/net/scratch/hscra/plgrid/plgnasqret/codex-control/projects/euf-viper/corpora/9b39c70a794d52277a4e5d83731f0ebc50a2f3b804eb1dfc8cf32766a5ebeadc/smtlib-2025/QF_UF/QF_UF/QG-classification/qg7/iso_brn_nogen004.smt2""]"
107,2,7103,QF_UF/QG-classification/qg7/iso_brn_nogen004.smt2,3e4914effa02b8d689a61bc65e4ea213412bce832414ef17c0bc542f8b51e40b,6012110,sat,1,williams_first_order_carryover,6ad653227c3c19559c94ff26e7c6827f5db285b786b909d8b494bd463f6fcf84,5,5,0,5,5,5,braid-10,braid-10,"[""braid-10000"",""baseline"",""braid-1000"",""braid-0"",""braid-100"",""braid-10""]",parser_inclusive_subprocess_wall_clock,1,sat,0.315037813,0,0,0,,,"sat
",,"[""/net/scratch/hscra/plgrid/plgnasqret/codex-control/projects/euf-viper/runs/20260727T090821Z-braid-qg7-b89c8eb/target/release/euf-viper"",""fabric-solve"",""--engine"",""quotient-portfolio"",""/net/scratch/hscra/plgrid/plgnasqret/codex-control/projects/euf-viper/corpora/9b39c70a794d52277a4e5d83731f0ebc50a2f3b804eb1dfc8cf32766a5ebeadc/smtlib-2025/QF_UF/QF_UF/QG-classification/qg7/iso_brn_nogen004.smt2""]"
108,3,7311,QF_UF/QG-classification/qg7/iso_icl_nogen003.smt2,5143c7d94d43c5dc077fb8c92dcc7bce4c672c79c03dcbeef901dd8a8532f5a8,6013964,unsat,1,williams_first_order_carryover,6ad653227c3c19559c94ff26e7c6827f5db285b786b909d8b494bd463f6fcf84,0,0,0,0,0,0,baseline,baseline,"[""baseline"",""braid-0"",""braid-10000"",""braid-10"",""braid-1000"",""braid-100""]",parser_inclusive_subprocess_wall_clock,1,unsat,0.357923839,0,0,0,,,"unsat
",,"[""/net/scratch/hscra/plgrid/plgnasqret/codex-control/projects/euf-viper/runs/20260727T090821Z-braid-qg7-b89c8eb/target/release/euf-viper"",""fabric-solve"",""--engine"",""quotient-portfolio"",""/net/scratch/hscra/plgrid/plgnasqret/codex-control/projects/euf-viper/corpora/9b39c70a794d52277a4e5d83731f0ebc50a2f3b804eb1dfc8cf32766a5ebeadc/smtlib-2025/QF_UF/QF_UF/QG-classification/qg7/iso_icl_nogen003.smt2""]"
109,3,7311,QF_UF/QG-classification/qg7/iso_icl_nogen003.smt2,5143c7d94d43c5dc077fb8c92dcc7bce4c672c79c03dcbeef901dd8a8532f5a8,6013964,unsat,1,williams_first_order_carryover,6ad653227c3c19559c94ff26e7c6827f5db285b786b909d8b494bd463f6fcf84,0,0,0,0,1,1,braid-0,braid-0,"[""baseline"",""braid-0"",""braid-10000"",""braid-10"",""braid-1000"",""braid-100""]",parser_inclusive_subprocess_wall_clock,1,unsat,0.337746004,0,0,0,,,"unsat
",,"[""/net/scratch/hscra/plgrid/plgnasqret/codex-control/projects/euf-viper/runs/20260727T090821Z-braid-qg7-b89c8eb/target/release/euf-viper"",""fabric-solve"",""--engine"",""quotient-portfolio"",""/net/scratch/hscra/plgrid/plgnasqret/codex-control/projects/euf-viper/corpora/9b39c70a794d52277a4e5d83731f0ebc50a2f3b804eb1dfc8cf32766a5ebeadc/smtlib-2025/QF_UF/QF_UF/QG-classification/qg7/iso_icl_nogen003.smt2""]"
110,3,7311,QF_UF/QG-classification/qg7/iso_icl_nogen003.smt2,5143c7d94d43c5dc077fb8c92dcc7bce4c672c79c03dcbeef901dd8a8532f5a8,6013964,unsat,1,williams_first_order_carryover,6ad653227c3c19559c94ff26e7c6827f5db285b786b909d8b494bd463f6fcf84,0,0,0,0,2,2,braid-10000,braid-10000,"[""baseline"",""braid-0"",""braid-10000"",""braid-10"",""braid-1000"",""braid-100""]",parser_inclusive_subprocess_wall_clock,1,unsat,0.334646967,0,0,0,,,"unsat
",,"[""/net/scratch/hscra/plgrid/plgnasqret/codex-control/projects/euf-viper/runs/20260727T090821Z-braid-qg7-b89c8eb/target/release/euf-viper"",""fabric-solve"",""--engine"",""quotient-portfolio"",""/net/scratch/hscra/plgrid/plgnasqret/codex-control/projects/euf-viper/corpora/9b39c70a794d52277a4e5d83731f0ebc50a2f3b804eb1dfc8cf32766a5ebeadc/smtlib-2025/QF_UF/QF_UF/QG-classification/qg7/iso_icl_nogen003.smt2""]"
111,3,7311,QF_UF/QG-classification/qg7/iso_icl_nogen003.smt2,5143c7d94d43c5dc077fb8c92dcc7bce4c672c79c03dcbeef901dd8a8532f5a8,6013964,unsat,1,williams_first_order_carryover,6ad653227c3c19559c94ff26e7c6827f5db285b786b909d8b494bd463f6fcf84,0,0,0,0,3,3,braid-10,braid-10,"[""baseline"",""braid-0"",""braid-10000"",""braid-10"",""braid-1000"",""braid-100""]",parser_inclusive_subprocess_wall_clock,1,unsat,0.337276391,0,0,0,,,"unsat
",,"[""/net/scratch/hscra/plgrid/plgnasqret/codex-control/projects/euf-viper/runs/20260727T090821Z-braid-qg7-b89c8eb/target/release/euf-viper"",""fabric-solve"",""--engine"",""quotient-portfolio"",""/net/scratch/hscra/plgrid/plgnasqret/codex-control/projects/euf-viper/corpora/9b39c70a794d52277a4e5d83731f0ebc50a2f3b804eb1dfc8cf32766a5ebeadc/smtlib-2025/QF_UF/QF_UF/QG-classification/qg7/iso_icl_nogen003.smt2""]"
112,3,7311,QF_UF/QG-classification/qg7/iso_icl_nogen003.smt2,5143c7d94d43c5dc077fb8c92dcc7bce4c672c79c03dcbeef901dd8a8532f5a8,6013964,unsat,1,williams_first_order_carryover,6ad653227c3c19559c94ff26e7c6827f5db285b786b909d8b494bd463f6fcf84,0,0,0,0,4,4,braid-1000,braid-1000,"[""baseline"",""braid-0"",""braid-10000"",""braid-10"",""braid-1000"",""braid-100""]",parser_inclusive_subprocess_wall_clock,1,unsat,0.340387578,0,0,0,,,"unsat
",,"[""/net/scratch/hscra/plgrid/plgnasqret/codex-control/projects/euf-viper/runs/20260727T090821Z-braid-qg7-b89c8eb/target/release/euf-viper"",""fabric-solve"",""--engine"",""quotient-portfolio"",""/net/scratch/hscra/plgrid/plgnasqret/codex-control/projects/euf-viper/corpora/9b39c70a794d52277a4e5d83731f0ebc50a2f3b804eb1dfc8cf32766a5ebeadc/smtlib-2025/QF_UF/QF_UF/QG-classification/qg7/iso_icl_nogen003.smt2""]"
113,3,7311,QF_UF/QG-classification/qg7/iso_icl_nogen003.smt2,5143c7d94d43c5dc077fb8c92dcc7bce4c672c79c03dcbeef901dd8a8532f5a8,6013964,unsat,1,williams_first_order_carryover,6ad653227c3c19559c94ff26e7c6827f5db285b786b909d8b494bd463f6fcf84,0,0,0,0,5,5,braid-100,braid-100,"[""baseline"",""braid-0"",""braid-10000"",""braid-10"",""braid-1000"",""braid-100""]",parser_inclusive_subprocess_wall_clock,1,unsat,0.358708932,0,0,0,,,"unsat
",,"[""/net/scratch/hscra/plgrid/plgnasqret/codex-control/projects/euf-viper/runs/20260727T090821Z-braid-qg7-b89c8eb/target/release/euf-viper"",""fabric-solve"",""--engine"",""quotient-portfolio"",""/net/scratch/hscra/plgrid/plgnasqret/codex-control/projects/euf-viper/corpora/9b39c70a794d52277a4e5d83731f0ebc50a2f3b804eb1dfc8cf32766a5ebeadc/smtlib-2025/QF_UF/QF_UF/QG-classification/qg7/iso_icl_nogen003.smt2""]"
114,3,7311,QF_UF/QG-classification/qg7/iso_icl_nogen003.smt2,5143c7d94d43c5dc077fb8c92dcc7bce4c672c79c03dcbeef901dd8a8532f5a8,6013964,unsat,1,williams_first_order_carryover,6ad653227c3c19559c94ff26e7c6827f5db285b786b909d8b494bd463f6fcf84,1,1,0,1,0,0,braid-0,braid-0,"[""braid-0"",""braid-10"",""baseline"",""braid-100"",""braid-10000"",""braid-1000""]",parser_inclusive_subprocess_wall_clock,1,unsat,0.403045034,0,0,0,,,"unsat
",,"[""/net/scratch/hscra/plgrid/plgnasqret/codex-control/projects/euf-viper/runs/20260727T090821Z-braid-qg7-b89c8eb/target/release/euf-viper"",""fabric-solve"",""--engine"",""quotient-portfolio"",""/net/scratch/hscra/plgrid/plgnasqret/codex-control/projects/euf-viper/corpora/9b39c70a794d52277a4e5d83731f0ebc50a2f3b804eb1dfc8cf32766a5ebeadc/smtlib-2025/QF_UF/QF_UF/QG-classification/qg7/iso_icl_nogen003.smt2""]"
115,3,7311,QF_UF/QG-classification/qg7/iso_icl_nogen003.smt2,5143c7d94d43c5dc077fb8c92dcc7bce4c672c79c03dcbeef901dd8a8532f5a8,6013964,unsat,1,williams_first_order_carryover,6ad653227c3c19559c94ff26e7c6827f5db285b786b909d8b494bd463f6fcf84,1,1,0,1,1,1,braid-10,braid-10,"[""braid-0"",""braid-10"",""baseline"",""braid-100"",""braid-10000"",""braid-1000""]",parser_inclusive_subprocess_wall_clock,1,unsat,0.400262026,0,0,0,,,"unsat
",,"[""/net/scratch/hscra/plgrid/plgnasqret/codex-control/projects/euf-viper/runs/20260727T090821Z-braid-qg7-b89c8eb/target/release/euf-viper"",""fabric-solve"",""--engine"",""quotient-portfolio"",""/net/scratch/hscra/plgrid/plgnasqret/codex-control/projects/euf-viper/corpora/9b39c70a794d52277a4e5d83731f0ebc50a2f3b804eb1dfc8cf32766a5ebeadc/smtlib-2025/QF_UF/QF_UF/QG-classification/qg7/iso_icl_nogen003.smt2""]"
116,3,7311,QF_UF/QG-classification/qg7/iso_icl_nogen003.smt2,5143c7d94d43c5dc077fb8c92dcc7bce4c672c79c03dcbeef901dd8a8532f5a8,6013964,unsat,1,williams_first_order_carryover,6ad653227c3c19559c94ff26e7c6827f5db285b786b909d8b494bd463f6fcf84,1,1,0,1,2,2,baseline,baseline,"[""braid-0"",""braid-10"",""baseline"",""braid-100"",""braid-10000"",""braid-1000""]",parser_inclusive_subprocess_wall_clock,1,unsat,0.383975084,0,0,0,,,"unsat
",,"[""/net/scratch/hscra/plgrid/plgnasqret/codex-control/projects/euf-viper/runs/20260727T090821Z-braid-qg7-b89c8eb/target/release/euf-viper"",""fabric-solve"",""--engine"",""quotient-portfolio"",""/net/scratch/hscra/plgrid/plgnasqret/codex-control/projects/euf-viper/corpora/9b39c70a794d52277a4e5d83731f0ebc50a2f3b804eb1dfc8cf32766a5ebeadc/smtlib-2025/QF_UF/QF_UF/QG-classification/qg7/iso_icl_nogen003.smt2""]"
117,3,7311,QF_UF/QG-classification/qg7/iso_icl_nogen003.smt2,5143c7d94d43c5dc077fb8c92dcc7bce4c672c79c03dcbeef901dd8a8532f5a8,6013964,unsat,1,williams_first_order_carryover,6ad653227c3c19559c94ff26e7c6827f5db285b786b909d8b494bd463f6fcf84,1,1,0,1,3,3,braid-100,braid-100,"[""braid-0"",""braid-10"",""baseline"",""braid-100"",""braid-10000"",""braid-1000""]",parser_inclusive_subprocess_wall_clock,1,unsat,0.337098348,0,0,0,,,"unsat
",,"[""/net/scratch/hscra/plgrid/plgnasqret/codex-control/projects/euf-viper/runs/20260727T090821Z-braid-qg7-b89c8eb/target/release/euf-viper"",""fabric-solve"",""--engine"",""quotient-portfolio"",""/net/scratch/hscra/plgrid/plgnasqret/codex-control/projects/euf-viper/corpora/9b39c70a794d52277a4e5d83731f0ebc50a2f3b804eb1dfc8cf32766a5ebeadc/smtlib-2025/QF_UF/QF_UF/QG-classification/qg7/iso_icl_nogen003.smt2""]"
118,3,7311,QF_UF/QG-classification/qg7/iso_icl_nogen003.smt2,5143c7d94d43c5dc077fb8c92dcc7bce4c672c79c03dcbeef901dd8a8532f5a8,6013964,unsat,1,williams_first_order_carryover,6ad653227c3c19559c94ff26e7c6827f5db285b786b909d8b494bd463f6fcf84,1,1,0,1,4,4,braid-10000,braid-10000,"[""braid-0"",""braid-10"",""baseline"",""braid-100"",""braid-10000"",""braid-1000""]",parser_inclusive_subprocess_wall_clock,1,unsat,0.367677975,0,0,0,,,"unsat
",,"[""/net/scratch/hscra/plgrid/plgnasqret/codex-control/projects/euf-viper/runs/20260727T090821Z-braid-qg7-b89c8eb/target/release/euf-viper"",""fabric-solve"",""--engine"",""quotient-portfolio"",""/net/scratch/hscra/plgrid/plgnasqret/codex-control/projects/euf-viper/corpora/9b39c70a794d52277a4e5d83731f0ebc50a2f3b804eb1dfc8cf32766a5ebeadc/smtlib-2025/QF_UF/QF_UF/QG-classification/qg7/iso_icl_nogen003.smt2""]"
119,3,7311,QF_UF/QG-classification/qg7/iso_icl_nogen003.smt2,5143c7d94d43c5dc077fb8c92dcc7bce4c672c79c03dcbeef901dd8a8532f5a8,6013964,unsat,1,williams_first_order_carryover,6ad653227c3c19559c94ff26e7c6827f5db285b786b909d8b494bd463f6fcf84,1,1,0,1,5,5,braid-1000,braid-1000,"[""braid-0"",""braid-10"",""baseline"",""braid-100"",""braid-10000"",""braid-1000""]",parser_inclusive_subprocess_wall_clock,1,unsat,0.336237305,0,0,0,,,"unsat
",,"[""/net/scratch/hscra/plgrid/plgnasqret/codex-control/projects/euf-viper/runs/20260727T090821Z-braid-qg7-b89c8eb/target/release/euf-viper"",""fabric-solve"",""--engine"",""quotient-portfolio"",""/net/scratch/hscra/plgrid/plgnasqret/codex-control/projects/euf-viper/corpora/9b39c70a794d52277a4e5d83731f0ebc50a2f3b804eb1dfc8cf32766a5ebeadc/smtlib-2025/QF_UF/QF_UF/QG-classification/qg7/iso_icl_nogen003.smt2""]"
120,3,7311,QF_UF/QG-classification/qg7/iso_icl_nogen003.smt2,5143c7d94d43c5dc077fb8c92dcc7bce4c672c79c03dcbeef901dd8a8532f5a8,6013964,unsat,1,williams_first_order_carryover,6ad653227c3c19559c94ff26e7c6827f5db285b786b909d8b494bd463f6fcf84,2,2,0,2,0,0,braid-10,braid-10,"[""braid-10"",""braid-100"",""braid-0"",""braid-1000"",""baseline"",""braid-10000""]",parser_inclusive_subprocess_wall_clock,1,unsat,0.339592288,0,0,0,,,"unsat
",,"[""/net/scratch/hscra/plgrid/plgnasqret/codex-control/projects/euf-viper/runs/20260727T090821Z-braid-qg7-b89c8eb/target/release/euf-viper"",""fabric-solve"",""--engine"",""quotient-portfolio"",""/net/scratch/hscra/plgrid/plgnasqret/codex-control/projects/euf-viper/corpora/9b39c70a794d52277a4e5d83731f0ebc50a2f3b804eb1dfc8cf32766a5ebeadc/smtlib-2025/QF_UF/QF_UF/QG-classification/qg7/iso_icl_nogen003.smt2""]"
121,3,7311,QF_UF/QG-classification/qg7/iso_icl_nogen003.smt2,5143c7d94d43c5dc077fb8c92dcc7bce4c672c79c03dcbeef901dd8a8532f5a8,6013964,unsat,1,williams_first_order_carryover,6ad653227c3c19559c94ff26e7c6827f5db285b786b909d8b494bd463f6fcf84,2,2,0,2,1,1,braid-100,braid-100,"[""braid-10"",""braid-100"",""braid-0"",""braid-1000"",""baseline"",""braid-10000""]",parser_inclusive_subprocess_wall_clock,1,unsat,0.358034744,0,0,0,,,"unsat
",,"[""/net/scratch/hscra/plgrid/plgnasqret/codex-control/projects/euf-viper/runs/20260727T090821Z-braid-qg7-b89c8eb/target/release/euf-viper"",""fabric-solve"",""--engine"",""quotient-portfolio"",""/net/scratch/hscra/plgrid/plgnasqret/codex-control/projects/euf-viper/corpora/9b39c70a794d52277a4e5d83731f0ebc50a2f3b804eb1dfc8cf32766a5ebeadc/smtlib-2025/QF_UF/QF_UF/QG-classification/qg7/iso_icl_nogen003.smt2""]"
122,3,7311,QF_UF/QG-classification/qg7/iso_icl_nogen003.smt2,5143c7d94d43c5dc077fb8c92dcc7bce4c672c79c03dcbeef901dd8a8532f5a8,6013964,unsat,1,williams_first_order_carryover,6ad653227c3c19559c94ff26e7c6827f5db285b786b909d8b494bd463f6fcf84,2,2,0,2,2,2,braid-0,braid-0,"[""braid-10"",""braid-100"",""braid-0"",""braid-1000"",""baseline"",""braid-10000""]",parser_inclusive_subprocess_wall_clock,1,unsat,0.372333067,0,0,0,,,"unsat
",,"[""/net/scratch/hscra/plgrid/plgnasqret/codex-control/projects/euf-viper/runs/20260727T090821Z-braid-qg7-b89c8eb/target/release/euf-viper"",""fabric-solve"",""--engine"",""quotient-portfolio"",""/net/scratch/hscra/plgrid/plgnasqret/codex-control/projects/euf-viper/corpora/9b39c70a794d52277a4e5d83731f0ebc50a2f3b804eb1dfc8cf32766a5ebeadc/smtlib-2025/QF_UF/QF_UF/QG-classification/qg7/iso_icl_nogen003.smt2""]"
123,3,7311,QF_UF/QG-classification/qg7/iso_icl_nogen003.smt2,5143c7d94d43c5dc077fb8c92dcc7bce4c672c79c03dcbeef901dd8a8532f5a8,6013964,unsat,1,williams_first_order_carryover,6ad653227c3c19559c94ff26e7c6827f5db285b786b909d8b494bd463f6fcf84,2,2,0,2,3,3,braid-1000,braid-1000,"[""braid-10"",""braid-100"",""braid-0"",""braid-1000"",""baseline"",""braid-10000""]",parser_inclusive_subprocess_wall_clock,1,unsat,0.373484450,0,0,0,,,"unsat
",,"[""/net/scratch/hscra/plgrid/plgnasqret/codex-control/projects/euf-viper/runs/20260727T090821Z-braid-qg7-b89c8eb/target/release/euf-viper"",""fabric-solve"",""--engine"",""quotient-portfolio"",""/net/scratch/hscra/plgrid/plgnasqret/codex-control/projects/euf-viper/corpora/9b39c70a794d52277a4e5d83731f0ebc50a2f3b804eb1dfc8cf32766a5ebeadc/smtlib-2025/QF_UF/QF_UF/QG-classification/qg7/iso_icl_nogen003.smt2""]"
124,3,7311,QF_UF/QG-classification/qg7/iso_icl_nogen003.smt2,5143c7d94d43c5dc077fb8c92dcc7bce4c672c79c03dcbeef901dd8a8532f5a8,6013964,unsat,1,williams_first_order_carryover,6ad653227c3c19559c94ff26e7c6827f5db285b786b909d8b494bd463f6fcf84,2,2,0,2,4,4,baseline,baseline,"[""braid-10"",""braid-100"",""braid-0"",""braid-1000"",""baseline"",""braid-10000""]",parser_inclusive_subprocess_wall_clock,1,unsat,0.352480468,0,0,0,,,"unsat
",,"[""/net/scratch/hscra/plgrid/plgnasqret/codex-control/projects/euf-viper/runs/20260727T090821Z-braid-qg7-b89c8eb/target/release/euf-viper"",""fabric-solve"",""--engine"",""quotient-portfolio"",""/net/scratch/hscra/plgrid/plgnasqret/codex-control/projects/euf-viper/corpora/9b39c70a794d52277a4e5d83731f0ebc50a2f3b804eb1dfc8cf32766a5ebeadc/smtlib-2025/QF_UF/QF_UF/QG-classification/qg7/iso_icl_nogen003.smt2""]"
125,3,7311,QF_UF/QG-classification/qg7/iso_icl_nogen003.smt2,5143c7d94d43c5dc077fb8c92dcc7bce4c672c79c03dcbeef901dd8a8532f5a8,6013964,unsat,1,williams_first_order_carryover,6ad653227c3c19559c94ff26e7c6827f5db285b786b909d8b494bd463f6fcf84,2,2,0,2,5,5,braid-10000,braid-10000,"[""braid-10"",""braid-100"",""braid-0"",""braid-1000"",""baseline"",""braid-10000""]",parser_inclusive_subprocess_wall_clock,1,unsat,0.338426021,0,0,0,,,"unsat
",,"[""/net/scratch/hscra/plgrid/plgnasqret/codex-control/projects/euf-viper/runs/20260727T090821Z-braid-qg7-b89c8eb/target/release/euf-viper"",""fabric-solve"",""--engine"",""quotient-portfolio"",""/net/scratch/hscra/plgrid/plgnasqret/codex-control/projects/euf-viper/corpora/9b39c70a794d52277a4e5d83731f0ebc50a2f3b804eb1dfc8cf32766a5ebeadc/smtlib-2025/QF_UF/QF_UF/QG-classification/qg7/iso_icl_nogen003.smt2""]"
126,3,7311,QF_UF/QG-classification/qg7/iso_icl_nogen003.smt2,5143c7d94d43c5dc077fb8c92dcc7bce4c672c79c03dcbeef901dd8a8532f5a8,6013964,unsat,1,williams_first_order_carryover,6ad653227c3c19559c94ff26e7c6827f5db285b786b909d8b494bd463f6fcf84,3,3,0,3,0,0,braid-100,braid-100,"[""braid-100"",""braid-1000"",""braid-10"",""braid-10000"",""braid-0"",""baseline""]",parser_inclusive_subprocess_wall_clock,1,unsat,0.344774715,0,0,0,,,"unsat
",,"[""/net/scratch/hscra/plgrid/plgnasqret/codex-control/projects/euf-viper/runs/20260727T090821Z-braid-qg7-b89c8eb/target/release/euf-viper"",""fabric-solve"",""--engine"",""quotient-portfolio"",""/net/scratch/hscra/plgrid/plgnasqret/codex-control/projects/euf-viper/corpora/9b39c70a794d52277a4e5d83731f0ebc50a2f3b804eb1dfc8cf32766a5ebeadc/smtlib-2025/QF_UF/QF_UF/QG-classification/qg7/iso_icl_nogen003.smt2""]"
127,3,7311,QF_UF/QG-classification/qg7/iso_icl_nogen003.smt2,5143c7d94d43c5dc077fb8c92dcc7bce4c672c79c03dcbeef901dd8a8532f5a8,6013964,unsat,1,williams_first_order_carryover,6ad653227c3c19559c94ff26e7c6827f5db285b786b909d8b494bd463f6fcf84,3,3,0,3,1,1,braid-1000,braid-1000,"[""braid-100"",""braid-1000"",""braid-10"",""braid-10000"",""braid-0"",""baseline""]",parser_inclusive_subprocess_wall_clock,1,unsat,0.342707642,0,0,0,,,"unsat
",,"[""/net/scratch/hscra/plgrid/plgnasqret/codex-control/projects/euf-viper/runs/20260727T090821Z-braid-qg7-b89c8eb/target/release/euf-viper"",""fabric-solve"",""--engine"",""quotient-portfolio"",""/net/scratch/hscra/plgrid/plgnasqret/codex-control/projects/euf-viper/corpora/9b39c70a794d52277a4e5d83731f0ebc50a2f3b804eb1dfc8cf32766a5ebeadc/smtlib-2025/QF_UF/QF_UF/QG-classification/qg7/iso_icl_nogen003.smt2""]"
128,3,7311,QF_UF/QG-classification/qg7/iso_icl_nogen003.smt2,5143c7d94d43c5dc077fb8c92dcc7bce4c672c79c03dcbeef901dd8a8532f5a8,6013964,unsat,1,williams_first_order_carryover,6ad653227c3c19559c94ff26e7c6827f5db285b786b909d8b494bd463f6fcf84,3,3,0,3,2,2,braid-10,braid-10,"[""braid-100"",""braid-1000"",""braid-10"",""braid-10000"",""braid-0"",""baseline""]",parser_inclusive_subprocess_wall_clock,1,unsat,0.332322175,0,0,0,,,"unsat
",,"[""/net/scratch/hscra/plgrid/plgnasqret/codex-control/projects/euf-viper/runs/20260727T090821Z-braid-qg7-b89c8eb/target/release/euf-viper"",""fabric-solve"",""--engine"",""quotient-portfolio"",""/net/scratch/hscra/plgrid/plgnasqret/codex-control/projects/euf-viper/corpora/9b39c70a794d52277a4e5d83731f0ebc50a2f3b804eb1dfc8cf32766a5ebeadc/smtlib-2025/QF_UF/QF_UF/QG-classification/qg7/iso_icl_nogen003.smt2""]"
129,3,7311,QF_UF/QG-classification/qg7/iso_icl_nogen003.smt2,5143c7d94d43c5dc077fb8c92dcc7bce4c672c79c03dcbeef901dd8a8532f5a8,6013964,unsat,1,williams_first_order_carryover,6ad653227c3c19559c94ff26e7c6827f5db285b786b909d8b494bd463f6fcf84,3,3,0,3,3,3,braid-10000,braid-10000,"[""braid-100"",""braid-1000"",""braid-10"",""braid-10000"",""braid-0"",""baseline""]",parser_inclusive_subprocess_wall_clock,1,unsat,0.333407864,0,0,0,,,"unsat
",,"[""/net/scratch/hscra/plgrid/plgnasqret/codex-control/projects/euf-viper/runs/20260727T090821Z-braid-qg7-b89c8eb/target/release/euf-viper"",""fabric-solve"",""--engine"",""quotient-portfolio"",""/net/scratch/hscra/plgrid/plgnasqret/codex-control/projects/euf-viper/corpora/9b39c70a794d52277a4e5d83731f0ebc50a2f3b804eb1dfc8cf32766a5ebeadc/smtlib-2025/QF_UF/QF_UF/QG-classification/qg7/iso_icl_nogen003.smt2""]"
130,3,7311,QF_UF/QG-classification/qg7/iso_icl_nogen003.smt2,5143c7d94d43c5dc077fb8c92dcc7bce4c672c79c03dcbeef901dd8a8532f5a8,6013964,unsat,1,williams_first_order_carryover,6ad653227c3c19559c94ff26e7c6827f5db285b786b909d8b494bd463f6fcf84,3,3,0,3,4,4,braid-0,braid-0,"[""braid-100"",""braid-1000"",""braid-10"",""braid-10000"",""braid-0"",""baseline""]",parser_inclusive_subprocess_wall_clock,1,unsat,0.332463739,0,0,0,,,"unsat
",,"[""/net/scratch/hscra/plgrid/plgnasqret/codex-control/projects/euf-viper/runs/20260727T090821Z-braid-qg7-b89c8eb/target/release/euf-viper"",""fabric-solve"",""--engine"",""quotient-portfolio"",""/net/scratch/hscra/plgrid/plgnasqret/codex-control/projects/euf-viper/corpora/9b39c70a794d52277a4e5d83731f0ebc50a2f3b804eb1dfc8cf32766a5ebeadc/smtlib-2025/QF_UF/QF_UF/QG-classification/qg7/iso_icl_nogen003.smt2""]"
131,3,7311,QF_UF/QG-classification/qg7/iso_icl_nogen003.smt2,5143c7d94d43c5dc077fb8c92dcc7bce4c672c79c03dcbeef901dd8a8532f5a8,6013964,unsat,1,williams_first_order_carryover,6ad653227c3c19559c94ff26e7c6827f5db285b786b909d8b494bd463f6fcf84,3,3,0,3,5,5,baseline,baseline,"[""braid-100"",""braid-1000"",""braid-10"",""braid-10000"",""braid-0"",""baseline""]",parser_inclusive_subprocess_wall_clock,1,unsat,0.333778781,0,0,0,,,"unsat
",,"[""/net/scratch/hscra/plgrid/plgnasqret/codex-control/projects/euf-viper/runs/20260727T090821Z-braid-qg7-b89c8eb/target/release/euf-viper"",""fabric-solve"",""--engine"",""quotient-portfolio"",""/net/scratch/hscra/plgrid/plgnasqret/codex-control/projects/euf-viper/corpora/9b39c70a794d52277a4e5d83731f0ebc50a2f3b804eb1dfc8cf32766a5ebeadc/smtlib-2025/QF_UF/QF_UF/QG-classification/qg7/iso_icl_nogen003.smt2""]"
132,3,7311,QF_UF/QG-classification/qg7/iso_icl_nogen003.smt2,5143c7d94d43c5dc077fb8c92dcc7bce4c672c79c03dcbeef901dd8a8532f5a8,6013964,unsat,1,williams_first_order_carryover,6ad653227c3c19559c94ff26e7c6827f5db285b786b909d8b494bd463f6fcf84,4,4,0,4,0,0,braid-1000,braid-1000,"[""braid-1000"",""braid-10000"",""braid-100"",""baseline"",""braid-10"",""braid-0""]",parser_inclusive_subprocess_wall_clock,1,unsat,0.332127097,0,0,0,,,"unsat
",,"[""/net/scratch/hscra/plgrid/plgnasqret/codex-control/projects/euf-viper/runs/20260727T090821Z-braid-qg7-b89c8eb/target/release/euf-viper"",""fabric-solve"",""--engine"",""quotient-portfolio"",""/net/scratch/hscra/plgrid/plgnasqret/codex-control/projects/euf-viper/corpora/9b39c70a794d52277a4e5d83731f0ebc50a2f3b804eb1dfc8cf32766a5ebeadc/smtlib-2025/QF_UF/QF_UF/QG-classification/qg7/iso_icl_nogen003.smt2""]"
133,3,7311,QF_UF/QG-classification/qg7/iso_icl_nogen003.smt2,5143c7d94d43c5dc077fb8c92dcc7bce4c672c79c03dcbeef901dd8a8532f5a8,6013964,unsat,1,williams_first_order_carryover,6ad653227c3c19559c94ff26e7c6827f5db285b786b909d8b494bd463f6fcf84,4,4,0,4,1,1,braid-10000,braid-10000,"[""braid-1000"",""braid-10000"",""braid-100"",""baseline"",""braid-10"",""braid-0""]",parser_inclusive_subprocess_wall_clock,1,unsat,0.357423126,0,0,0,,,"unsat
",,"[""/net/scratch/hscra/plgrid/plgnasqret/codex-control/projects/euf-viper/runs/20260727T090821Z-braid-qg7-b89c8eb/target/release/euf-viper"",""fabric-solve"",""--engine"",""quotient-portfolio"",""/net/scratch/hscra/plgrid/plgnasqret/codex-control/projects/euf-viper/corpora/9b39c70a794d52277a4e5d83731f0ebc50a2f3b804eb1dfc8cf32766a5ebeadc/smtlib-2025/QF_UF/QF_UF/QG-classification/qg7/iso_icl_nogen003.smt2""]"
134,3,7311,QF_UF/QG-classification/qg7/iso_icl_nogen003.smt2,5143c7d94d43c5dc077fb8c92dcc7bce4c672c79c03dcbeef901dd8a8532f5a8,6013964,unsat,1,williams_first_order_carryover,6ad653227c3c19559c94ff26e7c6827f5db285b786b909d8b494bd463f6fcf84,4,4,0,4,2,2,braid-100,braid-100,"[""braid-1000"",""braid-10000"",""braid-100"",""baseline"",""braid-10"",""braid-0""]",parser_inclusive_subprocess_wall_clock,1,unsat,0.560027145,0,0,0,,,"unsat
",,"[""/net/scratch/hscra/plgrid/plgnasqret/codex-control/projects/euf-viper/runs/20260727T090821Z-braid-qg7-b89c8eb/target/release/euf-viper"",""fabric-solve"",""--engine"",""quotient-portfolio"",""/net/scratch/hscra/plgrid/plgnasqret/codex-control/projects/euf-viper/corpora/9b39c70a794d52277a4e5d83731f0ebc50a2f3b804eb1dfc8cf32766a5ebeadc/smtlib-2025/QF_UF/QF_UF/QG-classification/qg7/iso_icl_nogen003.smt2""]"
135,3,7311,QF_UF/QG-classification/qg7/iso_icl_nogen003.smt2,5143c7d94d43c5dc077fb8c92dcc7bce4c672c79c03dcbeef901dd8a8532f5a8,6013964,unsat,1,williams_first_order_carryover,6ad653227c3c19559c94ff26e7c6827f5db285b786b909d8b494bd463f6fcf84,4,4,0,4,3,3,baseline,baseline,"[""braid-1000"",""braid-10000"",""braid-100"",""baseline"",""braid-10"",""braid-0""]",parser_inclusive_subprocess_wall_clock,1,unsat,0.406529742,0,0,0,,,"unsat
",,"[""/net/scratch/hscra/plgrid/plgnasqret/codex-control/projects/euf-viper/runs/20260727T090821Z-braid-qg7-b89c8eb/target/release/euf-viper"",""fabric-solve"",""--engine"",""quotient-portfolio"",""/net/scratch/hscra/plgrid/plgnasqret/codex-control/projects/euf-viper/corpora/9b39c70a794d52277a4e5d83731f0ebc50a2f3b804eb1dfc8cf32766a5ebeadc/smtlib-2025/QF_UF/QF_UF/QG-classification/qg7/iso_icl_nogen003.smt2""]"
136,3,7311,QF_UF/QG-classification/qg7/iso_icl_nogen003.smt2,5143c7d94d43c5dc077fb8c92dcc7bce4c672c79c03dcbeef901dd8a8532f5a8,6013964,unsat,1,williams_first_order_carryover,6ad653227c3c19559c94ff26e7c6827f5db285b786b909d8b494bd463f6fcf84,4,4,0,4,4,4,braid-10,braid-10,"[""braid-1000"",""braid-10000"",""braid-100"",""baseline"",""braid-10"",""braid-0""]",parser_inclusive_subprocess_wall_clock,1,unsat,0.459671760,0,0,0,,,"unsat
",,"[""/net/scratch/hscra/plgrid/plgnasqret/codex-control/projects/euf-viper/runs/20260727T090821Z-braid-qg7-b89c8eb/target/release/euf-viper"",""fabric-solve"",""--engine"",""quotient-portfolio"",""/net/scratch/hscra/plgrid/plgnasqret/codex-control/projects/euf-viper/corpora/9b39c70a794d52277a4e5d83731f0ebc50a2f3b804eb1dfc8cf32766a5ebeadc/smtlib-2025/QF_UF/QF_UF/QG-classification/qg7/iso_icl_nogen003.smt2""]"
137,3,7311,QF_UF/QG-classification/qg7/iso_icl_nogen003.smt2,5143c7d94d43c5dc077fb8c92dcc7bce4c672c79c03dcbeef901dd8a8532f5a8,6013964,unsat,1,williams_first_order_carryover,6ad653227c3c19559c94ff26e7c6827f5db285b786b909d8b494bd463f6fcf84,4,4,0,4,5,5,braid-0,braid-0,"[""braid-1000"",""braid-10000"",""braid-100"",""baseline"",""braid-10"",""braid-0""]",parser_inclusive_subprocess_wall_clock,1,unsat,0.364609987,0,0,0,,,"unsat
",,"[""/net/scratch/hscra/plgrid/plgnasqret/codex-control/projects/euf-viper/runs/20260727T090821Z-braid-qg7-b89c8eb/target/release/euf-viper"",""fabric-solve"",""--engine"",""quotient-portfolio"",""/net/scratch/hscra/plgrid/plgnasqret/codex-control/projects/euf-viper/corpora/9b39c70a794d52277a4e5d83731f0ebc50a2f3b804eb1dfc8cf32766a5ebeadc/smtlib-2025/QF_UF/QF_UF/QG-classification/qg7/iso_icl_nogen003.smt2""]"
138,3,7311,QF_UF/QG-classification/qg7/iso_icl_nogen003.smt2,5143c7d94d43c5dc077fb8c92dcc7bce4c672c79c03dcbeef901dd8a8532f5a8,6013964,unsat,1,williams_first_order_carryover,6ad653227c3c19559c94ff26e7c6827f5db285b786b909d8b494bd463f6fcf84,5,5,0,5,0,0,braid-10000,braid-10000,"[""braid-10000"",""baseline"",""braid-1000"",""braid-0"",""braid-100"",""braid-10""]",parser_inclusive_subprocess_wall_clock,1,unsat,0.364188499,0,0,0,,,"unsat
",,"[""/net/scratch/hscra/plgrid/plgnasqret/codex-control/projects/euf-viper/runs/20260727T090821Z-braid-qg7-b89c8eb/target/release/euf-viper"",""fabric-solve"",""--engine"",""quotient-portfolio"",""/net/scratch/hscra/plgrid/plgnasqret/codex-control/projects/euf-viper/corpora/9b39c70a794d52277a4e5d83731f0ebc50a2f3b804eb1dfc8cf32766a5ebeadc/smtlib-2025/QF_UF/QF_UF/QG-classification/qg7/iso_icl_nogen003.smt2""]"
139,3,7311,QF_UF/QG-classification/qg7/iso_icl_nogen003.smt2,5143c7d94d43c5dc077fb8c92dcc7bce4c672c79c03dcbeef901dd8a8532f5a8,6013964,unsat,1,williams_first_order_carryover,6ad653227c3c19559c94ff26e7c6827f5db285b786b909d8b494bd463f6fcf84,5,5,0,5,1,1,baseline,baseline,"[""braid-10000"",""baseline"",""braid-1000"",""braid-0"",""braid-100"",""braid-10""]",parser_inclusive_subprocess_wall_clock,1,unsat,0.343399938,0,0,0,,,"unsat
",,"[""/net/scratch/hscra/plgrid/plgnasqret/codex-control/projects/euf-viper/runs/20260727T090821Z-braid-qg7-b89c8eb/target/release/euf-viper"",""fabric-solve"",""--engine"",""quotient-portfolio"",""/net/scratch/hscra/plgrid/plgnasqret/codex-control/projects/euf-viper/corpora/9b39c70a794d52277a4e5d83731f0ebc50a2f3b804eb1dfc8cf32766a5ebeadc/smtlib-2025/QF_UF/QF_UF/QG-classification/qg7/iso_icl_nogen003.smt2""]"
140,3,7311,QF_UF/QG-classification/qg7/iso_icl_nogen003.smt2,5143c7d94d43c5dc077fb8c92dcc7bce4c672c79c03dcbeef901dd8a8532f5a8,6013964,unsat,1,williams_first_order_carryover,6ad653227c3c19559c94ff26e7c6827f5db285b786b909d8b494bd463f6fcf84,5,5,0,5,2,2,braid-1000,braid-1000,"[""braid-10000"",""baseline"",""braid-1000"",""braid-0"",""braid-100"",""braid-10""]",parser_inclusive_subprocess_wall_clock,1,unsat,0.372323443,0,0,0,,,"unsat
",,"[""/net/scratch/hscra/plgrid/plgnasqret/codex-control/projects/euf-viper/runs/20260727T090821Z-braid-qg7-b89c8eb/target/release/euf-viper"",""fabric-solve"",""--engine"",""quotient-portfolio"",""/net/scratch/hscra/plgrid/plgnasqret/codex-control/projects/euf-viper/corpora/9b39c70a794d52277a4e5d83731f0ebc50a2f3b804eb1dfc8cf32766a5ebeadc/smtlib-2025/QF_UF/QF_UF/QG-classification/qg7/iso_icl_nogen003.smt2""]"
141,3,7311,QF_UF/QG-classification/qg7/iso_icl_nogen003.smt2,5143c7d94d43c5dc077fb8c92dcc7bce4c672c79c03dcbeef901dd8a8532f5a8,6013964,unsat,1,williams_first_order_carryover,6ad653227c3c19559c94ff26e7c6827f5db285b786b909d8b494bd463f6fcf84,5,5,0,5,3,3,braid-0,braid-0,"[""braid-10000"",""baseline"",""braid-1000"",""braid-0"",""braid-100"",""braid-10""]",parser_inclusive_subprocess_wall_clock,1,unsat,0.335323949,0,0,0,,,"unsat
",,"[""/net/scratch/hscra/plgrid/plgnasqret/codex-control/projects/euf-viper/runs/20260727T090821Z-braid-qg7-b89c8eb/target/release/euf-viper"",""fabric-solve"",""--engine"",""quotient-portfolio"",""/net/scratch/hscra/plgrid/plgnasqret/codex-control/projects/euf-viper/corpora/9b39c70a794d52277a4e5d83731f0ebc50a2f3b804eb1dfc8cf32766a5ebeadc/smtlib-2025/QF_UF/QF_UF/QG-classification/qg7/iso_icl_nogen003.smt2""]"
142,3,7311,QF_UF/QG-classification/qg7/iso_icl_nogen003.smt2,5143c7d94d43c5dc077fb8c92dcc7bce4c672c79c03dcbeef901dd8a8532f5a8,6013964,unsat,1,williams_first_order_carryover,6ad653227c3c19559c94ff26e7c6827f5db285b786b909d8b494bd463f6fcf84,5,5,0,5,4,4,braid-100,braid-100,"[""braid-10000"",""baseline"",""braid-1000"",""braid-0"",""braid-100"",""braid-10""]",parser_inclusive_subprocess_wall_clock,1,unsat,0.387740096,0,0,0,,,"unsat
",,"[""/net/scratch/hscra/plgrid/plgnasqret/codex-control/projects/euf-viper/runs/20260727T090821Z-braid-qg7-b89c8eb/target/release/euf-viper"",""fabric-solve"",""--engine"",""quotient-portfolio"",""/net/scratch/hscra/plgrid/plgnasqret/codex-control/projects/euf-viper/corpora/9b39c70a794d52277a4e5d83731f0ebc50a2f3b804eb1dfc8cf32766a5ebeadc/smtlib-2025/QF_UF/QF_UF/QG-classification/qg7/iso_icl_nogen003.smt2""]"
143,3,7311,QF_UF/QG-classification/qg7/iso_icl_nogen003.smt2,5143c7d94d43c5dc077fb8c92dcc7bce4c672c79c03dcbeef901dd8a8532f5a8,6013964,unsat,1,williams_first_order_carryover,6ad653227c3c19559c94ff26e7c6827f5db285b786b909d8b494bd463f6fcf84,5,5,0,5,5,5,braid-10,braid-10,"[""braid-10000"",""baseline"",""braid-1000"",""braid-0"",""braid-100"",""braid-10""]",parser_inclusive_subprocess_wall_clock,1,unsat,0.344806105,0,0,0,,,"unsat
",,"[""/net/scratch/hscra/plgrid/plgnasqret/codex-control/projects/euf-viper/runs/20260727T090821Z-braid-qg7-b89c8eb/target/release/euf-viper"",""fabric-solve"",""--engine"",""quotient-portfolio"",""/net/scratch/hscra/plgrid/plgnasqret/codex-control/projects/euf-viper/corpora/9b39c70a794d52277a4e5d83731f0ebc50a2f3b804eb1dfc8cf32766a5ebeadc/smtlib-2025/QF_UF/QF_UF/QG-classification/qg7/iso_icl_nogen003.smt2""]"
