sequence,row_index,id,relative_path,source_sha256,source_size_bytes,expected_status,schedule_schema_version,schedule_design,schedule_sha256,repeat,schedule_row,complete_block,row_in_block,order_in_repeat,arm_position,label,arm,schedule_order_json,timing_scope,parser_inclusive,result,time_s,exit_code,process_returncode,timed_out,error_kind,error_detail,stdout,stderr,argv_json
0,0,6926,QF_UF/QG-classification/qg7/gensys_brn003.smt2,345e2584045272eaf7e139b7acf865475bf3a45100a2890217efae0d1977946b,808127,sat,1,williams_first_order_carryover,6ad653227c3c19559c94ff26e7c6827f5db285b786b909d8b494bd463f6fcf84,0,0,0,0,0,0,baseline,baseline,"[""baseline"",""braid-0"",""braid-10000"",""braid-10"",""braid-1000"",""braid-100""]",parser_inclusive_subprocess_wall_clock,1,sat,0.160038566,0,0,0,,,"sat
",,"[""/net/scratch/hscra/plgrid/plgnasqret/codex-control/projects/euf-viper/runs/20260727T095337Z-plain-braid-qg7-9f86254/target/release/euf-viper"",""fabric-solve"",""--engine"",""quotient-portfolio"",""/net/scratch/hscra/plgrid/plgnasqret/codex-control/projects/euf-viper/corpora/9b39c70a794d52277a4e5d83731f0ebc50a2f3b804eb1dfc8cf32766a5ebeadc/smtlib-2025/QF_UF/QF_UF/QG-classification/qg7/gensys_brn003.smt2""]"
1,0,6926,QF_UF/QG-classification/qg7/gensys_brn003.smt2,345e2584045272eaf7e139b7acf865475bf3a45100a2890217efae0d1977946b,808127,sat,1,williams_first_order_carryover,6ad653227c3c19559c94ff26e7c6827f5db285b786b909d8b494bd463f6fcf84,0,0,0,0,1,1,braid-0,braid-0,"[""baseline"",""braid-0"",""braid-10000"",""braid-10"",""braid-1000"",""braid-100""]",parser_inclusive_subprocess_wall_clock,1,sat,0.287910694,0,0,0,,,"sat
",,"[""/net/scratch/hscra/plgrid/plgnasqret/codex-control/projects/euf-viper/runs/20260727T095337Z-plain-braid-qg7-9f86254/target/release/euf-viper"",""fabric-solve"",""--engine"",""quotient-portfolio"",""/net/scratch/hscra/plgrid/plgnasqret/codex-control/projects/euf-viper/corpora/9b39c70a794d52277a4e5d83731f0ebc50a2f3b804eb1dfc8cf32766a5ebeadc/smtlib-2025/QF_UF/QF_UF/QG-classification/qg7/gensys_brn003.smt2""]"
2,0,6926,QF_UF/QG-classification/qg7/gensys_brn003.smt2,345e2584045272eaf7e139b7acf865475bf3a45100a2890217efae0d1977946b,808127,sat,1,williams_first_order_carryover,6ad653227c3c19559c94ff26e7c6827f5db285b786b909d8b494bd463f6fcf84,0,0,0,0,2,2,braid-10000,braid-10000,"[""baseline"",""braid-0"",""braid-10000"",""braid-10"",""braid-1000"",""braid-100""]",parser_inclusive_subprocess_wall_clock,1,sat,0.243055047,0,0,0,,,"sat
",,"[""/net/scratch/hscra/plgrid/plgnasqret/codex-control/projects/euf-viper/runs/20260727T095337Z-plain-braid-qg7-9f86254/target/release/euf-viper"",""fabric-solve"",""--engine"",""quotient-portfolio"",""/net/scratch/hscra/plgrid/plgnasqret/codex-control/projects/euf-viper/corpora/9b39c70a794d52277a4e5d83731f0ebc50a2f3b804eb1dfc8cf32766a5ebeadc/smtlib-2025/QF_UF/QF_UF/QG-classification/qg7/gensys_brn003.smt2""]"
3,0,6926,QF_UF/QG-classification/qg7/gensys_brn003.smt2,345e2584045272eaf7e139b7acf865475bf3a45100a2890217efae0d1977946b,808127,sat,1,williams_first_order_carryover,6ad653227c3c19559c94ff26e7c6827f5db285b786b909d8b494bd463f6fcf84,0,0,0,0,3,3,braid-10,braid-10,"[""baseline"",""braid-0"",""braid-10000"",""braid-10"",""braid-1000"",""braid-100""]",parser_inclusive_subprocess_wall_clock,1,sat,0.240801809,0,0,0,,,"sat
",,"[""/net/scratch/hscra/plgrid/plgnasqret/codex-control/projects/euf-viper/runs/20260727T095337Z-plain-braid-qg7-9f86254/target/release/euf-viper"",""fabric-solve"",""--engine"",""quotient-portfolio"",""/net/scratch/hscra/plgrid/plgnasqret/codex-control/projects/euf-viper/corpora/9b39c70a794d52277a4e5d83731f0ebc50a2f3b804eb1dfc8cf32766a5ebeadc/smtlib-2025/QF_UF/QF_UF/QG-classification/qg7/gensys_brn003.smt2""]"
4,0,6926,QF_UF/QG-classification/qg7/gensys_brn003.smt2,345e2584045272eaf7e139b7acf865475bf3a45100a2890217efae0d1977946b,808127,sat,1,williams_first_order_carryover,6ad653227c3c19559c94ff26e7c6827f5db285b786b909d8b494bd463f6fcf84,0,0,0,0,4,4,braid-1000,braid-1000,"[""baseline"",""braid-0"",""braid-10000"",""braid-10"",""braid-1000"",""braid-100""]",parser_inclusive_subprocess_wall_clock,1,sat,0.203466042,0,0,0,,,"sat
",,"[""/net/scratch/hscra/plgrid/plgnasqret/codex-control/projects/euf-viper/runs/20260727T095337Z-plain-braid-qg7-9f86254/target/release/euf-viper"",""fabric-solve"",""--engine"",""quotient-portfolio"",""/net/scratch/hscra/plgrid/plgnasqret/codex-control/projects/euf-viper/corpora/9b39c70a794d52277a4e5d83731f0ebc50a2f3b804eb1dfc8cf32766a5ebeadc/smtlib-2025/QF_UF/QF_UF/QG-classification/qg7/gensys_brn003.smt2""]"
5,0,6926,QF_UF/QG-classification/qg7/gensys_brn003.smt2,345e2584045272eaf7e139b7acf865475bf3a45100a2890217efae0d1977946b,808127,sat,1,williams_first_order_carryover,6ad653227c3c19559c94ff26e7c6827f5db285b786b909d8b494bd463f6fcf84,0,0,0,0,5,5,braid-100,braid-100,"[""baseline"",""braid-0"",""braid-10000"",""braid-10"",""braid-1000"",""braid-100""]",parser_inclusive_subprocess_wall_clock,1,sat,0.226682745,0,0,0,,,"sat
",,"[""/net/scratch/hscra/plgrid/plgnasqret/codex-control/projects/euf-viper/runs/20260727T095337Z-plain-braid-qg7-9f86254/target/release/euf-viper"",""fabric-solve"",""--engine"",""quotient-portfolio"",""/net/scratch/hscra/plgrid/plgnasqret/codex-control/projects/euf-viper/corpora/9b39c70a794d52277a4e5d83731f0ebc50a2f3b804eb1dfc8cf32766a5ebeadc/smtlib-2025/QF_UF/QF_UF/QG-classification/qg7/gensys_brn003.smt2""]"
6,0,6926,QF_UF/QG-classification/qg7/gensys_brn003.smt2,345e2584045272eaf7e139b7acf865475bf3a45100a2890217efae0d1977946b,808127,sat,1,williams_first_order_carryover,6ad653227c3c19559c94ff26e7c6827f5db285b786b909d8b494bd463f6fcf84,1,1,0,1,0,0,braid-0,braid-0,"[""braid-0"",""braid-10"",""baseline"",""braid-100"",""braid-10000"",""braid-1000""]",parser_inclusive_subprocess_wall_clock,1,sat,0.293993829,0,0,0,,,"sat
",,"[""/net/scratch/hscra/plgrid/plgnasqret/codex-control/projects/euf-viper/runs/20260727T095337Z-plain-braid-qg7-9f86254/target/release/euf-viper"",""fabric-solve"",""--engine"",""quotient-portfolio"",""/net/scratch/hscra/plgrid/plgnasqret/codex-control/projects/euf-viper/corpora/9b39c70a794d52277a4e5d83731f0ebc50a2f3b804eb1dfc8cf32766a5ebeadc/smtlib-2025/QF_UF/QF_UF/QG-classification/qg7/gensys_brn003.smt2""]"
7,0,6926,QF_UF/QG-classification/qg7/gensys_brn003.smt2,345e2584045272eaf7e139b7acf865475bf3a45100a2890217efae0d1977946b,808127,sat,1,williams_first_order_carryover,6ad653227c3c19559c94ff26e7c6827f5db285b786b909d8b494bd463f6fcf84,1,1,0,1,1,1,braid-10,braid-10,"[""braid-0"",""braid-10"",""baseline"",""braid-100"",""braid-10000"",""braid-1000""]",parser_inclusive_subprocess_wall_clock,1,sat,0.135017946,0,0,0,,,"sat
",,"[""/net/scratch/hscra/plgrid/plgnasqret/codex-control/projects/euf-viper/runs/20260727T095337Z-plain-braid-qg7-9f86254/target/release/euf-viper"",""fabric-solve"",""--engine"",""quotient-portfolio"",""/net/scratch/hscra/plgrid/plgnasqret/codex-control/projects/euf-viper/corpora/9b39c70a794d52277a4e5d83731f0ebc50a2f3b804eb1dfc8cf32766a5ebeadc/smtlib-2025/QF_UF/QF_UF/QG-classification/qg7/gensys_brn003.smt2""]"
8,0,6926,QF_UF/QG-classification/qg7/gensys_brn003.smt2,345e2584045272eaf7e139b7acf865475bf3a45100a2890217efae0d1977946b,808127,sat,1,williams_first_order_carryover,6ad653227c3c19559c94ff26e7c6827f5db285b786b909d8b494bd463f6fcf84,1,1,0,1,2,2,baseline,baseline,"[""braid-0"",""braid-10"",""baseline"",""braid-100"",""braid-10000"",""braid-1000""]",parser_inclusive_subprocess_wall_clock,1,sat,0.109014519,0,0,0,,,"sat
",,"[""/net/scratch/hscra/plgrid/plgnasqret/codex-control/projects/euf-viper/runs/20260727T095337Z-plain-braid-qg7-9f86254/target/release/euf-viper"",""fabric-solve"",""--engine"",""quotient-portfolio"",""/net/scratch/hscra/plgrid/plgnasqret/codex-control/projects/euf-viper/corpora/9b39c70a794d52277a4e5d83731f0ebc50a2f3b804eb1dfc8cf32766a5ebeadc/smtlib-2025/QF_UF/QF_UF/QG-classification/qg7/gensys_brn003.smt2""]"
9,0,6926,QF_UF/QG-classification/qg7/gensys_brn003.smt2,345e2584045272eaf7e139b7acf865475bf3a45100a2890217efae0d1977946b,808127,sat,1,williams_first_order_carryover,6ad653227c3c19559c94ff26e7c6827f5db285b786b909d8b494bd463f6fcf84,1,1,0,1,3,3,braid-100,braid-100,"[""braid-0"",""braid-10"",""baseline"",""braid-100"",""braid-10000"",""braid-1000""]",parser_inclusive_subprocess_wall_clock,1,sat,0.147327123,0,0,0,,,"sat
",,"[""/net/scratch/hscra/plgrid/plgnasqret/codex-control/projects/euf-viper/runs/20260727T095337Z-plain-braid-qg7-9f86254/target/release/euf-viper"",""fabric-solve"",""--engine"",""quotient-portfolio"",""/net/scratch/hscra/plgrid/plgnasqret/codex-control/projects/euf-viper/corpora/9b39c70a794d52277a4e5d83731f0ebc50a2f3b804eb1dfc8cf32766a5ebeadc/smtlib-2025/QF_UF/QF_UF/QG-classification/qg7/gensys_brn003.smt2""]"
10,0,6926,QF_UF/QG-classification/qg7/gensys_brn003.smt2,345e2584045272eaf7e139b7acf865475bf3a45100a2890217efae0d1977946b,808127,sat,1,williams_first_order_carryover,6ad653227c3c19559c94ff26e7c6827f5db285b786b909d8b494bd463f6fcf84,1,1,0,1,4,4,braid-10000,braid-10000,"[""braid-0"",""braid-10"",""baseline"",""braid-100"",""braid-10000"",""braid-1000""]",parser_inclusive_subprocess_wall_clock,1,sat,0.139985374,0,0,0,,,"sat
",,"[""/net/scratch/hscra/plgrid/plgnasqret/codex-control/projects/euf-viper/runs/20260727T095337Z-plain-braid-qg7-9f86254/target/release/euf-viper"",""fabric-solve"",""--engine"",""quotient-portfolio"",""/net/scratch/hscra/plgrid/plgnasqret/codex-control/projects/euf-viper/corpora/9b39c70a794d52277a4e5d83731f0ebc50a2f3b804eb1dfc8cf32766a5ebeadc/smtlib-2025/QF_UF/QF_UF/QG-classification/qg7/gensys_brn003.smt2""]"
11,0,6926,QF_UF/QG-classification/qg7/gensys_brn003.smt2,345e2584045272eaf7e139b7acf865475bf3a45100a2890217efae0d1977946b,808127,sat,1,williams_first_order_carryover,6ad653227c3c19559c94ff26e7c6827f5db285b786b909d8b494bd463f6fcf84,1,1,0,1,5,5,braid-1000,braid-1000,"[""braid-0"",""braid-10"",""baseline"",""braid-100"",""braid-10000"",""braid-1000""]",parser_inclusive_subprocess_wall_clock,1,sat,0.181490945,0,0,0,,,"sat
",,"[""/net/scratch/hscra/plgrid/plgnasqret/codex-control/projects/euf-viper/runs/20260727T095337Z-plain-braid-qg7-9f86254/target/release/euf-viper"",""fabric-solve"",""--engine"",""quotient-portfolio"",""/net/scratch/hscra/plgrid/plgnasqret/codex-control/projects/euf-viper/corpora/9b39c70a794d52277a4e5d83731f0ebc50a2f3b804eb1dfc8cf32766a5ebeadc/smtlib-2025/QF_UF/QF_UF/QG-classification/qg7/gensys_brn003.smt2""]"
12,0,6926,QF_UF/QG-classification/qg7/gensys_brn003.smt2,345e2584045272eaf7e139b7acf865475bf3a45100a2890217efae0d1977946b,808127,sat,1,williams_first_order_carryover,6ad653227c3c19559c94ff26e7c6827f5db285b786b909d8b494bd463f6fcf84,2,2,0,2,0,0,braid-10,braid-10,"[""braid-10"",""braid-100"",""braid-0"",""braid-1000"",""baseline"",""braid-10000""]",parser_inclusive_subprocess_wall_clock,1,sat,0.178422415,0,0,0,,,"sat
",,"[""/net/scratch/hscra/plgrid/plgnasqret/codex-control/projects/euf-viper/runs/20260727T095337Z-plain-braid-qg7-9f86254/target/release/euf-viper"",""fabric-solve"",""--engine"",""quotient-portfolio"",""/net/scratch/hscra/plgrid/plgnasqret/codex-control/projects/euf-viper/corpora/9b39c70a794d52277a4e5d83731f0ebc50a2f3b804eb1dfc8cf32766a5ebeadc/smtlib-2025/QF_UF/QF_UF/QG-classification/qg7/gensys_brn003.smt2""]"
13,0,6926,QF_UF/QG-classification/qg7/gensys_brn003.smt2,345e2584045272eaf7e139b7acf865475bf3a45100a2890217efae0d1977946b,808127,sat,1,williams_first_order_carryover,6ad653227c3c19559c94ff26e7c6827f5db285b786b909d8b494bd463f6fcf84,2,2,0,2,1,1,braid-100,braid-100,"[""braid-10"",""braid-100"",""braid-0"",""braid-1000"",""baseline"",""braid-10000""]",parser_inclusive_subprocess_wall_clock,1,sat,0.203475227,0,0,0,,,"sat
",,"[""/net/scratch/hscra/plgrid/plgnasqret/codex-control/projects/euf-viper/runs/20260727T095337Z-plain-braid-qg7-9f86254/target/release/euf-viper"",""fabric-solve"",""--engine"",""quotient-portfolio"",""/net/scratch/hscra/plgrid/plgnasqret/codex-control/projects/euf-viper/corpora/9b39c70a794d52277a4e5d83731f0ebc50a2f3b804eb1dfc8cf32766a5ebeadc/smtlib-2025/QF_UF/QF_UF/QG-classification/qg7/gensys_brn003.smt2""]"
14,0,6926,QF_UF/QG-classification/qg7/gensys_brn003.smt2,345e2584045272eaf7e139b7acf865475bf3a45100a2890217efae0d1977946b,808127,sat,1,williams_first_order_carryover,6ad653227c3c19559c94ff26e7c6827f5db285b786b909d8b494bd463f6fcf84,2,2,0,2,2,2,braid-0,braid-0,"[""braid-10"",""braid-100"",""braid-0"",""braid-1000"",""baseline"",""braid-10000""]",parser_inclusive_subprocess_wall_clock,1,sat,0.193611724,0,0,0,,,"sat
",,"[""/net/scratch/hscra/plgrid/plgnasqret/codex-control/projects/euf-viper/runs/20260727T095337Z-plain-braid-qg7-9f86254/target/release/euf-viper"",""fabric-solve"",""--engine"",""quotient-portfolio"",""/net/scratch/hscra/plgrid/plgnasqret/codex-control/projects/euf-viper/corpora/9b39c70a794d52277a4e5d83731f0ebc50a2f3b804eb1dfc8cf32766a5ebeadc/smtlib-2025/QF_UF/QF_UF/QG-classification/qg7/gensys_brn003.smt2""]"
15,0,6926,QF_UF/QG-classification/qg7/gensys_brn003.smt2,345e2584045272eaf7e139b7acf865475bf3a45100a2890217efae0d1977946b,808127,sat,1,williams_first_order_carryover,6ad653227c3c19559c94ff26e7c6827f5db285b786b909d8b494bd463f6fcf84,2,2,0,2,3,3,braid-1000,braid-1000,"[""braid-10"",""braid-100"",""braid-0"",""braid-1000"",""baseline"",""braid-10000""]",parser_inclusive_subprocess_wall_clock,1,sat,0.172156380,0,0,0,,,"sat
",,"[""/net/scratch/hscra/plgrid/plgnasqret/codex-control/projects/euf-viper/runs/20260727T095337Z-plain-braid-qg7-9f86254/target/release/euf-viper"",""fabric-solve"",""--engine"",""quotient-portfolio"",""/net/scratch/hscra/plgrid/plgnasqret/codex-control/projects/euf-viper/corpora/9b39c70a794d52277a4e5d83731f0ebc50a2f3b804eb1dfc8cf32766a5ebeadc/smtlib-2025/QF_UF/QF_UF/QG-classification/qg7/gensys_brn003.smt2""]"
16,0,6926,QF_UF/QG-classification/qg7/gensys_brn003.smt2,345e2584045272eaf7e139b7acf865475bf3a45100a2890217efae0d1977946b,808127,sat,1,williams_first_order_carryover,6ad653227c3c19559c94ff26e7c6827f5db285b786b909d8b494bd463f6fcf84,2,2,0,2,4,4,baseline,baseline,"[""braid-10"",""braid-100"",""braid-0"",""braid-1000"",""baseline"",""braid-10000""]",parser_inclusive_subprocess_wall_clock,1,sat,0.128560258,0,0,0,,,"sat
",,"[""/net/scratch/hscra/plgrid/plgnasqret/codex-control/projects/euf-viper/runs/20260727T095337Z-plain-braid-qg7-9f86254/target/release/euf-viper"",""fabric-solve"",""--engine"",""quotient-portfolio"",""/net/scratch/hscra/plgrid/plgnasqret/codex-control/projects/euf-viper/corpora/9b39c70a794d52277a4e5d83731f0ebc50a2f3b804eb1dfc8cf32766a5ebeadc/smtlib-2025/QF_UF/QF_UF/QG-classification/qg7/gensys_brn003.smt2""]"
17,0,6926,QF_UF/QG-classification/qg7/gensys_brn003.smt2,345e2584045272eaf7e139b7acf865475bf3a45100a2890217efae0d1977946b,808127,sat,1,williams_first_order_carryover,6ad653227c3c19559c94ff26e7c6827f5db285b786b909d8b494bd463f6fcf84,2,2,0,2,5,5,braid-10000,braid-10000,"[""braid-10"",""braid-100"",""braid-0"",""braid-1000"",""baseline"",""braid-10000""]",parser_inclusive_subprocess_wall_clock,1,sat,0.178442457,0,0,0,,,"sat
",,"[""/net/scratch/hscra/plgrid/plgnasqret/codex-control/projects/euf-viper/runs/20260727T095337Z-plain-braid-qg7-9f86254/target/release/euf-viper"",""fabric-solve"",""--engine"",""quotient-portfolio"",""/net/scratch/hscra/plgrid/plgnasqret/codex-control/projects/euf-viper/corpora/9b39c70a794d52277a4e5d83731f0ebc50a2f3b804eb1dfc8cf32766a5ebeadc/smtlib-2025/QF_UF/QF_UF/QG-classification/qg7/gensys_brn003.smt2""]"
18,0,6926,QF_UF/QG-classification/qg7/gensys_brn003.smt2,345e2584045272eaf7e139b7acf865475bf3a45100a2890217efae0d1977946b,808127,sat,1,williams_first_order_carryover,6ad653227c3c19559c94ff26e7c6827f5db285b786b909d8b494bd463f6fcf84,3,3,0,3,0,0,braid-100,braid-100,"[""braid-100"",""braid-1000"",""braid-10"",""braid-10000"",""braid-0"",""baseline""]",parser_inclusive_subprocess_wall_clock,1,sat,0.222457372,0,0,0,,,"sat
",,"[""/net/scratch/hscra/plgrid/plgnasqret/codex-control/projects/euf-viper/runs/20260727T095337Z-plain-braid-qg7-9f86254/target/release/euf-viper"",""fabric-solve"",""--engine"",""quotient-portfolio"",""/net/scratch/hscra/plgrid/plgnasqret/codex-control/projects/euf-viper/corpora/9b39c70a794d52277a4e5d83731f0ebc50a2f3b804eb1dfc8cf32766a5ebeadc/smtlib-2025/QF_UF/QF_UF/QG-classification/qg7/gensys_brn003.smt2""]"
19,0,6926,QF_UF/QG-classification/qg7/gensys_brn003.smt2,345e2584045272eaf7e139b7acf865475bf3a45100a2890217efae0d1977946b,808127,sat,1,williams_first_order_carryover,6ad653227c3c19559c94ff26e7c6827f5db285b786b909d8b494bd463f6fcf84,3,3,0,3,1,1,braid-1000,braid-1000,"[""braid-100"",""braid-1000"",""braid-10"",""braid-10000"",""braid-0"",""baseline""]",parser_inclusive_subprocess_wall_clock,1,sat,0.145156004,0,0,0,,,"sat
",,"[""/net/scratch/hscra/plgrid/plgnasqret/codex-control/projects/euf-viper/runs/20260727T095337Z-plain-braid-qg7-9f86254/target/release/euf-viper"",""fabric-solve"",""--engine"",""quotient-portfolio"",""/net/scratch/hscra/plgrid/plgnasqret/codex-control/projects/euf-viper/corpora/9b39c70a794d52277a4e5d83731f0ebc50a2f3b804eb1dfc8cf32766a5ebeadc/smtlib-2025/QF_UF/QF_UF/QG-classification/qg7/gensys_brn003.smt2""]"
20,0,6926,QF_UF/QG-classification/qg7/gensys_brn003.smt2,345e2584045272eaf7e139b7acf865475bf3a45100a2890217efae0d1977946b,808127,sat,1,williams_first_order_carryover,6ad653227c3c19559c94ff26e7c6827f5db285b786b909d8b494bd463f6fcf84,3,3,0,3,2,2,braid-10,braid-10,"[""braid-100"",""braid-1000"",""braid-10"",""braid-10000"",""braid-0"",""baseline""]",parser_inclusive_subprocess_wall_clock,1,sat,0.159534067,0,0,0,,,"sat
",,"[""/net/scratch/hscra/plgrid/plgnasqret/codex-control/projects/euf-viper/runs/20260727T095337Z-plain-braid-qg7-9f86254/target/release/euf-viper"",""fabric-solve"",""--engine"",""quotient-portfolio"",""/net/scratch/hscra/plgrid/plgnasqret/codex-control/projects/euf-viper/corpora/9b39c70a794d52277a4e5d83731f0ebc50a2f3b804eb1dfc8cf32766a5ebeadc/smtlib-2025/QF_UF/QF_UF/QG-classification/qg7/gensys_brn003.smt2""]"
21,0,6926,QF_UF/QG-classification/qg7/gensys_brn003.smt2,345e2584045272eaf7e139b7acf865475bf3a45100a2890217efae0d1977946b,808127,sat,1,williams_first_order_carryover,6ad653227c3c19559c94ff26e7c6827f5db285b786b909d8b494bd463f6fcf84,3,3,0,3,3,3,braid-10000,braid-10000,"[""braid-100"",""braid-1000"",""braid-10"",""braid-10000"",""braid-0"",""baseline""]",parser_inclusive_subprocess_wall_clock,1,sat,0.180775683,0,0,0,,,"sat
",,"[""/net/scratch/hscra/plgrid/plgnasqret/codex-control/projects/euf-viper/runs/20260727T095337Z-plain-braid-qg7-9f86254/target/release/euf-viper"",""fabric-solve"",""--engine"",""quotient-portfolio"",""/net/scratch/hscra/plgrid/plgnasqret/codex-control/projects/euf-viper/corpora/9b39c70a794d52277a4e5d83731f0ebc50a2f3b804eb1dfc8cf32766a5ebeadc/smtlib-2025/QF_UF/QF_UF/QG-classification/qg7/gensys_brn003.smt2""]"
22,0,6926,QF_UF/QG-classification/qg7/gensys_brn003.smt2,345e2584045272eaf7e139b7acf865475bf3a45100a2890217efae0d1977946b,808127,sat,1,williams_first_order_carryover,6ad653227c3c19559c94ff26e7c6827f5db285b786b909d8b494bd463f6fcf84,3,3,0,3,4,4,braid-0,braid-0,"[""braid-100"",""braid-1000"",""braid-10"",""braid-10000"",""braid-0"",""baseline""]",parser_inclusive_subprocess_wall_clock,1,sat,0.200262558,0,0,0,,,"sat
",,"[""/net/scratch/hscra/plgrid/plgnasqret/codex-control/projects/euf-viper/runs/20260727T095337Z-plain-braid-qg7-9f86254/target/release/euf-viper"",""fabric-solve"",""--engine"",""quotient-portfolio"",""/net/scratch/hscra/plgrid/plgnasqret/codex-control/projects/euf-viper/corpora/9b39c70a794d52277a4e5d83731f0ebc50a2f3b804eb1dfc8cf32766a5ebeadc/smtlib-2025/QF_UF/QF_UF/QG-classification/qg7/gensys_brn003.smt2""]"
23,0,6926,QF_UF/QG-classification/qg7/gensys_brn003.smt2,345e2584045272eaf7e139b7acf865475bf3a45100a2890217efae0d1977946b,808127,sat,1,williams_first_order_carryover,6ad653227c3c19559c94ff26e7c6827f5db285b786b909d8b494bd463f6fcf84,3,3,0,3,5,5,baseline,baseline,"[""braid-100"",""braid-1000"",""braid-10"",""braid-10000"",""braid-0"",""baseline""]",parser_inclusive_subprocess_wall_clock,1,sat,0.100883029,0,0,0,,,"sat
",,"[""/net/scratch/hscra/plgrid/plgnasqret/codex-control/projects/euf-viper/runs/20260727T095337Z-plain-braid-qg7-9f86254/target/release/euf-viper"",""fabric-solve"",""--engine"",""quotient-portfolio"",""/net/scratch/hscra/plgrid/plgnasqret/codex-control/projects/euf-viper/corpora/9b39c70a794d52277a4e5d83731f0ebc50a2f3b804eb1dfc8cf32766a5ebeadc/smtlib-2025/QF_UF/QF_UF/QG-classification/qg7/gensys_brn003.smt2""]"
24,0,6926,QF_UF/QG-classification/qg7/gensys_brn003.smt2,345e2584045272eaf7e139b7acf865475bf3a45100a2890217efae0d1977946b,808127,sat,1,williams_first_order_carryover,6ad653227c3c19559c94ff26e7c6827f5db285b786b909d8b494bd463f6fcf84,4,4,0,4,0,0,braid-1000,braid-1000,"[""braid-1000"",""braid-10000"",""braid-100"",""baseline"",""braid-10"",""braid-0""]",parser_inclusive_subprocess_wall_clock,1,sat,0.141998764,0,0,0,,,"sat
",,"[""/net/scratch/hscra/plgrid/plgnasqret/codex-control/projects/euf-viper/runs/20260727T095337Z-plain-braid-qg7-9f86254/target/release/euf-viper"",""fabric-solve"",""--engine"",""quotient-portfolio"",""/net/scratch/hscra/plgrid/plgnasqret/codex-control/projects/euf-viper/corpora/9b39c70a794d52277a4e5d83731f0ebc50a2f3b804eb1dfc8cf32766a5ebeadc/smtlib-2025/QF_UF/QF_UF/QG-classification/qg7/gensys_brn003.smt2""]"
25,0,6926,QF_UF/QG-classification/qg7/gensys_brn003.smt2,345e2584045272eaf7e139b7acf865475bf3a45100a2890217efae0d1977946b,808127,sat,1,williams_first_order_carryover,6ad653227c3c19559c94ff26e7c6827f5db285b786b909d8b494bd463f6fcf84,4,4,0,4,1,1,braid-10000,braid-10000,"[""braid-1000"",""braid-10000"",""braid-100"",""baseline"",""braid-10"",""braid-0""]",parser_inclusive_subprocess_wall_clock,1,sat,0.162653408,0,0,0,,,"sat
",,"[""/net/scratch/hscra/plgrid/plgnasqret/codex-control/projects/euf-viper/runs/20260727T095337Z-plain-braid-qg7-9f86254/target/release/euf-viper"",""fabric-solve"",""--engine"",""quotient-portfolio"",""/net/scratch/hscra/plgrid/plgnasqret/codex-control/projects/euf-viper/corpora/9b39c70a794d52277a4e5d83731f0ebc50a2f3b804eb1dfc8cf32766a5ebeadc/smtlib-2025/QF_UF/QF_UF/QG-classification/qg7/gensys_brn003.smt2""]"
26,0,6926,QF_UF/QG-classification/qg7/gensys_brn003.smt2,345e2584045272eaf7e139b7acf865475bf3a45100a2890217efae0d1977946b,808127,sat,1,williams_first_order_carryover,6ad653227c3c19559c94ff26e7c6827f5db285b786b909d8b494bd463f6fcf84,4,4,0,4,2,2,braid-100,braid-100,"[""braid-1000"",""braid-10000"",""braid-100"",""baseline"",""braid-10"",""braid-0""]",parser_inclusive_subprocess_wall_clock,1,sat,0.164528418,0,0,0,,,"sat
",,"[""/net/scratch/hscra/plgrid/plgnasqret/codex-control/projects/euf-viper/runs/20260727T095337Z-plain-braid-qg7-9f86254/target/release/euf-viper"",""fabric-solve"",""--engine"",""quotient-portfolio"",""/net/scratch/hscra/plgrid/plgnasqret/codex-control/projects/euf-viper/corpora/9b39c70a794d52277a4e5d83731f0ebc50a2f3b804eb1dfc8cf32766a5ebeadc/smtlib-2025/QF_UF/QF_UF/QG-classification/qg7/gensys_brn003.smt2""]"
27,0,6926,QF_UF/QG-classification/qg7/gensys_brn003.smt2,345e2584045272eaf7e139b7acf865475bf3a45100a2890217efae0d1977946b,808127,sat,1,williams_first_order_carryover,6ad653227c3c19559c94ff26e7c6827f5db285b786b909d8b494bd463f6fcf84,4,4,0,4,3,3,baseline,baseline,"[""braid-1000"",""braid-10000"",""braid-100"",""baseline"",""braid-10"",""braid-0""]",parser_inclusive_subprocess_wall_clock,1,sat,0.103705470,0,0,0,,,"sat
",,"[""/net/scratch/hscra/plgrid/plgnasqret/codex-control/projects/euf-viper/runs/20260727T095337Z-plain-braid-qg7-9f86254/target/release/euf-viper"",""fabric-solve"",""--engine"",""quotient-portfolio"",""/net/scratch/hscra/plgrid/plgnasqret/codex-control/projects/euf-viper/corpora/9b39c70a794d52277a4e5d83731f0ebc50a2f3b804eb1dfc8cf32766a5ebeadc/smtlib-2025/QF_UF/QF_UF/QG-classification/qg7/gensys_brn003.smt2""]"
28,0,6926,QF_UF/QG-classification/qg7/gensys_brn003.smt2,345e2584045272eaf7e139b7acf865475bf3a45100a2890217efae0d1977946b,808127,sat,1,williams_first_order_carryover,6ad653227c3c19559c94ff26e7c6827f5db285b786b909d8b494bd463f6fcf84,4,4,0,4,4,4,braid-10,braid-10,"[""braid-1000"",""braid-10000"",""braid-100"",""baseline"",""braid-10"",""braid-0""]",parser_inclusive_subprocess_wall_clock,1,sat,0.161827951,0,0,0,,,"sat
",,"[""/net/scratch/hscra/plgrid/plgnasqret/codex-control/projects/euf-viper/runs/20260727T095337Z-plain-braid-qg7-9f86254/target/release/euf-viper"",""fabric-solve"",""--engine"",""quotient-portfolio"",""/net/scratch/hscra/plgrid/plgnasqret/codex-control/projects/euf-viper/corpora/9b39c70a794d52277a4e5d83731f0ebc50a2f3b804eb1dfc8cf32766a5ebeadc/smtlib-2025/QF_UF/QF_UF/QG-classification/qg7/gensys_brn003.smt2""]"
29,0,6926,QF_UF/QG-classification/qg7/gensys_brn003.smt2,345e2584045272eaf7e139b7acf865475bf3a45100a2890217efae0d1977946b,808127,sat,1,williams_first_order_carryover,6ad653227c3c19559c94ff26e7c6827f5db285b786b909d8b494bd463f6fcf84,4,4,0,4,5,5,braid-0,braid-0,"[""braid-1000"",""braid-10000"",""braid-100"",""baseline"",""braid-10"",""braid-0""]",parser_inclusive_subprocess_wall_clock,1,sat,0.187781039,0,0,0,,,"sat
",,"[""/net/scratch/hscra/plgrid/plgnasqret/codex-control/projects/euf-viper/runs/20260727T095337Z-plain-braid-qg7-9f86254/target/release/euf-viper"",""fabric-solve"",""--engine"",""quotient-portfolio"",""/net/scratch/hscra/plgrid/plgnasqret/codex-control/projects/euf-viper/corpora/9b39c70a794d52277a4e5d83731f0ebc50a2f3b804eb1dfc8cf32766a5ebeadc/smtlib-2025/QF_UF/QF_UF/QG-classification/qg7/gensys_brn003.smt2""]"
30,0,6926,QF_UF/QG-classification/qg7/gensys_brn003.smt2,345e2584045272eaf7e139b7acf865475bf3a45100a2890217efae0d1977946b,808127,sat,1,williams_first_order_carryover,6ad653227c3c19559c94ff26e7c6827f5db285b786b909d8b494bd463f6fcf84,5,5,0,5,0,0,braid-10000,braid-10000,"[""braid-10000"",""baseline"",""braid-1000"",""braid-0"",""braid-100"",""braid-10""]",parser_inclusive_subprocess_wall_clock,1,sat,0.150125465,0,0,0,,,"sat
",,"[""/net/scratch/hscra/plgrid/plgnasqret/codex-control/projects/euf-viper/runs/20260727T095337Z-plain-braid-qg7-9f86254/target/release/euf-viper"",""fabric-solve"",""--engine"",""quotient-portfolio"",""/net/scratch/hscra/plgrid/plgnasqret/codex-control/projects/euf-viper/corpora/9b39c70a794d52277a4e5d83731f0ebc50a2f3b804eb1dfc8cf32766a5ebeadc/smtlib-2025/QF_UF/QF_UF/QG-classification/qg7/gensys_brn003.smt2""]"
31,0,6926,QF_UF/QG-classification/qg7/gensys_brn003.smt2,345e2584045272eaf7e139b7acf865475bf3a45100a2890217efae0d1977946b,808127,sat,1,williams_first_order_carryover,6ad653227c3c19559c94ff26e7c6827f5db285b786b909d8b494bd463f6fcf84,5,5,0,5,1,1,baseline,baseline,"[""braid-10000"",""baseline"",""braid-1000"",""braid-0"",""braid-100"",""braid-10""]",parser_inclusive_subprocess_wall_clock,1,sat,0.095078075,0,0,0,,,"sat
",,"[""/net/scratch/hscra/plgrid/plgnasqret/codex-control/projects/euf-viper/runs/20260727T095337Z-plain-braid-qg7-9f86254/target/release/euf-viper"",""fabric-solve"",""--engine"",""quotient-portfolio"",""/net/scratch/hscra/plgrid/plgnasqret/codex-control/projects/euf-viper/corpora/9b39c70a794d52277a4e5d83731f0ebc50a2f3b804eb1dfc8cf32766a5ebeadc/smtlib-2025/QF_UF/QF_UF/QG-classification/qg7/gensys_brn003.smt2""]"
32,0,6926,QF_UF/QG-classification/qg7/gensys_brn003.smt2,345e2584045272eaf7e139b7acf865475bf3a45100a2890217efae0d1977946b,808127,sat,1,williams_first_order_carryover,6ad653227c3c19559c94ff26e7c6827f5db285b786b909d8b494bd463f6fcf84,5,5,0,5,2,2,braid-1000,braid-1000,"[""braid-10000"",""baseline"",""braid-1000"",""braid-0"",""braid-100"",""braid-10""]",parser_inclusive_subprocess_wall_clock,1,sat,0.122233647,0,0,0,,,"sat
",,"[""/net/scratch/hscra/plgrid/plgnasqret/codex-control/projects/euf-viper/runs/20260727T095337Z-plain-braid-qg7-9f86254/target/release/euf-viper"",""fabric-solve"",""--engine"",""quotient-portfolio"",""/net/scratch/hscra/plgrid/plgnasqret/codex-control/projects/euf-viper/corpora/9b39c70a794d52277a4e5d83731f0ebc50a2f3b804eb1dfc8cf32766a5ebeadc/smtlib-2025/QF_UF/QF_UF/QG-classification/qg7/gensys_brn003.smt2""]"
33,0,6926,QF_UF/QG-classification/qg7/gensys_brn003.smt2,345e2584045272eaf7e139b7acf865475bf3a45100a2890217efae0d1977946b,808127,sat,1,williams_first_order_carryover,6ad653227c3c19559c94ff26e7c6827f5db285b786b909d8b494bd463f6fcf84,5,5,0,5,3,3,braid-0,braid-0,"[""braid-10000"",""baseline"",""braid-1000"",""braid-0"",""braid-100"",""braid-10""]",parser_inclusive_subprocess_wall_clock,1,sat,0.138084944,0,0,0,,,"sat
",,"[""/net/scratch/hscra/plgrid/plgnasqret/codex-control/projects/euf-viper/runs/20260727T095337Z-plain-braid-qg7-9f86254/target/release/euf-viper"",""fabric-solve"",""--engine"",""quotient-portfolio"",""/net/scratch/hscra/plgrid/plgnasqret/codex-control/projects/euf-viper/corpora/9b39c70a794d52277a4e5d83731f0ebc50a2f3b804eb1dfc8cf32766a5ebeadc/smtlib-2025/QF_UF/QF_UF/QG-classification/qg7/gensys_brn003.smt2""]"
34,0,6926,QF_UF/QG-classification/qg7/gensys_brn003.smt2,345e2584045272eaf7e139b7acf865475bf3a45100a2890217efae0d1977946b,808127,sat,1,williams_first_order_carryover,6ad653227c3c19559c94ff26e7c6827f5db285b786b909d8b494bd463f6fcf84,5,5,0,5,4,4,braid-100,braid-100,"[""braid-10000"",""baseline"",""braid-1000"",""braid-0"",""braid-100"",""braid-10""]",parser_inclusive_subprocess_wall_clock,1,sat,0.135756016,0,0,0,,,"sat
",,"[""/net/scratch/hscra/plgrid/plgnasqret/codex-control/projects/euf-viper/runs/20260727T095337Z-plain-braid-qg7-9f86254/target/release/euf-viper"",""fabric-solve"",""--engine"",""quotient-portfolio"",""/net/scratch/hscra/plgrid/plgnasqret/codex-control/projects/euf-viper/corpora/9b39c70a794d52277a4e5d83731f0ebc50a2f3b804eb1dfc8cf32766a5ebeadc/smtlib-2025/QF_UF/QF_UF/QG-classification/qg7/gensys_brn003.smt2""]"
35,0,6926,QF_UF/QG-classification/qg7/gensys_brn003.smt2,345e2584045272eaf7e139b7acf865475bf3a45100a2890217efae0d1977946b,808127,sat,1,williams_first_order_carryover,6ad653227c3c19559c94ff26e7c6827f5db285b786b909d8b494bd463f6fcf84,5,5,0,5,5,5,braid-10,braid-10,"[""braid-10000"",""baseline"",""braid-1000"",""braid-0"",""braid-100"",""braid-10""]",parser_inclusive_subprocess_wall_clock,1,sat,0.140273070,0,0,0,,,"sat
",,"[""/net/scratch/hscra/plgrid/plgnasqret/codex-control/projects/euf-viper/runs/20260727T095337Z-plain-braid-qg7-9f86254/target/release/euf-viper"",""fabric-solve"",""--engine"",""quotient-portfolio"",""/net/scratch/hscra/plgrid/plgnasqret/codex-control/projects/euf-viper/corpora/9b39c70a794d52277a4e5d83731f0ebc50a2f3b804eb1dfc8cf32766a5ebeadc/smtlib-2025/QF_UF/QF_UF/QG-classification/qg7/gensys_brn003.smt2""]"
36,1,7035,QF_UF/QG-classification/qg7/gensys_icl002.smt2,ea97848482057ed53c6551446efc26b8cfbb41d7c804b478fbf361d2b8e76b89,811783,unsat,1,williams_first_order_carryover,6ad653227c3c19559c94ff26e7c6827f5db285b786b909d8b494bd463f6fcf84,0,0,0,0,0,0,baseline,baseline,"[""baseline"",""braid-0"",""braid-10000"",""braid-10"",""braid-1000"",""braid-100""]",parser_inclusive_subprocess_wall_clock,1,timeout,2.007368501,124,-9,1,timeout,exceeded 2 seconds,,,"[""/net/scratch/hscra/plgrid/plgnasqret/codex-control/projects/euf-viper/runs/20260727T095337Z-plain-braid-qg7-9f86254/target/release/euf-viper"",""fabric-solve"",""--engine"",""quotient-portfolio"",""/net/scratch/hscra/plgrid/plgnasqret/codex-control/projects/euf-viper/corpora/9b39c70a794d52277a4e5d83731f0ebc50a2f3b804eb1dfc8cf32766a5ebeadc/smtlib-2025/QF_UF/QF_UF/QG-classification/qg7/gensys_icl002.smt2""]"
37,1,7035,QF_UF/QG-classification/qg7/gensys_icl002.smt2,ea97848482057ed53c6551446efc26b8cfbb41d7c804b478fbf361d2b8e76b89,811783,unsat,1,williams_first_order_carryover,6ad653227c3c19559c94ff26e7c6827f5db285b786b909d8b494bd463f6fcf84,0,0,0,0,1,1,braid-0,braid-0,"[""baseline"",""braid-0"",""braid-10000"",""braid-10"",""braid-1000"",""braid-100""]",parser_inclusive_subprocess_wall_clock,1,timeout,2.013380493,124,-9,1,timeout,exceeded 2 seconds,,,"[""/net/scratch/hscra/plgrid/plgnasqret/codex-control/projects/euf-viper/runs/20260727T095337Z-plain-braid-qg7-9f86254/target/release/euf-viper"",""fabric-solve"",""--engine"",""quotient-portfolio"",""/net/scratch/hscra/plgrid/plgnasqret/codex-control/projects/euf-viper/corpora/9b39c70a794d52277a4e5d83731f0ebc50a2f3b804eb1dfc8cf32766a5ebeadc/smtlib-2025/QF_UF/QF_UF/QG-classification/qg7/gensys_icl002.smt2""]"
38,1,7035,QF_UF/QG-classification/qg7/gensys_icl002.smt2,ea97848482057ed53c6551446efc26b8cfbb41d7c804b478fbf361d2b8e76b89,811783,unsat,1,williams_first_order_carryover,6ad653227c3c19559c94ff26e7c6827f5db285b786b909d8b494bd463f6fcf84,0,0,0,0,2,2,braid-10000,braid-10000,"[""baseline"",""braid-0"",""braid-10000"",""braid-10"",""braid-1000"",""braid-100""]",parser_inclusive_subprocess_wall_clock,1,timeout,2.008115463,124,-9,1,timeout,exceeded 2 seconds,,,"[""/net/scratch/hscra/plgrid/plgnasqret/codex-control/projects/euf-viper/runs/20260727T095337Z-plain-braid-qg7-9f86254/target/release/euf-viper"",""fabric-solve"",""--engine"",""quotient-portfolio"",""/net/scratch/hscra/plgrid/plgnasqret/codex-control/projects/euf-viper/corpora/9b39c70a794d52277a4e5d83731f0ebc50a2f3b804eb1dfc8cf32766a5ebeadc/smtlib-2025/QF_UF/QF_UF/QG-classification/qg7/gensys_icl002.smt2""]"
39,1,7035,QF_UF/QG-classification/qg7/gensys_icl002.smt2,ea97848482057ed53c6551446efc26b8cfbb41d7c804b478fbf361d2b8e76b89,811783,unsat,1,williams_first_order_carryover,6ad653227c3c19559c94ff26e7c6827f5db285b786b909d8b494bd463f6fcf84,0,0,0,0,3,3,braid-10,braid-10,"[""baseline"",""braid-0"",""braid-10000"",""braid-10"",""braid-1000"",""braid-100""]",parser_inclusive_subprocess_wall_clock,1,timeout,2.008228352,124,-9,1,timeout,exceeded 2 seconds,,,"[""/net/scratch/hscra/plgrid/plgnasqret/codex-control/projects/euf-viper/runs/20260727T095337Z-plain-braid-qg7-9f86254/target/release/euf-viper"",""fabric-solve"",""--engine"",""quotient-portfolio"",""/net/scratch/hscra/plgrid/plgnasqret/codex-control/projects/euf-viper/corpora/9b39c70a794d52277a4e5d83731f0ebc50a2f3b804eb1dfc8cf32766a5ebeadc/smtlib-2025/QF_UF/QF_UF/QG-classification/qg7/gensys_icl002.smt2""]"
40,1,7035,QF_UF/QG-classification/qg7/gensys_icl002.smt2,ea97848482057ed53c6551446efc26b8cfbb41d7c804b478fbf361d2b8e76b89,811783,unsat,1,williams_first_order_carryover,6ad653227c3c19559c94ff26e7c6827f5db285b786b909d8b494bd463f6fcf84,0,0,0,0,4,4,braid-1000,braid-1000,"[""baseline"",""braid-0"",""braid-10000"",""braid-10"",""braid-1000"",""braid-100""]",parser_inclusive_subprocess_wall_clock,1,timeout,2.008136056,124,-9,1,timeout,exceeded 2 seconds,,,"[""/net/scratch/hscra/plgrid/plgnasqret/codex-control/projects/euf-viper/runs/20260727T095337Z-plain-braid-qg7-9f86254/target/release/euf-viper"",""fabric-solve"",""--engine"",""quotient-portfolio"",""/net/scratch/hscra/plgrid/plgnasqret/codex-control/projects/euf-viper/corpora/9b39c70a794d52277a4e5d83731f0ebc50a2f3b804eb1dfc8cf32766a5ebeadc/smtlib-2025/QF_UF/QF_UF/QG-classification/qg7/gensys_icl002.smt2""]"
41,1,7035,QF_UF/QG-classification/qg7/gensys_icl002.smt2,ea97848482057ed53c6551446efc26b8cfbb41d7c804b478fbf361d2b8e76b89,811783,unsat,1,williams_first_order_carryover,6ad653227c3c19559c94ff26e7c6827f5db285b786b909d8b494bd463f6fcf84,0,0,0,0,5,5,braid-100,braid-100,"[""baseline"",""braid-0"",""braid-10000"",""braid-10"",""braid-1000"",""braid-100""]",parser_inclusive_subprocess_wall_clock,1,timeout,2.006786549,124,-9,1,timeout,exceeded 2 seconds,,,"[""/net/scratch/hscra/plgrid/plgnasqret/codex-control/projects/euf-viper/runs/20260727T095337Z-plain-braid-qg7-9f86254/target/release/euf-viper"",""fabric-solve"",""--engine"",""quotient-portfolio"",""/net/scratch/hscra/plgrid/plgnasqret/codex-control/projects/euf-viper/corpora/9b39c70a794d52277a4e5d83731f0ebc50a2f3b804eb1dfc8cf32766a5ebeadc/smtlib-2025/QF_UF/QF_UF/QG-classification/qg7/gensys_icl002.smt2""]"
42,1,7035,QF_UF/QG-classification/qg7/gensys_icl002.smt2,ea97848482057ed53c6551446efc26b8cfbb41d7c804b478fbf361d2b8e76b89,811783,unsat,1,williams_first_order_carryover,6ad653227c3c19559c94ff26e7c6827f5db285b786b909d8b494bd463f6fcf84,1,1,0,1,0,0,braid-0,braid-0,"[""braid-0"",""braid-10"",""baseline"",""braid-100"",""braid-10000"",""braid-1000""]",parser_inclusive_subprocess_wall_clock,1,timeout,2.009333855,124,-9,1,timeout,exceeded 2 seconds,,,"[""/net/scratch/hscra/plgrid/plgnasqret/codex-control/projects/euf-viper/runs/20260727T095337Z-plain-braid-qg7-9f86254/target/release/euf-viper"",""fabric-solve"",""--engine"",""quotient-portfolio"",""/net/scratch/hscra/plgrid/plgnasqret/codex-control/projects/euf-viper/corpora/9b39c70a794d52277a4e5d83731f0ebc50a2f3b804eb1dfc8cf32766a5ebeadc/smtlib-2025/QF_UF/QF_UF/QG-classification/qg7/gensys_icl002.smt2""]"
43,1,7035,QF_UF/QG-classification/qg7/gensys_icl002.smt2,ea97848482057ed53c6551446efc26b8cfbb41d7c804b478fbf361d2b8e76b89,811783,unsat,1,williams_first_order_carryover,6ad653227c3c19559c94ff26e7c6827f5db285b786b909d8b494bd463f6fcf84,1,1,0,1,1,1,braid-10,braid-10,"[""braid-0"",""braid-10"",""baseline"",""braid-100"",""braid-10000"",""braid-1000""]",parser_inclusive_subprocess_wall_clock,1,timeout,2.008378733,124,-9,1,timeout,exceeded 2 seconds,,,"[""/net/scratch/hscra/plgrid/plgnasqret/codex-control/projects/euf-viper/runs/20260727T095337Z-plain-braid-qg7-9f86254/target/release/euf-viper"",""fabric-solve"",""--engine"",""quotient-portfolio"",""/net/scratch/hscra/plgrid/plgnasqret/codex-control/projects/euf-viper/corpora/9b39c70a794d52277a4e5d83731f0ebc50a2f3b804eb1dfc8cf32766a5ebeadc/smtlib-2025/QF_UF/QF_UF/QG-classification/qg7/gensys_icl002.smt2""]"
44,1,7035,QF_UF/QG-classification/qg7/gensys_icl002.smt2,ea97848482057ed53c6551446efc26b8cfbb41d7c804b478fbf361d2b8e76b89,811783,unsat,1,williams_first_order_carryover,6ad653227c3c19559c94ff26e7c6827f5db285b786b909d8b494bd463f6fcf84,1,1,0,1,2,2,baseline,baseline,"[""braid-0"",""braid-10"",""baseline"",""braid-100"",""braid-10000"",""braid-1000""]",parser_inclusive_subprocess_wall_clock,1,timeout,2.007442450,124,-9,1,timeout,exceeded 2 seconds,,,"[""/net/scratch/hscra/plgrid/plgnasqret/codex-control/projects/euf-viper/runs/20260727T095337Z-plain-braid-qg7-9f86254/target/release/euf-viper"",""fabric-solve"",""--engine"",""quotient-portfolio"",""/net/scratch/hscra/plgrid/plgnasqret/codex-control/projects/euf-viper/corpora/9b39c70a794d52277a4e5d83731f0ebc50a2f3b804eb1dfc8cf32766a5ebeadc/smtlib-2025/QF_UF/QF_UF/QG-classification/qg7/gensys_icl002.smt2""]"
45,1,7035,QF_UF/QG-classification/qg7/gensys_icl002.smt2,ea97848482057ed53c6551446efc26b8cfbb41d7c804b478fbf361d2b8e76b89,811783,unsat,1,williams_first_order_carryover,6ad653227c3c19559c94ff26e7c6827f5db285b786b909d8b494bd463f6fcf84,1,1,0,1,3,3,braid-100,braid-100,"[""braid-0"",""braid-10"",""baseline"",""braid-100"",""braid-10000"",""braid-1000""]",parser_inclusive_subprocess_wall_clock,1,timeout,2.007184071,124,-9,1,timeout,exceeded 2 seconds,,,"[""/net/scratch/hscra/plgrid/plgnasqret/codex-control/projects/euf-viper/runs/20260727T095337Z-plain-braid-qg7-9f86254/target/release/euf-viper"",""fabric-solve"",""--engine"",""quotient-portfolio"",""/net/scratch/hscra/plgrid/plgnasqret/codex-control/projects/euf-viper/corpora/9b39c70a794d52277a4e5d83731f0ebc50a2f3b804eb1dfc8cf32766a5ebeadc/smtlib-2025/QF_UF/QF_UF/QG-classification/qg7/gensys_icl002.smt2""]"
46,1,7035,QF_UF/QG-classification/qg7/gensys_icl002.smt2,ea97848482057ed53c6551446efc26b8cfbb41d7c804b478fbf361d2b8e76b89,811783,unsat,1,williams_first_order_carryover,6ad653227c3c19559c94ff26e7c6827f5db285b786b909d8b494bd463f6fcf84,1,1,0,1,4,4,braid-10000,braid-10000,"[""braid-0"",""braid-10"",""baseline"",""braid-100"",""braid-10000"",""braid-1000""]",parser_inclusive_subprocess_wall_clock,1,timeout,2.008436635,124,-9,1,timeout,exceeded 2 seconds,,,"[""/net/scratch/hscra/plgrid/plgnasqret/codex-control/projects/euf-viper/runs/20260727T095337Z-plain-braid-qg7-9f86254/target/release/euf-viper"",""fabric-solve"",""--engine"",""quotient-portfolio"",""/net/scratch/hscra/plgrid/plgnasqret/codex-control/projects/euf-viper/corpora/9b39c70a794d52277a4e5d83731f0ebc50a2f3b804eb1dfc8cf32766a5ebeadc/smtlib-2025/QF_UF/QF_UF/QG-classification/qg7/gensys_icl002.smt2""]"
47,1,7035,QF_UF/QG-classification/qg7/gensys_icl002.smt2,ea97848482057ed53c6551446efc26b8cfbb41d7c804b478fbf361d2b8e76b89,811783,unsat,1,williams_first_order_carryover,6ad653227c3c19559c94ff26e7c6827f5db285b786b909d8b494bd463f6fcf84,1,1,0,1,5,5,braid-1000,braid-1000,"[""braid-0"",""braid-10"",""baseline"",""braid-100"",""braid-10000"",""braid-1000""]",parser_inclusive_subprocess_wall_clock,1,timeout,2.009208237,124,-9,1,timeout,exceeded 2 seconds,,,"[""/net/scratch/hscra/plgrid/plgnasqret/codex-control/projects/euf-viper/runs/20260727T095337Z-plain-braid-qg7-9f86254/target/release/euf-viper"",""fabric-solve"",""--engine"",""quotient-portfolio"",""/net/scratch/hscra/plgrid/plgnasqret/codex-control/projects/euf-viper/corpora/9b39c70a794d52277a4e5d83731f0ebc50a2f3b804eb1dfc8cf32766a5ebeadc/smtlib-2025/QF_UF/QF_UF/QG-classification/qg7/gensys_icl002.smt2""]"
48,1,7035,QF_UF/QG-classification/qg7/gensys_icl002.smt2,ea97848482057ed53c6551446efc26b8cfbb41d7c804b478fbf361d2b8e76b89,811783,unsat,1,williams_first_order_carryover,6ad653227c3c19559c94ff26e7c6827f5db285b786b909d8b494bd463f6fcf84,2,2,0,2,0,0,braid-10,braid-10,"[""braid-10"",""braid-100"",""braid-0"",""braid-1000"",""baseline"",""braid-10000""]",parser_inclusive_subprocess_wall_clock,1,timeout,2.008280217,124,-9,1,timeout,exceeded 2 seconds,,,"[""/net/scratch/hscra/plgrid/plgnasqret/codex-control/projects/euf-viper/runs/20260727T095337Z-plain-braid-qg7-9f86254/target/release/euf-viper"",""fabric-solve"",""--engine"",""quotient-portfolio"",""/net/scratch/hscra/plgrid/plgnasqret/codex-control/projects/euf-viper/corpora/9b39c70a794d52277a4e5d83731f0ebc50a2f3b804eb1dfc8cf32766a5ebeadc/smtlib-2025/QF_UF/QF_UF/QG-classification/qg7/gensys_icl002.smt2""]"
49,1,7035,QF_UF/QG-classification/qg7/gensys_icl002.smt2,ea97848482057ed53c6551446efc26b8cfbb41d7c804b478fbf361d2b8e76b89,811783,unsat,1,williams_first_order_carryover,6ad653227c3c19559c94ff26e7c6827f5db285b786b909d8b494bd463f6fcf84,2,2,0,2,1,1,braid-100,braid-100,"[""braid-10"",""braid-100"",""braid-0"",""braid-1000"",""baseline"",""braid-10000""]",parser_inclusive_subprocess_wall_clock,1,timeout,2.007446918,124,-9,1,timeout,exceeded 2 seconds,,,"[""/net/scratch/hscra/plgrid/plgnasqret/codex-control/projects/euf-viper/runs/20260727T095337Z-plain-braid-qg7-9f86254/target/release/euf-viper"",""fabric-solve"",""--engine"",""quotient-portfolio"",""/net/scratch/hscra/plgrid/plgnasqret/codex-control/projects/euf-viper/corpora/9b39c70a794d52277a4e5d83731f0ebc50a2f3b804eb1dfc8cf32766a5ebeadc/smtlib-2025/QF_UF/QF_UF/QG-classification/qg7/gensys_icl002.smt2""]"
50,1,7035,QF_UF/QG-classification/qg7/gensys_icl002.smt2,ea97848482057ed53c6551446efc26b8cfbb41d7c804b478fbf361d2b8e76b89,811783,unsat,1,williams_first_order_carryover,6ad653227c3c19559c94ff26e7c6827f5db285b786b909d8b494bd463f6fcf84,2,2,0,2,2,2,braid-0,braid-0,"[""braid-10"",""braid-100"",""braid-0"",""braid-1000"",""baseline"",""braid-10000""]",parser_inclusive_subprocess_wall_clock,1,timeout,2.007507273,124,-9,1,timeout,exceeded 2 seconds,,,"[""/net/scratch/hscra/plgrid/plgnasqret/codex-control/projects/euf-viper/runs/20260727T095337Z-plain-braid-qg7-9f86254/target/release/euf-viper"",""fabric-solve"",""--engine"",""quotient-portfolio"",""/net/scratch/hscra/plgrid/plgnasqret/codex-control/projects/euf-viper/corpora/9b39c70a794d52277a4e5d83731f0ebc50a2f3b804eb1dfc8cf32766a5ebeadc/smtlib-2025/QF_UF/QF_UF/QG-classification/qg7/gensys_icl002.smt2""]"
51,1,7035,QF_UF/QG-classification/qg7/gensys_icl002.smt2,ea97848482057ed53c6551446efc26b8cfbb41d7c804b478fbf361d2b8e76b89,811783,unsat,1,williams_first_order_carryover,6ad653227c3c19559c94ff26e7c6827f5db285b786b909d8b494bd463f6fcf84,2,2,0,2,3,3,braid-1000,braid-1000,"[""braid-10"",""braid-100"",""braid-0"",""braid-1000"",""baseline"",""braid-10000""]",parser_inclusive_subprocess_wall_clock,1,timeout,2.007515155,124,-9,1,timeout,exceeded 2 seconds,,,"[""/net/scratch/hscra/plgrid/plgnasqret/codex-control/projects/euf-viper/runs/20260727T095337Z-plain-braid-qg7-9f86254/target/release/euf-viper"",""fabric-solve"",""--engine"",""quotient-portfolio"",""/net/scratch/hscra/plgrid/plgnasqret/codex-control/projects/euf-viper/corpora/9b39c70a794d52277a4e5d83731f0ebc50a2f3b804eb1dfc8cf32766a5ebeadc/smtlib-2025/QF_UF/QF_UF/QG-classification/qg7/gensys_icl002.smt2""]"
52,1,7035,QF_UF/QG-classification/qg7/gensys_icl002.smt2,ea97848482057ed53c6551446efc26b8cfbb41d7c804b478fbf361d2b8e76b89,811783,unsat,1,williams_first_order_carryover,6ad653227c3c19559c94ff26e7c6827f5db285b786b909d8b494bd463f6fcf84,2,2,0,2,4,4,baseline,baseline,"[""braid-10"",""braid-100"",""braid-0"",""braid-1000"",""baseline"",""braid-10000""]",parser_inclusive_subprocess_wall_clock,1,timeout,2.007676540,124,-9,1,timeout,exceeded 2 seconds,,,"[""/net/scratch/hscra/plgrid/plgnasqret/codex-control/projects/euf-viper/runs/20260727T095337Z-plain-braid-qg7-9f86254/target/release/euf-viper"",""fabric-solve"",""--engine"",""quotient-portfolio"",""/net/scratch/hscra/plgrid/plgnasqret/codex-control/projects/euf-viper/corpora/9b39c70a794d52277a4e5d83731f0ebc50a2f3b804eb1dfc8cf32766a5ebeadc/smtlib-2025/QF_UF/QF_UF/QG-classification/qg7/gensys_icl002.smt2""]"
53,1,7035,QF_UF/QG-classification/qg7/gensys_icl002.smt2,ea97848482057ed53c6551446efc26b8cfbb41d7c804b478fbf361d2b8e76b89,811783,unsat,1,williams_first_order_carryover,6ad653227c3c19559c94ff26e7c6827f5db285b786b909d8b494bd463f6fcf84,2,2,0,2,5,5,braid-10000,braid-10000,"[""braid-10"",""braid-100"",""braid-0"",""braid-1000"",""baseline"",""braid-10000""]",parser_inclusive_subprocess_wall_clock,1,timeout,2.008804297,124,-9,1,timeout,exceeded 2 seconds,,,"[""/net/scratch/hscra/plgrid/plgnasqret/codex-control/projects/euf-viper/runs/20260727T095337Z-plain-braid-qg7-9f86254/target/release/euf-viper"",""fabric-solve"",""--engine"",""quotient-portfolio"",""/net/scratch/hscra/plgrid/plgnasqret/codex-control/projects/euf-viper/corpora/9b39c70a794d52277a4e5d83731f0ebc50a2f3b804eb1dfc8cf32766a5ebeadc/smtlib-2025/QF_UF/QF_UF/QG-classification/qg7/gensys_icl002.smt2""]"
54,1,7035,QF_UF/QG-classification/qg7/gensys_icl002.smt2,ea97848482057ed53c6551446efc26b8cfbb41d7c804b478fbf361d2b8e76b89,811783,unsat,1,williams_first_order_carryover,6ad653227c3c19559c94ff26e7c6827f5db285b786b909d8b494bd463f6fcf84,3,3,0,3,0,0,braid-100,braid-100,"[""braid-100"",""braid-1000"",""braid-10"",""braid-10000"",""braid-0"",""baseline""]",parser_inclusive_subprocess_wall_clock,1,timeout,2.007935711,124,-9,1,timeout,exceeded 2 seconds,,,"[""/net/scratch/hscra/plgrid/plgnasqret/codex-control/projects/euf-viper/runs/20260727T095337Z-plain-braid-qg7-9f86254/target/release/euf-viper"",""fabric-solve"",""--engine"",""quotient-portfolio"",""/net/scratch/hscra/plgrid/plgnasqret/codex-control/projects/euf-viper/corpora/9b39c70a794d52277a4e5d83731f0ebc50a2f3b804eb1dfc8cf32766a5ebeadc/smtlib-2025/QF_UF/QF_UF/QG-classification/qg7/gensys_icl002.smt2""]"
55,1,7035,QF_UF/QG-classification/qg7/gensys_icl002.smt2,ea97848482057ed53c6551446efc26b8cfbb41d7c804b478fbf361d2b8e76b89,811783,unsat,1,williams_first_order_carryover,6ad653227c3c19559c94ff26e7c6827f5db285b786b909d8b494bd463f6fcf84,3,3,0,3,1,1,braid-1000,braid-1000,"[""braid-100"",""braid-1000"",""braid-10"",""braid-10000"",""braid-0"",""baseline""]",parser_inclusive_subprocess_wall_clock,1,timeout,2.008666639,124,-9,1,timeout,exceeded 2 seconds,,,"[""/net/scratch/hscra/plgrid/plgnasqret/codex-control/projects/euf-viper/runs/20260727T095337Z-plain-braid-qg7-9f86254/target/release/euf-viper"",""fabric-solve"",""--engine"",""quotient-portfolio"",""/net/scratch/hscra/plgrid/plgnasqret/codex-control/projects/euf-viper/corpora/9b39c70a794d52277a4e5d83731f0ebc50a2f3b804eb1dfc8cf32766a5ebeadc/smtlib-2025/QF_UF/QF_UF/QG-classification/qg7/gensys_icl002.smt2""]"
56,1,7035,QF_UF/QG-classification/qg7/gensys_icl002.smt2,ea97848482057ed53c6551446efc26b8cfbb41d7c804b478fbf361d2b8e76b89,811783,unsat,1,williams_first_order_carryover,6ad653227c3c19559c94ff26e7c6827f5db285b786b909d8b494bd463f6fcf84,3,3,0,3,2,2,braid-10,braid-10,"[""braid-100"",""braid-1000"",""braid-10"",""braid-10000"",""braid-0"",""baseline""]",parser_inclusive_subprocess_wall_clock,1,timeout,2.008938480,124,-9,1,timeout,exceeded 2 seconds,,,"[""/net/scratch/hscra/plgrid/plgnasqret/codex-control/projects/euf-viper/runs/20260727T095337Z-plain-braid-qg7-9f86254/target/release/euf-viper"",""fabric-solve"",""--engine"",""quotient-portfolio"",""/net/scratch/hscra/plgrid/plgnasqret/codex-control/projects/euf-viper/corpora/9b39c70a794d52277a4e5d83731f0ebc50a2f3b804eb1dfc8cf32766a5ebeadc/smtlib-2025/QF_UF/QF_UF/QG-classification/qg7/gensys_icl002.smt2""]"
57,1,7035,QF_UF/QG-classification/qg7/gensys_icl002.smt2,ea97848482057ed53c6551446efc26b8cfbb41d7c804b478fbf361d2b8e76b89,811783,unsat,1,williams_first_order_carryover,6ad653227c3c19559c94ff26e7c6827f5db285b786b909d8b494bd463f6fcf84,3,3,0,3,3,3,braid-10000,braid-10000,"[""braid-100"",""braid-1000"",""braid-10"",""braid-10000"",""braid-0"",""baseline""]",parser_inclusive_subprocess_wall_clock,1,timeout,2.007385480,124,-9,1,timeout,exceeded 2 seconds,,,"[""/net/scratch/hscra/plgrid/plgnasqret/codex-control/projects/euf-viper/runs/20260727T095337Z-plain-braid-qg7-9f86254/target/release/euf-viper"",""fabric-solve"",""--engine"",""quotient-portfolio"",""/net/scratch/hscra/plgrid/plgnasqret/codex-control/projects/euf-viper/corpora/9b39c70a794d52277a4e5d83731f0ebc50a2f3b804eb1dfc8cf32766a5ebeadc/smtlib-2025/QF_UF/QF_UF/QG-classification/qg7/gensys_icl002.smt2""]"
58,1,7035,QF_UF/QG-classification/qg7/gensys_icl002.smt2,ea97848482057ed53c6551446efc26b8cfbb41d7c804b478fbf361d2b8e76b89,811783,unsat,1,williams_first_order_carryover,6ad653227c3c19559c94ff26e7c6827f5db285b786b909d8b494bd463f6fcf84,3,3,0,3,4,4,braid-0,braid-0,"[""braid-100"",""braid-1000"",""braid-10"",""braid-10000"",""braid-0"",""baseline""]",parser_inclusive_subprocess_wall_clock,1,timeout,2.007898793,124,-9,1,timeout,exceeded 2 seconds,,,"[""/net/scratch/hscra/plgrid/plgnasqret/codex-control/projects/euf-viper/runs/20260727T095337Z-plain-braid-qg7-9f86254/target/release/euf-viper"",""fabric-solve"",""--engine"",""quotient-portfolio"",""/net/scratch/hscra/plgrid/plgnasqret/codex-control/projects/euf-viper/corpora/9b39c70a794d52277a4e5d83731f0ebc50a2f3b804eb1dfc8cf32766a5ebeadc/smtlib-2025/QF_UF/QF_UF/QG-classification/qg7/gensys_icl002.smt2""]"
59,1,7035,QF_UF/QG-classification/qg7/gensys_icl002.smt2,ea97848482057ed53c6551446efc26b8cfbb41d7c804b478fbf361d2b8e76b89,811783,unsat,1,williams_first_order_carryover,6ad653227c3c19559c94ff26e7c6827f5db285b786b909d8b494bd463f6fcf84,3,3,0,3,5,5,baseline,baseline,"[""braid-100"",""braid-1000"",""braid-10"",""braid-10000"",""braid-0"",""baseline""]",parser_inclusive_subprocess_wall_clock,1,timeout,2.006643966,124,-9,1,timeout,exceeded 2 seconds,,,"[""/net/scratch/hscra/plgrid/plgnasqret/codex-control/projects/euf-viper/runs/20260727T095337Z-plain-braid-qg7-9f86254/target/release/euf-viper"",""fabric-solve"",""--engine"",""quotient-portfolio"",""/net/scratch/hscra/plgrid/plgnasqret/codex-control/projects/euf-viper/corpora/9b39c70a794d52277a4e5d83731f0ebc50a2f3b804eb1dfc8cf32766a5ebeadc/smtlib-2025/QF_UF/QF_UF/QG-classification/qg7/gensys_icl002.smt2""]"
60,1,7035,QF_UF/QG-classification/qg7/gensys_icl002.smt2,ea97848482057ed53c6551446efc26b8cfbb41d7c804b478fbf361d2b8e76b89,811783,unsat,1,williams_first_order_carryover,6ad653227c3c19559c94ff26e7c6827f5db285b786b909d8b494bd463f6fcf84,4,4,0,4,0,0,braid-1000,braid-1000,"[""braid-1000"",""braid-10000"",""braid-100"",""baseline"",""braid-10"",""braid-0""]",parser_inclusive_subprocess_wall_clock,1,timeout,2.009596682,124,-9,1,timeout,exceeded 2 seconds,,,"[""/net/scratch/hscra/plgrid/plgnasqret/codex-control/projects/euf-viper/runs/20260727T095337Z-plain-braid-qg7-9f86254/target/release/euf-viper"",""fabric-solve"",""--engine"",""quotient-portfolio"",""/net/scratch/hscra/plgrid/plgnasqret/codex-control/projects/euf-viper/corpora/9b39c70a794d52277a4e5d83731f0ebc50a2f3b804eb1dfc8cf32766a5ebeadc/smtlib-2025/QF_UF/QF_UF/QG-classification/qg7/gensys_icl002.smt2""]"
61,1,7035,QF_UF/QG-classification/qg7/gensys_icl002.smt2,ea97848482057ed53c6551446efc26b8cfbb41d7c804b478fbf361d2b8e76b89,811783,unsat,1,williams_first_order_carryover,6ad653227c3c19559c94ff26e7c6827f5db285b786b909d8b494bd463f6fcf84,4,4,0,4,1,1,braid-10000,braid-10000,"[""braid-1000"",""braid-10000"",""braid-100"",""baseline"",""braid-10"",""braid-0""]",parser_inclusive_subprocess_wall_clock,1,timeout,2.009467427,124,-9,1,timeout,exceeded 2 seconds,,,"[""/net/scratch/hscra/plgrid/plgnasqret/codex-control/projects/euf-viper/runs/20260727T095337Z-plain-braid-qg7-9f86254/target/release/euf-viper"",""fabric-solve"",""--engine"",""quotient-portfolio"",""/net/scratch/hscra/plgrid/plgnasqret/codex-control/projects/euf-viper/corpora/9b39c70a794d52277a4e5d83731f0ebc50a2f3b804eb1dfc8cf32766a5ebeadc/smtlib-2025/QF_UF/QF_UF/QG-classification/qg7/gensys_icl002.smt2""]"
62,1,7035,QF_UF/QG-classification/qg7/gensys_icl002.smt2,ea97848482057ed53c6551446efc26b8cfbb41d7c804b478fbf361d2b8e76b89,811783,unsat,1,williams_first_order_carryover,6ad653227c3c19559c94ff26e7c6827f5db285b786b909d8b494bd463f6fcf84,4,4,0,4,2,2,braid-100,braid-100,"[""braid-1000"",""braid-10000"",""braid-100"",""baseline"",""braid-10"",""braid-0""]",parser_inclusive_subprocess_wall_clock,1,timeout,2.008330617,124,-9,1,timeout,exceeded 2 seconds,,,"[""/net/scratch/hscra/plgrid/plgnasqret/codex-control/projects/euf-viper/runs/20260727T095337Z-plain-braid-qg7-9f86254/target/release/euf-viper"",""fabric-solve"",""--engine"",""quotient-portfolio"",""/net/scratch/hscra/plgrid/plgnasqret/codex-control/projects/euf-viper/corpora/9b39c70a794d52277a4e5d83731f0ebc50a2f3b804eb1dfc8cf32766a5ebeadc/smtlib-2025/QF_UF/QF_UF/QG-classification/qg7/gensys_icl002.smt2""]"
63,1,7035,QF_UF/QG-classification/qg7/gensys_icl002.smt2,ea97848482057ed53c6551446efc26b8cfbb41d7c804b478fbf361d2b8e76b89,811783,unsat,1,williams_first_order_carryover,6ad653227c3c19559c94ff26e7c6827f5db285b786b909d8b494bd463f6fcf84,4,4,0,4,3,3,baseline,baseline,"[""braid-1000"",""braid-10000"",""braid-100"",""baseline"",""braid-10"",""braid-0""]",parser_inclusive_subprocess_wall_clock,1,timeout,2.006783927,124,-9,1,timeout,exceeded 2 seconds,,,"[""/net/scratch/hscra/plgrid/plgnasqret/codex-control/projects/euf-viper/runs/20260727T095337Z-plain-braid-qg7-9f86254/target/release/euf-viper"",""fabric-solve"",""--engine"",""quotient-portfolio"",""/net/scratch/hscra/plgrid/plgnasqret/codex-control/projects/euf-viper/corpora/9b39c70a794d52277a4e5d83731f0ebc50a2f3b804eb1dfc8cf32766a5ebeadc/smtlib-2025/QF_UF/QF_UF/QG-classification/qg7/gensys_icl002.smt2""]"
64,1,7035,QF_UF/QG-classification/qg7/gensys_icl002.smt2,ea97848482057ed53c6551446efc26b8cfbb41d7c804b478fbf361d2b8e76b89,811783,unsat,1,williams_first_order_carryover,6ad653227c3c19559c94ff26e7c6827f5db285b786b909d8b494bd463f6fcf84,4,4,0,4,4,4,braid-10,braid-10,"[""braid-1000"",""braid-10000"",""braid-100"",""baseline"",""braid-10"",""braid-0""]",parser_inclusive_subprocess_wall_clock,1,timeout,2.007419905,124,-9,1,timeout,exceeded 2 seconds,,,"[""/net/scratch/hscra/plgrid/plgnasqret/codex-control/projects/euf-viper/runs/20260727T095337Z-plain-braid-qg7-9f86254/target/release/euf-viper"",""fabric-solve"",""--engine"",""quotient-portfolio"",""/net/scratch/hscra/plgrid/plgnasqret/codex-control/projects/euf-viper/corpora/9b39c70a794d52277a4e5d83731f0ebc50a2f3b804eb1dfc8cf32766a5ebeadc/smtlib-2025/QF_UF/QF_UF/QG-classification/qg7/gensys_icl002.smt2""]"
65,1,7035,QF_UF/QG-classification/qg7/gensys_icl002.smt2,ea97848482057ed53c6551446efc26b8cfbb41d7c804b478fbf361d2b8e76b89,811783,unsat,1,williams_first_order_carryover,6ad653227c3c19559c94ff26e7c6827f5db285b786b909d8b494bd463f6fcf84,4,4,0,4,5,5,braid-0,braid-0,"[""braid-1000"",""braid-10000"",""braid-100"",""baseline"",""braid-10"",""braid-0""]",parser_inclusive_subprocess_wall_clock,1,timeout,2.007776660,124,-9,1,timeout,exceeded 2 seconds,,,"[""/net/scratch/hscra/plgrid/plgnasqret/codex-control/projects/euf-viper/runs/20260727T095337Z-plain-braid-qg7-9f86254/target/release/euf-viper"",""fabric-solve"",""--engine"",""quotient-portfolio"",""/net/scratch/hscra/plgrid/plgnasqret/codex-control/projects/euf-viper/corpora/9b39c70a794d52277a4e5d83731f0ebc50a2f3b804eb1dfc8cf32766a5ebeadc/smtlib-2025/QF_UF/QF_UF/QG-classification/qg7/gensys_icl002.smt2""]"
66,1,7035,QF_UF/QG-classification/qg7/gensys_icl002.smt2,ea97848482057ed53c6551446efc26b8cfbb41d7c804b478fbf361d2b8e76b89,811783,unsat,1,williams_first_order_carryover,6ad653227c3c19559c94ff26e7c6827f5db285b786b909d8b494bd463f6fcf84,5,5,0,5,0,0,braid-10000,braid-10000,"[""braid-10000"",""baseline"",""braid-1000"",""braid-0"",""braid-100"",""braid-10""]",parser_inclusive_subprocess_wall_clock,1,timeout,2.008449545,124,-9,1,timeout,exceeded 2 seconds,,,"[""/net/scratch/hscra/plgrid/plgnasqret/codex-control/projects/euf-viper/runs/20260727T095337Z-plain-braid-qg7-9f86254/target/release/euf-viper"",""fabric-solve"",""--engine"",""quotient-portfolio"",""/net/scratch/hscra/plgrid/plgnasqret/codex-control/projects/euf-viper/corpora/9b39c70a794d52277a4e5d83731f0ebc50a2f3b804eb1dfc8cf32766a5ebeadc/smtlib-2025/QF_UF/QF_UF/QG-classification/qg7/gensys_icl002.smt2""]"
67,1,7035,QF_UF/QG-classification/qg7/gensys_icl002.smt2,ea97848482057ed53c6551446efc26b8cfbb41d7c804b478fbf361d2b8e76b89,811783,unsat,1,williams_first_order_carryover,6ad653227c3c19559c94ff26e7c6827f5db285b786b909d8b494bd463f6fcf84,5,5,0,5,1,1,baseline,baseline,"[""braid-10000"",""baseline"",""braid-1000"",""braid-0"",""braid-100"",""braid-10""]",parser_inclusive_subprocess_wall_clock,1,timeout,2.007024248,124,-9,1,timeout,exceeded 2 seconds,,,"[""/net/scratch/hscra/plgrid/plgnasqret/codex-control/projects/euf-viper/runs/20260727T095337Z-plain-braid-qg7-9f86254/target/release/euf-viper"",""fabric-solve"",""--engine"",""quotient-portfolio"",""/net/scratch/hscra/plgrid/plgnasqret/codex-control/projects/euf-viper/corpora/9b39c70a794d52277a4e5d83731f0ebc50a2f3b804eb1dfc8cf32766a5ebeadc/smtlib-2025/QF_UF/QF_UF/QG-classification/qg7/gensys_icl002.smt2""]"
68,1,7035,QF_UF/QG-classification/qg7/gensys_icl002.smt2,ea97848482057ed53c6551446efc26b8cfbb41d7c804b478fbf361d2b8e76b89,811783,unsat,1,williams_first_order_carryover,6ad653227c3c19559c94ff26e7c6827f5db285b786b909d8b494bd463f6fcf84,5,5,0,5,2,2,braid-1000,braid-1000,"[""braid-10000"",""baseline"",""braid-1000"",""braid-0"",""braid-100"",""braid-10""]",parser_inclusive_subprocess_wall_clock,1,timeout,2.007844256,124,-9,1,timeout,exceeded 2 seconds,,,"[""/net/scratch/hscra/plgrid/plgnasqret/codex-control/projects/euf-viper/runs/20260727T095337Z-plain-braid-qg7-9f86254/target/release/euf-viper"",""fabric-solve"",""--engine"",""quotient-portfolio"",""/net/scratch/hscra/plgrid/plgnasqret/codex-control/projects/euf-viper/corpora/9b39c70a794d52277a4e5d83731f0ebc50a2f3b804eb1dfc8cf32766a5ebeadc/smtlib-2025/QF_UF/QF_UF/QG-classification/qg7/gensys_icl002.smt2""]"
69,1,7035,QF_UF/QG-classification/qg7/gensys_icl002.smt2,ea97848482057ed53c6551446efc26b8cfbb41d7c804b478fbf361d2b8e76b89,811783,unsat,1,williams_first_order_carryover,6ad653227c3c19559c94ff26e7c6827f5db285b786b909d8b494bd463f6fcf84,5,5,0,5,3,3,braid-0,braid-0,"[""braid-10000"",""baseline"",""braid-1000"",""braid-0"",""braid-100"",""braid-10""]",parser_inclusive_subprocess_wall_clock,1,timeout,2.007672204,124,-9,1,timeout,exceeded 2 seconds,,,"[""/net/scratch/hscra/plgrid/plgnasqret/codex-control/projects/euf-viper/runs/20260727T095337Z-plain-braid-qg7-9f86254/target/release/euf-viper"",""fabric-solve"",""--engine"",""quotient-portfolio"",""/net/scratch/hscra/plgrid/plgnasqret/codex-control/projects/euf-viper/corpora/9b39c70a794d52277a4e5d83731f0ebc50a2f3b804eb1dfc8cf32766a5ebeadc/smtlib-2025/QF_UF/QF_UF/QG-classification/qg7/gensys_icl002.smt2""]"
70,1,7035,QF_UF/QG-classification/qg7/gensys_icl002.smt2,ea97848482057ed53c6551446efc26b8cfbb41d7c804b478fbf361d2b8e76b89,811783,unsat,1,williams_first_order_carryover,6ad653227c3c19559c94ff26e7c6827f5db285b786b909d8b494bd463f6fcf84,5,5,0,5,4,4,braid-100,braid-100,"[""braid-10000"",""baseline"",""braid-1000"",""braid-0"",""braid-100"",""braid-10""]",parser_inclusive_subprocess_wall_clock,1,timeout,2.008545888,124,-9,1,timeout,exceeded 2 seconds,,,"[""/net/scratch/hscra/plgrid/plgnasqret/codex-control/projects/euf-viper/runs/20260727T095337Z-plain-braid-qg7-9f86254/target/release/euf-viper"",""fabric-solve"",""--engine"",""quotient-portfolio"",""/net/scratch/hscra/plgrid/plgnasqret/codex-control/projects/euf-viper/corpora/9b39c70a794d52277a4e5d83731f0ebc50a2f3b804eb1dfc8cf32766a5ebeadc/smtlib-2025/QF_UF/QF_UF/QG-classification/qg7/gensys_icl002.smt2""]"
71,1,7035,QF_UF/QG-classification/qg7/gensys_icl002.smt2,ea97848482057ed53c6551446efc26b8cfbb41d7c804b478fbf361d2b8e76b89,811783,unsat,1,williams_first_order_carryover,6ad653227c3c19559c94ff26e7c6827f5db285b786b909d8b494bd463f6fcf84,5,5,0,5,5,5,braid-10,braid-10,"[""braid-10000"",""baseline"",""braid-1000"",""braid-0"",""braid-100"",""braid-10""]",parser_inclusive_subprocess_wall_clock,1,timeout,2.007148495,124,-9,1,timeout,exceeded 2 seconds,,,"[""/net/scratch/hscra/plgrid/plgnasqret/codex-control/projects/euf-viper/runs/20260727T095337Z-plain-braid-qg7-9f86254/target/release/euf-viper"",""fabric-solve"",""--engine"",""quotient-portfolio"",""/net/scratch/hscra/plgrid/plgnasqret/codex-control/projects/euf-viper/corpora/9b39c70a794d52277a4e5d83731f0ebc50a2f3b804eb1dfc8cf32766a5ebeadc/smtlib-2025/QF_UF/QF_UF/QG-classification/qg7/gensys_icl002.smt2""]"
72,2,7101,QF_UF/QG-classification/qg7/iso_brn_nogen001.smt2,993c3df356e4ce615de3135075e8e991e5b056b589feae5fa403ebaeeff4f226,6008083,sat,1,williams_first_order_carryover,6ad653227c3c19559c94ff26e7c6827f5db285b786b909d8b494bd463f6fcf84,0,0,0,0,0,0,baseline,baseline,"[""baseline"",""braid-0"",""braid-10000"",""braid-10"",""braid-1000"",""braid-100""]",parser_inclusive_subprocess_wall_clock,1,sat,0.352497164,0,0,0,,,"sat
",,"[""/net/scratch/hscra/plgrid/plgnasqret/codex-control/projects/euf-viper/runs/20260727T095337Z-plain-braid-qg7-9f86254/target/release/euf-viper"",""fabric-solve"",""--engine"",""quotient-portfolio"",""/net/scratch/hscra/plgrid/plgnasqret/codex-control/projects/euf-viper/corpora/9b39c70a794d52277a4e5d83731f0ebc50a2f3b804eb1dfc8cf32766a5ebeadc/smtlib-2025/QF_UF/QF_UF/QG-classification/qg7/iso_brn_nogen001.smt2""]"
73,2,7101,QF_UF/QG-classification/qg7/iso_brn_nogen001.smt2,993c3df356e4ce615de3135075e8e991e5b056b589feae5fa403ebaeeff4f226,6008083,sat,1,williams_first_order_carryover,6ad653227c3c19559c94ff26e7c6827f5db285b786b909d8b494bd463f6fcf84,0,0,0,0,1,1,braid-0,braid-0,"[""baseline"",""braid-0"",""braid-10000"",""braid-10"",""braid-1000"",""braid-100""]",parser_inclusive_subprocess_wall_clock,1,sat,0.320584891,0,0,0,,,"sat
",,"[""/net/scratch/hscra/plgrid/plgnasqret/codex-control/projects/euf-viper/runs/20260727T095337Z-plain-braid-qg7-9f86254/target/release/euf-viper"",""fabric-solve"",""--engine"",""quotient-portfolio"",""/net/scratch/hscra/plgrid/plgnasqret/codex-control/projects/euf-viper/corpora/9b39c70a794d52277a4e5d83731f0ebc50a2f3b804eb1dfc8cf32766a5ebeadc/smtlib-2025/QF_UF/QF_UF/QG-classification/qg7/iso_brn_nogen001.smt2""]"
74,2,7101,QF_UF/QG-classification/qg7/iso_brn_nogen001.smt2,993c3df356e4ce615de3135075e8e991e5b056b589feae5fa403ebaeeff4f226,6008083,sat,1,williams_first_order_carryover,6ad653227c3c19559c94ff26e7c6827f5db285b786b909d8b494bd463f6fcf84,0,0,0,0,2,2,braid-10000,braid-10000,"[""baseline"",""braid-0"",""braid-10000"",""braid-10"",""braid-1000"",""braid-100""]",parser_inclusive_subprocess_wall_clock,1,sat,0.310321806,0,0,0,,,"sat
",,"[""/net/scratch/hscra/plgrid/plgnasqret/codex-control/projects/euf-viper/runs/20260727T095337Z-plain-braid-qg7-9f86254/target/release/euf-viper"",""fabric-solve"",""--engine"",""quotient-portfolio"",""/net/scratch/hscra/plgrid/plgnasqret/codex-control/projects/euf-viper/corpora/9b39c70a794d52277a4e5d83731f0ebc50a2f3b804eb1dfc8cf32766a5ebeadc/smtlib-2025/QF_UF/QF_UF/QG-classification/qg7/iso_brn_nogen001.smt2""]"
75,2,7101,QF_UF/QG-classification/qg7/iso_brn_nogen001.smt2,993c3df356e4ce615de3135075e8e991e5b056b589feae5fa403ebaeeff4f226,6008083,sat,1,williams_first_order_carryover,6ad653227c3c19559c94ff26e7c6827f5db285b786b909d8b494bd463f6fcf84,0,0,0,0,3,3,braid-10,braid-10,"[""baseline"",""braid-0"",""braid-10000"",""braid-10"",""braid-1000"",""braid-100""]",parser_inclusive_subprocess_wall_clock,1,sat,0.310748481,0,0,0,,,"sat
",,"[""/net/scratch/hscra/plgrid/plgnasqret/codex-control/projects/euf-viper/runs/20260727T095337Z-plain-braid-qg7-9f86254/target/release/euf-viper"",""fabric-solve"",""--engine"",""quotient-portfolio"",""/net/scratch/hscra/plgrid/plgnasqret/codex-control/projects/euf-viper/corpora/9b39c70a794d52277a4e5d83731f0ebc50a2f3b804eb1dfc8cf32766a5ebeadc/smtlib-2025/QF_UF/QF_UF/QG-classification/qg7/iso_brn_nogen001.smt2""]"
76,2,7101,QF_UF/QG-classification/qg7/iso_brn_nogen001.smt2,993c3df356e4ce615de3135075e8e991e5b056b589feae5fa403ebaeeff4f226,6008083,sat,1,williams_first_order_carryover,6ad653227c3c19559c94ff26e7c6827f5db285b786b909d8b494bd463f6fcf84,0,0,0,0,4,4,braid-1000,braid-1000,"[""baseline"",""braid-0"",""braid-10000"",""braid-10"",""braid-1000"",""braid-100""]",parser_inclusive_subprocess_wall_clock,1,sat,0.315231963,0,0,0,,,"sat
",,"[""/net/scratch/hscra/plgrid/plgnasqret/codex-control/projects/euf-viper/runs/20260727T095337Z-plain-braid-qg7-9f86254/target/release/euf-viper"",""fabric-solve"",""--engine"",""quotient-portfolio"",""/net/scratch/hscra/plgrid/plgnasqret/codex-control/projects/euf-viper/corpora/9b39c70a794d52277a4e5d83731f0ebc50a2f3b804eb1dfc8cf32766a5ebeadc/smtlib-2025/QF_UF/QF_UF/QG-classification/qg7/iso_brn_nogen001.smt2""]"
77,2,7101,QF_UF/QG-classification/qg7/iso_brn_nogen001.smt2,993c3df356e4ce615de3135075e8e991e5b056b589feae5fa403ebaeeff4f226,6008083,sat,1,williams_first_order_carryover,6ad653227c3c19559c94ff26e7c6827f5db285b786b909d8b494bd463f6fcf84,0,0,0,0,5,5,braid-100,braid-100,"[""baseline"",""braid-0"",""braid-10000"",""braid-10"",""braid-1000"",""braid-100""]",parser_inclusive_subprocess_wall_clock,1,sat,0.307531517,0,0,0,,,"sat
",,"[""/net/scratch/hscra/plgrid/plgnasqret/codex-control/projects/euf-viper/runs/20260727T095337Z-plain-braid-qg7-9f86254/target/release/euf-viper"",""fabric-solve"",""--engine"",""quotient-portfolio"",""/net/scratch/hscra/plgrid/plgnasqret/codex-control/projects/euf-viper/corpora/9b39c70a794d52277a4e5d83731f0ebc50a2f3b804eb1dfc8cf32766a5ebeadc/smtlib-2025/QF_UF/QF_UF/QG-classification/qg7/iso_brn_nogen001.smt2""]"
78,2,7101,QF_UF/QG-classification/qg7/iso_brn_nogen001.smt2,993c3df356e4ce615de3135075e8e991e5b056b589feae5fa403ebaeeff4f226,6008083,sat,1,williams_first_order_carryover,6ad653227c3c19559c94ff26e7c6827f5db285b786b909d8b494bd463f6fcf84,1,1,0,1,0,0,braid-0,braid-0,"[""braid-0"",""braid-10"",""baseline"",""braid-100"",""braid-10000"",""braid-1000""]",parser_inclusive_subprocess_wall_clock,1,sat,0.307894361,0,0,0,,,"sat
",,"[""/net/scratch/hscra/plgrid/plgnasqret/codex-control/projects/euf-viper/runs/20260727T095337Z-plain-braid-qg7-9f86254/target/release/euf-viper"",""fabric-solve"",""--engine"",""quotient-portfolio"",""/net/scratch/hscra/plgrid/plgnasqret/codex-control/projects/euf-viper/corpora/9b39c70a794d52277a4e5d83731f0ebc50a2f3b804eb1dfc8cf32766a5ebeadc/smtlib-2025/QF_UF/QF_UF/QG-classification/qg7/iso_brn_nogen001.smt2""]"
79,2,7101,QF_UF/QG-classification/qg7/iso_brn_nogen001.smt2,993c3df356e4ce615de3135075e8e991e5b056b589feae5fa403ebaeeff4f226,6008083,sat,1,williams_first_order_carryover,6ad653227c3c19559c94ff26e7c6827f5db285b786b909d8b494bd463f6fcf84,1,1,0,1,1,1,braid-10,braid-10,"[""braid-0"",""braid-10"",""baseline"",""braid-100"",""braid-10000"",""braid-1000""]",parser_inclusive_subprocess_wall_clock,1,sat,0.309058255,0,0,0,,,"sat
",,"[""/net/scratch/hscra/plgrid/plgnasqret/codex-control/projects/euf-viper/runs/20260727T095337Z-plain-braid-qg7-9f86254/target/release/euf-viper"",""fabric-solve"",""--engine"",""quotient-portfolio"",""/net/scratch/hscra/plgrid/plgnasqret/codex-control/projects/euf-viper/corpora/9b39c70a794d52277a4e5d83731f0ebc50a2f3b804eb1dfc8cf32766a5ebeadc/smtlib-2025/QF_UF/QF_UF/QG-classification/qg7/iso_brn_nogen001.smt2""]"
80,2,7101,QF_UF/QG-classification/qg7/iso_brn_nogen001.smt2,993c3df356e4ce615de3135075e8e991e5b056b589feae5fa403ebaeeff4f226,6008083,sat,1,williams_first_order_carryover,6ad653227c3c19559c94ff26e7c6827f5db285b786b909d8b494bd463f6fcf84,1,1,0,1,2,2,baseline,baseline,"[""braid-0"",""braid-10"",""baseline"",""braid-100"",""braid-10000"",""braid-1000""]",parser_inclusive_subprocess_wall_clock,1,sat,0.310477943,0,0,0,,,"sat
",,"[""/net/scratch/hscra/plgrid/plgnasqret/codex-control/projects/euf-viper/runs/20260727T095337Z-plain-braid-qg7-9f86254/target/release/euf-viper"",""fabric-solve"",""--engine"",""quotient-portfolio"",""/net/scratch/hscra/plgrid/plgnasqret/codex-control/projects/euf-viper/corpora/9b39c70a794d52277a4e5d83731f0ebc50a2f3b804eb1dfc8cf32766a5ebeadc/smtlib-2025/QF_UF/QF_UF/QG-classification/qg7/iso_brn_nogen001.smt2""]"
81,2,7101,QF_UF/QG-classification/qg7/iso_brn_nogen001.smt2,993c3df356e4ce615de3135075e8e991e5b056b589feae5fa403ebaeeff4f226,6008083,sat,1,williams_first_order_carryover,6ad653227c3c19559c94ff26e7c6827f5db285b786b909d8b494bd463f6fcf84,1,1,0,1,3,3,braid-100,braid-100,"[""braid-0"",""braid-10"",""baseline"",""braid-100"",""braid-10000"",""braid-1000""]",parser_inclusive_subprocess_wall_clock,1,sat,0.310376673,0,0,0,,,"sat
",,"[""/net/scratch/hscra/plgrid/plgnasqret/codex-control/projects/euf-viper/runs/20260727T095337Z-plain-braid-qg7-9f86254/target/release/euf-viper"",""fabric-solve"",""--engine"",""quotient-portfolio"",""/net/scratch/hscra/plgrid/plgnasqret/codex-control/projects/euf-viper/corpora/9b39c70a794d52277a4e5d83731f0ebc50a2f3b804eb1dfc8cf32766a5ebeadc/smtlib-2025/QF_UF/QF_UF/QG-classification/qg7/iso_brn_nogen001.smt2""]"
82,2,7101,QF_UF/QG-classification/qg7/iso_brn_nogen001.smt2,993c3df356e4ce615de3135075e8e991e5b056b589feae5fa403ebaeeff4f226,6008083,sat,1,williams_first_order_carryover,6ad653227c3c19559c94ff26e7c6827f5db285b786b909d8b494bd463f6fcf84,1,1,0,1,4,4,braid-10000,braid-10000,"[""braid-0"",""braid-10"",""baseline"",""braid-100"",""braid-10000"",""braid-1000""]",parser_inclusive_subprocess_wall_clock,1,sat,0.392379191,0,0,0,,,"sat
",,"[""/net/scratch/hscra/plgrid/plgnasqret/codex-control/projects/euf-viper/runs/20260727T095337Z-plain-braid-qg7-9f86254/target/release/euf-viper"",""fabric-solve"",""--engine"",""quotient-portfolio"",""/net/scratch/hscra/plgrid/plgnasqret/codex-control/projects/euf-viper/corpora/9b39c70a794d52277a4e5d83731f0ebc50a2f3b804eb1dfc8cf32766a5ebeadc/smtlib-2025/QF_UF/QF_UF/QG-classification/qg7/iso_brn_nogen001.smt2""]"
83,2,7101,QF_UF/QG-classification/qg7/iso_brn_nogen001.smt2,993c3df356e4ce615de3135075e8e991e5b056b589feae5fa403ebaeeff4f226,6008083,sat,1,williams_first_order_carryover,6ad653227c3c19559c94ff26e7c6827f5db285b786b909d8b494bd463f6fcf84,1,1,0,1,5,5,braid-1000,braid-1000,"[""braid-0"",""braid-10"",""baseline"",""braid-100"",""braid-10000"",""braid-1000""]",parser_inclusive_subprocess_wall_clock,1,sat,0.314280596,0,0,0,,,"sat
",,"[""/net/scratch/hscra/plgrid/plgnasqret/codex-control/projects/euf-viper/runs/20260727T095337Z-plain-braid-qg7-9f86254/target/release/euf-viper"",""fabric-solve"",""--engine"",""quotient-portfolio"",""/net/scratch/hscra/plgrid/plgnasqret/codex-control/projects/euf-viper/corpora/9b39c70a794d52277a4e5d83731f0ebc50a2f3b804eb1dfc8cf32766a5ebeadc/smtlib-2025/QF_UF/QF_UF/QG-classification/qg7/iso_brn_nogen001.smt2""]"
84,2,7101,QF_UF/QG-classification/qg7/iso_brn_nogen001.smt2,993c3df356e4ce615de3135075e8e991e5b056b589feae5fa403ebaeeff4f226,6008083,sat,1,williams_first_order_carryover,6ad653227c3c19559c94ff26e7c6827f5db285b786b909d8b494bd463f6fcf84,2,2,0,2,0,0,braid-10,braid-10,"[""braid-10"",""braid-100"",""braid-0"",""braid-1000"",""baseline"",""braid-10000""]",parser_inclusive_subprocess_wall_clock,1,sat,0.318963123,0,0,0,,,"sat
",,"[""/net/scratch/hscra/plgrid/plgnasqret/codex-control/projects/euf-viper/runs/20260727T095337Z-plain-braid-qg7-9f86254/target/release/euf-viper"",""fabric-solve"",""--engine"",""quotient-portfolio"",""/net/scratch/hscra/plgrid/plgnasqret/codex-control/projects/euf-viper/corpora/9b39c70a794d52277a4e5d83731f0ebc50a2f3b804eb1dfc8cf32766a5ebeadc/smtlib-2025/QF_UF/QF_UF/QG-classification/qg7/iso_brn_nogen001.smt2""]"
85,2,7101,QF_UF/QG-classification/qg7/iso_brn_nogen001.smt2,993c3df356e4ce615de3135075e8e991e5b056b589feae5fa403ebaeeff4f226,6008083,sat,1,williams_first_order_carryover,6ad653227c3c19559c94ff26e7c6827f5db285b786b909d8b494bd463f6fcf84,2,2,0,2,1,1,braid-100,braid-100,"[""braid-10"",""braid-100"",""braid-0"",""braid-1000"",""baseline"",""braid-10000""]",parser_inclusive_subprocess_wall_clock,1,sat,0.340370828,0,0,0,,,"sat
",,"[""/net/scratch/hscra/plgrid/plgnasqret/codex-control/projects/euf-viper/runs/20260727T095337Z-plain-braid-qg7-9f86254/target/release/euf-viper"",""fabric-solve"",""--engine"",""quotient-portfolio"",""/net/scratch/hscra/plgrid/plgnasqret/codex-control/projects/euf-viper/corpora/9b39c70a794d52277a4e5d83731f0ebc50a2f3b804eb1dfc8cf32766a5ebeadc/smtlib-2025/QF_UF/QF_UF/QG-classification/qg7/iso_brn_nogen001.smt2""]"
86,2,7101,QF_UF/QG-classification/qg7/iso_brn_nogen001.smt2,993c3df356e4ce615de3135075e8e991e5b056b589feae5fa403ebaeeff4f226,6008083,sat,1,williams_first_order_carryover,6ad653227c3c19559c94ff26e7c6827f5db285b786b909d8b494bd463f6fcf84,2,2,0,2,2,2,braid-0,braid-0,"[""braid-10"",""braid-100"",""braid-0"",""braid-1000"",""baseline"",""braid-10000""]",parser_inclusive_subprocess_wall_clock,1,sat,0.336078711,0,0,0,,,"sat
",,"[""/net/scratch/hscra/plgrid/plgnasqret/codex-control/projects/euf-viper/runs/20260727T095337Z-plain-braid-qg7-9f86254/target/release/euf-viper"",""fabric-solve"",""--engine"",""quotient-portfolio"",""/net/scratch/hscra/plgrid/plgnasqret/codex-control/projects/euf-viper/corpora/9b39c70a794d52277a4e5d83731f0ebc50a2f3b804eb1dfc8cf32766a5ebeadc/smtlib-2025/QF_UF/QF_UF/QG-classification/qg7/iso_brn_nogen001.smt2""]"
87,2,7101,QF_UF/QG-classification/qg7/iso_brn_nogen001.smt2,993c3df356e4ce615de3135075e8e991e5b056b589feae5fa403ebaeeff4f226,6008083,sat,1,williams_first_order_carryover,6ad653227c3c19559c94ff26e7c6827f5db285b786b909d8b494bd463f6fcf84,2,2,0,2,3,3,braid-1000,braid-1000,"[""braid-10"",""braid-100"",""braid-0"",""braid-1000"",""baseline"",""braid-10000""]",parser_inclusive_subprocess_wall_clock,1,sat,0.336899040,0,0,0,,,"sat
",,"[""/net/scratch/hscra/plgrid/plgnasqret/codex-control/projects/euf-viper/runs/20260727T095337Z-plain-braid-qg7-9f86254/target/release/euf-viper"",""fabric-solve"",""--engine"",""quotient-portfolio"",""/net/scratch/hscra/plgrid/plgnasqret/codex-control/projects/euf-viper/corpora/9b39c70a794d52277a4e5d83731f0ebc50a2f3b804eb1dfc8cf32766a5ebeadc/smtlib-2025/QF_UF/QF_UF/QG-classification/qg7/iso_brn_nogen001.smt2""]"
88,2,7101,QF_UF/QG-classification/qg7/iso_brn_nogen001.smt2,993c3df356e4ce615de3135075e8e991e5b056b589feae5fa403ebaeeff4f226,6008083,sat,1,williams_first_order_carryover,6ad653227c3c19559c94ff26e7c6827f5db285b786b909d8b494bd463f6fcf84,2,2,0,2,4,4,baseline,baseline,"[""braid-10"",""braid-100"",""braid-0"",""braid-1000"",""baseline"",""braid-10000""]",parser_inclusive_subprocess_wall_clock,1,sat,0.339222460,0,0,0,,,"sat
",,"[""/net/scratch/hscra/plgrid/plgnasqret/codex-control/projects/euf-viper/runs/20260727T095337Z-plain-braid-qg7-9f86254/target/release/euf-viper"",""fabric-solve"",""--engine"",""quotient-portfolio"",""/net/scratch/hscra/plgrid/plgnasqret/codex-control/projects/euf-viper/corpora/9b39c70a794d52277a4e5d83731f0ebc50a2f3b804eb1dfc8cf32766a5ebeadc/smtlib-2025/QF_UF/QF_UF/QG-classification/qg7/iso_brn_nogen001.smt2""]"
89,2,7101,QF_UF/QG-classification/qg7/iso_brn_nogen001.smt2,993c3df356e4ce615de3135075e8e991e5b056b589feae5fa403ebaeeff4f226,6008083,sat,1,williams_first_order_carryover,6ad653227c3c19559c94ff26e7c6827f5db285b786b909d8b494bd463f6fcf84,2,2,0,2,5,5,braid-10000,braid-10000,"[""braid-10"",""braid-100"",""braid-0"",""braid-1000"",""baseline"",""braid-10000""]",parser_inclusive_subprocess_wall_clock,1,sat,0.352740831,0,0,0,,,"sat
",,"[""/net/scratch/hscra/plgrid/plgnasqret/codex-control/projects/euf-viper/runs/20260727T095337Z-plain-braid-qg7-9f86254/target/release/euf-viper"",""fabric-solve"",""--engine"",""quotient-portfolio"",""/net/scratch/hscra/plgrid/plgnasqret/codex-control/projects/euf-viper/corpora/9b39c70a794d52277a4e5d83731f0ebc50a2f3b804eb1dfc8cf32766a5ebeadc/smtlib-2025/QF_UF/QF_UF/QG-classification/qg7/iso_brn_nogen001.smt2""]"
90,2,7101,QF_UF/QG-classification/qg7/iso_brn_nogen001.smt2,993c3df356e4ce615de3135075e8e991e5b056b589feae5fa403ebaeeff4f226,6008083,sat,1,williams_first_order_carryover,6ad653227c3c19559c94ff26e7c6827f5db285b786b909d8b494bd463f6fcf84,3,3,0,3,0,0,braid-100,braid-100,"[""braid-100"",""braid-1000"",""braid-10"",""braid-10000"",""braid-0"",""baseline""]",parser_inclusive_subprocess_wall_clock,1,sat,0.322681521,0,0,0,,,"sat
",,"[""/net/scratch/hscra/plgrid/plgnasqret/codex-control/projects/euf-viper/runs/20260727T095337Z-plain-braid-qg7-9f86254/target/release/euf-viper"",""fabric-solve"",""--engine"",""quotient-portfolio"",""/net/scratch/hscra/plgrid/plgnasqret/codex-control/projects/euf-viper/corpora/9b39c70a794d52277a4e5d83731f0ebc50a2f3b804eb1dfc8cf32766a5ebeadc/smtlib-2025/QF_UF/QF_UF/QG-classification/qg7/iso_brn_nogen001.smt2""]"
91,2,7101,QF_UF/QG-classification/qg7/iso_brn_nogen001.smt2,993c3df356e4ce615de3135075e8e991e5b056b589feae5fa403ebaeeff4f226,6008083,sat,1,williams_first_order_carryover,6ad653227c3c19559c94ff26e7c6827f5db285b786b909d8b494bd463f6fcf84,3,3,0,3,1,1,braid-1000,braid-1000,"[""braid-100"",""braid-1000"",""braid-10"",""braid-10000"",""braid-0"",""baseline""]",parser_inclusive_subprocess_wall_clock,1,sat,0.309769411,0,0,0,,,"sat
",,"[""/net/scratch/hscra/plgrid/plgnasqret/codex-control/projects/euf-viper/runs/20260727T095337Z-plain-braid-qg7-9f86254/target/release/euf-viper"",""fabric-solve"",""--engine"",""quotient-portfolio"",""/net/scratch/hscra/plgrid/plgnasqret/codex-control/projects/euf-viper/corpora/9b39c70a794d52277a4e5d83731f0ebc50a2f3b804eb1dfc8cf32766a5ebeadc/smtlib-2025/QF_UF/QF_UF/QG-classification/qg7/iso_brn_nogen001.smt2""]"
92,2,7101,QF_UF/QG-classification/qg7/iso_brn_nogen001.smt2,993c3df356e4ce615de3135075e8e991e5b056b589feae5fa403ebaeeff4f226,6008083,sat,1,williams_first_order_carryover,6ad653227c3c19559c94ff26e7c6827f5db285b786b909d8b494bd463f6fcf84,3,3,0,3,2,2,braid-10,braid-10,"[""braid-100"",""braid-1000"",""braid-10"",""braid-10000"",""braid-0"",""baseline""]",parser_inclusive_subprocess_wall_clock,1,sat,0.314362235,0,0,0,,,"sat
",,"[""/net/scratch/hscra/plgrid/plgnasqret/codex-control/projects/euf-viper/runs/20260727T095337Z-plain-braid-qg7-9f86254/target/release/euf-viper"",""fabric-solve"",""--engine"",""quotient-portfolio"",""/net/scratch/hscra/plgrid/plgnasqret/codex-control/projects/euf-viper/corpora/9b39c70a794d52277a4e5d83731f0ebc50a2f3b804eb1dfc8cf32766a5ebeadc/smtlib-2025/QF_UF/QF_UF/QG-classification/qg7/iso_brn_nogen001.smt2""]"
93,2,7101,QF_UF/QG-classification/qg7/iso_brn_nogen001.smt2,993c3df356e4ce615de3135075e8e991e5b056b589feae5fa403ebaeeff4f226,6008083,sat,1,williams_first_order_carryover,6ad653227c3c19559c94ff26e7c6827f5db285b786b909d8b494bd463f6fcf84,3,3,0,3,3,3,braid-10000,braid-10000,"[""braid-100"",""braid-1000"",""braid-10"",""braid-10000"",""braid-0"",""baseline""]",parser_inclusive_subprocess_wall_clock,1,sat,0.319794588,0,0,0,,,"sat
",,"[""/net/scratch/hscra/plgrid/plgnasqret/codex-control/projects/euf-viper/runs/20260727T095337Z-plain-braid-qg7-9f86254/target/release/euf-viper"",""fabric-solve"",""--engine"",""quotient-portfolio"",""/net/scratch/hscra/plgrid/plgnasqret/codex-control/projects/euf-viper/corpora/9b39c70a794d52277a4e5d83731f0ebc50a2f3b804eb1dfc8cf32766a5ebeadc/smtlib-2025/QF_UF/QF_UF/QG-classification/qg7/iso_brn_nogen001.smt2""]"
94,2,7101,QF_UF/QG-classification/qg7/iso_brn_nogen001.smt2,993c3df356e4ce615de3135075e8e991e5b056b589feae5fa403ebaeeff4f226,6008083,sat,1,williams_first_order_carryover,6ad653227c3c19559c94ff26e7c6827f5db285b786b909d8b494bd463f6fcf84,3,3,0,3,4,4,braid-0,braid-0,"[""braid-100"",""braid-1000"",""braid-10"",""braid-10000"",""braid-0"",""baseline""]",parser_inclusive_subprocess_wall_clock,1,sat,0.328206090,0,0,0,,,"sat
",,"[""/net/scratch/hscra/plgrid/plgnasqret/codex-control/projects/euf-viper/runs/20260727T095337Z-plain-braid-qg7-9f86254/target/release/euf-viper"",""fabric-solve"",""--engine"",""quotient-portfolio"",""/net/scratch/hscra/plgrid/plgnasqret/codex-control/projects/euf-viper/corpora/9b39c70a794d52277a4e5d83731f0ebc50a2f3b804eb1dfc8cf32766a5ebeadc/smtlib-2025/QF_UF/QF_UF/QG-classification/qg7/iso_brn_nogen001.smt2""]"
95,2,7101,QF_UF/QG-classification/qg7/iso_brn_nogen001.smt2,993c3df356e4ce615de3135075e8e991e5b056b589feae5fa403ebaeeff4f226,6008083,sat,1,williams_first_order_carryover,6ad653227c3c19559c94ff26e7c6827f5db285b786b909d8b494bd463f6fcf84,3,3,0,3,5,5,baseline,baseline,"[""braid-100"",""braid-1000"",""braid-10"",""braid-10000"",""braid-0"",""baseline""]",parser_inclusive_subprocess_wall_clock,1,sat,0.324604526,0,0,0,,,"sat
",,"[""/net/scratch/hscra/plgrid/plgnasqret/codex-control/projects/euf-viper/runs/20260727T095337Z-plain-braid-qg7-9f86254/target/release/euf-viper"",""fabric-solve"",""--engine"",""quotient-portfolio"",""/net/scratch/hscra/plgrid/plgnasqret/codex-control/projects/euf-viper/corpora/9b39c70a794d52277a4e5d83731f0ebc50a2f3b804eb1dfc8cf32766a5ebeadc/smtlib-2025/QF_UF/QF_UF/QG-classification/qg7/iso_brn_nogen001.smt2""]"
96,2,7101,QF_UF/QG-classification/qg7/iso_brn_nogen001.smt2,993c3df356e4ce615de3135075e8e991e5b056b589feae5fa403ebaeeff4f226,6008083,sat,1,williams_first_order_carryover,6ad653227c3c19559c94ff26e7c6827f5db285b786b909d8b494bd463f6fcf84,4,4,0,4,0,0,braid-1000,braid-1000,"[""braid-1000"",""braid-10000"",""braid-100"",""baseline"",""braid-10"",""braid-0""]",parser_inclusive_subprocess_wall_clock,1,sat,0.327003416,0,0,0,,,"sat
",,"[""/net/scratch/hscra/plgrid/plgnasqret/codex-control/projects/euf-viper/runs/20260727T095337Z-plain-braid-qg7-9f86254/target/release/euf-viper"",""fabric-solve"",""--engine"",""quotient-portfolio"",""/net/scratch/hscra/plgrid/plgnasqret/codex-control/projects/euf-viper/corpora/9b39c70a794d52277a4e5d83731f0ebc50a2f3b804eb1dfc8cf32766a5ebeadc/smtlib-2025/QF_UF/QF_UF/QG-classification/qg7/iso_brn_nogen001.smt2""]"
97,2,7101,QF_UF/QG-classification/qg7/iso_brn_nogen001.smt2,993c3df356e4ce615de3135075e8e991e5b056b589feae5fa403ebaeeff4f226,6008083,sat,1,williams_first_order_carryover,6ad653227c3c19559c94ff26e7c6827f5db285b786b909d8b494bd463f6fcf84,4,4,0,4,1,1,braid-10000,braid-10000,"[""braid-1000"",""braid-10000"",""braid-100"",""baseline"",""braid-10"",""braid-0""]",parser_inclusive_subprocess_wall_clock,1,sat,0.324600479,0,0,0,,,"sat
",,"[""/net/scratch/hscra/plgrid/plgnasqret/codex-control/projects/euf-viper/runs/20260727T095337Z-plain-braid-qg7-9f86254/target/release/euf-viper"",""fabric-solve"",""--engine"",""quotient-portfolio"",""/net/scratch/hscra/plgrid/plgnasqret/codex-control/projects/euf-viper/corpora/9b39c70a794d52277a4e5d83731f0ebc50a2f3b804eb1dfc8cf32766a5ebeadc/smtlib-2025/QF_UF/QF_UF/QG-classification/qg7/iso_brn_nogen001.smt2""]"
98,2,7101,QF_UF/QG-classification/qg7/iso_brn_nogen001.smt2,993c3df356e4ce615de3135075e8e991e5b056b589feae5fa403ebaeeff4f226,6008083,sat,1,williams_first_order_carryover,6ad653227c3c19559c94ff26e7c6827f5db285b786b909d8b494bd463f6fcf84,4,4,0,4,2,2,braid-100,braid-100,"[""braid-1000"",""braid-10000"",""braid-100"",""baseline"",""braid-10"",""braid-0""]",parser_inclusive_subprocess_wall_clock,1,sat,0.324043177,0,0,0,,,"sat
",,"[""/net/scratch/hscra/plgrid/plgnasqret/codex-control/projects/euf-viper/runs/20260727T095337Z-plain-braid-qg7-9f86254/target/release/euf-viper"",""fabric-solve"",""--engine"",""quotient-portfolio"",""/net/scratch/hscra/plgrid/plgnasqret/codex-control/projects/euf-viper/corpora/9b39c70a794d52277a4e5d83731f0ebc50a2f3b804eb1dfc8cf32766a5ebeadc/smtlib-2025/QF_UF/QF_UF/QG-classification/qg7/iso_brn_nogen001.smt2""]"
99,2,7101,QF_UF/QG-classification/qg7/iso_brn_nogen001.smt2,993c3df356e4ce615de3135075e8e991e5b056b589feae5fa403ebaeeff4f226,6008083,sat,1,williams_first_order_carryover,6ad653227c3c19559c94ff26e7c6827f5db285b786b909d8b494bd463f6fcf84,4,4,0,4,3,3,baseline,baseline,"[""braid-1000"",""braid-10000"",""braid-100"",""baseline"",""braid-10"",""braid-0""]",parser_inclusive_subprocess_wall_clock,1,sat,0.337751287,0,0,0,,,"sat
",,"[""/net/scratch/hscra/plgrid/plgnasqret/codex-control/projects/euf-viper/runs/20260727T095337Z-plain-braid-qg7-9f86254/target/release/euf-viper"",""fabric-solve"",""--engine"",""quotient-portfolio"",""/net/scratch/hscra/plgrid/plgnasqret/codex-control/projects/euf-viper/corpora/9b39c70a794d52277a4e5d83731f0ebc50a2f3b804eb1dfc8cf32766a5ebeadc/smtlib-2025/QF_UF/QF_UF/QG-classification/qg7/iso_brn_nogen001.smt2""]"
100,2,7101,QF_UF/QG-classification/qg7/iso_brn_nogen001.smt2,993c3df356e4ce615de3135075e8e991e5b056b589feae5fa403ebaeeff4f226,6008083,sat,1,williams_first_order_carryover,6ad653227c3c19559c94ff26e7c6827f5db285b786b909d8b494bd463f6fcf84,4,4,0,4,4,4,braid-10,braid-10,"[""braid-1000"",""braid-10000"",""braid-100"",""baseline"",""braid-10"",""braid-0""]",parser_inclusive_subprocess_wall_clock,1,sat,0.315644205,0,0,0,,,"sat
",,"[""/net/scratch/hscra/plgrid/plgnasqret/codex-control/projects/euf-viper/runs/20260727T095337Z-plain-braid-qg7-9f86254/target/release/euf-viper"",""fabric-solve"",""--engine"",""quotient-portfolio"",""/net/scratch/hscra/plgrid/plgnasqret/codex-control/projects/euf-viper/corpora/9b39c70a794d52277a4e5d83731f0ebc50a2f3b804eb1dfc8cf32766a5ebeadc/smtlib-2025/QF_UF/QF_UF/QG-classification/qg7/iso_brn_nogen001.smt2""]"
101,2,7101,QF_UF/QG-classification/qg7/iso_brn_nogen001.smt2,993c3df356e4ce615de3135075e8e991e5b056b589feae5fa403ebaeeff4f226,6008083,sat,1,williams_first_order_carryover,6ad653227c3c19559c94ff26e7c6827f5db285b786b909d8b494bd463f6fcf84,4,4,0,4,5,5,braid-0,braid-0,"[""braid-1000"",""braid-10000"",""braid-100"",""baseline"",""braid-10"",""braid-0""]",parser_inclusive_subprocess_wall_clock,1,sat,0.335266021,0,0,0,,,"sat
",,"[""/net/scratch/hscra/plgrid/plgnasqret/codex-control/projects/euf-viper/runs/20260727T095337Z-plain-braid-qg7-9f86254/target/release/euf-viper"",""fabric-solve"",""--engine"",""quotient-portfolio"",""/net/scratch/hscra/plgrid/plgnasqret/codex-control/projects/euf-viper/corpora/9b39c70a794d52277a4e5d83731f0ebc50a2f3b804eb1dfc8cf32766a5ebeadc/smtlib-2025/QF_UF/QF_UF/QG-classification/qg7/iso_brn_nogen001.smt2""]"
102,2,7101,QF_UF/QG-classification/qg7/iso_brn_nogen001.smt2,993c3df356e4ce615de3135075e8e991e5b056b589feae5fa403ebaeeff4f226,6008083,sat,1,williams_first_order_carryover,6ad653227c3c19559c94ff26e7c6827f5db285b786b909d8b494bd463f6fcf84,5,5,0,5,0,0,braid-10000,braid-10000,"[""braid-10000"",""baseline"",""braid-1000"",""braid-0"",""braid-100"",""braid-10""]",parser_inclusive_subprocess_wall_clock,1,sat,0.367763839,0,0,0,,,"sat
",,"[""/net/scratch/hscra/plgrid/plgnasqret/codex-control/projects/euf-viper/runs/20260727T095337Z-plain-braid-qg7-9f86254/target/release/euf-viper"",""fabric-solve"",""--engine"",""quotient-portfolio"",""/net/scratch/hscra/plgrid/plgnasqret/codex-control/projects/euf-viper/corpora/9b39c70a794d52277a4e5d83731f0ebc50a2f3b804eb1dfc8cf32766a5ebeadc/smtlib-2025/QF_UF/QF_UF/QG-classification/qg7/iso_brn_nogen001.smt2""]"
103,2,7101,QF_UF/QG-classification/qg7/iso_brn_nogen001.smt2,993c3df356e4ce615de3135075e8e991e5b056b589feae5fa403ebaeeff4f226,6008083,sat,1,williams_first_order_carryover,6ad653227c3c19559c94ff26e7c6827f5db285b786b909d8b494bd463f6fcf84,5,5,0,5,1,1,baseline,baseline,"[""braid-10000"",""baseline"",""braid-1000"",""braid-0"",""braid-100"",""braid-10""]",parser_inclusive_subprocess_wall_clock,1,sat,0.315179970,0,0,0,,,"sat
",,"[""/net/scratch/hscra/plgrid/plgnasqret/codex-control/projects/euf-viper/runs/20260727T095337Z-plain-braid-qg7-9f86254/target/release/euf-viper"",""fabric-solve"",""--engine"",""quotient-portfolio"",""/net/scratch/hscra/plgrid/plgnasqret/codex-control/projects/euf-viper/corpora/9b39c70a794d52277a4e5d83731f0ebc50a2f3b804eb1dfc8cf32766a5ebeadc/smtlib-2025/QF_UF/QF_UF/QG-classification/qg7/iso_brn_nogen001.smt2""]"
104,2,7101,QF_UF/QG-classification/qg7/iso_brn_nogen001.smt2,993c3df356e4ce615de3135075e8e991e5b056b589feae5fa403ebaeeff4f226,6008083,sat,1,williams_first_order_carryover,6ad653227c3c19559c94ff26e7c6827f5db285b786b909d8b494bd463f6fcf84,5,5,0,5,2,2,braid-1000,braid-1000,"[""braid-10000"",""baseline"",""braid-1000"",""braid-0"",""braid-100"",""braid-10""]",parser_inclusive_subprocess_wall_clock,1,sat,0.314178975,0,0,0,,,"sat
",,"[""/net/scratch/hscra/plgrid/plgnasqret/codex-control/projects/euf-viper/runs/20260727T095337Z-plain-braid-qg7-9f86254/target/release/euf-viper"",""fabric-solve"",""--engine"",""quotient-portfolio"",""/net/scratch/hscra/plgrid/plgnasqret/codex-control/projects/euf-viper/corpora/9b39c70a794d52277a4e5d83731f0ebc50a2f3b804eb1dfc8cf32766a5ebeadc/smtlib-2025/QF_UF/QF_UF/QG-classification/qg7/iso_brn_nogen001.smt2""]"
105,2,7101,QF_UF/QG-classification/qg7/iso_brn_nogen001.smt2,993c3df356e4ce615de3135075e8e991e5b056b589feae5fa403ebaeeff4f226,6008083,sat,1,williams_first_order_carryover,6ad653227c3c19559c94ff26e7c6827f5db285b786b909d8b494bd463f6fcf84,5,5,0,5,3,3,braid-0,braid-0,"[""braid-10000"",""baseline"",""braid-1000"",""braid-0"",""braid-100"",""braid-10""]",parser_inclusive_subprocess_wall_clock,1,sat,0.312518044,0,0,0,,,"sat
",,"[""/net/scratch/hscra/plgrid/plgnasqret/codex-control/projects/euf-viper/runs/20260727T095337Z-plain-braid-qg7-9f86254/target/release/euf-viper"",""fabric-solve"",""--engine"",""quotient-portfolio"",""/net/scratch/hscra/plgrid/plgnasqret/codex-control/projects/euf-viper/corpora/9b39c70a794d52277a4e5d83731f0ebc50a2f3b804eb1dfc8cf32766a5ebeadc/smtlib-2025/QF_UF/QF_UF/QG-classification/qg7/iso_brn_nogen001.smt2""]"
106,2,7101,QF_UF/QG-classification/qg7/iso_brn_nogen001.smt2,993c3df356e4ce615de3135075e8e991e5b056b589feae5fa403ebaeeff4f226,6008083,sat,1,williams_first_order_carryover,6ad653227c3c19559c94ff26e7c6827f5db285b786b909d8b494bd463f6fcf84,5,5,0,5,4,4,braid-100,braid-100,"[""braid-10000"",""baseline"",""braid-1000"",""braid-0"",""braid-100"",""braid-10""]",parser_inclusive_subprocess_wall_clock,1,sat,0.318614550,0,0,0,,,"sat
",,"[""/net/scratch/hscra/plgrid/plgnasqret/codex-control/projects/euf-viper/runs/20260727T095337Z-plain-braid-qg7-9f86254/target/release/euf-viper"",""fabric-solve"",""--engine"",""quotient-portfolio"",""/net/scratch/hscra/plgrid/plgnasqret/codex-control/projects/euf-viper/corpora/9b39c70a794d52277a4e5d83731f0ebc50a2f3b804eb1dfc8cf32766a5ebeadc/smtlib-2025/QF_UF/QF_UF/QG-classification/qg7/iso_brn_nogen001.smt2""]"
107,2,7101,QF_UF/QG-classification/qg7/iso_brn_nogen001.smt2,993c3df356e4ce615de3135075e8e991e5b056b589feae5fa403ebaeeff4f226,6008083,sat,1,williams_first_order_carryover,6ad653227c3c19559c94ff26e7c6827f5db285b786b909d8b494bd463f6fcf84,5,5,0,5,5,5,braid-10,braid-10,"[""braid-10000"",""baseline"",""braid-1000"",""braid-0"",""braid-100"",""braid-10""]",parser_inclusive_subprocess_wall_clock,1,sat,0.308535166,0,0,0,,,"sat
",,"[""/net/scratch/hscra/plgrid/plgnasqret/codex-control/projects/euf-viper/runs/20260727T095337Z-plain-braid-qg7-9f86254/target/release/euf-viper"",""fabric-solve"",""--engine"",""quotient-portfolio"",""/net/scratch/hscra/plgrid/plgnasqret/codex-control/projects/euf-viper/corpora/9b39c70a794d52277a4e5d83731f0ebc50a2f3b804eb1dfc8cf32766a5ebeadc/smtlib-2025/QF_UF/QF_UF/QG-classification/qg7/iso_brn_nogen001.smt2""]"
108,3,7309,QF_UF/QG-classification/qg7/iso_icl_nogen001.smt2,6e9ea0786a672c467f853bf8964283bbdc53c2b51c41e0b0e6fc1fbd8ba34be0,6013419,unsat,1,williams_first_order_carryover,6ad653227c3c19559c94ff26e7c6827f5db285b786b909d8b494bd463f6fcf84,0,0,0,0,0,0,baseline,baseline,"[""baseline"",""braid-0"",""braid-10000"",""braid-10"",""braid-1000"",""braid-100""]",parser_inclusive_subprocess_wall_clock,1,unsat,0.366851935,0,0,0,,,"unsat
",,"[""/net/scratch/hscra/plgrid/plgnasqret/codex-control/projects/euf-viper/runs/20260727T095337Z-plain-braid-qg7-9f86254/target/release/euf-viper"",""fabric-solve"",""--engine"",""quotient-portfolio"",""/net/scratch/hscra/plgrid/plgnasqret/codex-control/projects/euf-viper/corpora/9b39c70a794d52277a4e5d83731f0ebc50a2f3b804eb1dfc8cf32766a5ebeadc/smtlib-2025/QF_UF/QF_UF/QG-classification/qg7/iso_icl_nogen001.smt2""]"
109,3,7309,QF_UF/QG-classification/qg7/iso_icl_nogen001.smt2,6e9ea0786a672c467f853bf8964283bbdc53c2b51c41e0b0e6fc1fbd8ba34be0,6013419,unsat,1,williams_first_order_carryover,6ad653227c3c19559c94ff26e7c6827f5db285b786b909d8b494bd463f6fcf84,0,0,0,0,1,1,braid-0,braid-0,"[""baseline"",""braid-0"",""braid-10000"",""braid-10"",""braid-1000"",""braid-100""]",parser_inclusive_subprocess_wall_clock,1,unsat,0.399541496,0,0,0,,,"unsat
",,"[""/net/scratch/hscra/plgrid/plgnasqret/codex-control/projects/euf-viper/runs/20260727T095337Z-plain-braid-qg7-9f86254/target/release/euf-viper"",""fabric-solve"",""--engine"",""quotient-portfolio"",""/net/scratch/hscra/plgrid/plgnasqret/codex-control/projects/euf-viper/corpora/9b39c70a794d52277a4e5d83731f0ebc50a2f3b804eb1dfc8cf32766a5ebeadc/smtlib-2025/QF_UF/QF_UF/QG-classification/qg7/iso_icl_nogen001.smt2""]"
110,3,7309,QF_UF/QG-classification/qg7/iso_icl_nogen001.smt2,6e9ea0786a672c467f853bf8964283bbdc53c2b51c41e0b0e6fc1fbd8ba34be0,6013419,unsat,1,williams_first_order_carryover,6ad653227c3c19559c94ff26e7c6827f5db285b786b909d8b494bd463f6fcf84,0,0,0,0,2,2,braid-10000,braid-10000,"[""baseline"",""braid-0"",""braid-10000"",""braid-10"",""braid-1000"",""braid-100""]",parser_inclusive_subprocess_wall_clock,1,unsat,0.350179210,0,0,0,,,"unsat
",,"[""/net/scratch/hscra/plgrid/plgnasqret/codex-control/projects/euf-viper/runs/20260727T095337Z-plain-braid-qg7-9f86254/target/release/euf-viper"",""fabric-solve"",""--engine"",""quotient-portfolio"",""/net/scratch/hscra/plgrid/plgnasqret/codex-control/projects/euf-viper/corpora/9b39c70a794d52277a4e5d83731f0ebc50a2f3b804eb1dfc8cf32766a5ebeadc/smtlib-2025/QF_UF/QF_UF/QG-classification/qg7/iso_icl_nogen001.smt2""]"
111,3,7309,QF_UF/QG-classification/qg7/iso_icl_nogen001.smt2,6e9ea0786a672c467f853bf8964283bbdc53c2b51c41e0b0e6fc1fbd8ba34be0,6013419,unsat,1,williams_first_order_carryover,6ad653227c3c19559c94ff26e7c6827f5db285b786b909d8b494bd463f6fcf84,0,0,0,0,3,3,braid-10,braid-10,"[""baseline"",""braid-0"",""braid-10000"",""braid-10"",""braid-1000"",""braid-100""]",parser_inclusive_subprocess_wall_clock,1,unsat,0.336383961,0,0,0,,,"unsat
",,"[""/net/scratch/hscra/plgrid/plgnasqret/codex-control/projects/euf-viper/runs/20260727T095337Z-plain-braid-qg7-9f86254/target/release/euf-viper"",""fabric-solve"",""--engine"",""quotient-portfolio"",""/net/scratch/hscra/plgrid/plgnasqret/codex-control/projects/euf-viper/corpora/9b39c70a794d52277a4e5d83731f0ebc50a2f3b804eb1dfc8cf32766a5ebeadc/smtlib-2025/QF_UF/QF_UF/QG-classification/qg7/iso_icl_nogen001.smt2""]"
112,3,7309,QF_UF/QG-classification/qg7/iso_icl_nogen001.smt2,6e9ea0786a672c467f853bf8964283bbdc53c2b51c41e0b0e6fc1fbd8ba34be0,6013419,unsat,1,williams_first_order_carryover,6ad653227c3c19559c94ff26e7c6827f5db285b786b909d8b494bd463f6fcf84,0,0,0,0,4,4,braid-1000,braid-1000,"[""baseline"",""braid-0"",""braid-10000"",""braid-10"",""braid-1000"",""braid-100""]",parser_inclusive_subprocess_wall_clock,1,unsat,0.373862668,0,0,0,,,"unsat
",,"[""/net/scratch/hscra/plgrid/plgnasqret/codex-control/projects/euf-viper/runs/20260727T095337Z-plain-braid-qg7-9f86254/target/release/euf-viper"",""fabric-solve"",""--engine"",""quotient-portfolio"",""/net/scratch/hscra/plgrid/plgnasqret/codex-control/projects/euf-viper/corpora/9b39c70a794d52277a4e5d83731f0ebc50a2f3b804eb1dfc8cf32766a5ebeadc/smtlib-2025/QF_UF/QF_UF/QG-classification/qg7/iso_icl_nogen001.smt2""]"
113,3,7309,QF_UF/QG-classification/qg7/iso_icl_nogen001.smt2,6e9ea0786a672c467f853bf8964283bbdc53c2b51c41e0b0e6fc1fbd8ba34be0,6013419,unsat,1,williams_first_order_carryover,6ad653227c3c19559c94ff26e7c6827f5db285b786b909d8b494bd463f6fcf84,0,0,0,0,5,5,braid-100,braid-100,"[""baseline"",""braid-0"",""braid-10000"",""braid-10"",""braid-1000"",""braid-100""]",parser_inclusive_subprocess_wall_clock,1,unsat,0.356488441,0,0,0,,,"unsat
",,"[""/net/scratch/hscra/plgrid/plgnasqret/codex-control/projects/euf-viper/runs/20260727T095337Z-plain-braid-qg7-9f86254/target/release/euf-viper"",""fabric-solve"",""--engine"",""quotient-portfolio"",""/net/scratch/hscra/plgrid/plgnasqret/codex-control/projects/euf-viper/corpora/9b39c70a794d52277a4e5d83731f0ebc50a2f3b804eb1dfc8cf32766a5ebeadc/smtlib-2025/QF_UF/QF_UF/QG-classification/qg7/iso_icl_nogen001.smt2""]"
114,3,7309,QF_UF/QG-classification/qg7/iso_icl_nogen001.smt2,6e9ea0786a672c467f853bf8964283bbdc53c2b51c41e0b0e6fc1fbd8ba34be0,6013419,unsat,1,williams_first_order_carryover,6ad653227c3c19559c94ff26e7c6827f5db285b786b909d8b494bd463f6fcf84,1,1,0,1,0,0,braid-0,braid-0,"[""braid-0"",""braid-10"",""baseline"",""braid-100"",""braid-10000"",""braid-1000""]",parser_inclusive_subprocess_wall_clock,1,unsat,0.361850844,0,0,0,,,"unsat
",,"[""/net/scratch/hscra/plgrid/plgnasqret/codex-control/projects/euf-viper/runs/20260727T095337Z-plain-braid-qg7-9f86254/target/release/euf-viper"",""fabric-solve"",""--engine"",""quotient-portfolio"",""/net/scratch/hscra/plgrid/plgnasqret/codex-control/projects/euf-viper/corpora/9b39c70a794d52277a4e5d83731f0ebc50a2f3b804eb1dfc8cf32766a5ebeadc/smtlib-2025/QF_UF/QF_UF/QG-classification/qg7/iso_icl_nogen001.smt2""]"
115,3,7309,QF_UF/QG-classification/qg7/iso_icl_nogen001.smt2,6e9ea0786a672c467f853bf8964283bbdc53c2b51c41e0b0e6fc1fbd8ba34be0,6013419,unsat,1,williams_first_order_carryover,6ad653227c3c19559c94ff26e7c6827f5db285b786b909d8b494bd463f6fcf84,1,1,0,1,1,1,braid-10,braid-10,"[""braid-0"",""braid-10"",""baseline"",""braid-100"",""braid-10000"",""braid-1000""]",parser_inclusive_subprocess_wall_clock,1,unsat,0.363070295,0,0,0,,,"unsat
",,"[""/net/scratch/hscra/plgrid/plgnasqret/codex-control/projects/euf-viper/runs/20260727T095337Z-plain-braid-qg7-9f86254/target/release/euf-viper"",""fabric-solve"",""--engine"",""quotient-portfolio"",""/net/scratch/hscra/plgrid/plgnasqret/codex-control/projects/euf-viper/corpora/9b39c70a794d52277a4e5d83731f0ebc50a2f3b804eb1dfc8cf32766a5ebeadc/smtlib-2025/QF_UF/QF_UF/QG-classification/qg7/iso_icl_nogen001.smt2""]"
116,3,7309,QF_UF/QG-classification/qg7/iso_icl_nogen001.smt2,6e9ea0786a672c467f853bf8964283bbdc53c2b51c41e0b0e6fc1fbd8ba34be0,6013419,unsat,1,williams_first_order_carryover,6ad653227c3c19559c94ff26e7c6827f5db285b786b909d8b494bd463f6fcf84,1,1,0,1,2,2,baseline,baseline,"[""braid-0"",""braid-10"",""baseline"",""braid-100"",""braid-10000"",""braid-1000""]",parser_inclusive_subprocess_wall_clock,1,unsat,0.417443839,0,0,0,,,"unsat
",,"[""/net/scratch/hscra/plgrid/plgnasqret/codex-control/projects/euf-viper/runs/20260727T095337Z-plain-braid-qg7-9f86254/target/release/euf-viper"",""fabric-solve"",""--engine"",""quotient-portfolio"",""/net/scratch/hscra/plgrid/plgnasqret/codex-control/projects/euf-viper/corpora/9b39c70a794d52277a4e5d83731f0ebc50a2f3b804eb1dfc8cf32766a5ebeadc/smtlib-2025/QF_UF/QF_UF/QG-classification/qg7/iso_icl_nogen001.smt2""]"
117,3,7309,QF_UF/QG-classification/qg7/iso_icl_nogen001.smt2,6e9ea0786a672c467f853bf8964283bbdc53c2b51c41e0b0e6fc1fbd8ba34be0,6013419,unsat,1,williams_first_order_carryover,6ad653227c3c19559c94ff26e7c6827f5db285b786b909d8b494bd463f6fcf84,1,1,0,1,3,3,braid-100,braid-100,"[""braid-0"",""braid-10"",""baseline"",""braid-100"",""braid-10000"",""braid-1000""]",parser_inclusive_subprocess_wall_clock,1,unsat,0.396054404,0,0,0,,,"unsat
",,"[""/net/scratch/hscra/plgrid/plgnasqret/codex-control/projects/euf-viper/runs/20260727T095337Z-plain-braid-qg7-9f86254/target/release/euf-viper"",""fabric-solve"",""--engine"",""quotient-portfolio"",""/net/scratch/hscra/plgrid/plgnasqret/codex-control/projects/euf-viper/corpora/9b39c70a794d52277a4e5d83731f0ebc50a2f3b804eb1dfc8cf32766a5ebeadc/smtlib-2025/QF_UF/QF_UF/QG-classification/qg7/iso_icl_nogen001.smt2""]"
118,3,7309,QF_UF/QG-classification/qg7/iso_icl_nogen001.smt2,6e9ea0786a672c467f853bf8964283bbdc53c2b51c41e0b0e6fc1fbd8ba34be0,6013419,unsat,1,williams_first_order_carryover,6ad653227c3c19559c94ff26e7c6827f5db285b786b909d8b494bd463f6fcf84,1,1,0,1,4,4,braid-10000,braid-10000,"[""braid-0"",""braid-10"",""baseline"",""braid-100"",""braid-10000"",""braid-1000""]",parser_inclusive_subprocess_wall_clock,1,unsat,0.335493471,0,0,0,,,"unsat
",,"[""/net/scratch/hscra/plgrid/plgnasqret/codex-control/projects/euf-viper/runs/20260727T095337Z-plain-braid-qg7-9f86254/target/release/euf-viper"",""fabric-solve"",""--engine"",""quotient-portfolio"",""/net/scratch/hscra/plgrid/plgnasqret/codex-control/projects/euf-viper/corpora/9b39c70a794d52277a4e5d83731f0ebc50a2f3b804eb1dfc8cf32766a5ebeadc/smtlib-2025/QF_UF/QF_UF/QG-classification/qg7/iso_icl_nogen001.smt2""]"
119,3,7309,QF_UF/QG-classification/qg7/iso_icl_nogen001.smt2,6e9ea0786a672c467f853bf8964283bbdc53c2b51c41e0b0e6fc1fbd8ba34be0,6013419,unsat,1,williams_first_order_carryover,6ad653227c3c19559c94ff26e7c6827f5db285b786b909d8b494bd463f6fcf84,1,1,0,1,5,5,braid-1000,braid-1000,"[""braid-0"",""braid-10"",""baseline"",""braid-100"",""braid-10000"",""braid-1000""]",parser_inclusive_subprocess_wall_clock,1,unsat,0.336579321,0,0,0,,,"unsat
",,"[""/net/scratch/hscra/plgrid/plgnasqret/codex-control/projects/euf-viper/runs/20260727T095337Z-plain-braid-qg7-9f86254/target/release/euf-viper"",""fabric-solve"",""--engine"",""quotient-portfolio"",""/net/scratch/hscra/plgrid/plgnasqret/codex-control/projects/euf-viper/corpora/9b39c70a794d52277a4e5d83731f0ebc50a2f3b804eb1dfc8cf32766a5ebeadc/smtlib-2025/QF_UF/QF_UF/QG-classification/qg7/iso_icl_nogen001.smt2""]"
120,3,7309,QF_UF/QG-classification/qg7/iso_icl_nogen001.smt2,6e9ea0786a672c467f853bf8964283bbdc53c2b51c41e0b0e6fc1fbd8ba34be0,6013419,unsat,1,williams_first_order_carryover,6ad653227c3c19559c94ff26e7c6827f5db285b786b909d8b494bd463f6fcf84,2,2,0,2,0,0,braid-10,braid-10,"[""braid-10"",""braid-100"",""braid-0"",""braid-1000"",""baseline"",""braid-10000""]",parser_inclusive_subprocess_wall_clock,1,unsat,0.381755989,0,0,0,,,"unsat
",,"[""/net/scratch/hscra/plgrid/plgnasqret/codex-control/projects/euf-viper/runs/20260727T095337Z-plain-braid-qg7-9f86254/target/release/euf-viper"",""fabric-solve"",""--engine"",""quotient-portfolio"",""/net/scratch/hscra/plgrid/plgnasqret/codex-control/projects/euf-viper/corpora/9b39c70a794d52277a4e5d83731f0ebc50a2f3b804eb1dfc8cf32766a5ebeadc/smtlib-2025/QF_UF/QF_UF/QG-classification/qg7/iso_icl_nogen001.smt2""]"
121,3,7309,QF_UF/QG-classification/qg7/iso_icl_nogen001.smt2,6e9ea0786a672c467f853bf8964283bbdc53c2b51c41e0b0e6fc1fbd8ba34be0,6013419,unsat,1,williams_first_order_carryover,6ad653227c3c19559c94ff26e7c6827f5db285b786b909d8b494bd463f6fcf84,2,2,0,2,1,1,braid-100,braid-100,"[""braid-10"",""braid-100"",""braid-0"",""braid-1000"",""baseline"",""braid-10000""]",parser_inclusive_subprocess_wall_clock,1,unsat,0.378859241,0,0,0,,,"unsat
",,"[""/net/scratch/hscra/plgrid/plgnasqret/codex-control/projects/euf-viper/runs/20260727T095337Z-plain-braid-qg7-9f86254/target/release/euf-viper"",""fabric-solve"",""--engine"",""quotient-portfolio"",""/net/scratch/hscra/plgrid/plgnasqret/codex-control/projects/euf-viper/corpora/9b39c70a794d52277a4e5d83731f0ebc50a2f3b804eb1dfc8cf32766a5ebeadc/smtlib-2025/QF_UF/QF_UF/QG-classification/qg7/iso_icl_nogen001.smt2""]"
122,3,7309,QF_UF/QG-classification/qg7/iso_icl_nogen001.smt2,6e9ea0786a672c467f853bf8964283bbdc53c2b51c41e0b0e6fc1fbd8ba34be0,6013419,unsat,1,williams_first_order_carryover,6ad653227c3c19559c94ff26e7c6827f5db285b786b909d8b494bd463f6fcf84,2,2,0,2,2,2,braid-0,braid-0,"[""braid-10"",""braid-100"",""braid-0"",""braid-1000"",""baseline"",""braid-10000""]",parser_inclusive_subprocess_wall_clock,1,unsat,0.345839116,0,0,0,,,"unsat
",,"[""/net/scratch/hscra/plgrid/plgnasqret/codex-control/projects/euf-viper/runs/20260727T095337Z-plain-braid-qg7-9f86254/target/release/euf-viper"",""fabric-solve"",""--engine"",""quotient-portfolio"",""/net/scratch/hscra/plgrid/plgnasqret/codex-control/projects/euf-viper/corpora/9b39c70a794d52277a4e5d83731f0ebc50a2f3b804eb1dfc8cf32766a5ebeadc/smtlib-2025/QF_UF/QF_UF/QG-classification/qg7/iso_icl_nogen001.smt2""]"
123,3,7309,QF_UF/QG-classification/qg7/iso_icl_nogen001.smt2,6e9ea0786a672c467f853bf8964283bbdc53c2b51c41e0b0e6fc1fbd8ba34be0,6013419,unsat,1,williams_first_order_carryover,6ad653227c3c19559c94ff26e7c6827f5db285b786b909d8b494bd463f6fcf84,2,2,0,2,3,3,braid-1000,braid-1000,"[""braid-10"",""braid-100"",""braid-0"",""braid-1000"",""baseline"",""braid-10000""]",parser_inclusive_subprocess_wall_clock,1,unsat,0.352687111,0,0,0,,,"unsat
",,"[""/net/scratch/hscra/plgrid/plgnasqret/codex-control/projects/euf-viper/runs/20260727T095337Z-plain-braid-qg7-9f86254/target/release/euf-viper"",""fabric-solve"",""--engine"",""quotient-portfolio"",""/net/scratch/hscra/plgrid/plgnasqret/codex-control/projects/euf-viper/corpora/9b39c70a794d52277a4e5d83731f0ebc50a2f3b804eb1dfc8cf32766a5ebeadc/smtlib-2025/QF_UF/QF_UF/QG-classification/qg7/iso_icl_nogen001.smt2""]"
124,3,7309,QF_UF/QG-classification/qg7/iso_icl_nogen001.smt2,6e9ea0786a672c467f853bf8964283bbdc53c2b51c41e0b0e6fc1fbd8ba34be0,6013419,unsat,1,williams_first_order_carryover,6ad653227c3c19559c94ff26e7c6827f5db285b786b909d8b494bd463f6fcf84,2,2,0,2,4,4,baseline,baseline,"[""braid-10"",""braid-100"",""braid-0"",""braid-1000"",""baseline"",""braid-10000""]",parser_inclusive_subprocess_wall_clock,1,unsat,0.366222918,0,0,0,,,"unsat
",,"[""/net/scratch/hscra/plgrid/plgnasqret/codex-control/projects/euf-viper/runs/20260727T095337Z-plain-braid-qg7-9f86254/target/release/euf-viper"",""fabric-solve"",""--engine"",""quotient-portfolio"",""/net/scratch/hscra/plgrid/plgnasqret/codex-control/projects/euf-viper/corpora/9b39c70a794d52277a4e5d83731f0ebc50a2f3b804eb1dfc8cf32766a5ebeadc/smtlib-2025/QF_UF/QF_UF/QG-classification/qg7/iso_icl_nogen001.smt2""]"
125,3,7309,QF_UF/QG-classification/qg7/iso_icl_nogen001.smt2,6e9ea0786a672c467f853bf8964283bbdc53c2b51c41e0b0e6fc1fbd8ba34be0,6013419,unsat,1,williams_first_order_carryover,6ad653227c3c19559c94ff26e7c6827f5db285b786b909d8b494bd463f6fcf84,2,2,0,2,5,5,braid-10000,braid-10000,"[""braid-10"",""braid-100"",""braid-0"",""braid-1000"",""baseline"",""braid-10000""]",parser_inclusive_subprocess_wall_clock,1,unsat,0.393299911,0,0,0,,,"unsat
",,"[""/net/scratch/hscra/plgrid/plgnasqret/codex-control/projects/euf-viper/runs/20260727T095337Z-plain-braid-qg7-9f86254/target/release/euf-viper"",""fabric-solve"",""--engine"",""quotient-portfolio"",""/net/scratch/hscra/plgrid/plgnasqret/codex-control/projects/euf-viper/corpora/9b39c70a794d52277a4e5d83731f0ebc50a2f3b804eb1dfc8cf32766a5ebeadc/smtlib-2025/QF_UF/QF_UF/QG-classification/qg7/iso_icl_nogen001.smt2""]"
126,3,7309,QF_UF/QG-classification/qg7/iso_icl_nogen001.smt2,6e9ea0786a672c467f853bf8964283bbdc53c2b51c41e0b0e6fc1fbd8ba34be0,6013419,unsat,1,williams_first_order_carryover,6ad653227c3c19559c94ff26e7c6827f5db285b786b909d8b494bd463f6fcf84,3,3,0,3,0,0,braid-100,braid-100,"[""braid-100"",""braid-1000"",""braid-10"",""braid-10000"",""braid-0"",""baseline""]",parser_inclusive_subprocess_wall_clock,1,unsat,0.374380217,0,0,0,,,"unsat
",,"[""/net/scratch/hscra/plgrid/plgnasqret/codex-control/projects/euf-viper/runs/20260727T095337Z-plain-braid-qg7-9f86254/target/release/euf-viper"",""fabric-solve"",""--engine"",""quotient-portfolio"",""/net/scratch/hscra/plgrid/plgnasqret/codex-control/projects/euf-viper/corpora/9b39c70a794d52277a4e5d83731f0ebc50a2f3b804eb1dfc8cf32766a5ebeadc/smtlib-2025/QF_UF/QF_UF/QG-classification/qg7/iso_icl_nogen001.smt2""]"
127,3,7309,QF_UF/QG-classification/qg7/iso_icl_nogen001.smt2,6e9ea0786a672c467f853bf8964283bbdc53c2b51c41e0b0e6fc1fbd8ba34be0,6013419,unsat,1,williams_first_order_carryover,6ad653227c3c19559c94ff26e7c6827f5db285b786b909d8b494bd463f6fcf84,3,3,0,3,1,1,braid-1000,braid-1000,"[""braid-100"",""braid-1000"",""braid-10"",""braid-10000"",""braid-0"",""baseline""]",parser_inclusive_subprocess_wall_clock,1,unsat,0.354740323,0,0,0,,,"unsat
",,"[""/net/scratch/hscra/plgrid/plgnasqret/codex-control/projects/euf-viper/runs/20260727T095337Z-plain-braid-qg7-9f86254/target/release/euf-viper"",""fabric-solve"",""--engine"",""quotient-portfolio"",""/net/scratch/hscra/plgrid/plgnasqret/codex-control/projects/euf-viper/corpora/9b39c70a794d52277a4e5d83731f0ebc50a2f3b804eb1dfc8cf32766a5ebeadc/smtlib-2025/QF_UF/QF_UF/QG-classification/qg7/iso_icl_nogen001.smt2""]"
128,3,7309,QF_UF/QG-classification/qg7/iso_icl_nogen001.smt2,6e9ea0786a672c467f853bf8964283bbdc53c2b51c41e0b0e6fc1fbd8ba34be0,6013419,unsat,1,williams_first_order_carryover,6ad653227c3c19559c94ff26e7c6827f5db285b786b909d8b494bd463f6fcf84,3,3,0,3,2,2,braid-10,braid-10,"[""braid-100"",""braid-1000"",""braid-10"",""braid-10000"",""braid-0"",""baseline""]",parser_inclusive_subprocess_wall_clock,1,unsat,0.344157352,0,0,0,,,"unsat
",,"[""/net/scratch/hscra/plgrid/plgnasqret/codex-control/projects/euf-viper/runs/20260727T095337Z-plain-braid-qg7-9f86254/target/release/euf-viper"",""fabric-solve"",""--engine"",""quotient-portfolio"",""/net/scratch/hscra/plgrid/plgnasqret/codex-control/projects/euf-viper/corpora/9b39c70a794d52277a4e5d83731f0ebc50a2f3b804eb1dfc8cf32766a5ebeadc/smtlib-2025/QF_UF/QF_UF/QG-classification/qg7/iso_icl_nogen001.smt2""]"
129,3,7309,QF_UF/QG-classification/qg7/iso_icl_nogen001.smt2,6e9ea0786a672c467f853bf8964283bbdc53c2b51c41e0b0e6fc1fbd8ba34be0,6013419,unsat,1,williams_first_order_carryover,6ad653227c3c19559c94ff26e7c6827f5db285b786b909d8b494bd463f6fcf84,3,3,0,3,3,3,braid-10000,braid-10000,"[""braid-100"",""braid-1000"",""braid-10"",""braid-10000"",""braid-0"",""baseline""]",parser_inclusive_subprocess_wall_clock,1,unsat,0.368566960,0,0,0,,,"unsat
",,"[""/net/scratch/hscra/plgrid/plgnasqret/codex-control/projects/euf-viper/runs/20260727T095337Z-plain-braid-qg7-9f86254/target/release/euf-viper"",""fabric-solve"",""--engine"",""quotient-portfolio"",""/net/scratch/hscra/plgrid/plgnasqret/codex-control/projects/euf-viper/corpora/9b39c70a794d52277a4e5d83731f0ebc50a2f3b804eb1dfc8cf32766a5ebeadc/smtlib-2025/QF_UF/QF_UF/QG-classification/qg7/iso_icl_nogen001.smt2""]"
130,3,7309,QF_UF/QG-classification/qg7/iso_icl_nogen001.smt2,6e9ea0786a672c467f853bf8964283bbdc53c2b51c41e0b0e6fc1fbd8ba34be0,6013419,unsat,1,williams_first_order_carryover,6ad653227c3c19559c94ff26e7c6827f5db285b786b909d8b494bd463f6fcf84,3,3,0,3,4,4,braid-0,braid-0,"[""braid-100"",""braid-1000"",""braid-10"",""braid-10000"",""braid-0"",""baseline""]",parser_inclusive_subprocess_wall_clock,1,unsat,0.362712859,0,0,0,,,"unsat
",,"[""/net/scratch/hscra/plgrid/plgnasqret/codex-control/projects/euf-viper/runs/20260727T095337Z-plain-braid-qg7-9f86254/target/release/euf-viper"",""fabric-solve"",""--engine"",""quotient-portfolio"",""/net/scratch/hscra/plgrid/plgnasqret/codex-control/projects/euf-viper/corpora/9b39c70a794d52277a4e5d83731f0ebc50a2f3b804eb1dfc8cf32766a5ebeadc/smtlib-2025/QF_UF/QF_UF/QG-classification/qg7/iso_icl_nogen001.smt2""]"
131,3,7309,QF_UF/QG-classification/qg7/iso_icl_nogen001.smt2,6e9ea0786a672c467f853bf8964283bbdc53c2b51c41e0b0e6fc1fbd8ba34be0,6013419,unsat,1,williams_first_order_carryover,6ad653227c3c19559c94ff26e7c6827f5db285b786b909d8b494bd463f6fcf84,3,3,0,3,5,5,baseline,baseline,"[""braid-100"",""braid-1000"",""braid-10"",""braid-10000"",""braid-0"",""baseline""]",parser_inclusive_subprocess_wall_clock,1,unsat,0.348310450,0,0,0,,,"unsat
",,"[""/net/scratch/hscra/plgrid/plgnasqret/codex-control/projects/euf-viper/runs/20260727T095337Z-plain-braid-qg7-9f86254/target/release/euf-viper"",""fabric-solve"",""--engine"",""quotient-portfolio"",""/net/scratch/hscra/plgrid/plgnasqret/codex-control/projects/euf-viper/corpora/9b39c70a794d52277a4e5d83731f0ebc50a2f3b804eb1dfc8cf32766a5ebeadc/smtlib-2025/QF_UF/QF_UF/QG-classification/qg7/iso_icl_nogen001.smt2""]"
132,3,7309,QF_UF/QG-classification/qg7/iso_icl_nogen001.smt2,6e9ea0786a672c467f853bf8964283bbdc53c2b51c41e0b0e6fc1fbd8ba34be0,6013419,unsat,1,williams_first_order_carryover,6ad653227c3c19559c94ff26e7c6827f5db285b786b909d8b494bd463f6fcf84,4,4,0,4,0,0,braid-1000,braid-1000,"[""braid-1000"",""braid-10000"",""braid-100"",""baseline"",""braid-10"",""braid-0""]",parser_inclusive_subprocess_wall_clock,1,unsat,0.404042134,0,0,0,,,"unsat
",,"[""/net/scratch/hscra/plgrid/plgnasqret/codex-control/projects/euf-viper/runs/20260727T095337Z-plain-braid-qg7-9f86254/target/release/euf-viper"",""fabric-solve"",""--engine"",""quotient-portfolio"",""/net/scratch/hscra/plgrid/plgnasqret/codex-control/projects/euf-viper/corpora/9b39c70a794d52277a4e5d83731f0ebc50a2f3b804eb1dfc8cf32766a5ebeadc/smtlib-2025/QF_UF/QF_UF/QG-classification/qg7/iso_icl_nogen001.smt2""]"
133,3,7309,QF_UF/QG-classification/qg7/iso_icl_nogen001.smt2,6e9ea0786a672c467f853bf8964283bbdc53c2b51c41e0b0e6fc1fbd8ba34be0,6013419,unsat,1,williams_first_order_carryover,6ad653227c3c19559c94ff26e7c6827f5db285b786b909d8b494bd463f6fcf84,4,4,0,4,1,1,braid-10000,braid-10000,"[""braid-1000"",""braid-10000"",""braid-100"",""baseline"",""braid-10"",""braid-0""]",parser_inclusive_subprocess_wall_clock,1,unsat,0.351793086,0,0,0,,,"unsat
",,"[""/net/scratch/hscra/plgrid/plgnasqret/codex-control/projects/euf-viper/runs/20260727T095337Z-plain-braid-qg7-9f86254/target/release/euf-viper"",""fabric-solve"",""--engine"",""quotient-portfolio"",""/net/scratch/hscra/plgrid/plgnasqret/codex-control/projects/euf-viper/corpora/9b39c70a794d52277a4e5d83731f0ebc50a2f3b804eb1dfc8cf32766a5ebeadc/smtlib-2025/QF_UF/QF_UF/QG-classification/qg7/iso_icl_nogen001.smt2""]"
134,3,7309,QF_UF/QG-classification/qg7/iso_icl_nogen001.smt2,6e9ea0786a672c467f853bf8964283bbdc53c2b51c41e0b0e6fc1fbd8ba34be0,6013419,unsat,1,williams_first_order_carryover,6ad653227c3c19559c94ff26e7c6827f5db285b786b909d8b494bd463f6fcf84,4,4,0,4,2,2,braid-100,braid-100,"[""braid-1000"",""braid-10000"",""braid-100"",""baseline"",""braid-10"",""braid-0""]",parser_inclusive_subprocess_wall_clock,1,unsat,0.353486818,0,0,0,,,"unsat
",,"[""/net/scratch/hscra/plgrid/plgnasqret/codex-control/projects/euf-viper/runs/20260727T095337Z-plain-braid-qg7-9f86254/target/release/euf-viper"",""fabric-solve"",""--engine"",""quotient-portfolio"",""/net/scratch/hscra/plgrid/plgnasqret/codex-control/projects/euf-viper/corpora/9b39c70a794d52277a4e5d83731f0ebc50a2f3b804eb1dfc8cf32766a5ebeadc/smtlib-2025/QF_UF/QF_UF/QG-classification/qg7/iso_icl_nogen001.smt2""]"
135,3,7309,QF_UF/QG-classification/qg7/iso_icl_nogen001.smt2,6e9ea0786a672c467f853bf8964283bbdc53c2b51c41e0b0e6fc1fbd8ba34be0,6013419,unsat,1,williams_first_order_carryover,6ad653227c3c19559c94ff26e7c6827f5db285b786b909d8b494bd463f6fcf84,4,4,0,4,3,3,baseline,baseline,"[""braid-1000"",""braid-10000"",""braid-100"",""baseline"",""braid-10"",""braid-0""]",parser_inclusive_subprocess_wall_clock,1,unsat,0.333024091,0,0,0,,,"unsat
",,"[""/net/scratch/hscra/plgrid/plgnasqret/codex-control/projects/euf-viper/runs/20260727T095337Z-plain-braid-qg7-9f86254/target/release/euf-viper"",""fabric-solve"",""--engine"",""quotient-portfolio"",""/net/scratch/hscra/plgrid/plgnasqret/codex-control/projects/euf-viper/corpora/9b39c70a794d52277a4e5d83731f0ebc50a2f3b804eb1dfc8cf32766a5ebeadc/smtlib-2025/QF_UF/QF_UF/QG-classification/qg7/iso_icl_nogen001.smt2""]"
136,3,7309,QF_UF/QG-classification/qg7/iso_icl_nogen001.smt2,6e9ea0786a672c467f853bf8964283bbdc53c2b51c41e0b0e6fc1fbd8ba34be0,6013419,unsat,1,williams_first_order_carryover,6ad653227c3c19559c94ff26e7c6827f5db285b786b909d8b494bd463f6fcf84,4,4,0,4,4,4,braid-10,braid-10,"[""braid-1000"",""braid-10000"",""braid-100"",""baseline"",""braid-10"",""braid-0""]",parser_inclusive_subprocess_wall_clock,1,unsat,0.331994880,0,0,0,,,"unsat
",,"[""/net/scratch/hscra/plgrid/plgnasqret/codex-control/projects/euf-viper/runs/20260727T095337Z-plain-braid-qg7-9f86254/target/release/euf-viper"",""fabric-solve"",""--engine"",""quotient-portfolio"",""/net/scratch/hscra/plgrid/plgnasqret/codex-control/projects/euf-viper/corpora/9b39c70a794d52277a4e5d83731f0ebc50a2f3b804eb1dfc8cf32766a5ebeadc/smtlib-2025/QF_UF/QF_UF/QG-classification/qg7/iso_icl_nogen001.smt2""]"
137,3,7309,QF_UF/QG-classification/qg7/iso_icl_nogen001.smt2,6e9ea0786a672c467f853bf8964283bbdc53c2b51c41e0b0e6fc1fbd8ba34be0,6013419,unsat,1,williams_first_order_carryover,6ad653227c3c19559c94ff26e7c6827f5db285b786b909d8b494bd463f6fcf84,4,4,0,4,5,5,braid-0,braid-0,"[""braid-1000"",""braid-10000"",""braid-100"",""baseline"",""braid-10"",""braid-0""]",parser_inclusive_subprocess_wall_clock,1,unsat,0.463617035,0,0,0,,,"unsat
",,"[""/net/scratch/hscra/plgrid/plgnasqret/codex-control/projects/euf-viper/runs/20260727T095337Z-plain-braid-qg7-9f86254/target/release/euf-viper"",""fabric-solve"",""--engine"",""quotient-portfolio"",""/net/scratch/hscra/plgrid/plgnasqret/codex-control/projects/euf-viper/corpora/9b39c70a794d52277a4e5d83731f0ebc50a2f3b804eb1dfc8cf32766a5ebeadc/smtlib-2025/QF_UF/QF_UF/QG-classification/qg7/iso_icl_nogen001.smt2""]"
138,3,7309,QF_UF/QG-classification/qg7/iso_icl_nogen001.smt2,6e9ea0786a672c467f853bf8964283bbdc53c2b51c41e0b0e6fc1fbd8ba34be0,6013419,unsat,1,williams_first_order_carryover,6ad653227c3c19559c94ff26e7c6827f5db285b786b909d8b494bd463f6fcf84,5,5,0,5,0,0,braid-10000,braid-10000,"[""braid-10000"",""baseline"",""braid-1000"",""braid-0"",""braid-100"",""braid-10""]",parser_inclusive_subprocess_wall_clock,1,unsat,0.366404216,0,0,0,,,"unsat
",,"[""/net/scratch/hscra/plgrid/plgnasqret/codex-control/projects/euf-viper/runs/20260727T095337Z-plain-braid-qg7-9f86254/target/release/euf-viper"",""fabric-solve"",""--engine"",""quotient-portfolio"",""/net/scratch/hscra/plgrid/plgnasqret/codex-control/projects/euf-viper/corpora/9b39c70a794d52277a4e5d83731f0ebc50a2f3b804eb1dfc8cf32766a5ebeadc/smtlib-2025/QF_UF/QF_UF/QG-classification/qg7/iso_icl_nogen001.smt2""]"
139,3,7309,QF_UF/QG-classification/qg7/iso_icl_nogen001.smt2,6e9ea0786a672c467f853bf8964283bbdc53c2b51c41e0b0e6fc1fbd8ba34be0,6013419,unsat,1,williams_first_order_carryover,6ad653227c3c19559c94ff26e7c6827f5db285b786b909d8b494bd463f6fcf84,5,5,0,5,1,1,baseline,baseline,"[""braid-10000"",""baseline"",""braid-1000"",""braid-0"",""braid-100"",""braid-10""]",parser_inclusive_subprocess_wall_clock,1,unsat,0.405384390,0,0,0,,,"unsat
",,"[""/net/scratch/hscra/plgrid/plgnasqret/codex-control/projects/euf-viper/runs/20260727T095337Z-plain-braid-qg7-9f86254/target/release/euf-viper"",""fabric-solve"",""--engine"",""quotient-portfolio"",""/net/scratch/hscra/plgrid/plgnasqret/codex-control/projects/euf-viper/corpora/9b39c70a794d52277a4e5d83731f0ebc50a2f3b804eb1dfc8cf32766a5ebeadc/smtlib-2025/QF_UF/QF_UF/QG-classification/qg7/iso_icl_nogen001.smt2""]"
140,3,7309,QF_UF/QG-classification/qg7/iso_icl_nogen001.smt2,6e9ea0786a672c467f853bf8964283bbdc53c2b51c41e0b0e6fc1fbd8ba34be0,6013419,unsat,1,williams_first_order_carryover,6ad653227c3c19559c94ff26e7c6827f5db285b786b909d8b494bd463f6fcf84,5,5,0,5,2,2,braid-1000,braid-1000,"[""braid-10000"",""baseline"",""braid-1000"",""braid-0"",""braid-100"",""braid-10""]",parser_inclusive_subprocess_wall_clock,1,unsat,0.377995853,0,0,0,,,"unsat
",,"[""/net/scratch/hscra/plgrid/plgnasqret/codex-control/projects/euf-viper/runs/20260727T095337Z-plain-braid-qg7-9f86254/target/release/euf-viper"",""fabric-solve"",""--engine"",""quotient-portfolio"",""/net/scratch/hscra/plgrid/plgnasqret/codex-control/projects/euf-viper/corpora/9b39c70a794d52277a4e5d83731f0ebc50a2f3b804eb1dfc8cf32766a5ebeadc/smtlib-2025/QF_UF/QF_UF/QG-classification/qg7/iso_icl_nogen001.smt2""]"
141,3,7309,QF_UF/QG-classification/qg7/iso_icl_nogen001.smt2,6e9ea0786a672c467f853bf8964283bbdc53c2b51c41e0b0e6fc1fbd8ba34be0,6013419,unsat,1,williams_first_order_carryover,6ad653227c3c19559c94ff26e7c6827f5db285b786b909d8b494bd463f6fcf84,5,5,0,5,3,3,braid-0,braid-0,"[""braid-10000"",""baseline"",""braid-1000"",""braid-0"",""braid-100"",""braid-10""]",parser_inclusive_subprocess_wall_clock,1,unsat,0.399236513,0,0,0,,,"unsat
",,"[""/net/scratch/hscra/plgrid/plgnasqret/codex-control/projects/euf-viper/runs/20260727T095337Z-plain-braid-qg7-9f86254/target/release/euf-viper"",""fabric-solve"",""--engine"",""quotient-portfolio"",""/net/scratch/hscra/plgrid/plgnasqret/codex-control/projects/euf-viper/corpora/9b39c70a794d52277a4e5d83731f0ebc50a2f3b804eb1dfc8cf32766a5ebeadc/smtlib-2025/QF_UF/QF_UF/QG-classification/qg7/iso_icl_nogen001.smt2""]"
142,3,7309,QF_UF/QG-classification/qg7/iso_icl_nogen001.smt2,6e9ea0786a672c467f853bf8964283bbdc53c2b51c41e0b0e6fc1fbd8ba34be0,6013419,unsat,1,williams_first_order_carryover,6ad653227c3c19559c94ff26e7c6827f5db285b786b909d8b494bd463f6fcf84,5,5,0,5,4,4,braid-100,braid-100,"[""braid-10000"",""baseline"",""braid-1000"",""braid-0"",""braid-100"",""braid-10""]",parser_inclusive_subprocess_wall_clock,1,unsat,0.357882659,0,0,0,,,"unsat
",,"[""/net/scratch/hscra/plgrid/plgnasqret/codex-control/projects/euf-viper/runs/20260727T095337Z-plain-braid-qg7-9f86254/target/release/euf-viper"",""fabric-solve"",""--engine"",""quotient-portfolio"",""/net/scratch/hscra/plgrid/plgnasqret/codex-control/projects/euf-viper/corpora/9b39c70a794d52277a4e5d83731f0ebc50a2f3b804eb1dfc8cf32766a5ebeadc/smtlib-2025/QF_UF/QF_UF/QG-classification/qg7/iso_icl_nogen001.smt2""]"
143,3,7309,QF_UF/QG-classification/qg7/iso_icl_nogen001.smt2,6e9ea0786a672c467f853bf8964283bbdc53c2b51c41e0b0e6fc1fbd8ba34be0,6013419,unsat,1,williams_first_order_carryover,6ad653227c3c19559c94ff26e7c6827f5db285b786b909d8b494bd463f6fcf84,5,5,0,5,5,5,braid-10,braid-10,"[""braid-10000"",""baseline"",""braid-1000"",""braid-0"",""braid-100"",""braid-10""]",parser_inclusive_subprocess_wall_clock,1,unsat,0.382097620,0,0,0,,,"unsat
",,"[""/net/scratch/hscra/plgrid/plgnasqret/codex-control/projects/euf-viper/runs/20260727T095337Z-plain-braid-qg7-9f86254/target/release/euf-viper"",""fabric-solve"",""--engine"",""quotient-portfolio"",""/net/scratch/hscra/plgrid/plgnasqret/codex-control/projects/euf-viper/corpora/9b39c70a794d52277a4e5d83731f0ebc50a2f3b804eb1dfc8cf32766a5ebeadc/smtlib-2025/QF_UF/QF_UF/QG-classification/qg7/iso_icl_nogen001.smt2""]"
