sequence,row_index,id,relative_path,source_sha256,source_size_bytes,expected_status,schedule_schema_version,schedule_design,schedule_sha256,repeat,schedule_row,complete_block,row_in_block,order_in_repeat,arm_position,label,arm,schedule_order_json,timing_scope,parser_inclusive,result,time_s,exit_code,process_returncode,timed_out,error_kind,error_detail,stdout,stderr,argv_json
0,0,7035,QF_UF/QG-classification/qg7/gensys_icl002.smt2,ea97848482057ed53c6551446efc26b8cfbb41d7c804b478fbf361d2b8e76b89,811783,unsat,1,williams_first_order_carryover,a5b163da70f7a4b586276cec20529dcaf9a596daf59a01894d95ec3f4fd69c3e,0,0,0,0,0,0,baseline,baseline,"[""baseline"",""staged-0"",""staged-10000"",""staged-10"",""staged-1000"",""staged-100""]",parser_inclusive_subprocess_wall_clock,1,timeout,2.007696794,124,-9,1,timeout,exceeded 2 seconds,,,"[""/net/scratch/hscra/plgrid/plgnasqret/codex-control/projects/euf-viper/runs/20260727T073625Z-staged-qg7-e9fef17/target/release/euf-viper"",""fabric-solve"",""--engine"",""quotient-portfolio"",""/net/scratch/hscra/plgrid/plgnasqret/codex-control/projects/euf-viper/corpora/9b39c70a794d52277a4e5d83731f0ebc50a2f3b804eb1dfc8cf32766a5ebeadc/smtlib-2025/QF_UF/QF_UF/QG-classification/qg7/gensys_icl002.smt2""]"
1,0,7035,QF_UF/QG-classification/qg7/gensys_icl002.smt2,ea97848482057ed53c6551446efc26b8cfbb41d7c804b478fbf361d2b8e76b89,811783,unsat,1,williams_first_order_carryover,a5b163da70f7a4b586276cec20529dcaf9a596daf59a01894d95ec3f4fd69c3e,0,0,0,0,1,1,staged-0,staged-0,"[""baseline"",""staged-0"",""staged-10000"",""staged-10"",""staged-1000"",""staged-100""]",parser_inclusive_subprocess_wall_clock,1,timeout,2.005514007,124,0,1,timeout,exceeded 2 seconds,"unsat
",,"[""/net/scratch/hscra/plgrid/plgnasqret/codex-control/projects/euf-viper/runs/20260727T073625Z-staged-qg7-e9fef17/target/release/euf-viper"",""fabric-solve"",""--engine"",""quotient-portfolio"",""/net/scratch/hscra/plgrid/plgnasqret/codex-control/projects/euf-viper/corpora/9b39c70a794d52277a4e5d83731f0ebc50a2f3b804eb1dfc8cf32766a5ebeadc/smtlib-2025/QF_UF/QF_UF/QG-classification/qg7/gensys_icl002.smt2""]"
2,0,7035,QF_UF/QG-classification/qg7/gensys_icl002.smt2,ea97848482057ed53c6551446efc26b8cfbb41d7c804b478fbf361d2b8e76b89,811783,unsat,1,williams_first_order_carryover,a5b163da70f7a4b586276cec20529dcaf9a596daf59a01894d95ec3f4fd69c3e,0,0,0,0,2,2,staged-10000,staged-10000,"[""baseline"",""staged-0"",""staged-10000"",""staged-10"",""staged-1000"",""staged-100""]",parser_inclusive_subprocess_wall_clock,1,timeout,2.007353549,124,-9,1,timeout,exceeded 2 seconds,,,"[""/net/scratch/hscra/plgrid/plgnasqret/codex-control/projects/euf-viper/runs/20260727T073625Z-staged-qg7-e9fef17/target/release/euf-viper"",""fabric-solve"",""--engine"",""quotient-portfolio"",""/net/scratch/hscra/plgrid/plgnasqret/codex-control/projects/euf-viper/corpora/9b39c70a794d52277a4e5d83731f0ebc50a2f3b804eb1dfc8cf32766a5ebeadc/smtlib-2025/QF_UF/QF_UF/QG-classification/qg7/gensys_icl002.smt2""]"
3,0,7035,QF_UF/QG-classification/qg7/gensys_icl002.smt2,ea97848482057ed53c6551446efc26b8cfbb41d7c804b478fbf361d2b8e76b89,811783,unsat,1,williams_first_order_carryover,a5b163da70f7a4b586276cec20529dcaf9a596daf59a01894d95ec3f4fd69c3e,0,0,0,0,3,3,staged-10,staged-10,"[""baseline"",""staged-0"",""staged-10000"",""staged-10"",""staged-1000"",""staged-100""]",parser_inclusive_subprocess_wall_clock,1,unsat,1.579332990,0,0,0,,,"unsat
",,"[""/net/scratch/hscra/plgrid/plgnasqret/codex-control/projects/euf-viper/runs/20260727T073625Z-staged-qg7-e9fef17/target/release/euf-viper"",""fabric-solve"",""--engine"",""quotient-portfolio"",""/net/scratch/hscra/plgrid/plgnasqret/codex-control/projects/euf-viper/corpora/9b39c70a794d52277a4e5d83731f0ebc50a2f3b804eb1dfc8cf32766a5ebeadc/smtlib-2025/QF_UF/QF_UF/QG-classification/qg7/gensys_icl002.smt2""]"
4,0,7035,QF_UF/QG-classification/qg7/gensys_icl002.smt2,ea97848482057ed53c6551446efc26b8cfbb41d7c804b478fbf361d2b8e76b89,811783,unsat,1,williams_first_order_carryover,a5b163da70f7a4b586276cec20529dcaf9a596daf59a01894d95ec3f4fd69c3e,0,0,0,0,4,4,staged-1000,staged-1000,"[""baseline"",""staged-0"",""staged-10000"",""staged-10"",""staged-1000"",""staged-100""]",parser_inclusive_subprocess_wall_clock,1,unsat,1.696270039,0,0,0,,,"unsat
",,"[""/net/scratch/hscra/plgrid/plgnasqret/codex-control/projects/euf-viper/runs/20260727T073625Z-staged-qg7-e9fef17/target/release/euf-viper"",""fabric-solve"",""--engine"",""quotient-portfolio"",""/net/scratch/hscra/plgrid/plgnasqret/codex-control/projects/euf-viper/corpora/9b39c70a794d52277a4e5d83731f0ebc50a2f3b804eb1dfc8cf32766a5ebeadc/smtlib-2025/QF_UF/QF_UF/QG-classification/qg7/gensys_icl002.smt2""]"
5,0,7035,QF_UF/QG-classification/qg7/gensys_icl002.smt2,ea97848482057ed53c6551446efc26b8cfbb41d7c804b478fbf361d2b8e76b89,811783,unsat,1,williams_first_order_carryover,a5b163da70f7a4b586276cec20529dcaf9a596daf59a01894d95ec3f4fd69c3e,0,0,0,0,5,5,staged-100,staged-100,"[""baseline"",""staged-0"",""staged-10000"",""staged-10"",""staged-1000"",""staged-100""]",parser_inclusive_subprocess_wall_clock,1,unsat,1.850644935,0,0,0,,,"unsat
",,"[""/net/scratch/hscra/plgrid/plgnasqret/codex-control/projects/euf-viper/runs/20260727T073625Z-staged-qg7-e9fef17/target/release/euf-viper"",""fabric-solve"",""--engine"",""quotient-portfolio"",""/net/scratch/hscra/plgrid/plgnasqret/codex-control/projects/euf-viper/corpora/9b39c70a794d52277a4e5d83731f0ebc50a2f3b804eb1dfc8cf32766a5ebeadc/smtlib-2025/QF_UF/QF_UF/QG-classification/qg7/gensys_icl002.smt2""]"
6,0,7035,QF_UF/QG-classification/qg7/gensys_icl002.smt2,ea97848482057ed53c6551446efc26b8cfbb41d7c804b478fbf361d2b8e76b89,811783,unsat,1,williams_first_order_carryover,a5b163da70f7a4b586276cec20529dcaf9a596daf59a01894d95ec3f4fd69c3e,1,1,0,1,0,0,staged-0,staged-0,"[""staged-0"",""staged-10"",""baseline"",""staged-100"",""staged-10000"",""staged-1000""]",parser_inclusive_subprocess_wall_clock,1,unsat,1.884415861,0,0,0,,,"unsat
",,"[""/net/scratch/hscra/plgrid/plgnasqret/codex-control/projects/euf-viper/runs/20260727T073625Z-staged-qg7-e9fef17/target/release/euf-viper"",""fabric-solve"",""--engine"",""quotient-portfolio"",""/net/scratch/hscra/plgrid/plgnasqret/codex-control/projects/euf-viper/corpora/9b39c70a794d52277a4e5d83731f0ebc50a2f3b804eb1dfc8cf32766a5ebeadc/smtlib-2025/QF_UF/QF_UF/QG-classification/qg7/gensys_icl002.smt2""]"
7,0,7035,QF_UF/QG-classification/qg7/gensys_icl002.smt2,ea97848482057ed53c6551446efc26b8cfbb41d7c804b478fbf361d2b8e76b89,811783,unsat,1,williams_first_order_carryover,a5b163da70f7a4b586276cec20529dcaf9a596daf59a01894d95ec3f4fd69c3e,1,1,0,1,1,1,staged-10,staged-10,"[""staged-0"",""staged-10"",""baseline"",""staged-100"",""staged-10000"",""staged-1000""]",parser_inclusive_subprocess_wall_clock,1,unsat,1.890731731,0,0,0,,,"unsat
",,"[""/net/scratch/hscra/plgrid/plgnasqret/codex-control/projects/euf-viper/runs/20260727T073625Z-staged-qg7-e9fef17/target/release/euf-viper"",""fabric-solve"",""--engine"",""quotient-portfolio"",""/net/scratch/hscra/plgrid/plgnasqret/codex-control/projects/euf-viper/corpora/9b39c70a794d52277a4e5d83731f0ebc50a2f3b804eb1dfc8cf32766a5ebeadc/smtlib-2025/QF_UF/QF_UF/QG-classification/qg7/gensys_icl002.smt2""]"
8,0,7035,QF_UF/QG-classification/qg7/gensys_icl002.smt2,ea97848482057ed53c6551446efc26b8cfbb41d7c804b478fbf361d2b8e76b89,811783,unsat,1,williams_first_order_carryover,a5b163da70f7a4b586276cec20529dcaf9a596daf59a01894d95ec3f4fd69c3e,1,1,0,1,2,2,baseline,baseline,"[""staged-0"",""staged-10"",""baseline"",""staged-100"",""staged-10000"",""staged-1000""]",parser_inclusive_subprocess_wall_clock,1,timeout,2.006090884,124,-9,1,timeout,exceeded 2 seconds,,,"[""/net/scratch/hscra/plgrid/plgnasqret/codex-control/projects/euf-viper/runs/20260727T073625Z-staged-qg7-e9fef17/target/release/euf-viper"",""fabric-solve"",""--engine"",""quotient-portfolio"",""/net/scratch/hscra/plgrid/plgnasqret/codex-control/projects/euf-viper/corpora/9b39c70a794d52277a4e5d83731f0ebc50a2f3b804eb1dfc8cf32766a5ebeadc/smtlib-2025/QF_UF/QF_UF/QG-classification/qg7/gensys_icl002.smt2""]"
9,0,7035,QF_UF/QG-classification/qg7/gensys_icl002.smt2,ea97848482057ed53c6551446efc26b8cfbb41d7c804b478fbf361d2b8e76b89,811783,unsat,1,williams_first_order_carryover,a5b163da70f7a4b586276cec20529dcaf9a596daf59a01894d95ec3f4fd69c3e,1,1,0,1,3,3,staged-100,staged-100,"[""staged-0"",""staged-10"",""baseline"",""staged-100"",""staged-10000"",""staged-1000""]",parser_inclusive_subprocess_wall_clock,1,unsat,1.697059123,0,0,0,,,"unsat
",,"[""/net/scratch/hscra/plgrid/plgnasqret/codex-control/projects/euf-viper/runs/20260727T073625Z-staged-qg7-e9fef17/target/release/euf-viper"",""fabric-solve"",""--engine"",""quotient-portfolio"",""/net/scratch/hscra/plgrid/plgnasqret/codex-control/projects/euf-viper/corpora/9b39c70a794d52277a4e5d83731f0ebc50a2f3b804eb1dfc8cf32766a5ebeadc/smtlib-2025/QF_UF/QF_UF/QG-classification/qg7/gensys_icl002.smt2""]"
10,0,7035,QF_UF/QG-classification/qg7/gensys_icl002.smt2,ea97848482057ed53c6551446efc26b8cfbb41d7c804b478fbf361d2b8e76b89,811783,unsat,1,williams_first_order_carryover,a5b163da70f7a4b586276cec20529dcaf9a596daf59a01894d95ec3f4fd69c3e,1,1,0,1,4,4,staged-10000,staged-10000,"[""staged-0"",""staged-10"",""baseline"",""staged-100"",""staged-10000"",""staged-1000""]",parser_inclusive_subprocess_wall_clock,1,timeout,2.007545944,124,-9,1,timeout,exceeded 2 seconds,,,"[""/net/scratch/hscra/plgrid/plgnasqret/codex-control/projects/euf-viper/runs/20260727T073625Z-staged-qg7-e9fef17/target/release/euf-viper"",""fabric-solve"",""--engine"",""quotient-portfolio"",""/net/scratch/hscra/plgrid/plgnasqret/codex-control/projects/euf-viper/corpora/9b39c70a794d52277a4e5d83731f0ebc50a2f3b804eb1dfc8cf32766a5ebeadc/smtlib-2025/QF_UF/QF_UF/QG-classification/qg7/gensys_icl002.smt2""]"
11,0,7035,QF_UF/QG-classification/qg7/gensys_icl002.smt2,ea97848482057ed53c6551446efc26b8cfbb41d7c804b478fbf361d2b8e76b89,811783,unsat,1,williams_first_order_carryover,a5b163da70f7a4b586276cec20529dcaf9a596daf59a01894d95ec3f4fd69c3e,1,1,0,1,5,5,staged-1000,staged-1000,"[""staged-0"",""staged-10"",""baseline"",""staged-100"",""staged-10000"",""staged-1000""]",parser_inclusive_subprocess_wall_clock,1,unsat,1.977394209,0,0,0,,,"unsat
",,"[""/net/scratch/hscra/plgrid/plgnasqret/codex-control/projects/euf-viper/runs/20260727T073625Z-staged-qg7-e9fef17/target/release/euf-viper"",""fabric-solve"",""--engine"",""quotient-portfolio"",""/net/scratch/hscra/plgrid/plgnasqret/codex-control/projects/euf-viper/corpora/9b39c70a794d52277a4e5d83731f0ebc50a2f3b804eb1dfc8cf32766a5ebeadc/smtlib-2025/QF_UF/QF_UF/QG-classification/qg7/gensys_icl002.smt2""]"
12,0,7035,QF_UF/QG-classification/qg7/gensys_icl002.smt2,ea97848482057ed53c6551446efc26b8cfbb41d7c804b478fbf361d2b8e76b89,811783,unsat,1,williams_first_order_carryover,a5b163da70f7a4b586276cec20529dcaf9a596daf59a01894d95ec3f4fd69c3e,2,2,0,2,0,0,staged-10,staged-10,"[""staged-10"",""staged-100"",""staged-0"",""staged-1000"",""baseline"",""staged-10000""]",parser_inclusive_subprocess_wall_clock,1,unsat,1.936799981,0,0,0,,,"unsat
",,"[""/net/scratch/hscra/plgrid/plgnasqret/codex-control/projects/euf-viper/runs/20260727T073625Z-staged-qg7-e9fef17/target/release/euf-viper"",""fabric-solve"",""--engine"",""quotient-portfolio"",""/net/scratch/hscra/plgrid/plgnasqret/codex-control/projects/euf-viper/corpora/9b39c70a794d52277a4e5d83731f0ebc50a2f3b804eb1dfc8cf32766a5ebeadc/smtlib-2025/QF_UF/QF_UF/QG-classification/qg7/gensys_icl002.smt2""]"
13,0,7035,QF_UF/QG-classification/qg7/gensys_icl002.smt2,ea97848482057ed53c6551446efc26b8cfbb41d7c804b478fbf361d2b8e76b89,811783,unsat,1,williams_first_order_carryover,a5b163da70f7a4b586276cec20529dcaf9a596daf59a01894d95ec3f4fd69c3e,2,2,0,2,1,1,staged-100,staged-100,"[""staged-10"",""staged-100"",""staged-0"",""staged-1000"",""baseline"",""staged-10000""]",parser_inclusive_subprocess_wall_clock,1,unsat,1.582615033,0,0,0,,,"unsat
",,"[""/net/scratch/hscra/plgrid/plgnasqret/codex-control/projects/euf-viper/runs/20260727T073625Z-staged-qg7-e9fef17/target/release/euf-viper"",""fabric-solve"",""--engine"",""quotient-portfolio"",""/net/scratch/hscra/plgrid/plgnasqret/codex-control/projects/euf-viper/corpora/9b39c70a794d52277a4e5d83731f0ebc50a2f3b804eb1dfc8cf32766a5ebeadc/smtlib-2025/QF_UF/QF_UF/QG-classification/qg7/gensys_icl002.smt2""]"
14,0,7035,QF_UF/QG-classification/qg7/gensys_icl002.smt2,ea97848482057ed53c6551446efc26b8cfbb41d7c804b478fbf361d2b8e76b89,811783,unsat,1,williams_first_order_carryover,a5b163da70f7a4b586276cec20529dcaf9a596daf59a01894d95ec3f4fd69c3e,2,2,0,2,2,2,staged-0,staged-0,"[""staged-10"",""staged-100"",""staged-0"",""staged-1000"",""baseline"",""staged-10000""]",parser_inclusive_subprocess_wall_clock,1,unsat,1.770665929,0,0,0,,,"unsat
",,"[""/net/scratch/hscra/plgrid/plgnasqret/codex-control/projects/euf-viper/runs/20260727T073625Z-staged-qg7-e9fef17/target/release/euf-viper"",""fabric-solve"",""--engine"",""quotient-portfolio"",""/net/scratch/hscra/plgrid/plgnasqret/codex-control/projects/euf-viper/corpora/9b39c70a794d52277a4e5d83731f0ebc50a2f3b804eb1dfc8cf32766a5ebeadc/smtlib-2025/QF_UF/QF_UF/QG-classification/qg7/gensys_icl002.smt2""]"
15,0,7035,QF_UF/QG-classification/qg7/gensys_icl002.smt2,ea97848482057ed53c6551446efc26b8cfbb41d7c804b478fbf361d2b8e76b89,811783,unsat,1,williams_first_order_carryover,a5b163da70f7a4b586276cec20529dcaf9a596daf59a01894d95ec3f4fd69c3e,2,2,0,2,3,3,staged-1000,staged-1000,"[""staged-10"",""staged-100"",""staged-0"",""staged-1000"",""baseline"",""staged-10000""]",parser_inclusive_subprocess_wall_clock,1,timeout,2.008178861,124,-9,1,timeout,exceeded 2 seconds,,,"[""/net/scratch/hscra/plgrid/plgnasqret/codex-control/projects/euf-viper/runs/20260727T073625Z-staged-qg7-e9fef17/target/release/euf-viper"",""fabric-solve"",""--engine"",""quotient-portfolio"",""/net/scratch/hscra/plgrid/plgnasqret/codex-control/projects/euf-viper/corpora/9b39c70a794d52277a4e5d83731f0ebc50a2f3b804eb1dfc8cf32766a5ebeadc/smtlib-2025/QF_UF/QF_UF/QG-classification/qg7/gensys_icl002.smt2""]"
16,0,7035,QF_UF/QG-classification/qg7/gensys_icl002.smt2,ea97848482057ed53c6551446efc26b8cfbb41d7c804b478fbf361d2b8e76b89,811783,unsat,1,williams_first_order_carryover,a5b163da70f7a4b586276cec20529dcaf9a596daf59a01894d95ec3f4fd69c3e,2,2,0,2,4,4,baseline,baseline,"[""staged-10"",""staged-100"",""staged-0"",""staged-1000"",""baseline"",""staged-10000""]",parser_inclusive_subprocess_wall_clock,1,timeout,2.008566307,124,-9,1,timeout,exceeded 2 seconds,,,"[""/net/scratch/hscra/plgrid/plgnasqret/codex-control/projects/euf-viper/runs/20260727T073625Z-staged-qg7-e9fef17/target/release/euf-viper"",""fabric-solve"",""--engine"",""quotient-portfolio"",""/net/scratch/hscra/plgrid/plgnasqret/codex-control/projects/euf-viper/corpora/9b39c70a794d52277a4e5d83731f0ebc50a2f3b804eb1dfc8cf32766a5ebeadc/smtlib-2025/QF_UF/QF_UF/QG-classification/qg7/gensys_icl002.smt2""]"
17,0,7035,QF_UF/QG-classification/qg7/gensys_icl002.smt2,ea97848482057ed53c6551446efc26b8cfbb41d7c804b478fbf361d2b8e76b89,811783,unsat,1,williams_first_order_carryover,a5b163da70f7a4b586276cec20529dcaf9a596daf59a01894d95ec3f4fd69c3e,2,2,0,2,5,5,staged-10000,staged-10000,"[""staged-10"",""staged-100"",""staged-0"",""staged-1000"",""baseline"",""staged-10000""]",parser_inclusive_subprocess_wall_clock,1,timeout,2.009094957,124,-9,1,timeout,exceeded 2 seconds,,,"[""/net/scratch/hscra/plgrid/plgnasqret/codex-control/projects/euf-viper/runs/20260727T073625Z-staged-qg7-e9fef17/target/release/euf-viper"",""fabric-solve"",""--engine"",""quotient-portfolio"",""/net/scratch/hscra/plgrid/plgnasqret/codex-control/projects/euf-viper/corpora/9b39c70a794d52277a4e5d83731f0ebc50a2f3b804eb1dfc8cf32766a5ebeadc/smtlib-2025/QF_UF/QF_UF/QG-classification/qg7/gensys_icl002.smt2""]"
18,0,7035,QF_UF/QG-classification/qg7/gensys_icl002.smt2,ea97848482057ed53c6551446efc26b8cfbb41d7c804b478fbf361d2b8e76b89,811783,unsat,1,williams_first_order_carryover,a5b163da70f7a4b586276cec20529dcaf9a596daf59a01894d95ec3f4fd69c3e,3,3,0,3,0,0,staged-100,staged-100,"[""staged-100"",""staged-1000"",""staged-10"",""staged-10000"",""staged-0"",""baseline""]",parser_inclusive_subprocess_wall_clock,1,unsat,1.636992154,0,0,0,,,"unsat
",,"[""/net/scratch/hscra/plgrid/plgnasqret/codex-control/projects/euf-viper/runs/20260727T073625Z-staged-qg7-e9fef17/target/release/euf-viper"",""fabric-solve"",""--engine"",""quotient-portfolio"",""/net/scratch/hscra/plgrid/plgnasqret/codex-control/projects/euf-viper/corpora/9b39c70a794d52277a4e5d83731f0ebc50a2f3b804eb1dfc8cf32766a5ebeadc/smtlib-2025/QF_UF/QF_UF/QG-classification/qg7/gensys_icl002.smt2""]"
19,0,7035,QF_UF/QG-classification/qg7/gensys_icl002.smt2,ea97848482057ed53c6551446efc26b8cfbb41d7c804b478fbf361d2b8e76b89,811783,unsat,1,williams_first_order_carryover,a5b163da70f7a4b586276cec20529dcaf9a596daf59a01894d95ec3f4fd69c3e,3,3,0,3,1,1,staged-1000,staged-1000,"[""staged-100"",""staged-1000"",""staged-10"",""staged-10000"",""staged-0"",""baseline""]",parser_inclusive_subprocess_wall_clock,1,unsat,1.899528544,0,0,0,,,"unsat
",,"[""/net/scratch/hscra/plgrid/plgnasqret/codex-control/projects/euf-viper/runs/20260727T073625Z-staged-qg7-e9fef17/target/release/euf-viper"",""fabric-solve"",""--engine"",""quotient-portfolio"",""/net/scratch/hscra/plgrid/plgnasqret/codex-control/projects/euf-viper/corpora/9b39c70a794d52277a4e5d83731f0ebc50a2f3b804eb1dfc8cf32766a5ebeadc/smtlib-2025/QF_UF/QF_UF/QG-classification/qg7/gensys_icl002.smt2""]"
20,0,7035,QF_UF/QG-classification/qg7/gensys_icl002.smt2,ea97848482057ed53c6551446efc26b8cfbb41d7c804b478fbf361d2b8e76b89,811783,unsat,1,williams_first_order_carryover,a5b163da70f7a4b586276cec20529dcaf9a596daf59a01894d95ec3f4fd69c3e,3,3,0,3,2,2,staged-10,staged-10,"[""staged-100"",""staged-1000"",""staged-10"",""staged-10000"",""staged-0"",""baseline""]",parser_inclusive_subprocess_wall_clock,1,unsat,1.984401813,0,0,0,,,"unsat
",,"[""/net/scratch/hscra/plgrid/plgnasqret/codex-control/projects/euf-viper/runs/20260727T073625Z-staged-qg7-e9fef17/target/release/euf-viper"",""fabric-solve"",""--engine"",""quotient-portfolio"",""/net/scratch/hscra/plgrid/plgnasqret/codex-control/projects/euf-viper/corpora/9b39c70a794d52277a4e5d83731f0ebc50a2f3b804eb1dfc8cf32766a5ebeadc/smtlib-2025/QF_UF/QF_UF/QG-classification/qg7/gensys_icl002.smt2""]"
21,0,7035,QF_UF/QG-classification/qg7/gensys_icl002.smt2,ea97848482057ed53c6551446efc26b8cfbb41d7c804b478fbf361d2b8e76b89,811783,unsat,1,williams_first_order_carryover,a5b163da70f7a4b586276cec20529dcaf9a596daf59a01894d95ec3f4fd69c3e,3,3,0,3,3,3,staged-10000,staged-10000,"[""staged-100"",""staged-1000"",""staged-10"",""staged-10000"",""staged-0"",""baseline""]",parser_inclusive_subprocess_wall_clock,1,timeout,2.008854915,124,-9,1,timeout,exceeded 2 seconds,,,"[""/net/scratch/hscra/plgrid/plgnasqret/codex-control/projects/euf-viper/runs/20260727T073625Z-staged-qg7-e9fef17/target/release/euf-viper"",""fabric-solve"",""--engine"",""quotient-portfolio"",""/net/scratch/hscra/plgrid/plgnasqret/codex-control/projects/euf-viper/corpora/9b39c70a794d52277a4e5d83731f0ebc50a2f3b804eb1dfc8cf32766a5ebeadc/smtlib-2025/QF_UF/QF_UF/QG-classification/qg7/gensys_icl002.smt2""]"
22,0,7035,QF_UF/QG-classification/qg7/gensys_icl002.smt2,ea97848482057ed53c6551446efc26b8cfbb41d7c804b478fbf361d2b8e76b89,811783,unsat,1,williams_first_order_carryover,a5b163da70f7a4b586276cec20529dcaf9a596daf59a01894d95ec3f4fd69c3e,3,3,0,3,4,4,staged-0,staged-0,"[""staged-100"",""staged-1000"",""staged-10"",""staged-10000"",""staged-0"",""baseline""]",parser_inclusive_subprocess_wall_clock,1,unsat,1.716224046,0,0,0,,,"unsat
",,"[""/net/scratch/hscra/plgrid/plgnasqret/codex-control/projects/euf-viper/runs/20260727T073625Z-staged-qg7-e9fef17/target/release/euf-viper"",""fabric-solve"",""--engine"",""quotient-portfolio"",""/net/scratch/hscra/plgrid/plgnasqret/codex-control/projects/euf-viper/corpora/9b39c70a794d52277a4e5d83731f0ebc50a2f3b804eb1dfc8cf32766a5ebeadc/smtlib-2025/QF_UF/QF_UF/QG-classification/qg7/gensys_icl002.smt2""]"
23,0,7035,QF_UF/QG-classification/qg7/gensys_icl002.smt2,ea97848482057ed53c6551446efc26b8cfbb41d7c804b478fbf361d2b8e76b89,811783,unsat,1,williams_first_order_carryover,a5b163da70f7a4b586276cec20529dcaf9a596daf59a01894d95ec3f4fd69c3e,3,3,0,3,5,5,baseline,baseline,"[""staged-100"",""staged-1000"",""staged-10"",""staged-10000"",""staged-0"",""baseline""]",parser_inclusive_subprocess_wall_clock,1,timeout,2.007371179,124,-9,1,timeout,exceeded 2 seconds,,,"[""/net/scratch/hscra/plgrid/plgnasqret/codex-control/projects/euf-viper/runs/20260727T073625Z-staged-qg7-e9fef17/target/release/euf-viper"",""fabric-solve"",""--engine"",""quotient-portfolio"",""/net/scratch/hscra/plgrid/plgnasqret/codex-control/projects/euf-viper/corpora/9b39c70a794d52277a4e5d83731f0ebc50a2f3b804eb1dfc8cf32766a5ebeadc/smtlib-2025/QF_UF/QF_UF/QG-classification/qg7/gensys_icl002.smt2""]"
24,0,7035,QF_UF/QG-classification/qg7/gensys_icl002.smt2,ea97848482057ed53c6551446efc26b8cfbb41d7c804b478fbf361d2b8e76b89,811783,unsat,1,williams_first_order_carryover,a5b163da70f7a4b586276cec20529dcaf9a596daf59a01894d95ec3f4fd69c3e,4,4,0,4,0,0,staged-1000,staged-1000,"[""staged-1000"",""staged-10000"",""staged-100"",""baseline"",""staged-10"",""staged-0""]",parser_inclusive_subprocess_wall_clock,1,timeout,2.008916953,124,-9,1,timeout,exceeded 2 seconds,,,"[""/net/scratch/hscra/plgrid/plgnasqret/codex-control/projects/euf-viper/runs/20260727T073625Z-staged-qg7-e9fef17/target/release/euf-viper"",""fabric-solve"",""--engine"",""quotient-portfolio"",""/net/scratch/hscra/plgrid/plgnasqret/codex-control/projects/euf-viper/corpora/9b39c70a794d52277a4e5d83731f0ebc50a2f3b804eb1dfc8cf32766a5ebeadc/smtlib-2025/QF_UF/QF_UF/QG-classification/qg7/gensys_icl002.smt2""]"
25,0,7035,QF_UF/QG-classification/qg7/gensys_icl002.smt2,ea97848482057ed53c6551446efc26b8cfbb41d7c804b478fbf361d2b8e76b89,811783,unsat,1,williams_first_order_carryover,a5b163da70f7a4b586276cec20529dcaf9a596daf59a01894d95ec3f4fd69c3e,4,4,0,4,1,1,staged-10000,staged-10000,"[""staged-1000"",""staged-10000"",""staged-100"",""baseline"",""staged-10"",""staged-0""]",parser_inclusive_subprocess_wall_clock,1,timeout,2.010249569,124,-9,1,timeout,exceeded 2 seconds,,,"[""/net/scratch/hscra/plgrid/plgnasqret/codex-control/projects/euf-viper/runs/20260727T073625Z-staged-qg7-e9fef17/target/release/euf-viper"",""fabric-solve"",""--engine"",""quotient-portfolio"",""/net/scratch/hscra/plgrid/plgnasqret/codex-control/projects/euf-viper/corpora/9b39c70a794d52277a4e5d83731f0ebc50a2f3b804eb1dfc8cf32766a5ebeadc/smtlib-2025/QF_UF/QF_UF/QG-classification/qg7/gensys_icl002.smt2""]"
26,0,7035,QF_UF/QG-classification/qg7/gensys_icl002.smt2,ea97848482057ed53c6551446efc26b8cfbb41d7c804b478fbf361d2b8e76b89,811783,unsat,1,williams_first_order_carryover,a5b163da70f7a4b586276cec20529dcaf9a596daf59a01894d95ec3f4fd69c3e,4,4,0,4,2,2,staged-100,staged-100,"[""staged-1000"",""staged-10000"",""staged-100"",""baseline"",""staged-10"",""staged-0""]",parser_inclusive_subprocess_wall_clock,1,unsat,1.977720173,0,0,0,,,"unsat
",,"[""/net/scratch/hscra/plgrid/plgnasqret/codex-control/projects/euf-viper/runs/20260727T073625Z-staged-qg7-e9fef17/target/release/euf-viper"",""fabric-solve"",""--engine"",""quotient-portfolio"",""/net/scratch/hscra/plgrid/plgnasqret/codex-control/projects/euf-viper/corpora/9b39c70a794d52277a4e5d83731f0ebc50a2f3b804eb1dfc8cf32766a5ebeadc/smtlib-2025/QF_UF/QF_UF/QG-classification/qg7/gensys_icl002.smt2""]"
27,0,7035,QF_UF/QG-classification/qg7/gensys_icl002.smt2,ea97848482057ed53c6551446efc26b8cfbb41d7c804b478fbf361d2b8e76b89,811783,unsat,1,williams_first_order_carryover,a5b163da70f7a4b586276cec20529dcaf9a596daf59a01894d95ec3f4fd69c3e,4,4,0,4,3,3,baseline,baseline,"[""staged-1000"",""staged-10000"",""staged-100"",""baseline"",""staged-10"",""staged-0""]",parser_inclusive_subprocess_wall_clock,1,timeout,2.006268087,124,-9,1,timeout,exceeded 2 seconds,,,"[""/net/scratch/hscra/plgrid/plgnasqret/codex-control/projects/euf-viper/runs/20260727T073625Z-staged-qg7-e9fef17/target/release/euf-viper"",""fabric-solve"",""--engine"",""quotient-portfolio"",""/net/scratch/hscra/plgrid/plgnasqret/codex-control/projects/euf-viper/corpora/9b39c70a794d52277a4e5d83731f0ebc50a2f3b804eb1dfc8cf32766a5ebeadc/smtlib-2025/QF_UF/QF_UF/QG-classification/qg7/gensys_icl002.smt2""]"
28,0,7035,QF_UF/QG-classification/qg7/gensys_icl002.smt2,ea97848482057ed53c6551446efc26b8cfbb41d7c804b478fbf361d2b8e76b89,811783,unsat,1,williams_first_order_carryover,a5b163da70f7a4b586276cec20529dcaf9a596daf59a01894d95ec3f4fd69c3e,4,4,0,4,4,4,staged-10,staged-10,"[""staged-1000"",""staged-10000"",""staged-100"",""baseline"",""staged-10"",""staged-0""]",parser_inclusive_subprocess_wall_clock,1,unsat,1.678134899,0,0,0,,,"unsat
",,"[""/net/scratch/hscra/plgrid/plgnasqret/codex-control/projects/euf-viper/runs/20260727T073625Z-staged-qg7-e9fef17/target/release/euf-viper"",""fabric-solve"",""--engine"",""quotient-portfolio"",""/net/scratch/hscra/plgrid/plgnasqret/codex-control/projects/euf-viper/corpora/9b39c70a794d52277a4e5d83731f0ebc50a2f3b804eb1dfc8cf32766a5ebeadc/smtlib-2025/QF_UF/QF_UF/QG-classification/qg7/gensys_icl002.smt2""]"
29,0,7035,QF_UF/QG-classification/qg7/gensys_icl002.smt2,ea97848482057ed53c6551446efc26b8cfbb41d7c804b478fbf361d2b8e76b89,811783,unsat,1,williams_first_order_carryover,a5b163da70f7a4b586276cec20529dcaf9a596daf59a01894d95ec3f4fd69c3e,4,4,0,4,5,5,staged-0,staged-0,"[""staged-1000"",""staged-10000"",""staged-100"",""baseline"",""staged-10"",""staged-0""]",parser_inclusive_subprocess_wall_clock,1,timeout,2.008393823,124,-9,1,timeout,exceeded 2 seconds,,,"[""/net/scratch/hscra/plgrid/plgnasqret/codex-control/projects/euf-viper/runs/20260727T073625Z-staged-qg7-e9fef17/target/release/euf-viper"",""fabric-solve"",""--engine"",""quotient-portfolio"",""/net/scratch/hscra/plgrid/plgnasqret/codex-control/projects/euf-viper/corpora/9b39c70a794d52277a4e5d83731f0ebc50a2f3b804eb1dfc8cf32766a5ebeadc/smtlib-2025/QF_UF/QF_UF/QG-classification/qg7/gensys_icl002.smt2""]"
30,0,7035,QF_UF/QG-classification/qg7/gensys_icl002.smt2,ea97848482057ed53c6551446efc26b8cfbb41d7c804b478fbf361d2b8e76b89,811783,unsat,1,williams_first_order_carryover,a5b163da70f7a4b586276cec20529dcaf9a596daf59a01894d95ec3f4fd69c3e,5,5,0,5,0,0,staged-10000,staged-10000,"[""staged-10000"",""baseline"",""staged-1000"",""staged-0"",""staged-100"",""staged-10""]",parser_inclusive_subprocess_wall_clock,1,timeout,2.009654055,124,-9,1,timeout,exceeded 2 seconds,,,"[""/net/scratch/hscra/plgrid/plgnasqret/codex-control/projects/euf-viper/runs/20260727T073625Z-staged-qg7-e9fef17/target/release/euf-viper"",""fabric-solve"",""--engine"",""quotient-portfolio"",""/net/scratch/hscra/plgrid/plgnasqret/codex-control/projects/euf-viper/corpora/9b39c70a794d52277a4e5d83731f0ebc50a2f3b804eb1dfc8cf32766a5ebeadc/smtlib-2025/QF_UF/QF_UF/QG-classification/qg7/gensys_icl002.smt2""]"
31,0,7035,QF_UF/QG-classification/qg7/gensys_icl002.smt2,ea97848482057ed53c6551446efc26b8cfbb41d7c804b478fbf361d2b8e76b89,811783,unsat,1,williams_first_order_carryover,a5b163da70f7a4b586276cec20529dcaf9a596daf59a01894d95ec3f4fd69c3e,5,5,0,5,1,1,baseline,baseline,"[""staged-10000"",""baseline"",""staged-1000"",""staged-0"",""staged-100"",""staged-10""]",parser_inclusive_subprocess_wall_clock,1,timeout,2.008119758,124,-9,1,timeout,exceeded 2 seconds,,,"[""/net/scratch/hscra/plgrid/plgnasqret/codex-control/projects/euf-viper/runs/20260727T073625Z-staged-qg7-e9fef17/target/release/euf-viper"",""fabric-solve"",""--engine"",""quotient-portfolio"",""/net/scratch/hscra/plgrid/plgnasqret/codex-control/projects/euf-viper/corpora/9b39c70a794d52277a4e5d83731f0ebc50a2f3b804eb1dfc8cf32766a5ebeadc/smtlib-2025/QF_UF/QF_UF/QG-classification/qg7/gensys_icl002.smt2""]"
32,0,7035,QF_UF/QG-classification/qg7/gensys_icl002.smt2,ea97848482057ed53c6551446efc26b8cfbb41d7c804b478fbf361d2b8e76b89,811783,unsat,1,williams_first_order_carryover,a5b163da70f7a4b586276cec20529dcaf9a596daf59a01894d95ec3f4fd69c3e,5,5,0,5,2,2,staged-1000,staged-1000,"[""staged-10000"",""baseline"",""staged-1000"",""staged-0"",""staged-100"",""staged-10""]",parser_inclusive_subprocess_wall_clock,1,unsat,1.702742747,0,0,0,,,"unsat
",,"[""/net/scratch/hscra/plgrid/plgnasqret/codex-control/projects/euf-viper/runs/20260727T073625Z-staged-qg7-e9fef17/target/release/euf-viper"",""fabric-solve"",""--engine"",""quotient-portfolio"",""/net/scratch/hscra/plgrid/plgnasqret/codex-control/projects/euf-viper/corpora/9b39c70a794d52277a4e5d83731f0ebc50a2f3b804eb1dfc8cf32766a5ebeadc/smtlib-2025/QF_UF/QF_UF/QG-classification/qg7/gensys_icl002.smt2""]"
33,0,7035,QF_UF/QG-classification/qg7/gensys_icl002.smt2,ea97848482057ed53c6551446efc26b8cfbb41d7c804b478fbf361d2b8e76b89,811783,unsat,1,williams_first_order_carryover,a5b163da70f7a4b586276cec20529dcaf9a596daf59a01894d95ec3f4fd69c3e,5,5,0,5,3,3,staged-0,staged-0,"[""staged-10000"",""baseline"",""staged-1000"",""staged-0"",""staged-100"",""staged-10""]",parser_inclusive_subprocess_wall_clock,1,unsat,1.756147224,0,0,0,,,"unsat
",,"[""/net/scratch/hscra/plgrid/plgnasqret/codex-control/projects/euf-viper/runs/20260727T073625Z-staged-qg7-e9fef17/target/release/euf-viper"",""fabric-solve"",""--engine"",""quotient-portfolio"",""/net/scratch/hscra/plgrid/plgnasqret/codex-control/projects/euf-viper/corpora/9b39c70a794d52277a4e5d83731f0ebc50a2f3b804eb1dfc8cf32766a5ebeadc/smtlib-2025/QF_UF/QF_UF/QG-classification/qg7/gensys_icl002.smt2""]"
34,0,7035,QF_UF/QG-classification/qg7/gensys_icl002.smt2,ea97848482057ed53c6551446efc26b8cfbb41d7c804b478fbf361d2b8e76b89,811783,unsat,1,williams_first_order_carryover,a5b163da70f7a4b586276cec20529dcaf9a596daf59a01894d95ec3f4fd69c3e,5,5,0,5,4,4,staged-100,staged-100,"[""staged-10000"",""baseline"",""staged-1000"",""staged-0"",""staged-100"",""staged-10""]",parser_inclusive_subprocess_wall_clock,1,timeout,2.009389564,124,-9,1,timeout,exceeded 2 seconds,,,"[""/net/scratch/hscra/plgrid/plgnasqret/codex-control/projects/euf-viper/runs/20260727T073625Z-staged-qg7-e9fef17/target/release/euf-viper"",""fabric-solve"",""--engine"",""quotient-portfolio"",""/net/scratch/hscra/plgrid/plgnasqret/codex-control/projects/euf-viper/corpora/9b39c70a794d52277a4e5d83731f0ebc50a2f3b804eb1dfc8cf32766a5ebeadc/smtlib-2025/QF_UF/QF_UF/QG-classification/qg7/gensys_icl002.smt2""]"
35,0,7035,QF_UF/QG-classification/qg7/gensys_icl002.smt2,ea97848482057ed53c6551446efc26b8cfbb41d7c804b478fbf361d2b8e76b89,811783,unsat,1,williams_first_order_carryover,a5b163da70f7a4b586276cec20529dcaf9a596daf59a01894d95ec3f4fd69c3e,5,5,0,5,5,5,staged-10,staged-10,"[""staged-10000"",""baseline"",""staged-1000"",""staged-0"",""staged-100"",""staged-10""]",parser_inclusive_subprocess_wall_clock,1,unsat,1.905519738,0,0,0,,,"unsat
",,"[""/net/scratch/hscra/plgrid/plgnasqret/codex-control/projects/euf-viper/runs/20260727T073625Z-staged-qg7-e9fef17/target/release/euf-viper"",""fabric-solve"",""--engine"",""quotient-portfolio"",""/net/scratch/hscra/plgrid/plgnasqret/codex-control/projects/euf-viper/corpora/9b39c70a794d52277a4e5d83731f0ebc50a2f3b804eb1dfc8cf32766a5ebeadc/smtlib-2025/QF_UF/QF_UF/QG-classification/qg7/gensys_icl002.smt2""]"
36,1,7043,QF_UF/QG-classification/qg7/gensys_icl_sk003.smt2,5376f51e837a4f961bae752deca35e40aa99cde13842c395bfddad553df4a5ee,811776,unsat,1,williams_first_order_carryover,a5b163da70f7a4b586276cec20529dcaf9a596daf59a01894d95ec3f4fd69c3e,0,0,0,0,0,0,baseline,baseline,"[""baseline"",""staged-0"",""staged-10000"",""staged-10"",""staged-1000"",""staged-100""]",parser_inclusive_subprocess_wall_clock,1,timeout,2.008201718,124,-9,1,timeout,exceeded 2 seconds,,,"[""/net/scratch/hscra/plgrid/plgnasqret/codex-control/projects/euf-viper/runs/20260727T073625Z-staged-qg7-e9fef17/target/release/euf-viper"",""fabric-solve"",""--engine"",""quotient-portfolio"",""/net/scratch/hscra/plgrid/plgnasqret/codex-control/projects/euf-viper/corpora/9b39c70a794d52277a4e5d83731f0ebc50a2f3b804eb1dfc8cf32766a5ebeadc/smtlib-2025/QF_UF/QF_UF/QG-classification/qg7/gensys_icl_sk003.smt2""]"
37,1,7043,QF_UF/QG-classification/qg7/gensys_icl_sk003.smt2,5376f51e837a4f961bae752deca35e40aa99cde13842c395bfddad553df4a5ee,811776,unsat,1,williams_first_order_carryover,a5b163da70f7a4b586276cec20529dcaf9a596daf59a01894d95ec3f4fd69c3e,0,0,0,0,1,1,staged-0,staged-0,"[""baseline"",""staged-0"",""staged-10000"",""staged-10"",""staged-1000"",""staged-100""]",parser_inclusive_subprocess_wall_clock,1,timeout,2.007474503,124,-9,1,timeout,exceeded 2 seconds,,,"[""/net/scratch/hscra/plgrid/plgnasqret/codex-control/projects/euf-viper/runs/20260727T073625Z-staged-qg7-e9fef17/target/release/euf-viper"",""fabric-solve"",""--engine"",""quotient-portfolio"",""/net/scratch/hscra/plgrid/plgnasqret/codex-control/projects/euf-viper/corpora/9b39c70a794d52277a4e5d83731f0ebc50a2f3b804eb1dfc8cf32766a5ebeadc/smtlib-2025/QF_UF/QF_UF/QG-classification/qg7/gensys_icl_sk003.smt2""]"
38,1,7043,QF_UF/QG-classification/qg7/gensys_icl_sk003.smt2,5376f51e837a4f961bae752deca35e40aa99cde13842c395bfddad553df4a5ee,811776,unsat,1,williams_first_order_carryover,a5b163da70f7a4b586276cec20529dcaf9a596daf59a01894d95ec3f4fd69c3e,0,0,0,0,2,2,staged-10000,staged-10000,"[""baseline"",""staged-0"",""staged-10000"",""staged-10"",""staged-1000"",""staged-100""]",parser_inclusive_subprocess_wall_clock,1,timeout,2.009391507,124,-9,1,timeout,exceeded 2 seconds,,,"[""/net/scratch/hscra/plgrid/plgnasqret/codex-control/projects/euf-viper/runs/20260727T073625Z-staged-qg7-e9fef17/target/release/euf-viper"",""fabric-solve"",""--engine"",""quotient-portfolio"",""/net/scratch/hscra/plgrid/plgnasqret/codex-control/projects/euf-viper/corpora/9b39c70a794d52277a4e5d83731f0ebc50a2f3b804eb1dfc8cf32766a5ebeadc/smtlib-2025/QF_UF/QF_UF/QG-classification/qg7/gensys_icl_sk003.smt2""]"
39,1,7043,QF_UF/QG-classification/qg7/gensys_icl_sk003.smt2,5376f51e837a4f961bae752deca35e40aa99cde13842c395bfddad553df4a5ee,811776,unsat,1,williams_first_order_carryover,a5b163da70f7a4b586276cec20529dcaf9a596daf59a01894d95ec3f4fd69c3e,0,0,0,0,3,3,staged-10,staged-10,"[""baseline"",""staged-0"",""staged-10000"",""staged-10"",""staged-1000"",""staged-100""]",parser_inclusive_subprocess_wall_clock,1,timeout,2.010525688,124,-9,1,timeout,exceeded 2 seconds,,,"[""/net/scratch/hscra/plgrid/plgnasqret/codex-control/projects/euf-viper/runs/20260727T073625Z-staged-qg7-e9fef17/target/release/euf-viper"",""fabric-solve"",""--engine"",""quotient-portfolio"",""/net/scratch/hscra/plgrid/plgnasqret/codex-control/projects/euf-viper/corpora/9b39c70a794d52277a4e5d83731f0ebc50a2f3b804eb1dfc8cf32766a5ebeadc/smtlib-2025/QF_UF/QF_UF/QG-classification/qg7/gensys_icl_sk003.smt2""]"
40,1,7043,QF_UF/QG-classification/qg7/gensys_icl_sk003.smt2,5376f51e837a4f961bae752deca35e40aa99cde13842c395bfddad553df4a5ee,811776,unsat,1,williams_first_order_carryover,a5b163da70f7a4b586276cec20529dcaf9a596daf59a01894d95ec3f4fd69c3e,0,0,0,0,4,4,staged-1000,staged-1000,"[""baseline"",""staged-0"",""staged-10000"",""staged-10"",""staged-1000"",""staged-100""]",parser_inclusive_subprocess_wall_clock,1,timeout,2.008199955,124,-9,1,timeout,exceeded 2 seconds,,,"[""/net/scratch/hscra/plgrid/plgnasqret/codex-control/projects/euf-viper/runs/20260727T073625Z-staged-qg7-e9fef17/target/release/euf-viper"",""fabric-solve"",""--engine"",""quotient-portfolio"",""/net/scratch/hscra/plgrid/plgnasqret/codex-control/projects/euf-viper/corpora/9b39c70a794d52277a4e5d83731f0ebc50a2f3b804eb1dfc8cf32766a5ebeadc/smtlib-2025/QF_UF/QF_UF/QG-classification/qg7/gensys_icl_sk003.smt2""]"
41,1,7043,QF_UF/QG-classification/qg7/gensys_icl_sk003.smt2,5376f51e837a4f961bae752deca35e40aa99cde13842c395bfddad553df4a5ee,811776,unsat,1,williams_first_order_carryover,a5b163da70f7a4b586276cec20529dcaf9a596daf59a01894d95ec3f4fd69c3e,0,0,0,0,5,5,staged-100,staged-100,"[""baseline"",""staged-0"",""staged-10000"",""staged-10"",""staged-1000"",""staged-100""]",parser_inclusive_subprocess_wall_clock,1,timeout,2.007480362,124,-9,1,timeout,exceeded 2 seconds,,,"[""/net/scratch/hscra/plgrid/plgnasqret/codex-control/projects/euf-viper/runs/20260727T073625Z-staged-qg7-e9fef17/target/release/euf-viper"",""fabric-solve"",""--engine"",""quotient-portfolio"",""/net/scratch/hscra/plgrid/plgnasqret/codex-control/projects/euf-viper/corpora/9b39c70a794d52277a4e5d83731f0ebc50a2f3b804eb1dfc8cf32766a5ebeadc/smtlib-2025/QF_UF/QF_UF/QG-classification/qg7/gensys_icl_sk003.smt2""]"
42,1,7043,QF_UF/QG-classification/qg7/gensys_icl_sk003.smt2,5376f51e837a4f961bae752deca35e40aa99cde13842c395bfddad553df4a5ee,811776,unsat,1,williams_first_order_carryover,a5b163da70f7a4b586276cec20529dcaf9a596daf59a01894d95ec3f4fd69c3e,1,1,0,1,0,0,staged-0,staged-0,"[""staged-0"",""staged-10"",""baseline"",""staged-100"",""staged-10000"",""staged-1000""]",parser_inclusive_subprocess_wall_clock,1,timeout,2.008980644,124,-9,1,timeout,exceeded 2 seconds,,,"[""/net/scratch/hscra/plgrid/plgnasqret/codex-control/projects/euf-viper/runs/20260727T073625Z-staged-qg7-e9fef17/target/release/euf-viper"",""fabric-solve"",""--engine"",""quotient-portfolio"",""/net/scratch/hscra/plgrid/plgnasqret/codex-control/projects/euf-viper/corpora/9b39c70a794d52277a4e5d83731f0ebc50a2f3b804eb1dfc8cf32766a5ebeadc/smtlib-2025/QF_UF/QF_UF/QG-classification/qg7/gensys_icl_sk003.smt2""]"
43,1,7043,QF_UF/QG-classification/qg7/gensys_icl_sk003.smt2,5376f51e837a4f961bae752deca35e40aa99cde13842c395bfddad553df4a5ee,811776,unsat,1,williams_first_order_carryover,a5b163da70f7a4b586276cec20529dcaf9a596daf59a01894d95ec3f4fd69c3e,1,1,0,1,1,1,staged-10,staged-10,"[""staged-0"",""staged-10"",""baseline"",""staged-100"",""staged-10000"",""staged-1000""]",parser_inclusive_subprocess_wall_clock,1,timeout,2.008499691,124,-9,1,timeout,exceeded 2 seconds,,,"[""/net/scratch/hscra/plgrid/plgnasqret/codex-control/projects/euf-viper/runs/20260727T073625Z-staged-qg7-e9fef17/target/release/euf-viper"",""fabric-solve"",""--engine"",""quotient-portfolio"",""/net/scratch/hscra/plgrid/plgnasqret/codex-control/projects/euf-viper/corpora/9b39c70a794d52277a4e5d83731f0ebc50a2f3b804eb1dfc8cf32766a5ebeadc/smtlib-2025/QF_UF/QF_UF/QG-classification/qg7/gensys_icl_sk003.smt2""]"
44,1,7043,QF_UF/QG-classification/qg7/gensys_icl_sk003.smt2,5376f51e837a4f961bae752deca35e40aa99cde13842c395bfddad553df4a5ee,811776,unsat,1,williams_first_order_carryover,a5b163da70f7a4b586276cec20529dcaf9a596daf59a01894d95ec3f4fd69c3e,1,1,0,1,2,2,baseline,baseline,"[""staged-0"",""staged-10"",""baseline"",""staged-100"",""staged-10000"",""staged-1000""]",parser_inclusive_subprocess_wall_clock,1,timeout,2.007793068,124,-9,1,timeout,exceeded 2 seconds,,,"[""/net/scratch/hscra/plgrid/plgnasqret/codex-control/projects/euf-viper/runs/20260727T073625Z-staged-qg7-e9fef17/target/release/euf-viper"",""fabric-solve"",""--engine"",""quotient-portfolio"",""/net/scratch/hscra/plgrid/plgnasqret/codex-control/projects/euf-viper/corpora/9b39c70a794d52277a4e5d83731f0ebc50a2f3b804eb1dfc8cf32766a5ebeadc/smtlib-2025/QF_UF/QF_UF/QG-classification/qg7/gensys_icl_sk003.smt2""]"
45,1,7043,QF_UF/QG-classification/qg7/gensys_icl_sk003.smt2,5376f51e837a4f961bae752deca35e40aa99cde13842c395bfddad553df4a5ee,811776,unsat,1,williams_first_order_carryover,a5b163da70f7a4b586276cec20529dcaf9a596daf59a01894d95ec3f4fd69c3e,1,1,0,1,3,3,staged-100,staged-100,"[""staged-0"",""staged-10"",""baseline"",""staged-100"",""staged-10000"",""staged-1000""]",parser_inclusive_subprocess_wall_clock,1,timeout,2.008931767,124,-9,1,timeout,exceeded 2 seconds,,,"[""/net/scratch/hscra/plgrid/plgnasqret/codex-control/projects/euf-viper/runs/20260727T073625Z-staged-qg7-e9fef17/target/release/euf-viper"",""fabric-solve"",""--engine"",""quotient-portfolio"",""/net/scratch/hscra/plgrid/plgnasqret/codex-control/projects/euf-viper/corpora/9b39c70a794d52277a4e5d83731f0ebc50a2f3b804eb1dfc8cf32766a5ebeadc/smtlib-2025/QF_UF/QF_UF/QG-classification/qg7/gensys_icl_sk003.smt2""]"
46,1,7043,QF_UF/QG-classification/qg7/gensys_icl_sk003.smt2,5376f51e837a4f961bae752deca35e40aa99cde13842c395bfddad553df4a5ee,811776,unsat,1,williams_first_order_carryover,a5b163da70f7a4b586276cec20529dcaf9a596daf59a01894d95ec3f4fd69c3e,1,1,0,1,4,4,staged-10000,staged-10000,"[""staged-0"",""staged-10"",""baseline"",""staged-100"",""staged-10000"",""staged-1000""]",parser_inclusive_subprocess_wall_clock,1,timeout,2.007252280,124,-9,1,timeout,exceeded 2 seconds,,,"[""/net/scratch/hscra/plgrid/plgnasqret/codex-control/projects/euf-viper/runs/20260727T073625Z-staged-qg7-e9fef17/target/release/euf-viper"",""fabric-solve"",""--engine"",""quotient-portfolio"",""/net/scratch/hscra/plgrid/plgnasqret/codex-control/projects/euf-viper/corpora/9b39c70a794d52277a4e5d83731f0ebc50a2f3b804eb1dfc8cf32766a5ebeadc/smtlib-2025/QF_UF/QF_UF/QG-classification/qg7/gensys_icl_sk003.smt2""]"
47,1,7043,QF_UF/QG-classification/qg7/gensys_icl_sk003.smt2,5376f51e837a4f961bae752deca35e40aa99cde13842c395bfddad553df4a5ee,811776,unsat,1,williams_first_order_carryover,a5b163da70f7a4b586276cec20529dcaf9a596daf59a01894d95ec3f4fd69c3e,1,1,0,1,5,5,staged-1000,staged-1000,"[""staged-0"",""staged-10"",""baseline"",""staged-100"",""staged-10000"",""staged-1000""]",parser_inclusive_subprocess_wall_clock,1,timeout,2.009047431,124,-9,1,timeout,exceeded 2 seconds,,,"[""/net/scratch/hscra/plgrid/plgnasqret/codex-control/projects/euf-viper/runs/20260727T073625Z-staged-qg7-e9fef17/target/release/euf-viper"",""fabric-solve"",""--engine"",""quotient-portfolio"",""/net/scratch/hscra/plgrid/plgnasqret/codex-control/projects/euf-viper/corpora/9b39c70a794d52277a4e5d83731f0ebc50a2f3b804eb1dfc8cf32766a5ebeadc/smtlib-2025/QF_UF/QF_UF/QG-classification/qg7/gensys_icl_sk003.smt2""]"
48,1,7043,QF_UF/QG-classification/qg7/gensys_icl_sk003.smt2,5376f51e837a4f961bae752deca35e40aa99cde13842c395bfddad553df4a5ee,811776,unsat,1,williams_first_order_carryover,a5b163da70f7a4b586276cec20529dcaf9a596daf59a01894d95ec3f4fd69c3e,2,2,0,2,0,0,staged-10,staged-10,"[""staged-10"",""staged-100"",""staged-0"",""staged-1000"",""baseline"",""staged-10000""]",parser_inclusive_subprocess_wall_clock,1,timeout,2.010414952,124,-9,1,timeout,exceeded 2 seconds,,,"[""/net/scratch/hscra/plgrid/plgnasqret/codex-control/projects/euf-viper/runs/20260727T073625Z-staged-qg7-e9fef17/target/release/euf-viper"",""fabric-solve"",""--engine"",""quotient-portfolio"",""/net/scratch/hscra/plgrid/plgnasqret/codex-control/projects/euf-viper/corpora/9b39c70a794d52277a4e5d83731f0ebc50a2f3b804eb1dfc8cf32766a5ebeadc/smtlib-2025/QF_UF/QF_UF/QG-classification/qg7/gensys_icl_sk003.smt2""]"
49,1,7043,QF_UF/QG-classification/qg7/gensys_icl_sk003.smt2,5376f51e837a4f961bae752deca35e40aa99cde13842c395bfddad553df4a5ee,811776,unsat,1,williams_first_order_carryover,a5b163da70f7a4b586276cec20529dcaf9a596daf59a01894d95ec3f4fd69c3e,2,2,0,2,1,1,staged-100,staged-100,"[""staged-10"",""staged-100"",""staged-0"",""staged-1000"",""baseline"",""staged-10000""]",parser_inclusive_subprocess_wall_clock,1,timeout,2.008914715,124,-9,1,timeout,exceeded 2 seconds,,,"[""/net/scratch/hscra/plgrid/plgnasqret/codex-control/projects/euf-viper/runs/20260727T073625Z-staged-qg7-e9fef17/target/release/euf-viper"",""fabric-solve"",""--engine"",""quotient-portfolio"",""/net/scratch/hscra/plgrid/plgnasqret/codex-control/projects/euf-viper/corpora/9b39c70a794d52277a4e5d83731f0ebc50a2f3b804eb1dfc8cf32766a5ebeadc/smtlib-2025/QF_UF/QF_UF/QG-classification/qg7/gensys_icl_sk003.smt2""]"
50,1,7043,QF_UF/QG-classification/qg7/gensys_icl_sk003.smt2,5376f51e837a4f961bae752deca35e40aa99cde13842c395bfddad553df4a5ee,811776,unsat,1,williams_first_order_carryover,a5b163da70f7a4b586276cec20529dcaf9a596daf59a01894d95ec3f4fd69c3e,2,2,0,2,2,2,staged-0,staged-0,"[""staged-10"",""staged-100"",""staged-0"",""staged-1000"",""baseline"",""staged-10000""]",parser_inclusive_subprocess_wall_clock,1,timeout,2.009681926,124,-9,1,timeout,exceeded 2 seconds,,,"[""/net/scratch/hscra/plgrid/plgnasqret/codex-control/projects/euf-viper/runs/20260727T073625Z-staged-qg7-e9fef17/target/release/euf-viper"",""fabric-solve"",""--engine"",""quotient-portfolio"",""/net/scratch/hscra/plgrid/plgnasqret/codex-control/projects/euf-viper/corpora/9b39c70a794d52277a4e5d83731f0ebc50a2f3b804eb1dfc8cf32766a5ebeadc/smtlib-2025/QF_UF/QF_UF/QG-classification/qg7/gensys_icl_sk003.smt2""]"
51,1,7043,QF_UF/QG-classification/qg7/gensys_icl_sk003.smt2,5376f51e837a4f961bae752deca35e40aa99cde13842c395bfddad553df4a5ee,811776,unsat,1,williams_first_order_carryover,a5b163da70f7a4b586276cec20529dcaf9a596daf59a01894d95ec3f4fd69c3e,2,2,0,2,3,3,staged-1000,staged-1000,"[""staged-10"",""staged-100"",""staged-0"",""staged-1000"",""baseline"",""staged-10000""]",parser_inclusive_subprocess_wall_clock,1,timeout,2.008155832,124,-9,1,timeout,exceeded 2 seconds,,,"[""/net/scratch/hscra/plgrid/plgnasqret/codex-control/projects/euf-viper/runs/20260727T073625Z-staged-qg7-e9fef17/target/release/euf-viper"",""fabric-solve"",""--engine"",""quotient-portfolio"",""/net/scratch/hscra/plgrid/plgnasqret/codex-control/projects/euf-viper/corpora/9b39c70a794d52277a4e5d83731f0ebc50a2f3b804eb1dfc8cf32766a5ebeadc/smtlib-2025/QF_UF/QF_UF/QG-classification/qg7/gensys_icl_sk003.smt2""]"
52,1,7043,QF_UF/QG-classification/qg7/gensys_icl_sk003.smt2,5376f51e837a4f961bae752deca35e40aa99cde13842c395bfddad553df4a5ee,811776,unsat,1,williams_first_order_carryover,a5b163da70f7a4b586276cec20529dcaf9a596daf59a01894d95ec3f4fd69c3e,2,2,0,2,4,4,baseline,baseline,"[""staged-10"",""staged-100"",""staged-0"",""staged-1000"",""baseline"",""staged-10000""]",parser_inclusive_subprocess_wall_clock,1,timeout,2.007070800,124,-9,1,timeout,exceeded 2 seconds,,,"[""/net/scratch/hscra/plgrid/plgnasqret/codex-control/projects/euf-viper/runs/20260727T073625Z-staged-qg7-e9fef17/target/release/euf-viper"",""fabric-solve"",""--engine"",""quotient-portfolio"",""/net/scratch/hscra/plgrid/plgnasqret/codex-control/projects/euf-viper/corpora/9b39c70a794d52277a4e5d83731f0ebc50a2f3b804eb1dfc8cf32766a5ebeadc/smtlib-2025/QF_UF/QF_UF/QG-classification/qg7/gensys_icl_sk003.smt2""]"
53,1,7043,QF_UF/QG-classification/qg7/gensys_icl_sk003.smt2,5376f51e837a4f961bae752deca35e40aa99cde13842c395bfddad553df4a5ee,811776,unsat,1,williams_first_order_carryover,a5b163da70f7a4b586276cec20529dcaf9a596daf59a01894d95ec3f4fd69c3e,2,2,0,2,5,5,staged-10000,staged-10000,"[""staged-10"",""staged-100"",""staged-0"",""staged-1000"",""baseline"",""staged-10000""]",parser_inclusive_subprocess_wall_clock,1,timeout,2.008837075,124,-9,1,timeout,exceeded 2 seconds,,,"[""/net/scratch/hscra/plgrid/plgnasqret/codex-control/projects/euf-viper/runs/20260727T073625Z-staged-qg7-e9fef17/target/release/euf-viper"",""fabric-solve"",""--engine"",""quotient-portfolio"",""/net/scratch/hscra/plgrid/plgnasqret/codex-control/projects/euf-viper/corpora/9b39c70a794d52277a4e5d83731f0ebc50a2f3b804eb1dfc8cf32766a5ebeadc/smtlib-2025/QF_UF/QF_UF/QG-classification/qg7/gensys_icl_sk003.smt2""]"
54,1,7043,QF_UF/QG-classification/qg7/gensys_icl_sk003.smt2,5376f51e837a4f961bae752deca35e40aa99cde13842c395bfddad553df4a5ee,811776,unsat,1,williams_first_order_carryover,a5b163da70f7a4b586276cec20529dcaf9a596daf59a01894d95ec3f4fd69c3e,3,3,0,3,0,0,staged-100,staged-100,"[""staged-100"",""staged-1000"",""staged-10"",""staged-10000"",""staged-0"",""baseline""]",parser_inclusive_subprocess_wall_clock,1,timeout,2.008534354,124,-9,1,timeout,exceeded 2 seconds,,,"[""/net/scratch/hscra/plgrid/plgnasqret/codex-control/projects/euf-viper/runs/20260727T073625Z-staged-qg7-e9fef17/target/release/euf-viper"",""fabric-solve"",""--engine"",""quotient-portfolio"",""/net/scratch/hscra/plgrid/plgnasqret/codex-control/projects/euf-viper/corpora/9b39c70a794d52277a4e5d83731f0ebc50a2f3b804eb1dfc8cf32766a5ebeadc/smtlib-2025/QF_UF/QF_UF/QG-classification/qg7/gensys_icl_sk003.smt2""]"
55,1,7043,QF_UF/QG-classification/qg7/gensys_icl_sk003.smt2,5376f51e837a4f961bae752deca35e40aa99cde13842c395bfddad553df4a5ee,811776,unsat,1,williams_first_order_carryover,a5b163da70f7a4b586276cec20529dcaf9a596daf59a01894d95ec3f4fd69c3e,3,3,0,3,1,1,staged-1000,staged-1000,"[""staged-100"",""staged-1000"",""staged-10"",""staged-10000"",""staged-0"",""baseline""]",parser_inclusive_subprocess_wall_clock,1,timeout,2.007079853,124,-9,1,timeout,exceeded 2 seconds,,,"[""/net/scratch/hscra/plgrid/plgnasqret/codex-control/projects/euf-viper/runs/20260727T073625Z-staged-qg7-e9fef17/target/release/euf-viper"",""fabric-solve"",""--engine"",""quotient-portfolio"",""/net/scratch/hscra/plgrid/plgnasqret/codex-control/projects/euf-viper/corpora/9b39c70a794d52277a4e5d83731f0ebc50a2f3b804eb1dfc8cf32766a5ebeadc/smtlib-2025/QF_UF/QF_UF/QG-classification/qg7/gensys_icl_sk003.smt2""]"
56,1,7043,QF_UF/QG-classification/qg7/gensys_icl_sk003.smt2,5376f51e837a4f961bae752deca35e40aa99cde13842c395bfddad553df4a5ee,811776,unsat,1,williams_first_order_carryover,a5b163da70f7a4b586276cec20529dcaf9a596daf59a01894d95ec3f4fd69c3e,3,3,0,3,2,2,staged-10,staged-10,"[""staged-100"",""staged-1000"",""staged-10"",""staged-10000"",""staged-0"",""baseline""]",parser_inclusive_subprocess_wall_clock,1,timeout,2.009489991,124,-9,1,timeout,exceeded 2 seconds,,,"[""/net/scratch/hscra/plgrid/plgnasqret/codex-control/projects/euf-viper/runs/20260727T073625Z-staged-qg7-e9fef17/target/release/euf-viper"",""fabric-solve"",""--engine"",""quotient-portfolio"",""/net/scratch/hscra/plgrid/plgnasqret/codex-control/projects/euf-viper/corpora/9b39c70a794d52277a4e5d83731f0ebc50a2f3b804eb1dfc8cf32766a5ebeadc/smtlib-2025/QF_UF/QF_UF/QG-classification/qg7/gensys_icl_sk003.smt2""]"
57,1,7043,QF_UF/QG-classification/qg7/gensys_icl_sk003.smt2,5376f51e837a4f961bae752deca35e40aa99cde13842c395bfddad553df4a5ee,811776,unsat,1,williams_first_order_carryover,a5b163da70f7a4b586276cec20529dcaf9a596daf59a01894d95ec3f4fd69c3e,3,3,0,3,3,3,staged-10000,staged-10000,"[""staged-100"",""staged-1000"",""staged-10"",""staged-10000"",""staged-0"",""baseline""]",parser_inclusive_subprocess_wall_clock,1,timeout,2.009245754,124,-9,1,timeout,exceeded 2 seconds,,,"[""/net/scratch/hscra/plgrid/plgnasqret/codex-control/projects/euf-viper/runs/20260727T073625Z-staged-qg7-e9fef17/target/release/euf-viper"",""fabric-solve"",""--engine"",""quotient-portfolio"",""/net/scratch/hscra/plgrid/plgnasqret/codex-control/projects/euf-viper/corpora/9b39c70a794d52277a4e5d83731f0ebc50a2f3b804eb1dfc8cf32766a5ebeadc/smtlib-2025/QF_UF/QF_UF/QG-classification/qg7/gensys_icl_sk003.smt2""]"
58,1,7043,QF_UF/QG-classification/qg7/gensys_icl_sk003.smt2,5376f51e837a4f961bae752deca35e40aa99cde13842c395bfddad553df4a5ee,811776,unsat,1,williams_first_order_carryover,a5b163da70f7a4b586276cec20529dcaf9a596daf59a01894d95ec3f4fd69c3e,3,3,0,3,4,4,staged-0,staged-0,"[""staged-100"",""staged-1000"",""staged-10"",""staged-10000"",""staged-0"",""baseline""]",parser_inclusive_subprocess_wall_clock,1,timeout,2.008811624,124,-9,1,timeout,exceeded 2 seconds,,,"[""/net/scratch/hscra/plgrid/plgnasqret/codex-control/projects/euf-viper/runs/20260727T073625Z-staged-qg7-e9fef17/target/release/euf-viper"",""fabric-solve"",""--engine"",""quotient-portfolio"",""/net/scratch/hscra/plgrid/plgnasqret/codex-control/projects/euf-viper/corpora/9b39c70a794d52277a4e5d83731f0ebc50a2f3b804eb1dfc8cf32766a5ebeadc/smtlib-2025/QF_UF/QF_UF/QG-classification/qg7/gensys_icl_sk003.smt2""]"
59,1,7043,QF_UF/QG-classification/qg7/gensys_icl_sk003.smt2,5376f51e837a4f961bae752deca35e40aa99cde13842c395bfddad553df4a5ee,811776,unsat,1,williams_first_order_carryover,a5b163da70f7a4b586276cec20529dcaf9a596daf59a01894d95ec3f4fd69c3e,3,3,0,3,5,5,baseline,baseline,"[""staged-100"",""staged-1000"",""staged-10"",""staged-10000"",""staged-0"",""baseline""]",parser_inclusive_subprocess_wall_clock,1,timeout,2.006046673,124,-9,1,timeout,exceeded 2 seconds,,,"[""/net/scratch/hscra/plgrid/plgnasqret/codex-control/projects/euf-viper/runs/20260727T073625Z-staged-qg7-e9fef17/target/release/euf-viper"",""fabric-solve"",""--engine"",""quotient-portfolio"",""/net/scratch/hscra/plgrid/plgnasqret/codex-control/projects/euf-viper/corpora/9b39c70a794d52277a4e5d83731f0ebc50a2f3b804eb1dfc8cf32766a5ebeadc/smtlib-2025/QF_UF/QF_UF/QG-classification/qg7/gensys_icl_sk003.smt2""]"
60,1,7043,QF_UF/QG-classification/qg7/gensys_icl_sk003.smt2,5376f51e837a4f961bae752deca35e40aa99cde13842c395bfddad553df4a5ee,811776,unsat,1,williams_first_order_carryover,a5b163da70f7a4b586276cec20529dcaf9a596daf59a01894d95ec3f4fd69c3e,4,4,0,4,0,0,staged-1000,staged-1000,"[""staged-1000"",""staged-10000"",""staged-100"",""baseline"",""staged-10"",""staged-0""]",parser_inclusive_subprocess_wall_clock,1,timeout,2.008637147,124,-9,1,timeout,exceeded 2 seconds,,,"[""/net/scratch/hscra/plgrid/plgnasqret/codex-control/projects/euf-viper/runs/20260727T073625Z-staged-qg7-e9fef17/target/release/euf-viper"",""fabric-solve"",""--engine"",""quotient-portfolio"",""/net/scratch/hscra/plgrid/plgnasqret/codex-control/projects/euf-viper/corpora/9b39c70a794d52277a4e5d83731f0ebc50a2f3b804eb1dfc8cf32766a5ebeadc/smtlib-2025/QF_UF/QF_UF/QG-classification/qg7/gensys_icl_sk003.smt2""]"
61,1,7043,QF_UF/QG-classification/qg7/gensys_icl_sk003.smt2,5376f51e837a4f961bae752deca35e40aa99cde13842c395bfddad553df4a5ee,811776,unsat,1,williams_first_order_carryover,a5b163da70f7a4b586276cec20529dcaf9a596daf59a01894d95ec3f4fd69c3e,4,4,0,4,1,1,staged-10000,staged-10000,"[""staged-1000"",""staged-10000"",""staged-100"",""baseline"",""staged-10"",""staged-0""]",parser_inclusive_subprocess_wall_clock,1,timeout,2.007932729,124,-9,1,timeout,exceeded 2 seconds,,,"[""/net/scratch/hscra/plgrid/plgnasqret/codex-control/projects/euf-viper/runs/20260727T073625Z-staged-qg7-e9fef17/target/release/euf-viper"",""fabric-solve"",""--engine"",""quotient-portfolio"",""/net/scratch/hscra/plgrid/plgnasqret/codex-control/projects/euf-viper/corpora/9b39c70a794d52277a4e5d83731f0ebc50a2f3b804eb1dfc8cf32766a5ebeadc/smtlib-2025/QF_UF/QF_UF/QG-classification/qg7/gensys_icl_sk003.smt2""]"
62,1,7043,QF_UF/QG-classification/qg7/gensys_icl_sk003.smt2,5376f51e837a4f961bae752deca35e40aa99cde13842c395bfddad553df4a5ee,811776,unsat,1,williams_first_order_carryover,a5b163da70f7a4b586276cec20529dcaf9a596daf59a01894d95ec3f4fd69c3e,4,4,0,4,2,2,staged-100,staged-100,"[""staged-1000"",""staged-10000"",""staged-100"",""baseline"",""staged-10"",""staged-0""]",parser_inclusive_subprocess_wall_clock,1,timeout,2.008679374,124,-9,1,timeout,exceeded 2 seconds,,,"[""/net/scratch/hscra/plgrid/plgnasqret/codex-control/projects/euf-viper/runs/20260727T073625Z-staged-qg7-e9fef17/target/release/euf-viper"",""fabric-solve"",""--engine"",""quotient-portfolio"",""/net/scratch/hscra/plgrid/plgnasqret/codex-control/projects/euf-viper/corpora/9b39c70a794d52277a4e5d83731f0ebc50a2f3b804eb1dfc8cf32766a5ebeadc/smtlib-2025/QF_UF/QF_UF/QG-classification/qg7/gensys_icl_sk003.smt2""]"
63,1,7043,QF_UF/QG-classification/qg7/gensys_icl_sk003.smt2,5376f51e837a4f961bae752deca35e40aa99cde13842c395bfddad553df4a5ee,811776,unsat,1,williams_first_order_carryover,a5b163da70f7a4b586276cec20529dcaf9a596daf59a01894d95ec3f4fd69c3e,4,4,0,4,3,3,baseline,baseline,"[""staged-1000"",""staged-10000"",""staged-100"",""baseline"",""staged-10"",""staged-0""]",parser_inclusive_subprocess_wall_clock,1,timeout,2.007333266,124,-9,1,timeout,exceeded 2 seconds,,,"[""/net/scratch/hscra/plgrid/plgnasqret/codex-control/projects/euf-viper/runs/20260727T073625Z-staged-qg7-e9fef17/target/release/euf-viper"",""fabric-solve"",""--engine"",""quotient-portfolio"",""/net/scratch/hscra/plgrid/plgnasqret/codex-control/projects/euf-viper/corpora/9b39c70a794d52277a4e5d83731f0ebc50a2f3b804eb1dfc8cf32766a5ebeadc/smtlib-2025/QF_UF/QF_UF/QG-classification/qg7/gensys_icl_sk003.smt2""]"
64,1,7043,QF_UF/QG-classification/qg7/gensys_icl_sk003.smt2,5376f51e837a4f961bae752deca35e40aa99cde13842c395bfddad553df4a5ee,811776,unsat,1,williams_first_order_carryover,a5b163da70f7a4b586276cec20529dcaf9a596daf59a01894d95ec3f4fd69c3e,4,4,0,4,4,4,staged-10,staged-10,"[""staged-1000"",""staged-10000"",""staged-100"",""baseline"",""staged-10"",""staged-0""]",parser_inclusive_subprocess_wall_clock,1,timeout,2.006815454,124,-9,1,timeout,exceeded 2 seconds,,,"[""/net/scratch/hscra/plgrid/plgnasqret/codex-control/projects/euf-viper/runs/20260727T073625Z-staged-qg7-e9fef17/target/release/euf-viper"",""fabric-solve"",""--engine"",""quotient-portfolio"",""/net/scratch/hscra/plgrid/plgnasqret/codex-control/projects/euf-viper/corpora/9b39c70a794d52277a4e5d83731f0ebc50a2f3b804eb1dfc8cf32766a5ebeadc/smtlib-2025/QF_UF/QF_UF/QG-classification/qg7/gensys_icl_sk003.smt2""]"
65,1,7043,QF_UF/QG-classification/qg7/gensys_icl_sk003.smt2,5376f51e837a4f961bae752deca35e40aa99cde13842c395bfddad553df4a5ee,811776,unsat,1,williams_first_order_carryover,a5b163da70f7a4b586276cec20529dcaf9a596daf59a01894d95ec3f4fd69c3e,4,4,0,4,5,5,staged-0,staged-0,"[""staged-1000"",""staged-10000"",""staged-100"",""baseline"",""staged-10"",""staged-0""]",parser_inclusive_subprocess_wall_clock,1,timeout,2.008628072,124,-9,1,timeout,exceeded 2 seconds,,,"[""/net/scratch/hscra/plgrid/plgnasqret/codex-control/projects/euf-viper/runs/20260727T073625Z-staged-qg7-e9fef17/target/release/euf-viper"",""fabric-solve"",""--engine"",""quotient-portfolio"",""/net/scratch/hscra/plgrid/plgnasqret/codex-control/projects/euf-viper/corpora/9b39c70a794d52277a4e5d83731f0ebc50a2f3b804eb1dfc8cf32766a5ebeadc/smtlib-2025/QF_UF/QF_UF/QG-classification/qg7/gensys_icl_sk003.smt2""]"
66,1,7043,QF_UF/QG-classification/qg7/gensys_icl_sk003.smt2,5376f51e837a4f961bae752deca35e40aa99cde13842c395bfddad553df4a5ee,811776,unsat,1,williams_first_order_carryover,a5b163da70f7a4b586276cec20529dcaf9a596daf59a01894d95ec3f4fd69c3e,5,5,0,5,0,0,staged-10000,staged-10000,"[""staged-10000"",""baseline"",""staged-1000"",""staged-0"",""staged-100"",""staged-10""]",parser_inclusive_subprocess_wall_clock,1,timeout,2.009225441,124,-9,1,timeout,exceeded 2 seconds,,,"[""/net/scratch/hscra/plgrid/plgnasqret/codex-control/projects/euf-viper/runs/20260727T073625Z-staged-qg7-e9fef17/target/release/euf-viper"",""fabric-solve"",""--engine"",""quotient-portfolio"",""/net/scratch/hscra/plgrid/plgnasqret/codex-control/projects/euf-viper/corpora/9b39c70a794d52277a4e5d83731f0ebc50a2f3b804eb1dfc8cf32766a5ebeadc/smtlib-2025/QF_UF/QF_UF/QG-classification/qg7/gensys_icl_sk003.smt2""]"
67,1,7043,QF_UF/QG-classification/qg7/gensys_icl_sk003.smt2,5376f51e837a4f961bae752deca35e40aa99cde13842c395bfddad553df4a5ee,811776,unsat,1,williams_first_order_carryover,a5b163da70f7a4b586276cec20529dcaf9a596daf59a01894d95ec3f4fd69c3e,5,5,0,5,1,1,baseline,baseline,"[""staged-10000"",""baseline"",""staged-1000"",""staged-0"",""staged-100"",""staged-10""]",parser_inclusive_subprocess_wall_clock,1,timeout,2.006898155,124,-9,1,timeout,exceeded 2 seconds,,,"[""/net/scratch/hscra/plgrid/plgnasqret/codex-control/projects/euf-viper/runs/20260727T073625Z-staged-qg7-e9fef17/target/release/euf-viper"",""fabric-solve"",""--engine"",""quotient-portfolio"",""/net/scratch/hscra/plgrid/plgnasqret/codex-control/projects/euf-viper/corpora/9b39c70a794d52277a4e5d83731f0ebc50a2f3b804eb1dfc8cf32766a5ebeadc/smtlib-2025/QF_UF/QF_UF/QG-classification/qg7/gensys_icl_sk003.smt2""]"
68,1,7043,QF_UF/QG-classification/qg7/gensys_icl_sk003.smt2,5376f51e837a4f961bae752deca35e40aa99cde13842c395bfddad553df4a5ee,811776,unsat,1,williams_first_order_carryover,a5b163da70f7a4b586276cec20529dcaf9a596daf59a01894d95ec3f4fd69c3e,5,5,0,5,2,2,staged-1000,staged-1000,"[""staged-10000"",""baseline"",""staged-1000"",""staged-0"",""staged-100"",""staged-10""]",parser_inclusive_subprocess_wall_clock,1,timeout,2.006543863,124,-9,1,timeout,exceeded 2 seconds,,,"[""/net/scratch/hscra/plgrid/plgnasqret/codex-control/projects/euf-viper/runs/20260727T073625Z-staged-qg7-e9fef17/target/release/euf-viper"",""fabric-solve"",""--engine"",""quotient-portfolio"",""/net/scratch/hscra/plgrid/plgnasqret/codex-control/projects/euf-viper/corpora/9b39c70a794d52277a4e5d83731f0ebc50a2f3b804eb1dfc8cf32766a5ebeadc/smtlib-2025/QF_UF/QF_UF/QG-classification/qg7/gensys_icl_sk003.smt2""]"
69,1,7043,QF_UF/QG-classification/qg7/gensys_icl_sk003.smt2,5376f51e837a4f961bae752deca35e40aa99cde13842c395bfddad553df4a5ee,811776,unsat,1,williams_first_order_carryover,a5b163da70f7a4b586276cec20529dcaf9a596daf59a01894d95ec3f4fd69c3e,5,5,0,5,3,3,staged-0,staged-0,"[""staged-10000"",""baseline"",""staged-1000"",""staged-0"",""staged-100"",""staged-10""]",parser_inclusive_subprocess_wall_clock,1,timeout,2.007973172,124,-9,1,timeout,exceeded 2 seconds,,,"[""/net/scratch/hscra/plgrid/plgnasqret/codex-control/projects/euf-viper/runs/20260727T073625Z-staged-qg7-e9fef17/target/release/euf-viper"",""fabric-solve"",""--engine"",""quotient-portfolio"",""/net/scratch/hscra/plgrid/plgnasqret/codex-control/projects/euf-viper/corpora/9b39c70a794d52277a4e5d83731f0ebc50a2f3b804eb1dfc8cf32766a5ebeadc/smtlib-2025/QF_UF/QF_UF/QG-classification/qg7/gensys_icl_sk003.smt2""]"
70,1,7043,QF_UF/QG-classification/qg7/gensys_icl_sk003.smt2,5376f51e837a4f961bae752deca35e40aa99cde13842c395bfddad553df4a5ee,811776,unsat,1,williams_first_order_carryover,a5b163da70f7a4b586276cec20529dcaf9a596daf59a01894d95ec3f4fd69c3e,5,5,0,5,4,4,staged-100,staged-100,"[""staged-10000"",""baseline"",""staged-1000"",""staged-0"",""staged-100"",""staged-10""]",parser_inclusive_subprocess_wall_clock,1,timeout,2.008432472,124,-9,1,timeout,exceeded 2 seconds,,,"[""/net/scratch/hscra/plgrid/plgnasqret/codex-control/projects/euf-viper/runs/20260727T073625Z-staged-qg7-e9fef17/target/release/euf-viper"",""fabric-solve"",""--engine"",""quotient-portfolio"",""/net/scratch/hscra/plgrid/plgnasqret/codex-control/projects/euf-viper/corpora/9b39c70a794d52277a4e5d83731f0ebc50a2f3b804eb1dfc8cf32766a5ebeadc/smtlib-2025/QF_UF/QF_UF/QG-classification/qg7/gensys_icl_sk003.smt2""]"
71,1,7043,QF_UF/QG-classification/qg7/gensys_icl_sk003.smt2,5376f51e837a4f961bae752deca35e40aa99cde13842c395bfddad553df4a5ee,811776,unsat,1,williams_first_order_carryover,a5b163da70f7a4b586276cec20529dcaf9a596daf59a01894d95ec3f4fd69c3e,5,5,0,5,5,5,staged-10,staged-10,"[""staged-10000"",""baseline"",""staged-1000"",""staged-0"",""staged-100"",""staged-10""]",parser_inclusive_subprocess_wall_clock,1,timeout,2.009767272,124,-9,1,timeout,exceeded 2 seconds,,,"[""/net/scratch/hscra/plgrid/plgnasqret/codex-control/projects/euf-viper/runs/20260727T073625Z-staged-qg7-e9fef17/target/release/euf-viper"",""fabric-solve"",""--engine"",""quotient-portfolio"",""/net/scratch/hscra/plgrid/plgnasqret/codex-control/projects/euf-viper/corpora/9b39c70a794d52277a4e5d83731f0ebc50a2f3b804eb1dfc8cf32766a5ebeadc/smtlib-2025/QF_UF/QF_UF/QG-classification/qg7/gensys_icl_sk003.smt2""]"
72,2,7127,QF_UF/QG-classification/qg7/iso_brn_nogen_sk009.smt2,2142ade95d411e4cf23d56d80a7baaf2ac37efb8f67a70e616b071dd1eda4cc6,6012377,sat,1,williams_first_order_carryover,a5b163da70f7a4b586276cec20529dcaf9a596daf59a01894d95ec3f4fd69c3e,0,0,0,0,0,0,baseline,baseline,"[""baseline"",""staged-0"",""staged-10000"",""staged-10"",""staged-1000"",""staged-100""]",parser_inclusive_subprocess_wall_clock,1,timeout,2.010964904,124,-9,1,timeout,exceeded 2 seconds,,,"[""/net/scratch/hscra/plgrid/plgnasqret/codex-control/projects/euf-viper/runs/20260727T073625Z-staged-qg7-e9fef17/target/release/euf-viper"",""fabric-solve"",""--engine"",""quotient-portfolio"",""/net/scratch/hscra/plgrid/plgnasqret/codex-control/projects/euf-viper/corpora/9b39c70a794d52277a4e5d83731f0ebc50a2f3b804eb1dfc8cf32766a5ebeadc/smtlib-2025/QF_UF/QF_UF/QG-classification/qg7/iso_brn_nogen_sk009.smt2""]"
73,2,7127,QF_UF/QG-classification/qg7/iso_brn_nogen_sk009.smt2,2142ade95d411e4cf23d56d80a7baaf2ac37efb8f67a70e616b071dd1eda4cc6,6012377,sat,1,williams_first_order_carryover,a5b163da70f7a4b586276cec20529dcaf9a596daf59a01894d95ec3f4fd69c3e,0,0,0,0,1,1,staged-0,staged-0,"[""baseline"",""staged-0"",""staged-10000"",""staged-10"",""staged-1000"",""staged-100""]",parser_inclusive_subprocess_wall_clock,1,timeout,2.019612988,124,-9,1,timeout,exceeded 2 seconds,,,"[""/net/scratch/hscra/plgrid/plgnasqret/codex-control/projects/euf-viper/runs/20260727T073625Z-staged-qg7-e9fef17/target/release/euf-viper"",""fabric-solve"",""--engine"",""quotient-portfolio"",""/net/scratch/hscra/plgrid/plgnasqret/codex-control/projects/euf-viper/corpora/9b39c70a794d52277a4e5d83731f0ebc50a2f3b804eb1dfc8cf32766a5ebeadc/smtlib-2025/QF_UF/QF_UF/QG-classification/qg7/iso_brn_nogen_sk009.smt2""]"
74,2,7127,QF_UF/QG-classification/qg7/iso_brn_nogen_sk009.smt2,2142ade95d411e4cf23d56d80a7baaf2ac37efb8f67a70e616b071dd1eda4cc6,6012377,sat,1,williams_first_order_carryover,a5b163da70f7a4b586276cec20529dcaf9a596daf59a01894d95ec3f4fd69c3e,0,0,0,0,2,2,staged-10000,staged-10000,"[""baseline"",""staged-0"",""staged-10000"",""staged-10"",""staged-1000"",""staged-100""]",parser_inclusive_subprocess_wall_clock,1,timeout,2.013939237,124,-9,1,timeout,exceeded 2 seconds,,,"[""/net/scratch/hscra/plgrid/plgnasqret/codex-control/projects/euf-viper/runs/20260727T073625Z-staged-qg7-e9fef17/target/release/euf-viper"",""fabric-solve"",""--engine"",""quotient-portfolio"",""/net/scratch/hscra/plgrid/plgnasqret/codex-control/projects/euf-viper/corpora/9b39c70a794d52277a4e5d83731f0ebc50a2f3b804eb1dfc8cf32766a5ebeadc/smtlib-2025/QF_UF/QF_UF/QG-classification/qg7/iso_brn_nogen_sk009.smt2""]"
75,2,7127,QF_UF/QG-classification/qg7/iso_brn_nogen_sk009.smt2,2142ade95d411e4cf23d56d80a7baaf2ac37efb8f67a70e616b071dd1eda4cc6,6012377,sat,1,williams_first_order_carryover,a5b163da70f7a4b586276cec20529dcaf9a596daf59a01894d95ec3f4fd69c3e,0,0,0,0,3,3,staged-10,staged-10,"[""baseline"",""staged-0"",""staged-10000"",""staged-10"",""staged-1000"",""staged-100""]",parser_inclusive_subprocess_wall_clock,1,timeout,2.021662603,124,-9,1,timeout,exceeded 2 seconds,,,"[""/net/scratch/hscra/plgrid/plgnasqret/codex-control/projects/euf-viper/runs/20260727T073625Z-staged-qg7-e9fef17/target/release/euf-viper"",""fabric-solve"",""--engine"",""quotient-portfolio"",""/net/scratch/hscra/plgrid/plgnasqret/codex-control/projects/euf-viper/corpora/9b39c70a794d52277a4e5d83731f0ebc50a2f3b804eb1dfc8cf32766a5ebeadc/smtlib-2025/QF_UF/QF_UF/QG-classification/qg7/iso_brn_nogen_sk009.smt2""]"
76,2,7127,QF_UF/QG-classification/qg7/iso_brn_nogen_sk009.smt2,2142ade95d411e4cf23d56d80a7baaf2ac37efb8f67a70e616b071dd1eda4cc6,6012377,sat,1,williams_first_order_carryover,a5b163da70f7a4b586276cec20529dcaf9a596daf59a01894d95ec3f4fd69c3e,0,0,0,0,4,4,staged-1000,staged-1000,"[""baseline"",""staged-0"",""staged-10000"",""staged-10"",""staged-1000"",""staged-100""]",parser_inclusive_subprocess_wall_clock,1,timeout,2.013630080,124,-9,1,timeout,exceeded 2 seconds,,,"[""/net/scratch/hscra/plgrid/plgnasqret/codex-control/projects/euf-viper/runs/20260727T073625Z-staged-qg7-e9fef17/target/release/euf-viper"",""fabric-solve"",""--engine"",""quotient-portfolio"",""/net/scratch/hscra/plgrid/plgnasqret/codex-control/projects/euf-viper/corpora/9b39c70a794d52277a4e5d83731f0ebc50a2f3b804eb1dfc8cf32766a5ebeadc/smtlib-2025/QF_UF/QF_UF/QG-classification/qg7/iso_brn_nogen_sk009.smt2""]"
77,2,7127,QF_UF/QG-classification/qg7/iso_brn_nogen_sk009.smt2,2142ade95d411e4cf23d56d80a7baaf2ac37efb8f67a70e616b071dd1eda4cc6,6012377,sat,1,williams_first_order_carryover,a5b163da70f7a4b586276cec20529dcaf9a596daf59a01894d95ec3f4fd69c3e,0,0,0,0,5,5,staged-100,staged-100,"[""baseline"",""staged-0"",""staged-10000"",""staged-10"",""staged-1000"",""staged-100""]",parser_inclusive_subprocess_wall_clock,1,timeout,2.020182017,124,-9,1,timeout,exceeded 2 seconds,,,"[""/net/scratch/hscra/plgrid/plgnasqret/codex-control/projects/euf-viper/runs/20260727T073625Z-staged-qg7-e9fef17/target/release/euf-viper"",""fabric-solve"",""--engine"",""quotient-portfolio"",""/net/scratch/hscra/plgrid/plgnasqret/codex-control/projects/euf-viper/corpora/9b39c70a794d52277a4e5d83731f0ebc50a2f3b804eb1dfc8cf32766a5ebeadc/smtlib-2025/QF_UF/QF_UF/QG-classification/qg7/iso_brn_nogen_sk009.smt2""]"
78,2,7127,QF_UF/QG-classification/qg7/iso_brn_nogen_sk009.smt2,2142ade95d411e4cf23d56d80a7baaf2ac37efb8f67a70e616b071dd1eda4cc6,6012377,sat,1,williams_first_order_carryover,a5b163da70f7a4b586276cec20529dcaf9a596daf59a01894d95ec3f4fd69c3e,1,1,0,1,0,0,staged-0,staged-0,"[""staged-0"",""staged-10"",""baseline"",""staged-100"",""staged-10000"",""staged-1000""]",parser_inclusive_subprocess_wall_clock,1,timeout,2.025288919,124,-9,1,timeout,exceeded 2 seconds,,,"[""/net/scratch/hscra/plgrid/plgnasqret/codex-control/projects/euf-viper/runs/20260727T073625Z-staged-qg7-e9fef17/target/release/euf-viper"",""fabric-solve"",""--engine"",""quotient-portfolio"",""/net/scratch/hscra/plgrid/plgnasqret/codex-control/projects/euf-viper/corpora/9b39c70a794d52277a4e5d83731f0ebc50a2f3b804eb1dfc8cf32766a5ebeadc/smtlib-2025/QF_UF/QF_UF/QG-classification/qg7/iso_brn_nogen_sk009.smt2""]"
79,2,7127,QF_UF/QG-classification/qg7/iso_brn_nogen_sk009.smt2,2142ade95d411e4cf23d56d80a7baaf2ac37efb8f67a70e616b071dd1eda4cc6,6012377,sat,1,williams_first_order_carryover,a5b163da70f7a4b586276cec20529dcaf9a596daf59a01894d95ec3f4fd69c3e,1,1,0,1,1,1,staged-10,staged-10,"[""staged-0"",""staged-10"",""baseline"",""staged-100"",""staged-10000"",""staged-1000""]",parser_inclusive_subprocess_wall_clock,1,timeout,2.026714753,124,-9,1,timeout,exceeded 2 seconds,,,"[""/net/scratch/hscra/plgrid/plgnasqret/codex-control/projects/euf-viper/runs/20260727T073625Z-staged-qg7-e9fef17/target/release/euf-viper"",""fabric-solve"",""--engine"",""quotient-portfolio"",""/net/scratch/hscra/plgrid/plgnasqret/codex-control/projects/euf-viper/corpora/9b39c70a794d52277a4e5d83731f0ebc50a2f3b804eb1dfc8cf32766a5ebeadc/smtlib-2025/QF_UF/QF_UF/QG-classification/qg7/iso_brn_nogen_sk009.smt2""]"
80,2,7127,QF_UF/QG-classification/qg7/iso_brn_nogen_sk009.smt2,2142ade95d411e4cf23d56d80a7baaf2ac37efb8f67a70e616b071dd1eda4cc6,6012377,sat,1,williams_first_order_carryover,a5b163da70f7a4b586276cec20529dcaf9a596daf59a01894d95ec3f4fd69c3e,1,1,0,1,2,2,baseline,baseline,"[""staged-0"",""staged-10"",""baseline"",""staged-100"",""staged-10000"",""staged-1000""]",parser_inclusive_subprocess_wall_clock,1,timeout,2.015231456,124,-9,1,timeout,exceeded 2 seconds,,,"[""/net/scratch/hscra/plgrid/plgnasqret/codex-control/projects/euf-viper/runs/20260727T073625Z-staged-qg7-e9fef17/target/release/euf-viper"",""fabric-solve"",""--engine"",""quotient-portfolio"",""/net/scratch/hscra/plgrid/plgnasqret/codex-control/projects/euf-viper/corpora/9b39c70a794d52277a4e5d83731f0ebc50a2f3b804eb1dfc8cf32766a5ebeadc/smtlib-2025/QF_UF/QF_UF/QG-classification/qg7/iso_brn_nogen_sk009.smt2""]"
81,2,7127,QF_UF/QG-classification/qg7/iso_brn_nogen_sk009.smt2,2142ade95d411e4cf23d56d80a7baaf2ac37efb8f67a70e616b071dd1eda4cc6,6012377,sat,1,williams_first_order_carryover,a5b163da70f7a4b586276cec20529dcaf9a596daf59a01894d95ec3f4fd69c3e,1,1,0,1,3,3,staged-100,staged-100,"[""staged-0"",""staged-10"",""baseline"",""staged-100"",""staged-10000"",""staged-1000""]",parser_inclusive_subprocess_wall_clock,1,timeout,2.020272542,124,-9,1,timeout,exceeded 2 seconds,,,"[""/net/scratch/hscra/plgrid/plgnasqret/codex-control/projects/euf-viper/runs/20260727T073625Z-staged-qg7-e9fef17/target/release/euf-viper"",""fabric-solve"",""--engine"",""quotient-portfolio"",""/net/scratch/hscra/plgrid/plgnasqret/codex-control/projects/euf-viper/corpora/9b39c70a794d52277a4e5d83731f0ebc50a2f3b804eb1dfc8cf32766a5ebeadc/smtlib-2025/QF_UF/QF_UF/QG-classification/qg7/iso_brn_nogen_sk009.smt2""]"
82,2,7127,QF_UF/QG-classification/qg7/iso_brn_nogen_sk009.smt2,2142ade95d411e4cf23d56d80a7baaf2ac37efb8f67a70e616b071dd1eda4cc6,6012377,sat,1,williams_first_order_carryover,a5b163da70f7a4b586276cec20529dcaf9a596daf59a01894d95ec3f4fd69c3e,1,1,0,1,4,4,staged-10000,staged-10000,"[""staged-0"",""staged-10"",""baseline"",""staged-100"",""staged-10000"",""staged-1000""]",parser_inclusive_subprocess_wall_clock,1,timeout,2.009939932,124,-9,1,timeout,exceeded 2 seconds,,,"[""/net/scratch/hscra/plgrid/plgnasqret/codex-control/projects/euf-viper/runs/20260727T073625Z-staged-qg7-e9fef17/target/release/euf-viper"",""fabric-solve"",""--engine"",""quotient-portfolio"",""/net/scratch/hscra/plgrid/plgnasqret/codex-control/projects/euf-viper/corpora/9b39c70a794d52277a4e5d83731f0ebc50a2f3b804eb1dfc8cf32766a5ebeadc/smtlib-2025/QF_UF/QF_UF/QG-classification/qg7/iso_brn_nogen_sk009.smt2""]"
83,2,7127,QF_UF/QG-classification/qg7/iso_brn_nogen_sk009.smt2,2142ade95d411e4cf23d56d80a7baaf2ac37efb8f67a70e616b071dd1eda4cc6,6012377,sat,1,williams_first_order_carryover,a5b163da70f7a4b586276cec20529dcaf9a596daf59a01894d95ec3f4fd69c3e,1,1,0,1,5,5,staged-1000,staged-1000,"[""staged-0"",""staged-10"",""baseline"",""staged-100"",""staged-10000"",""staged-1000""]",parser_inclusive_subprocess_wall_clock,1,timeout,2.012026776,124,-9,1,timeout,exceeded 2 seconds,,,"[""/net/scratch/hscra/plgrid/plgnasqret/codex-control/projects/euf-viper/runs/20260727T073625Z-staged-qg7-e9fef17/target/release/euf-viper"",""fabric-solve"",""--engine"",""quotient-portfolio"",""/net/scratch/hscra/plgrid/plgnasqret/codex-control/projects/euf-viper/corpora/9b39c70a794d52277a4e5d83731f0ebc50a2f3b804eb1dfc8cf32766a5ebeadc/smtlib-2025/QF_UF/QF_UF/QG-classification/qg7/iso_brn_nogen_sk009.smt2""]"
84,2,7127,QF_UF/QG-classification/qg7/iso_brn_nogen_sk009.smt2,2142ade95d411e4cf23d56d80a7baaf2ac37efb8f67a70e616b071dd1eda4cc6,6012377,sat,1,williams_first_order_carryover,a5b163da70f7a4b586276cec20529dcaf9a596daf59a01894d95ec3f4fd69c3e,2,2,0,2,0,0,staged-10,staged-10,"[""staged-10"",""staged-100"",""staged-0"",""staged-1000"",""baseline"",""staged-10000""]",parser_inclusive_subprocess_wall_clock,1,timeout,2.020187556,124,-9,1,timeout,exceeded 2 seconds,,,"[""/net/scratch/hscra/plgrid/plgnasqret/codex-control/projects/euf-viper/runs/20260727T073625Z-staged-qg7-e9fef17/target/release/euf-viper"",""fabric-solve"",""--engine"",""quotient-portfolio"",""/net/scratch/hscra/plgrid/plgnasqret/codex-control/projects/euf-viper/corpora/9b39c70a794d52277a4e5d83731f0ebc50a2f3b804eb1dfc8cf32766a5ebeadc/smtlib-2025/QF_UF/QF_UF/QG-classification/qg7/iso_brn_nogen_sk009.smt2""]"
85,2,7127,QF_UF/QG-classification/qg7/iso_brn_nogen_sk009.smt2,2142ade95d411e4cf23d56d80a7baaf2ac37efb8f67a70e616b071dd1eda4cc6,6012377,sat,1,williams_first_order_carryover,a5b163da70f7a4b586276cec20529dcaf9a596daf59a01894d95ec3f4fd69c3e,2,2,0,2,1,1,staged-100,staged-100,"[""staged-10"",""staged-100"",""staged-0"",""staged-1000"",""baseline"",""staged-10000""]",parser_inclusive_subprocess_wall_clock,1,timeout,2.028720127,124,-9,1,timeout,exceeded 2 seconds,,,"[""/net/scratch/hscra/plgrid/plgnasqret/codex-control/projects/euf-viper/runs/20260727T073625Z-staged-qg7-e9fef17/target/release/euf-viper"",""fabric-solve"",""--engine"",""quotient-portfolio"",""/net/scratch/hscra/plgrid/plgnasqret/codex-control/projects/euf-viper/corpora/9b39c70a794d52277a4e5d83731f0ebc50a2f3b804eb1dfc8cf32766a5ebeadc/smtlib-2025/QF_UF/QF_UF/QG-classification/qg7/iso_brn_nogen_sk009.smt2""]"
86,2,7127,QF_UF/QG-classification/qg7/iso_brn_nogen_sk009.smt2,2142ade95d411e4cf23d56d80a7baaf2ac37efb8f67a70e616b071dd1eda4cc6,6012377,sat,1,williams_first_order_carryover,a5b163da70f7a4b586276cec20529dcaf9a596daf59a01894d95ec3f4fd69c3e,2,2,0,2,2,2,staged-0,staged-0,"[""staged-10"",""staged-100"",""staged-0"",""staged-1000"",""baseline"",""staged-10000""]",parser_inclusive_subprocess_wall_clock,1,timeout,2.021585918,124,-9,1,timeout,exceeded 2 seconds,,,"[""/net/scratch/hscra/plgrid/plgnasqret/codex-control/projects/euf-viper/runs/20260727T073625Z-staged-qg7-e9fef17/target/release/euf-viper"",""fabric-solve"",""--engine"",""quotient-portfolio"",""/net/scratch/hscra/plgrid/plgnasqret/codex-control/projects/euf-viper/corpora/9b39c70a794d52277a4e5d83731f0ebc50a2f3b804eb1dfc8cf32766a5ebeadc/smtlib-2025/QF_UF/QF_UF/QG-classification/qg7/iso_brn_nogen_sk009.smt2""]"
87,2,7127,QF_UF/QG-classification/qg7/iso_brn_nogen_sk009.smt2,2142ade95d411e4cf23d56d80a7baaf2ac37efb8f67a70e616b071dd1eda4cc6,6012377,sat,1,williams_first_order_carryover,a5b163da70f7a4b586276cec20529dcaf9a596daf59a01894d95ec3f4fd69c3e,2,2,0,2,3,3,staged-1000,staged-1000,"[""staged-10"",""staged-100"",""staged-0"",""staged-1000"",""baseline"",""staged-10000""]",parser_inclusive_subprocess_wall_clock,1,timeout,2.009857070,124,-9,1,timeout,exceeded 2 seconds,,,"[""/net/scratch/hscra/plgrid/plgnasqret/codex-control/projects/euf-viper/runs/20260727T073625Z-staged-qg7-e9fef17/target/release/euf-viper"",""fabric-solve"",""--engine"",""quotient-portfolio"",""/net/scratch/hscra/plgrid/plgnasqret/codex-control/projects/euf-viper/corpora/9b39c70a794d52277a4e5d83731f0ebc50a2f3b804eb1dfc8cf32766a5ebeadc/smtlib-2025/QF_UF/QF_UF/QG-classification/qg7/iso_brn_nogen_sk009.smt2""]"
88,2,7127,QF_UF/QG-classification/qg7/iso_brn_nogen_sk009.smt2,2142ade95d411e4cf23d56d80a7baaf2ac37efb8f67a70e616b071dd1eda4cc6,6012377,sat,1,williams_first_order_carryover,a5b163da70f7a4b586276cec20529dcaf9a596daf59a01894d95ec3f4fd69c3e,2,2,0,2,4,4,baseline,baseline,"[""staged-10"",""staged-100"",""staged-0"",""staged-1000"",""baseline"",""staged-10000""]",parser_inclusive_subprocess_wall_clock,1,timeout,2.011149623,124,-9,1,timeout,exceeded 2 seconds,,,"[""/net/scratch/hscra/plgrid/plgnasqret/codex-control/projects/euf-viper/runs/20260727T073625Z-staged-qg7-e9fef17/target/release/euf-viper"",""fabric-solve"",""--engine"",""quotient-portfolio"",""/net/scratch/hscra/plgrid/plgnasqret/codex-control/projects/euf-viper/corpora/9b39c70a794d52277a4e5d83731f0ebc50a2f3b804eb1dfc8cf32766a5ebeadc/smtlib-2025/QF_UF/QF_UF/QG-classification/qg7/iso_brn_nogen_sk009.smt2""]"
89,2,7127,QF_UF/QG-classification/qg7/iso_brn_nogen_sk009.smt2,2142ade95d411e4cf23d56d80a7baaf2ac37efb8f67a70e616b071dd1eda4cc6,6012377,sat,1,williams_first_order_carryover,a5b163da70f7a4b586276cec20529dcaf9a596daf59a01894d95ec3f4fd69c3e,2,2,0,2,5,5,staged-10000,staged-10000,"[""staged-10"",""staged-100"",""staged-0"",""staged-1000"",""baseline"",""staged-10000""]",parser_inclusive_subprocess_wall_clock,1,timeout,2.011203769,124,-9,1,timeout,exceeded 2 seconds,,,"[""/net/scratch/hscra/plgrid/plgnasqret/codex-control/projects/euf-viper/runs/20260727T073625Z-staged-qg7-e9fef17/target/release/euf-viper"",""fabric-solve"",""--engine"",""quotient-portfolio"",""/net/scratch/hscra/plgrid/plgnasqret/codex-control/projects/euf-viper/corpora/9b39c70a794d52277a4e5d83731f0ebc50a2f3b804eb1dfc8cf32766a5ebeadc/smtlib-2025/QF_UF/QF_UF/QG-classification/qg7/iso_brn_nogen_sk009.smt2""]"
90,2,7127,QF_UF/QG-classification/qg7/iso_brn_nogen_sk009.smt2,2142ade95d411e4cf23d56d80a7baaf2ac37efb8f67a70e616b071dd1eda4cc6,6012377,sat,1,williams_first_order_carryover,a5b163da70f7a4b586276cec20529dcaf9a596daf59a01894d95ec3f4fd69c3e,3,3,0,3,0,0,staged-100,staged-100,"[""staged-100"",""staged-1000"",""staged-10"",""staged-10000"",""staged-0"",""baseline""]",parser_inclusive_subprocess_wall_clock,1,timeout,2.025469345,124,-9,1,timeout,exceeded 2 seconds,,,"[""/net/scratch/hscra/plgrid/plgnasqret/codex-control/projects/euf-viper/runs/20260727T073625Z-staged-qg7-e9fef17/target/release/euf-viper"",""fabric-solve"",""--engine"",""quotient-portfolio"",""/net/scratch/hscra/plgrid/plgnasqret/codex-control/projects/euf-viper/corpora/9b39c70a794d52277a4e5d83731f0ebc50a2f3b804eb1dfc8cf32766a5ebeadc/smtlib-2025/QF_UF/QF_UF/QG-classification/qg7/iso_brn_nogen_sk009.smt2""]"
91,2,7127,QF_UF/QG-classification/qg7/iso_brn_nogen_sk009.smt2,2142ade95d411e4cf23d56d80a7baaf2ac37efb8f67a70e616b071dd1eda4cc6,6012377,sat,1,williams_first_order_carryover,a5b163da70f7a4b586276cec20529dcaf9a596daf59a01894d95ec3f4fd69c3e,3,3,0,3,1,1,staged-1000,staged-1000,"[""staged-100"",""staged-1000"",""staged-10"",""staged-10000"",""staged-0"",""baseline""]",parser_inclusive_subprocess_wall_clock,1,timeout,2.010619421,124,-9,1,timeout,exceeded 2 seconds,,,"[""/net/scratch/hscra/plgrid/plgnasqret/codex-control/projects/euf-viper/runs/20260727T073625Z-staged-qg7-e9fef17/target/release/euf-viper"",""fabric-solve"",""--engine"",""quotient-portfolio"",""/net/scratch/hscra/plgrid/plgnasqret/codex-control/projects/euf-viper/corpora/9b39c70a794d52277a4e5d83731f0ebc50a2f3b804eb1dfc8cf32766a5ebeadc/smtlib-2025/QF_UF/QF_UF/QG-classification/qg7/iso_brn_nogen_sk009.smt2""]"
92,2,7127,QF_UF/QG-classification/qg7/iso_brn_nogen_sk009.smt2,2142ade95d411e4cf23d56d80a7baaf2ac37efb8f67a70e616b071dd1eda4cc6,6012377,sat,1,williams_first_order_carryover,a5b163da70f7a4b586276cec20529dcaf9a596daf59a01894d95ec3f4fd69c3e,3,3,0,3,2,2,staged-10,staged-10,"[""staged-100"",""staged-1000"",""staged-10"",""staged-10000"",""staged-0"",""baseline""]",parser_inclusive_subprocess_wall_clock,1,timeout,2.019994530,124,-9,1,timeout,exceeded 2 seconds,,,"[""/net/scratch/hscra/plgrid/plgnasqret/codex-control/projects/euf-viper/runs/20260727T073625Z-staged-qg7-e9fef17/target/release/euf-viper"",""fabric-solve"",""--engine"",""quotient-portfolio"",""/net/scratch/hscra/plgrid/plgnasqret/codex-control/projects/euf-viper/corpora/9b39c70a794d52277a4e5d83731f0ebc50a2f3b804eb1dfc8cf32766a5ebeadc/smtlib-2025/QF_UF/QF_UF/QG-classification/qg7/iso_brn_nogen_sk009.smt2""]"
93,2,7127,QF_UF/QG-classification/qg7/iso_brn_nogen_sk009.smt2,2142ade95d411e4cf23d56d80a7baaf2ac37efb8f67a70e616b071dd1eda4cc6,6012377,sat,1,williams_first_order_carryover,a5b163da70f7a4b586276cec20529dcaf9a596daf59a01894d95ec3f4fd69c3e,3,3,0,3,3,3,staged-10000,staged-10000,"[""staged-100"",""staged-1000"",""staged-10"",""staged-10000"",""staged-0"",""baseline""]",parser_inclusive_subprocess_wall_clock,1,timeout,2.014494155,124,-9,1,timeout,exceeded 2 seconds,,,"[""/net/scratch/hscra/plgrid/plgnasqret/codex-control/projects/euf-viper/runs/20260727T073625Z-staged-qg7-e9fef17/target/release/euf-viper"",""fabric-solve"",""--engine"",""quotient-portfolio"",""/net/scratch/hscra/plgrid/plgnasqret/codex-control/projects/euf-viper/corpora/9b39c70a794d52277a4e5d83731f0ebc50a2f3b804eb1dfc8cf32766a5ebeadc/smtlib-2025/QF_UF/QF_UF/QG-classification/qg7/iso_brn_nogen_sk009.smt2""]"
94,2,7127,QF_UF/QG-classification/qg7/iso_brn_nogen_sk009.smt2,2142ade95d411e4cf23d56d80a7baaf2ac37efb8f67a70e616b071dd1eda4cc6,6012377,sat,1,williams_first_order_carryover,a5b163da70f7a4b586276cec20529dcaf9a596daf59a01894d95ec3f4fd69c3e,3,3,0,3,4,4,staged-0,staged-0,"[""staged-100"",""staged-1000"",""staged-10"",""staged-10000"",""staged-0"",""baseline""]",parser_inclusive_subprocess_wall_clock,1,timeout,2.025602426,124,-9,1,timeout,exceeded 2 seconds,,,"[""/net/scratch/hscra/plgrid/plgnasqret/codex-control/projects/euf-viper/runs/20260727T073625Z-staged-qg7-e9fef17/target/release/euf-viper"",""fabric-solve"",""--engine"",""quotient-portfolio"",""/net/scratch/hscra/plgrid/plgnasqret/codex-control/projects/euf-viper/corpora/9b39c70a794d52277a4e5d83731f0ebc50a2f3b804eb1dfc8cf32766a5ebeadc/smtlib-2025/QF_UF/QF_UF/QG-classification/qg7/iso_brn_nogen_sk009.smt2""]"
95,2,7127,QF_UF/QG-classification/qg7/iso_brn_nogen_sk009.smt2,2142ade95d411e4cf23d56d80a7baaf2ac37efb8f67a70e616b071dd1eda4cc6,6012377,sat,1,williams_first_order_carryover,a5b163da70f7a4b586276cec20529dcaf9a596daf59a01894d95ec3f4fd69c3e,3,3,0,3,5,5,baseline,baseline,"[""staged-100"",""staged-1000"",""staged-10"",""staged-10000"",""staged-0"",""baseline""]",parser_inclusive_subprocess_wall_clock,1,timeout,2.015128262,124,-9,1,timeout,exceeded 2 seconds,,,"[""/net/scratch/hscra/plgrid/plgnasqret/codex-control/projects/euf-viper/runs/20260727T073625Z-staged-qg7-e9fef17/target/release/euf-viper"",""fabric-solve"",""--engine"",""quotient-portfolio"",""/net/scratch/hscra/plgrid/plgnasqret/codex-control/projects/euf-viper/corpora/9b39c70a794d52277a4e5d83731f0ebc50a2f3b804eb1dfc8cf32766a5ebeadc/smtlib-2025/QF_UF/QF_UF/QG-classification/qg7/iso_brn_nogen_sk009.smt2""]"
96,2,7127,QF_UF/QG-classification/qg7/iso_brn_nogen_sk009.smt2,2142ade95d411e4cf23d56d80a7baaf2ac37efb8f67a70e616b071dd1eda4cc6,6012377,sat,1,williams_first_order_carryover,a5b163da70f7a4b586276cec20529dcaf9a596daf59a01894d95ec3f4fd69c3e,4,4,0,4,0,0,staged-1000,staged-1000,"[""staged-1000"",""staged-10000"",""staged-100"",""baseline"",""staged-10"",""staged-0""]",parser_inclusive_subprocess_wall_clock,1,timeout,2.010609626,124,-9,1,timeout,exceeded 2 seconds,,,"[""/net/scratch/hscra/plgrid/plgnasqret/codex-control/projects/euf-viper/runs/20260727T073625Z-staged-qg7-e9fef17/target/release/euf-viper"",""fabric-solve"",""--engine"",""quotient-portfolio"",""/net/scratch/hscra/plgrid/plgnasqret/codex-control/projects/euf-viper/corpora/9b39c70a794d52277a4e5d83731f0ebc50a2f3b804eb1dfc8cf32766a5ebeadc/smtlib-2025/QF_UF/QF_UF/QG-classification/qg7/iso_brn_nogen_sk009.smt2""]"
97,2,7127,QF_UF/QG-classification/qg7/iso_brn_nogen_sk009.smt2,2142ade95d411e4cf23d56d80a7baaf2ac37efb8f67a70e616b071dd1eda4cc6,6012377,sat,1,williams_first_order_carryover,a5b163da70f7a4b586276cec20529dcaf9a596daf59a01894d95ec3f4fd69c3e,4,4,0,4,1,1,staged-10000,staged-10000,"[""staged-1000"",""staged-10000"",""staged-100"",""baseline"",""staged-10"",""staged-0""]",parser_inclusive_subprocess_wall_clock,1,timeout,2.010772304,124,-9,1,timeout,exceeded 2 seconds,,,"[""/net/scratch/hscra/plgrid/plgnasqret/codex-control/projects/euf-viper/runs/20260727T073625Z-staged-qg7-e9fef17/target/release/euf-viper"",""fabric-solve"",""--engine"",""quotient-portfolio"",""/net/scratch/hscra/plgrid/plgnasqret/codex-control/projects/euf-viper/corpora/9b39c70a794d52277a4e5d83731f0ebc50a2f3b804eb1dfc8cf32766a5ebeadc/smtlib-2025/QF_UF/QF_UF/QG-classification/qg7/iso_brn_nogen_sk009.smt2""]"
98,2,7127,QF_UF/QG-classification/qg7/iso_brn_nogen_sk009.smt2,2142ade95d411e4cf23d56d80a7baaf2ac37efb8f67a70e616b071dd1eda4cc6,6012377,sat,1,williams_first_order_carryover,a5b163da70f7a4b586276cec20529dcaf9a596daf59a01894d95ec3f4fd69c3e,4,4,0,4,2,2,staged-100,staged-100,"[""staged-1000"",""staged-10000"",""staged-100"",""baseline"",""staged-10"",""staged-0""]",parser_inclusive_subprocess_wall_clock,1,timeout,2.026298361,124,-9,1,timeout,exceeded 2 seconds,,,"[""/net/scratch/hscra/plgrid/plgnasqret/codex-control/projects/euf-viper/runs/20260727T073625Z-staged-qg7-e9fef17/target/release/euf-viper"",""fabric-solve"",""--engine"",""quotient-portfolio"",""/net/scratch/hscra/plgrid/plgnasqret/codex-control/projects/euf-viper/corpora/9b39c70a794d52277a4e5d83731f0ebc50a2f3b804eb1dfc8cf32766a5ebeadc/smtlib-2025/QF_UF/QF_UF/QG-classification/qg7/iso_brn_nogen_sk009.smt2""]"
99,2,7127,QF_UF/QG-classification/qg7/iso_brn_nogen_sk009.smt2,2142ade95d411e4cf23d56d80a7baaf2ac37efb8f67a70e616b071dd1eda4cc6,6012377,sat,1,williams_first_order_carryover,a5b163da70f7a4b586276cec20529dcaf9a596daf59a01894d95ec3f4fd69c3e,4,4,0,4,3,3,baseline,baseline,"[""staged-1000"",""staged-10000"",""staged-100"",""baseline"",""staged-10"",""staged-0""]",parser_inclusive_subprocess_wall_clock,1,timeout,2.016130914,124,-9,1,timeout,exceeded 2 seconds,,,"[""/net/scratch/hscra/plgrid/plgnasqret/codex-control/projects/euf-viper/runs/20260727T073625Z-staged-qg7-e9fef17/target/release/euf-viper"",""fabric-solve"",""--engine"",""quotient-portfolio"",""/net/scratch/hscra/plgrid/plgnasqret/codex-control/projects/euf-viper/corpora/9b39c70a794d52277a4e5d83731f0ebc50a2f3b804eb1dfc8cf32766a5ebeadc/smtlib-2025/QF_UF/QF_UF/QG-classification/qg7/iso_brn_nogen_sk009.smt2""]"
100,2,7127,QF_UF/QG-classification/qg7/iso_brn_nogen_sk009.smt2,2142ade95d411e4cf23d56d80a7baaf2ac37efb8f67a70e616b071dd1eda4cc6,6012377,sat,1,williams_first_order_carryover,a5b163da70f7a4b586276cec20529dcaf9a596daf59a01894d95ec3f4fd69c3e,4,4,0,4,4,4,staged-10,staged-10,"[""staged-1000"",""staged-10000"",""staged-100"",""baseline"",""staged-10"",""staged-0""]",parser_inclusive_subprocess_wall_clock,1,timeout,2.021876208,124,-9,1,timeout,exceeded 2 seconds,,,"[""/net/scratch/hscra/plgrid/plgnasqret/codex-control/projects/euf-viper/runs/20260727T073625Z-staged-qg7-e9fef17/target/release/euf-viper"",""fabric-solve"",""--engine"",""quotient-portfolio"",""/net/scratch/hscra/plgrid/plgnasqret/codex-control/projects/euf-viper/corpora/9b39c70a794d52277a4e5d83731f0ebc50a2f3b804eb1dfc8cf32766a5ebeadc/smtlib-2025/QF_UF/QF_UF/QG-classification/qg7/iso_brn_nogen_sk009.smt2""]"
101,2,7127,QF_UF/QG-classification/qg7/iso_brn_nogen_sk009.smt2,2142ade95d411e4cf23d56d80a7baaf2ac37efb8f67a70e616b071dd1eda4cc6,6012377,sat,1,williams_first_order_carryover,a5b163da70f7a4b586276cec20529dcaf9a596daf59a01894d95ec3f4fd69c3e,4,4,0,4,5,5,staged-0,staged-0,"[""staged-1000"",""staged-10000"",""staged-100"",""baseline"",""staged-10"",""staged-0""]",parser_inclusive_subprocess_wall_clock,1,timeout,2.018870204,124,-9,1,timeout,exceeded 2 seconds,,,"[""/net/scratch/hscra/plgrid/plgnasqret/codex-control/projects/euf-viper/runs/20260727T073625Z-staged-qg7-e9fef17/target/release/euf-viper"",""fabric-solve"",""--engine"",""quotient-portfolio"",""/net/scratch/hscra/plgrid/plgnasqret/codex-control/projects/euf-viper/corpora/9b39c70a794d52277a4e5d83731f0ebc50a2f3b804eb1dfc8cf32766a5ebeadc/smtlib-2025/QF_UF/QF_UF/QG-classification/qg7/iso_brn_nogen_sk009.smt2""]"
102,2,7127,QF_UF/QG-classification/qg7/iso_brn_nogen_sk009.smt2,2142ade95d411e4cf23d56d80a7baaf2ac37efb8f67a70e616b071dd1eda4cc6,6012377,sat,1,williams_first_order_carryover,a5b163da70f7a4b586276cec20529dcaf9a596daf59a01894d95ec3f4fd69c3e,5,5,0,5,0,0,staged-10000,staged-10000,"[""staged-10000"",""baseline"",""staged-1000"",""staged-0"",""staged-100"",""staged-10""]",parser_inclusive_subprocess_wall_clock,1,timeout,2.013517643,124,-9,1,timeout,exceeded 2 seconds,,,"[""/net/scratch/hscra/plgrid/plgnasqret/codex-control/projects/euf-viper/runs/20260727T073625Z-staged-qg7-e9fef17/target/release/euf-viper"",""fabric-solve"",""--engine"",""quotient-portfolio"",""/net/scratch/hscra/plgrid/plgnasqret/codex-control/projects/euf-viper/corpora/9b39c70a794d52277a4e5d83731f0ebc50a2f3b804eb1dfc8cf32766a5ebeadc/smtlib-2025/QF_UF/QF_UF/QG-classification/qg7/iso_brn_nogen_sk009.smt2""]"
103,2,7127,QF_UF/QG-classification/qg7/iso_brn_nogen_sk009.smt2,2142ade95d411e4cf23d56d80a7baaf2ac37efb8f67a70e616b071dd1eda4cc6,6012377,sat,1,williams_first_order_carryover,a5b163da70f7a4b586276cec20529dcaf9a596daf59a01894d95ec3f4fd69c3e,5,5,0,5,1,1,baseline,baseline,"[""staged-10000"",""baseline"",""staged-1000"",""staged-0"",""staged-100"",""staged-10""]",parser_inclusive_subprocess_wall_clock,1,timeout,2.011078730,124,-9,1,timeout,exceeded 2 seconds,,,"[""/net/scratch/hscra/plgrid/plgnasqret/codex-control/projects/euf-viper/runs/20260727T073625Z-staged-qg7-e9fef17/target/release/euf-viper"",""fabric-solve"",""--engine"",""quotient-portfolio"",""/net/scratch/hscra/plgrid/plgnasqret/codex-control/projects/euf-viper/corpora/9b39c70a794d52277a4e5d83731f0ebc50a2f3b804eb1dfc8cf32766a5ebeadc/smtlib-2025/QF_UF/QF_UF/QG-classification/qg7/iso_brn_nogen_sk009.smt2""]"
104,2,7127,QF_UF/QG-classification/qg7/iso_brn_nogen_sk009.smt2,2142ade95d411e4cf23d56d80a7baaf2ac37efb8f67a70e616b071dd1eda4cc6,6012377,sat,1,williams_first_order_carryover,a5b163da70f7a4b586276cec20529dcaf9a596daf59a01894d95ec3f4fd69c3e,5,5,0,5,2,2,staged-1000,staged-1000,"[""staged-10000"",""baseline"",""staged-1000"",""staged-0"",""staged-100"",""staged-10""]",parser_inclusive_subprocess_wall_clock,1,timeout,2.012344791,124,-9,1,timeout,exceeded 2 seconds,,,"[""/net/scratch/hscra/plgrid/plgnasqret/codex-control/projects/euf-viper/runs/20260727T073625Z-staged-qg7-e9fef17/target/release/euf-viper"",""fabric-solve"",""--engine"",""quotient-portfolio"",""/net/scratch/hscra/plgrid/plgnasqret/codex-control/projects/euf-viper/corpora/9b39c70a794d52277a4e5d83731f0ebc50a2f3b804eb1dfc8cf32766a5ebeadc/smtlib-2025/QF_UF/QF_UF/QG-classification/qg7/iso_brn_nogen_sk009.smt2""]"
105,2,7127,QF_UF/QG-classification/qg7/iso_brn_nogen_sk009.smt2,2142ade95d411e4cf23d56d80a7baaf2ac37efb8f67a70e616b071dd1eda4cc6,6012377,sat,1,williams_first_order_carryover,a5b163da70f7a4b586276cec20529dcaf9a596daf59a01894d95ec3f4fd69c3e,5,5,0,5,3,3,staged-0,staged-0,"[""staged-10000"",""baseline"",""staged-1000"",""staged-0"",""staged-100"",""staged-10""]",parser_inclusive_subprocess_wall_clock,1,timeout,2.020455181,124,-9,1,timeout,exceeded 2 seconds,,,"[""/net/scratch/hscra/plgrid/plgnasqret/codex-control/projects/euf-viper/runs/20260727T073625Z-staged-qg7-e9fef17/target/release/euf-viper"",""fabric-solve"",""--engine"",""quotient-portfolio"",""/net/scratch/hscra/plgrid/plgnasqret/codex-control/projects/euf-viper/corpora/9b39c70a794d52277a4e5d83731f0ebc50a2f3b804eb1dfc8cf32766a5ebeadc/smtlib-2025/QF_UF/QF_UF/QG-classification/qg7/iso_brn_nogen_sk009.smt2""]"
106,2,7127,QF_UF/QG-classification/qg7/iso_brn_nogen_sk009.smt2,2142ade95d411e4cf23d56d80a7baaf2ac37efb8f67a70e616b071dd1eda4cc6,6012377,sat,1,williams_first_order_carryover,a5b163da70f7a4b586276cec20529dcaf9a596daf59a01894d95ec3f4fd69c3e,5,5,0,5,4,4,staged-100,staged-100,"[""staged-10000"",""baseline"",""staged-1000"",""staged-0"",""staged-100"",""staged-10""]",parser_inclusive_subprocess_wall_clock,1,timeout,2.018184205,124,-9,1,timeout,exceeded 2 seconds,,,"[""/net/scratch/hscra/plgrid/plgnasqret/codex-control/projects/euf-viper/runs/20260727T073625Z-staged-qg7-e9fef17/target/release/euf-viper"",""fabric-solve"",""--engine"",""quotient-portfolio"",""/net/scratch/hscra/plgrid/plgnasqret/codex-control/projects/euf-viper/corpora/9b39c70a794d52277a4e5d83731f0ebc50a2f3b804eb1dfc8cf32766a5ebeadc/smtlib-2025/QF_UF/QF_UF/QG-classification/qg7/iso_brn_nogen_sk009.smt2""]"
107,2,7127,QF_UF/QG-classification/qg7/iso_brn_nogen_sk009.smt2,2142ade95d411e4cf23d56d80a7baaf2ac37efb8f67a70e616b071dd1eda4cc6,6012377,sat,1,williams_first_order_carryover,a5b163da70f7a4b586276cec20529dcaf9a596daf59a01894d95ec3f4fd69c3e,5,5,0,5,5,5,staged-10,staged-10,"[""staged-10000"",""baseline"",""staged-1000"",""staged-0"",""staged-100"",""staged-10""]",parser_inclusive_subprocess_wall_clock,1,timeout,2.027238385,124,-9,1,timeout,exceeded 2 seconds,,,"[""/net/scratch/hscra/plgrid/plgnasqret/codex-control/projects/euf-viper/runs/20260727T073625Z-staged-qg7-e9fef17/target/release/euf-viper"",""fabric-solve"",""--engine"",""quotient-portfolio"",""/net/scratch/hscra/plgrid/plgnasqret/codex-control/projects/euf-viper/corpora/9b39c70a794d52277a4e5d83731f0ebc50a2f3b804eb1dfc8cf32766a5ebeadc/smtlib-2025/QF_UF/QF_UF/QG-classification/qg7/iso_brn_nogen_sk009.smt2""]"
108,3,7315,QF_UF/QG-classification/qg7/iso_icl_nogen007.smt2,a6c8c7c8a2a8d1b67574674ea78570977245a728743eca52768b52f9ef165675,6014935,unsat,1,williams_first_order_carryover,a5b163da70f7a4b586276cec20529dcaf9a596daf59a01894d95ec3f4fd69c3e,0,0,0,0,0,0,baseline,baseline,"[""baseline"",""staged-0"",""staged-10000"",""staged-10"",""staged-1000"",""staged-100""]",parser_inclusive_subprocess_wall_clock,1,timeout,2.010911525,124,-9,1,timeout,exceeded 2 seconds,,,"[""/net/scratch/hscra/plgrid/plgnasqret/codex-control/projects/euf-viper/runs/20260727T073625Z-staged-qg7-e9fef17/target/release/euf-viper"",""fabric-solve"",""--engine"",""quotient-portfolio"",""/net/scratch/hscra/plgrid/plgnasqret/codex-control/projects/euf-viper/corpora/9b39c70a794d52277a4e5d83731f0ebc50a2f3b804eb1dfc8cf32766a5ebeadc/smtlib-2025/QF_UF/QF_UF/QG-classification/qg7/iso_icl_nogen007.smt2""]"
109,3,7315,QF_UF/QG-classification/qg7/iso_icl_nogen007.smt2,a6c8c7c8a2a8d1b67574674ea78570977245a728743eca52768b52f9ef165675,6014935,unsat,1,williams_first_order_carryover,a5b163da70f7a4b586276cec20529dcaf9a596daf59a01894d95ec3f4fd69c3e,0,0,0,0,1,1,staged-0,staged-0,"[""baseline"",""staged-0"",""staged-10000"",""staged-10"",""staged-1000"",""staged-100""]",parser_inclusive_subprocess_wall_clock,1,timeout,2.022356271,124,-9,1,timeout,exceeded 2 seconds,,,"[""/net/scratch/hscra/plgrid/plgnasqret/codex-control/projects/euf-viper/runs/20260727T073625Z-staged-qg7-e9fef17/target/release/euf-viper"",""fabric-solve"",""--engine"",""quotient-portfolio"",""/net/scratch/hscra/plgrid/plgnasqret/codex-control/projects/euf-viper/corpora/9b39c70a794d52277a4e5d83731f0ebc50a2f3b804eb1dfc8cf32766a5ebeadc/smtlib-2025/QF_UF/QF_UF/QG-classification/qg7/iso_icl_nogen007.smt2""]"
110,3,7315,QF_UF/QG-classification/qg7/iso_icl_nogen007.smt2,a6c8c7c8a2a8d1b67574674ea78570977245a728743eca52768b52f9ef165675,6014935,unsat,1,williams_first_order_carryover,a5b163da70f7a4b586276cec20529dcaf9a596daf59a01894d95ec3f4fd69c3e,0,0,0,0,2,2,staged-10000,staged-10000,"[""baseline"",""staged-0"",""staged-10000"",""staged-10"",""staged-1000"",""staged-100""]",parser_inclusive_subprocess_wall_clock,1,timeout,2.010220187,124,-9,1,timeout,exceeded 2 seconds,,,"[""/net/scratch/hscra/plgrid/plgnasqret/codex-control/projects/euf-viper/runs/20260727T073625Z-staged-qg7-e9fef17/target/release/euf-viper"",""fabric-solve"",""--engine"",""quotient-portfolio"",""/net/scratch/hscra/plgrid/plgnasqret/codex-control/projects/euf-viper/corpora/9b39c70a794d52277a4e5d83731f0ebc50a2f3b804eb1dfc8cf32766a5ebeadc/smtlib-2025/QF_UF/QF_UF/QG-classification/qg7/iso_icl_nogen007.smt2""]"
111,3,7315,QF_UF/QG-classification/qg7/iso_icl_nogen007.smt2,a6c8c7c8a2a8d1b67574674ea78570977245a728743eca52768b52f9ef165675,6014935,unsat,1,williams_first_order_carryover,a5b163da70f7a4b586276cec20529dcaf9a596daf59a01894d95ec3f4fd69c3e,0,0,0,0,3,3,staged-10,staged-10,"[""baseline"",""staged-0"",""staged-10000"",""staged-10"",""staged-1000"",""staged-100""]",parser_inclusive_subprocess_wall_clock,1,timeout,2.019438787,124,-9,1,timeout,exceeded 2 seconds,,,"[""/net/scratch/hscra/plgrid/plgnasqret/codex-control/projects/euf-viper/runs/20260727T073625Z-staged-qg7-e9fef17/target/release/euf-viper"",""fabric-solve"",""--engine"",""quotient-portfolio"",""/net/scratch/hscra/plgrid/plgnasqret/codex-control/projects/euf-viper/corpora/9b39c70a794d52277a4e5d83731f0ebc50a2f3b804eb1dfc8cf32766a5ebeadc/smtlib-2025/QF_UF/QF_UF/QG-classification/qg7/iso_icl_nogen007.smt2""]"
112,3,7315,QF_UF/QG-classification/qg7/iso_icl_nogen007.smt2,a6c8c7c8a2a8d1b67574674ea78570977245a728743eca52768b52f9ef165675,6014935,unsat,1,williams_first_order_carryover,a5b163da70f7a4b586276cec20529dcaf9a596daf59a01894d95ec3f4fd69c3e,0,0,0,0,4,4,staged-1000,staged-1000,"[""baseline"",""staged-0"",""staged-10000"",""staged-10"",""staged-1000"",""staged-100""]",parser_inclusive_subprocess_wall_clock,1,timeout,2.013025032,124,-9,1,timeout,exceeded 2 seconds,,,"[""/net/scratch/hscra/plgrid/plgnasqret/codex-control/projects/euf-viper/runs/20260727T073625Z-staged-qg7-e9fef17/target/release/euf-viper"",""fabric-solve"",""--engine"",""quotient-portfolio"",""/net/scratch/hscra/plgrid/plgnasqret/codex-control/projects/euf-viper/corpora/9b39c70a794d52277a4e5d83731f0ebc50a2f3b804eb1dfc8cf32766a5ebeadc/smtlib-2025/QF_UF/QF_UF/QG-classification/qg7/iso_icl_nogen007.smt2""]"
113,3,7315,QF_UF/QG-classification/qg7/iso_icl_nogen007.smt2,a6c8c7c8a2a8d1b67574674ea78570977245a728743eca52768b52f9ef165675,6014935,unsat,1,williams_first_order_carryover,a5b163da70f7a4b586276cec20529dcaf9a596daf59a01894d95ec3f4fd69c3e,0,0,0,0,5,5,staged-100,staged-100,"[""baseline"",""staged-0"",""staged-10000"",""staged-10"",""staged-1000"",""staged-100""]",parser_inclusive_subprocess_wall_clock,1,timeout,2.025922484,124,-9,1,timeout,exceeded 2 seconds,,,"[""/net/scratch/hscra/plgrid/plgnasqret/codex-control/projects/euf-viper/runs/20260727T073625Z-staged-qg7-e9fef17/target/release/euf-viper"",""fabric-solve"",""--engine"",""quotient-portfolio"",""/net/scratch/hscra/plgrid/plgnasqret/codex-control/projects/euf-viper/corpora/9b39c70a794d52277a4e5d83731f0ebc50a2f3b804eb1dfc8cf32766a5ebeadc/smtlib-2025/QF_UF/QF_UF/QG-classification/qg7/iso_icl_nogen007.smt2""]"
114,3,7315,QF_UF/QG-classification/qg7/iso_icl_nogen007.smt2,a6c8c7c8a2a8d1b67574674ea78570977245a728743eca52768b52f9ef165675,6014935,unsat,1,williams_first_order_carryover,a5b163da70f7a4b586276cec20529dcaf9a596daf59a01894d95ec3f4fd69c3e,1,1,0,1,0,0,staged-0,staged-0,"[""staged-0"",""staged-10"",""baseline"",""staged-100"",""staged-10000"",""staged-1000""]",parser_inclusive_subprocess_wall_clock,1,timeout,2.019968068,124,-9,1,timeout,exceeded 2 seconds,,,"[""/net/scratch/hscra/plgrid/plgnasqret/codex-control/projects/euf-viper/runs/20260727T073625Z-staged-qg7-e9fef17/target/release/euf-viper"",""fabric-solve"",""--engine"",""quotient-portfolio"",""/net/scratch/hscra/plgrid/plgnasqret/codex-control/projects/euf-viper/corpora/9b39c70a794d52277a4e5d83731f0ebc50a2f3b804eb1dfc8cf32766a5ebeadc/smtlib-2025/QF_UF/QF_UF/QG-classification/qg7/iso_icl_nogen007.smt2""]"
115,3,7315,QF_UF/QG-classification/qg7/iso_icl_nogen007.smt2,a6c8c7c8a2a8d1b67574674ea78570977245a728743eca52768b52f9ef165675,6014935,unsat,1,williams_first_order_carryover,a5b163da70f7a4b586276cec20529dcaf9a596daf59a01894d95ec3f4fd69c3e,1,1,0,1,1,1,staged-10,staged-10,"[""staged-0"",""staged-10"",""baseline"",""staged-100"",""staged-10000"",""staged-1000""]",parser_inclusive_subprocess_wall_clock,1,timeout,2.018624134,124,-9,1,timeout,exceeded 2 seconds,,,"[""/net/scratch/hscra/plgrid/plgnasqret/codex-control/projects/euf-viper/runs/20260727T073625Z-staged-qg7-e9fef17/target/release/euf-viper"",""fabric-solve"",""--engine"",""quotient-portfolio"",""/net/scratch/hscra/plgrid/plgnasqret/codex-control/projects/euf-viper/corpora/9b39c70a794d52277a4e5d83731f0ebc50a2f3b804eb1dfc8cf32766a5ebeadc/smtlib-2025/QF_UF/QF_UF/QG-classification/qg7/iso_icl_nogen007.smt2""]"
116,3,7315,QF_UF/QG-classification/qg7/iso_icl_nogen007.smt2,a6c8c7c8a2a8d1b67574674ea78570977245a728743eca52768b52f9ef165675,6014935,unsat,1,williams_first_order_carryover,a5b163da70f7a4b586276cec20529dcaf9a596daf59a01894d95ec3f4fd69c3e,1,1,0,1,2,2,baseline,baseline,"[""staged-0"",""staged-10"",""baseline"",""staged-100"",""staged-10000"",""staged-1000""]",parser_inclusive_subprocess_wall_clock,1,timeout,2.010953622,124,-9,1,timeout,exceeded 2 seconds,,,"[""/net/scratch/hscra/plgrid/plgnasqret/codex-control/projects/euf-viper/runs/20260727T073625Z-staged-qg7-e9fef17/target/release/euf-viper"",""fabric-solve"",""--engine"",""quotient-portfolio"",""/net/scratch/hscra/plgrid/plgnasqret/codex-control/projects/euf-viper/corpora/9b39c70a794d52277a4e5d83731f0ebc50a2f3b804eb1dfc8cf32766a5ebeadc/smtlib-2025/QF_UF/QF_UF/QG-classification/qg7/iso_icl_nogen007.smt2""]"
117,3,7315,QF_UF/QG-classification/qg7/iso_icl_nogen007.smt2,a6c8c7c8a2a8d1b67574674ea78570977245a728743eca52768b52f9ef165675,6014935,unsat,1,williams_first_order_carryover,a5b163da70f7a4b586276cec20529dcaf9a596daf59a01894d95ec3f4fd69c3e,1,1,0,1,3,3,staged-100,staged-100,"[""staged-0"",""staged-10"",""baseline"",""staged-100"",""staged-10000"",""staged-1000""]",parser_inclusive_subprocess_wall_clock,1,timeout,2.023382961,124,-9,1,timeout,exceeded 2 seconds,,,"[""/net/scratch/hscra/plgrid/plgnasqret/codex-control/projects/euf-viper/runs/20260727T073625Z-staged-qg7-e9fef17/target/release/euf-viper"",""fabric-solve"",""--engine"",""quotient-portfolio"",""/net/scratch/hscra/plgrid/plgnasqret/codex-control/projects/euf-viper/corpora/9b39c70a794d52277a4e5d83731f0ebc50a2f3b804eb1dfc8cf32766a5ebeadc/smtlib-2025/QF_UF/QF_UF/QG-classification/qg7/iso_icl_nogen007.smt2""]"
118,3,7315,QF_UF/QG-classification/qg7/iso_icl_nogen007.smt2,a6c8c7c8a2a8d1b67574674ea78570977245a728743eca52768b52f9ef165675,6014935,unsat,1,williams_first_order_carryover,a5b163da70f7a4b586276cec20529dcaf9a596daf59a01894d95ec3f4fd69c3e,1,1,0,1,4,4,staged-10000,staged-10000,"[""staged-0"",""staged-10"",""baseline"",""staged-100"",""staged-10000"",""staged-1000""]",parser_inclusive_subprocess_wall_clock,1,timeout,2.015298382,124,-9,1,timeout,exceeded 2 seconds,,,"[""/net/scratch/hscra/plgrid/plgnasqret/codex-control/projects/euf-viper/runs/20260727T073625Z-staged-qg7-e9fef17/target/release/euf-viper"",""fabric-solve"",""--engine"",""quotient-portfolio"",""/net/scratch/hscra/plgrid/plgnasqret/codex-control/projects/euf-viper/corpora/9b39c70a794d52277a4e5d83731f0ebc50a2f3b804eb1dfc8cf32766a5ebeadc/smtlib-2025/QF_UF/QF_UF/QG-classification/qg7/iso_icl_nogen007.smt2""]"
119,3,7315,QF_UF/QG-classification/qg7/iso_icl_nogen007.smt2,a6c8c7c8a2a8d1b67574674ea78570977245a728743eca52768b52f9ef165675,6014935,unsat,1,williams_first_order_carryover,a5b163da70f7a4b586276cec20529dcaf9a596daf59a01894d95ec3f4fd69c3e,1,1,0,1,5,5,staged-1000,staged-1000,"[""staged-0"",""staged-10"",""baseline"",""staged-100"",""staged-10000"",""staged-1000""]",parser_inclusive_subprocess_wall_clock,1,timeout,2.010295016,124,-9,1,timeout,exceeded 2 seconds,,,"[""/net/scratch/hscra/plgrid/plgnasqret/codex-control/projects/euf-viper/runs/20260727T073625Z-staged-qg7-e9fef17/target/release/euf-viper"",""fabric-solve"",""--engine"",""quotient-portfolio"",""/net/scratch/hscra/plgrid/plgnasqret/codex-control/projects/euf-viper/corpora/9b39c70a794d52277a4e5d83731f0ebc50a2f3b804eb1dfc8cf32766a5ebeadc/smtlib-2025/QF_UF/QF_UF/QG-classification/qg7/iso_icl_nogen007.smt2""]"
120,3,7315,QF_UF/QG-classification/qg7/iso_icl_nogen007.smt2,a6c8c7c8a2a8d1b67574674ea78570977245a728743eca52768b52f9ef165675,6014935,unsat,1,williams_first_order_carryover,a5b163da70f7a4b586276cec20529dcaf9a596daf59a01894d95ec3f4fd69c3e,2,2,0,2,0,0,staged-10,staged-10,"[""staged-10"",""staged-100"",""staged-0"",""staged-1000"",""baseline"",""staged-10000""]",parser_inclusive_subprocess_wall_clock,1,timeout,2.018350990,124,-9,1,timeout,exceeded 2 seconds,,,"[""/net/scratch/hscra/plgrid/plgnasqret/codex-control/projects/euf-viper/runs/20260727T073625Z-staged-qg7-e9fef17/target/release/euf-viper"",""fabric-solve"",""--engine"",""quotient-portfolio"",""/net/scratch/hscra/plgrid/plgnasqret/codex-control/projects/euf-viper/corpora/9b39c70a794d52277a4e5d83731f0ebc50a2f3b804eb1dfc8cf32766a5ebeadc/smtlib-2025/QF_UF/QF_UF/QG-classification/qg7/iso_icl_nogen007.smt2""]"
121,3,7315,QF_UF/QG-classification/qg7/iso_icl_nogen007.smt2,a6c8c7c8a2a8d1b67574674ea78570977245a728743eca52768b52f9ef165675,6014935,unsat,1,williams_first_order_carryover,a5b163da70f7a4b586276cec20529dcaf9a596daf59a01894d95ec3f4fd69c3e,2,2,0,2,1,1,staged-100,staged-100,"[""staged-10"",""staged-100"",""staged-0"",""staged-1000"",""baseline"",""staged-10000""]",parser_inclusive_subprocess_wall_clock,1,timeout,2.025704638,124,-9,1,timeout,exceeded 2 seconds,,,"[""/net/scratch/hscra/plgrid/plgnasqret/codex-control/projects/euf-viper/runs/20260727T073625Z-staged-qg7-e9fef17/target/release/euf-viper"",""fabric-solve"",""--engine"",""quotient-portfolio"",""/net/scratch/hscra/plgrid/plgnasqret/codex-control/projects/euf-viper/corpora/9b39c70a794d52277a4e5d83731f0ebc50a2f3b804eb1dfc8cf32766a5ebeadc/smtlib-2025/QF_UF/QF_UF/QG-classification/qg7/iso_icl_nogen007.smt2""]"
122,3,7315,QF_UF/QG-classification/qg7/iso_icl_nogen007.smt2,a6c8c7c8a2a8d1b67574674ea78570977245a728743eca52768b52f9ef165675,6014935,unsat,1,williams_first_order_carryover,a5b163da70f7a4b586276cec20529dcaf9a596daf59a01894d95ec3f4fd69c3e,2,2,0,2,2,2,staged-0,staged-0,"[""staged-10"",""staged-100"",""staged-0"",""staged-1000"",""baseline"",""staged-10000""]",parser_inclusive_subprocess_wall_clock,1,timeout,2.020925739,124,-9,1,timeout,exceeded 2 seconds,,,"[""/net/scratch/hscra/plgrid/plgnasqret/codex-control/projects/euf-viper/runs/20260727T073625Z-staged-qg7-e9fef17/target/release/euf-viper"",""fabric-solve"",""--engine"",""quotient-portfolio"",""/net/scratch/hscra/plgrid/plgnasqret/codex-control/projects/euf-viper/corpora/9b39c70a794d52277a4e5d83731f0ebc50a2f3b804eb1dfc8cf32766a5ebeadc/smtlib-2025/QF_UF/QF_UF/QG-classification/qg7/iso_icl_nogen007.smt2""]"
123,3,7315,QF_UF/QG-classification/qg7/iso_icl_nogen007.smt2,a6c8c7c8a2a8d1b67574674ea78570977245a728743eca52768b52f9ef165675,6014935,unsat,1,williams_first_order_carryover,a5b163da70f7a4b586276cec20529dcaf9a596daf59a01894d95ec3f4fd69c3e,2,2,0,2,3,3,staged-1000,staged-1000,"[""staged-10"",""staged-100"",""staged-0"",""staged-1000"",""baseline"",""staged-10000""]",parser_inclusive_subprocess_wall_clock,1,timeout,2.013647670,124,-9,1,timeout,exceeded 2 seconds,,,"[""/net/scratch/hscra/plgrid/plgnasqret/codex-control/projects/euf-viper/runs/20260727T073625Z-staged-qg7-e9fef17/target/release/euf-viper"",""fabric-solve"",""--engine"",""quotient-portfolio"",""/net/scratch/hscra/plgrid/plgnasqret/codex-control/projects/euf-viper/corpora/9b39c70a794d52277a4e5d83731f0ebc50a2f3b804eb1dfc8cf32766a5ebeadc/smtlib-2025/QF_UF/QF_UF/QG-classification/qg7/iso_icl_nogen007.smt2""]"
124,3,7315,QF_UF/QG-classification/qg7/iso_icl_nogen007.smt2,a6c8c7c8a2a8d1b67574674ea78570977245a728743eca52768b52f9ef165675,6014935,unsat,1,williams_first_order_carryover,a5b163da70f7a4b586276cec20529dcaf9a596daf59a01894d95ec3f4fd69c3e,2,2,0,2,4,4,baseline,baseline,"[""staged-10"",""staged-100"",""staged-0"",""staged-1000"",""baseline"",""staged-10000""]",parser_inclusive_subprocess_wall_clock,1,timeout,2.010904313,124,-9,1,timeout,exceeded 2 seconds,,,"[""/net/scratch/hscra/plgrid/plgnasqret/codex-control/projects/euf-viper/runs/20260727T073625Z-staged-qg7-e9fef17/target/release/euf-viper"",""fabric-solve"",""--engine"",""quotient-portfolio"",""/net/scratch/hscra/plgrid/plgnasqret/codex-control/projects/euf-viper/corpora/9b39c70a794d52277a4e5d83731f0ebc50a2f3b804eb1dfc8cf32766a5ebeadc/smtlib-2025/QF_UF/QF_UF/QG-classification/qg7/iso_icl_nogen007.smt2""]"
125,3,7315,QF_UF/QG-classification/qg7/iso_icl_nogen007.smt2,a6c8c7c8a2a8d1b67574674ea78570977245a728743eca52768b52f9ef165675,6014935,unsat,1,williams_first_order_carryover,a5b163da70f7a4b586276cec20529dcaf9a596daf59a01894d95ec3f4fd69c3e,2,2,0,2,5,5,staged-10000,staged-10000,"[""staged-10"",""staged-100"",""staged-0"",""staged-1000"",""baseline"",""staged-10000""]",parser_inclusive_subprocess_wall_clock,1,timeout,2.010507664,124,-9,1,timeout,exceeded 2 seconds,,,"[""/net/scratch/hscra/plgrid/plgnasqret/codex-control/projects/euf-viper/runs/20260727T073625Z-staged-qg7-e9fef17/target/release/euf-viper"",""fabric-solve"",""--engine"",""quotient-portfolio"",""/net/scratch/hscra/plgrid/plgnasqret/codex-control/projects/euf-viper/corpora/9b39c70a794d52277a4e5d83731f0ebc50a2f3b804eb1dfc8cf32766a5ebeadc/smtlib-2025/QF_UF/QF_UF/QG-classification/qg7/iso_icl_nogen007.smt2""]"
126,3,7315,QF_UF/QG-classification/qg7/iso_icl_nogen007.smt2,a6c8c7c8a2a8d1b67574674ea78570977245a728743eca52768b52f9ef165675,6014935,unsat,1,williams_first_order_carryover,a5b163da70f7a4b586276cec20529dcaf9a596daf59a01894d95ec3f4fd69c3e,3,3,0,3,0,0,staged-100,staged-100,"[""staged-100"",""staged-1000"",""staged-10"",""staged-10000"",""staged-0"",""baseline""]",parser_inclusive_subprocess_wall_clock,1,timeout,2.023955260,124,-9,1,timeout,exceeded 2 seconds,,,"[""/net/scratch/hscra/plgrid/plgnasqret/codex-control/projects/euf-viper/runs/20260727T073625Z-staged-qg7-e9fef17/target/release/euf-viper"",""fabric-solve"",""--engine"",""quotient-portfolio"",""/net/scratch/hscra/plgrid/plgnasqret/codex-control/projects/euf-viper/corpora/9b39c70a794d52277a4e5d83731f0ebc50a2f3b804eb1dfc8cf32766a5ebeadc/smtlib-2025/QF_UF/QF_UF/QG-classification/qg7/iso_icl_nogen007.smt2""]"
127,3,7315,QF_UF/QG-classification/qg7/iso_icl_nogen007.smt2,a6c8c7c8a2a8d1b67574674ea78570977245a728743eca52768b52f9ef165675,6014935,unsat,1,williams_first_order_carryover,a5b163da70f7a4b586276cec20529dcaf9a596daf59a01894d95ec3f4fd69c3e,3,3,0,3,1,1,staged-1000,staged-1000,"[""staged-100"",""staged-1000"",""staged-10"",""staged-10000"",""staged-0"",""baseline""]",parser_inclusive_subprocess_wall_clock,1,timeout,2.013165394,124,-9,1,timeout,exceeded 2 seconds,,,"[""/net/scratch/hscra/plgrid/plgnasqret/codex-control/projects/euf-viper/runs/20260727T073625Z-staged-qg7-e9fef17/target/release/euf-viper"",""fabric-solve"",""--engine"",""quotient-portfolio"",""/net/scratch/hscra/plgrid/plgnasqret/codex-control/projects/euf-viper/corpora/9b39c70a794d52277a4e5d83731f0ebc50a2f3b804eb1dfc8cf32766a5ebeadc/smtlib-2025/QF_UF/QF_UF/QG-classification/qg7/iso_icl_nogen007.smt2""]"
128,3,7315,QF_UF/QG-classification/qg7/iso_icl_nogen007.smt2,a6c8c7c8a2a8d1b67574674ea78570977245a728743eca52768b52f9ef165675,6014935,unsat,1,williams_first_order_carryover,a5b163da70f7a4b586276cec20529dcaf9a596daf59a01894d95ec3f4fd69c3e,3,3,0,3,2,2,staged-10,staged-10,"[""staged-100"",""staged-1000"",""staged-10"",""staged-10000"",""staged-0"",""baseline""]",parser_inclusive_subprocess_wall_clock,1,timeout,2.027742936,124,-9,1,timeout,exceeded 2 seconds,,,"[""/net/scratch/hscra/plgrid/plgnasqret/codex-control/projects/euf-viper/runs/20260727T073625Z-staged-qg7-e9fef17/target/release/euf-viper"",""fabric-solve"",""--engine"",""quotient-portfolio"",""/net/scratch/hscra/plgrid/plgnasqret/codex-control/projects/euf-viper/corpora/9b39c70a794d52277a4e5d83731f0ebc50a2f3b804eb1dfc8cf32766a5ebeadc/smtlib-2025/QF_UF/QF_UF/QG-classification/qg7/iso_icl_nogen007.smt2""]"
129,3,7315,QF_UF/QG-classification/qg7/iso_icl_nogen007.smt2,a6c8c7c8a2a8d1b67574674ea78570977245a728743eca52768b52f9ef165675,6014935,unsat,1,williams_first_order_carryover,a5b163da70f7a4b586276cec20529dcaf9a596daf59a01894d95ec3f4fd69c3e,3,3,0,3,3,3,staged-10000,staged-10000,"[""staged-100"",""staged-1000"",""staged-10"",""staged-10000"",""staged-0"",""baseline""]",parser_inclusive_subprocess_wall_clock,1,timeout,2.011058879,124,-9,1,timeout,exceeded 2 seconds,,,"[""/net/scratch/hscra/plgrid/plgnasqret/codex-control/projects/euf-viper/runs/20260727T073625Z-staged-qg7-e9fef17/target/release/euf-viper"",""fabric-solve"",""--engine"",""quotient-portfolio"",""/net/scratch/hscra/plgrid/plgnasqret/codex-control/projects/euf-viper/corpora/9b39c70a794d52277a4e5d83731f0ebc50a2f3b804eb1dfc8cf32766a5ebeadc/smtlib-2025/QF_UF/QF_UF/QG-classification/qg7/iso_icl_nogen007.smt2""]"
130,3,7315,QF_UF/QG-classification/qg7/iso_icl_nogen007.smt2,a6c8c7c8a2a8d1b67574674ea78570977245a728743eca52768b52f9ef165675,6014935,unsat,1,williams_first_order_carryover,a5b163da70f7a4b586276cec20529dcaf9a596daf59a01894d95ec3f4fd69c3e,3,3,0,3,4,4,staged-0,staged-0,"[""staged-100"",""staged-1000"",""staged-10"",""staged-10000"",""staged-0"",""baseline""]",parser_inclusive_subprocess_wall_clock,1,timeout,2.021125536,124,-9,1,timeout,exceeded 2 seconds,,,"[""/net/scratch/hscra/plgrid/plgnasqret/codex-control/projects/euf-viper/runs/20260727T073625Z-staged-qg7-e9fef17/target/release/euf-viper"",""fabric-solve"",""--engine"",""quotient-portfolio"",""/net/scratch/hscra/plgrid/plgnasqret/codex-control/projects/euf-viper/corpora/9b39c70a794d52277a4e5d83731f0ebc50a2f3b804eb1dfc8cf32766a5ebeadc/smtlib-2025/QF_UF/QF_UF/QG-classification/qg7/iso_icl_nogen007.smt2""]"
131,3,7315,QF_UF/QG-classification/qg7/iso_icl_nogen007.smt2,a6c8c7c8a2a8d1b67574674ea78570977245a728743eca52768b52f9ef165675,6014935,unsat,1,williams_first_order_carryover,a5b163da70f7a4b586276cec20529dcaf9a596daf59a01894d95ec3f4fd69c3e,3,3,0,3,5,5,baseline,baseline,"[""staged-100"",""staged-1000"",""staged-10"",""staged-10000"",""staged-0"",""baseline""]",parser_inclusive_subprocess_wall_clock,1,timeout,2.012607468,124,-9,1,timeout,exceeded 2 seconds,,,"[""/net/scratch/hscra/plgrid/plgnasqret/codex-control/projects/euf-viper/runs/20260727T073625Z-staged-qg7-e9fef17/target/release/euf-viper"",""fabric-solve"",""--engine"",""quotient-portfolio"",""/net/scratch/hscra/plgrid/plgnasqret/codex-control/projects/euf-viper/corpora/9b39c70a794d52277a4e5d83731f0ebc50a2f3b804eb1dfc8cf32766a5ebeadc/smtlib-2025/QF_UF/QF_UF/QG-classification/qg7/iso_icl_nogen007.smt2""]"
132,3,7315,QF_UF/QG-classification/qg7/iso_icl_nogen007.smt2,a6c8c7c8a2a8d1b67574674ea78570977245a728743eca52768b52f9ef165675,6014935,unsat,1,williams_first_order_carryover,a5b163da70f7a4b586276cec20529dcaf9a596daf59a01894d95ec3f4fd69c3e,4,4,0,4,0,0,staged-1000,staged-1000,"[""staged-1000"",""staged-10000"",""staged-100"",""baseline"",""staged-10"",""staged-0""]",parser_inclusive_subprocess_wall_clock,1,timeout,2.013327402,124,-9,1,timeout,exceeded 2 seconds,,,"[""/net/scratch/hscra/plgrid/plgnasqret/codex-control/projects/euf-viper/runs/20260727T073625Z-staged-qg7-e9fef17/target/release/euf-viper"",""fabric-solve"",""--engine"",""quotient-portfolio"",""/net/scratch/hscra/plgrid/plgnasqret/codex-control/projects/euf-viper/corpora/9b39c70a794d52277a4e5d83731f0ebc50a2f3b804eb1dfc8cf32766a5ebeadc/smtlib-2025/QF_UF/QF_UF/QG-classification/qg7/iso_icl_nogen007.smt2""]"
133,3,7315,QF_UF/QG-classification/qg7/iso_icl_nogen007.smt2,a6c8c7c8a2a8d1b67574674ea78570977245a728743eca52768b52f9ef165675,6014935,unsat,1,williams_first_order_carryover,a5b163da70f7a4b586276cec20529dcaf9a596daf59a01894d95ec3f4fd69c3e,4,4,0,4,1,1,staged-10000,staged-10000,"[""staged-1000"",""staged-10000"",""staged-100"",""baseline"",""staged-10"",""staged-0""]",parser_inclusive_subprocess_wall_clock,1,timeout,2.010149314,124,-9,1,timeout,exceeded 2 seconds,,,"[""/net/scratch/hscra/plgrid/plgnasqret/codex-control/projects/euf-viper/runs/20260727T073625Z-staged-qg7-e9fef17/target/release/euf-viper"",""fabric-solve"",""--engine"",""quotient-portfolio"",""/net/scratch/hscra/plgrid/plgnasqret/codex-control/projects/euf-viper/corpora/9b39c70a794d52277a4e5d83731f0ebc50a2f3b804eb1dfc8cf32766a5ebeadc/smtlib-2025/QF_UF/QF_UF/QG-classification/qg7/iso_icl_nogen007.smt2""]"
134,3,7315,QF_UF/QG-classification/qg7/iso_icl_nogen007.smt2,a6c8c7c8a2a8d1b67574674ea78570977245a728743eca52768b52f9ef165675,6014935,unsat,1,williams_first_order_carryover,a5b163da70f7a4b586276cec20529dcaf9a596daf59a01894d95ec3f4fd69c3e,4,4,0,4,2,2,staged-100,staged-100,"[""staged-1000"",""staged-10000"",""staged-100"",""baseline"",""staged-10"",""staged-0""]",parser_inclusive_subprocess_wall_clock,1,timeout,2.018329256,124,-9,1,timeout,exceeded 2 seconds,,,"[""/net/scratch/hscra/plgrid/plgnasqret/codex-control/projects/euf-viper/runs/20260727T073625Z-staged-qg7-e9fef17/target/release/euf-viper"",""fabric-solve"",""--engine"",""quotient-portfolio"",""/net/scratch/hscra/plgrid/plgnasqret/codex-control/projects/euf-viper/corpora/9b39c70a794d52277a4e5d83731f0ebc50a2f3b804eb1dfc8cf32766a5ebeadc/smtlib-2025/QF_UF/QF_UF/QG-classification/qg7/iso_icl_nogen007.smt2""]"
135,3,7315,QF_UF/QG-classification/qg7/iso_icl_nogen007.smt2,a6c8c7c8a2a8d1b67574674ea78570977245a728743eca52768b52f9ef165675,6014935,unsat,1,williams_first_order_carryover,a5b163da70f7a4b586276cec20529dcaf9a596daf59a01894d95ec3f4fd69c3e,4,4,0,4,3,3,baseline,baseline,"[""staged-1000"",""staged-10000"",""staged-100"",""baseline"",""staged-10"",""staged-0""]",parser_inclusive_subprocess_wall_clock,1,timeout,2.011281672,124,-9,1,timeout,exceeded 2 seconds,,,"[""/net/scratch/hscra/plgrid/plgnasqret/codex-control/projects/euf-viper/runs/20260727T073625Z-staged-qg7-e9fef17/target/release/euf-viper"",""fabric-solve"",""--engine"",""quotient-portfolio"",""/net/scratch/hscra/plgrid/plgnasqret/codex-control/projects/euf-viper/corpora/9b39c70a794d52277a4e5d83731f0ebc50a2f3b804eb1dfc8cf32766a5ebeadc/smtlib-2025/QF_UF/QF_UF/QG-classification/qg7/iso_icl_nogen007.smt2""]"
136,3,7315,QF_UF/QG-classification/qg7/iso_icl_nogen007.smt2,a6c8c7c8a2a8d1b67574674ea78570977245a728743eca52768b52f9ef165675,6014935,unsat,1,williams_first_order_carryover,a5b163da70f7a4b586276cec20529dcaf9a596daf59a01894d95ec3f4fd69c3e,4,4,0,4,4,4,staged-10,staged-10,"[""staged-1000"",""staged-10000"",""staged-100"",""baseline"",""staged-10"",""staged-0""]",parser_inclusive_subprocess_wall_clock,1,timeout,2.019418685,124,-9,1,timeout,exceeded 2 seconds,,,"[""/net/scratch/hscra/plgrid/plgnasqret/codex-control/projects/euf-viper/runs/20260727T073625Z-staged-qg7-e9fef17/target/release/euf-viper"",""fabric-solve"",""--engine"",""quotient-portfolio"",""/net/scratch/hscra/plgrid/plgnasqret/codex-control/projects/euf-viper/corpora/9b39c70a794d52277a4e5d83731f0ebc50a2f3b804eb1dfc8cf32766a5ebeadc/smtlib-2025/QF_UF/QF_UF/QG-classification/qg7/iso_icl_nogen007.smt2""]"
137,3,7315,QF_UF/QG-classification/qg7/iso_icl_nogen007.smt2,a6c8c7c8a2a8d1b67574674ea78570977245a728743eca52768b52f9ef165675,6014935,unsat,1,williams_first_order_carryover,a5b163da70f7a4b586276cec20529dcaf9a596daf59a01894d95ec3f4fd69c3e,4,4,0,4,5,5,staged-0,staged-0,"[""staged-1000"",""staged-10000"",""staged-100"",""baseline"",""staged-10"",""staged-0""]",parser_inclusive_subprocess_wall_clock,1,timeout,2.029231810,124,-9,1,timeout,exceeded 2 seconds,,,"[""/net/scratch/hscra/plgrid/plgnasqret/codex-control/projects/euf-viper/runs/20260727T073625Z-staged-qg7-e9fef17/target/release/euf-viper"",""fabric-solve"",""--engine"",""quotient-portfolio"",""/net/scratch/hscra/plgrid/plgnasqret/codex-control/projects/euf-viper/corpora/9b39c70a794d52277a4e5d83731f0ebc50a2f3b804eb1dfc8cf32766a5ebeadc/smtlib-2025/QF_UF/QF_UF/QG-classification/qg7/iso_icl_nogen007.smt2""]"
138,3,7315,QF_UF/QG-classification/qg7/iso_icl_nogen007.smt2,a6c8c7c8a2a8d1b67574674ea78570977245a728743eca52768b52f9ef165675,6014935,unsat,1,williams_first_order_carryover,a5b163da70f7a4b586276cec20529dcaf9a596daf59a01894d95ec3f4fd69c3e,5,5,0,5,0,0,staged-10000,staged-10000,"[""staged-10000"",""baseline"",""staged-1000"",""staged-0"",""staged-100"",""staged-10""]",parser_inclusive_subprocess_wall_clock,1,timeout,2.011549718,124,-9,1,timeout,exceeded 2 seconds,,,"[""/net/scratch/hscra/plgrid/plgnasqret/codex-control/projects/euf-viper/runs/20260727T073625Z-staged-qg7-e9fef17/target/release/euf-viper"",""fabric-solve"",""--engine"",""quotient-portfolio"",""/net/scratch/hscra/plgrid/plgnasqret/codex-control/projects/euf-viper/corpora/9b39c70a794d52277a4e5d83731f0ebc50a2f3b804eb1dfc8cf32766a5ebeadc/smtlib-2025/QF_UF/QF_UF/QG-classification/qg7/iso_icl_nogen007.smt2""]"
139,3,7315,QF_UF/QG-classification/qg7/iso_icl_nogen007.smt2,a6c8c7c8a2a8d1b67574674ea78570977245a728743eca52768b52f9ef165675,6014935,unsat,1,williams_first_order_carryover,a5b163da70f7a4b586276cec20529dcaf9a596daf59a01894d95ec3f4fd69c3e,5,5,0,5,1,1,baseline,baseline,"[""staged-10000"",""baseline"",""staged-1000"",""staged-0"",""staged-100"",""staged-10""]",parser_inclusive_subprocess_wall_clock,1,timeout,2.009414737,124,-9,1,timeout,exceeded 2 seconds,,,"[""/net/scratch/hscra/plgrid/plgnasqret/codex-control/projects/euf-viper/runs/20260727T073625Z-staged-qg7-e9fef17/target/release/euf-viper"",""fabric-solve"",""--engine"",""quotient-portfolio"",""/net/scratch/hscra/plgrid/plgnasqret/codex-control/projects/euf-viper/corpora/9b39c70a794d52277a4e5d83731f0ebc50a2f3b804eb1dfc8cf32766a5ebeadc/smtlib-2025/QF_UF/QF_UF/QG-classification/qg7/iso_icl_nogen007.smt2""]"
140,3,7315,QF_UF/QG-classification/qg7/iso_icl_nogen007.smt2,a6c8c7c8a2a8d1b67574674ea78570977245a728743eca52768b52f9ef165675,6014935,unsat,1,williams_first_order_carryover,a5b163da70f7a4b586276cec20529dcaf9a596daf59a01894d95ec3f4fd69c3e,5,5,0,5,2,2,staged-1000,staged-1000,"[""staged-10000"",""baseline"",""staged-1000"",""staged-0"",""staged-100"",""staged-10""]",parser_inclusive_subprocess_wall_clock,1,timeout,2.012955254,124,-9,1,timeout,exceeded 2 seconds,,,"[""/net/scratch/hscra/plgrid/plgnasqret/codex-control/projects/euf-viper/runs/20260727T073625Z-staged-qg7-e9fef17/target/release/euf-viper"",""fabric-solve"",""--engine"",""quotient-portfolio"",""/net/scratch/hscra/plgrid/plgnasqret/codex-control/projects/euf-viper/corpora/9b39c70a794d52277a4e5d83731f0ebc50a2f3b804eb1dfc8cf32766a5ebeadc/smtlib-2025/QF_UF/QF_UF/QG-classification/qg7/iso_icl_nogen007.smt2""]"
141,3,7315,QF_UF/QG-classification/qg7/iso_icl_nogen007.smt2,a6c8c7c8a2a8d1b67574674ea78570977245a728743eca52768b52f9ef165675,6014935,unsat,1,williams_first_order_carryover,a5b163da70f7a4b586276cec20529dcaf9a596daf59a01894d95ec3f4fd69c3e,5,5,0,5,3,3,staged-0,staged-0,"[""staged-10000"",""baseline"",""staged-1000"",""staged-0"",""staged-100"",""staged-10""]",parser_inclusive_subprocess_wall_clock,1,timeout,2.022866849,124,-9,1,timeout,exceeded 2 seconds,,,"[""/net/scratch/hscra/plgrid/plgnasqret/codex-control/projects/euf-viper/runs/20260727T073625Z-staged-qg7-e9fef17/target/release/euf-viper"",""fabric-solve"",""--engine"",""quotient-portfolio"",""/net/scratch/hscra/plgrid/plgnasqret/codex-control/projects/euf-viper/corpora/9b39c70a794d52277a4e5d83731f0ebc50a2f3b804eb1dfc8cf32766a5ebeadc/smtlib-2025/QF_UF/QF_UF/QG-classification/qg7/iso_icl_nogen007.smt2""]"
142,3,7315,QF_UF/QG-classification/qg7/iso_icl_nogen007.smt2,a6c8c7c8a2a8d1b67574674ea78570977245a728743eca52768b52f9ef165675,6014935,unsat,1,williams_first_order_carryover,a5b163da70f7a4b586276cec20529dcaf9a596daf59a01894d95ec3f4fd69c3e,5,5,0,5,4,4,staged-100,staged-100,"[""staged-10000"",""baseline"",""staged-1000"",""staged-0"",""staged-100"",""staged-10""]",parser_inclusive_subprocess_wall_clock,1,timeout,2.024112918,124,-9,1,timeout,exceeded 2 seconds,,,"[""/net/scratch/hscra/plgrid/plgnasqret/codex-control/projects/euf-viper/runs/20260727T073625Z-staged-qg7-e9fef17/target/release/euf-viper"",""fabric-solve"",""--engine"",""quotient-portfolio"",""/net/scratch/hscra/plgrid/plgnasqret/codex-control/projects/euf-viper/corpora/9b39c70a794d52277a4e5d83731f0ebc50a2f3b804eb1dfc8cf32766a5ebeadc/smtlib-2025/QF_UF/QF_UF/QG-classification/qg7/iso_icl_nogen007.smt2""]"
143,3,7315,QF_UF/QG-classification/qg7/iso_icl_nogen007.smt2,a6c8c7c8a2a8d1b67574674ea78570977245a728743eca52768b52f9ef165675,6014935,unsat,1,williams_first_order_carryover,a5b163da70f7a4b586276cec20529dcaf9a596daf59a01894d95ec3f4fd69c3e,5,5,0,5,5,5,staged-10,staged-10,"[""staged-10000"",""baseline"",""staged-1000"",""staged-0"",""staged-100"",""staged-10""]",parser_inclusive_subprocess_wall_clock,1,timeout,2.019427657,124,-9,1,timeout,exceeded 2 seconds,,,"[""/net/scratch/hscra/plgrid/plgnasqret/codex-control/projects/euf-viper/runs/20260727T073625Z-staged-qg7-e9fef17/target/release/euf-viper"",""fabric-solve"",""--engine"",""quotient-portfolio"",""/net/scratch/hscra/plgrid/plgnasqret/codex-control/projects/euf-viper/corpora/9b39c70a794d52277a4e5d83731f0ebc50a2f3b804eb1dfc8cf32766a5ebeadc/smtlib-2025/QF_UF/QF_UF/QG-classification/qg7/iso_icl_nogen007.smt2""]"
144,4,7322,QF_UF/QG-classification/qg7/iso_icl_nogen_sk007.smt2,fe3693b6f59618083ca4734c299a200c4cfd5b3edcd15457add15e04663781f7,6012899,unsat,1,williams_first_order_carryover,a5b163da70f7a4b586276cec20529dcaf9a596daf59a01894d95ec3f4fd69c3e,0,0,0,0,0,0,baseline,baseline,"[""baseline"",""staged-0"",""staged-10000"",""staged-10"",""staged-1000"",""staged-100""]",parser_inclusive_subprocess_wall_clock,1,timeout,2.009427195,124,-9,1,timeout,exceeded 2 seconds,,,"[""/net/scratch/hscra/plgrid/plgnasqret/codex-control/projects/euf-viper/runs/20260727T073625Z-staged-qg7-e9fef17/target/release/euf-viper"",""fabric-solve"",""--engine"",""quotient-portfolio"",""/net/scratch/hscra/plgrid/plgnasqret/codex-control/projects/euf-viper/corpora/9b39c70a794d52277a4e5d83731f0ebc50a2f3b804eb1dfc8cf32766a5ebeadc/smtlib-2025/QF_UF/QF_UF/QG-classification/qg7/iso_icl_nogen_sk007.smt2""]"
145,4,7322,QF_UF/QG-classification/qg7/iso_icl_nogen_sk007.smt2,fe3693b6f59618083ca4734c299a200c4cfd5b3edcd15457add15e04663781f7,6012899,unsat,1,williams_first_order_carryover,a5b163da70f7a4b586276cec20529dcaf9a596daf59a01894d95ec3f4fd69c3e,0,0,0,0,1,1,staged-0,staged-0,"[""baseline"",""staged-0"",""staged-10000"",""staged-10"",""staged-1000"",""staged-100""]",parser_inclusive_subprocess_wall_clock,1,timeout,2.027008216,124,-9,1,timeout,exceeded 2 seconds,,,"[""/net/scratch/hscra/plgrid/plgnasqret/codex-control/projects/euf-viper/runs/20260727T073625Z-staged-qg7-e9fef17/target/release/euf-viper"",""fabric-solve"",""--engine"",""quotient-portfolio"",""/net/scratch/hscra/plgrid/plgnasqret/codex-control/projects/euf-viper/corpora/9b39c70a794d52277a4e5d83731f0ebc50a2f3b804eb1dfc8cf32766a5ebeadc/smtlib-2025/QF_UF/QF_UF/QG-classification/qg7/iso_icl_nogen_sk007.smt2""]"
146,4,7322,QF_UF/QG-classification/qg7/iso_icl_nogen_sk007.smt2,fe3693b6f59618083ca4734c299a200c4cfd5b3edcd15457add15e04663781f7,6012899,unsat,1,williams_first_order_carryover,a5b163da70f7a4b586276cec20529dcaf9a596daf59a01894d95ec3f4fd69c3e,0,0,0,0,2,2,staged-10000,staged-10000,"[""baseline"",""staged-0"",""staged-10000"",""staged-10"",""staged-1000"",""staged-100""]",parser_inclusive_subprocess_wall_clock,1,timeout,2.013992455,124,-9,1,timeout,exceeded 2 seconds,,,"[""/net/scratch/hscra/plgrid/plgnasqret/codex-control/projects/euf-viper/runs/20260727T073625Z-staged-qg7-e9fef17/target/release/euf-viper"",""fabric-solve"",""--engine"",""quotient-portfolio"",""/net/scratch/hscra/plgrid/plgnasqret/codex-control/projects/euf-viper/corpora/9b39c70a794d52277a4e5d83731f0ebc50a2f3b804eb1dfc8cf32766a5ebeadc/smtlib-2025/QF_UF/QF_UF/QG-classification/qg7/iso_icl_nogen_sk007.smt2""]"
147,4,7322,QF_UF/QG-classification/qg7/iso_icl_nogen_sk007.smt2,fe3693b6f59618083ca4734c299a200c4cfd5b3edcd15457add15e04663781f7,6012899,unsat,1,williams_first_order_carryover,a5b163da70f7a4b586276cec20529dcaf9a596daf59a01894d95ec3f4fd69c3e,0,0,0,0,3,3,staged-10,staged-10,"[""baseline"",""staged-0"",""staged-10000"",""staged-10"",""staged-1000"",""staged-100""]",parser_inclusive_subprocess_wall_clock,1,timeout,2.026223630,124,-9,1,timeout,exceeded 2 seconds,,,"[""/net/scratch/hscra/plgrid/plgnasqret/codex-control/projects/euf-viper/runs/20260727T073625Z-staged-qg7-e9fef17/target/release/euf-viper"",""fabric-solve"",""--engine"",""quotient-portfolio"",""/net/scratch/hscra/plgrid/plgnasqret/codex-control/projects/euf-viper/corpora/9b39c70a794d52277a4e5d83731f0ebc50a2f3b804eb1dfc8cf32766a5ebeadc/smtlib-2025/QF_UF/QF_UF/QG-classification/qg7/iso_icl_nogen_sk007.smt2""]"
148,4,7322,QF_UF/QG-classification/qg7/iso_icl_nogen_sk007.smt2,fe3693b6f59618083ca4734c299a200c4cfd5b3edcd15457add15e04663781f7,6012899,unsat,1,williams_first_order_carryover,a5b163da70f7a4b586276cec20529dcaf9a596daf59a01894d95ec3f4fd69c3e,0,0,0,0,4,4,staged-1000,staged-1000,"[""baseline"",""staged-0"",""staged-10000"",""staged-10"",""staged-1000"",""staged-100""]",parser_inclusive_subprocess_wall_clock,1,timeout,2.011138723,124,-9,1,timeout,exceeded 2 seconds,,,"[""/net/scratch/hscra/plgrid/plgnasqret/codex-control/projects/euf-viper/runs/20260727T073625Z-staged-qg7-e9fef17/target/release/euf-viper"",""fabric-solve"",""--engine"",""quotient-portfolio"",""/net/scratch/hscra/plgrid/plgnasqret/codex-control/projects/euf-viper/corpora/9b39c70a794d52277a4e5d83731f0ebc50a2f3b804eb1dfc8cf32766a5ebeadc/smtlib-2025/QF_UF/QF_UF/QG-classification/qg7/iso_icl_nogen_sk007.smt2""]"
149,4,7322,QF_UF/QG-classification/qg7/iso_icl_nogen_sk007.smt2,fe3693b6f59618083ca4734c299a200c4cfd5b3edcd15457add15e04663781f7,6012899,unsat,1,williams_first_order_carryover,a5b163da70f7a4b586276cec20529dcaf9a596daf59a01894d95ec3f4fd69c3e,0,0,0,0,5,5,staged-100,staged-100,"[""baseline"",""staged-0"",""staged-10000"",""staged-10"",""staged-1000"",""staged-100""]",parser_inclusive_subprocess_wall_clock,1,timeout,2.026411638,124,-9,1,timeout,exceeded 2 seconds,,,"[""/net/scratch/hscra/plgrid/plgnasqret/codex-control/projects/euf-viper/runs/20260727T073625Z-staged-qg7-e9fef17/target/release/euf-viper"",""fabric-solve"",""--engine"",""quotient-portfolio"",""/net/scratch/hscra/plgrid/plgnasqret/codex-control/projects/euf-viper/corpora/9b39c70a794d52277a4e5d83731f0ebc50a2f3b804eb1dfc8cf32766a5ebeadc/smtlib-2025/QF_UF/QF_UF/QG-classification/qg7/iso_icl_nogen_sk007.smt2""]"
150,4,7322,QF_UF/QG-classification/qg7/iso_icl_nogen_sk007.smt2,fe3693b6f59618083ca4734c299a200c4cfd5b3edcd15457add15e04663781f7,6012899,unsat,1,williams_first_order_carryover,a5b163da70f7a4b586276cec20529dcaf9a596daf59a01894d95ec3f4fd69c3e,1,1,0,1,0,0,staged-0,staged-0,"[""staged-0"",""staged-10"",""baseline"",""staged-100"",""staged-10000"",""staged-1000""]",parser_inclusive_subprocess_wall_clock,1,timeout,2.029084804,124,-9,1,timeout,exceeded 2 seconds,,,"[""/net/scratch/hscra/plgrid/plgnasqret/codex-control/projects/euf-viper/runs/20260727T073625Z-staged-qg7-e9fef17/target/release/euf-viper"",""fabric-solve"",""--engine"",""quotient-portfolio"",""/net/scratch/hscra/plgrid/plgnasqret/codex-control/projects/euf-viper/corpora/9b39c70a794d52277a4e5d83731f0ebc50a2f3b804eb1dfc8cf32766a5ebeadc/smtlib-2025/QF_UF/QF_UF/QG-classification/qg7/iso_icl_nogen_sk007.smt2""]"
151,4,7322,QF_UF/QG-classification/qg7/iso_icl_nogen_sk007.smt2,fe3693b6f59618083ca4734c299a200c4cfd5b3edcd15457add15e04663781f7,6012899,unsat,1,williams_first_order_carryover,a5b163da70f7a4b586276cec20529dcaf9a596daf59a01894d95ec3f4fd69c3e,1,1,0,1,1,1,staged-10,staged-10,"[""staged-0"",""staged-10"",""baseline"",""staged-100"",""staged-10000"",""staged-1000""]",parser_inclusive_subprocess_wall_clock,1,timeout,2.030081737,124,-9,1,timeout,exceeded 2 seconds,,,"[""/net/scratch/hscra/plgrid/plgnasqret/codex-control/projects/euf-viper/runs/20260727T073625Z-staged-qg7-e9fef17/target/release/euf-viper"",""fabric-solve"",""--engine"",""quotient-portfolio"",""/net/scratch/hscra/plgrid/plgnasqret/codex-control/projects/euf-viper/corpora/9b39c70a794d52277a4e5d83731f0ebc50a2f3b804eb1dfc8cf32766a5ebeadc/smtlib-2025/QF_UF/QF_UF/QG-classification/qg7/iso_icl_nogen_sk007.smt2""]"
152,4,7322,QF_UF/QG-classification/qg7/iso_icl_nogen_sk007.smt2,fe3693b6f59618083ca4734c299a200c4cfd5b3edcd15457add15e04663781f7,6012899,unsat,1,williams_first_order_carryover,a5b163da70f7a4b586276cec20529dcaf9a596daf59a01894d95ec3f4fd69c3e,1,1,0,1,2,2,baseline,baseline,"[""staged-0"",""staged-10"",""baseline"",""staged-100"",""staged-10000"",""staged-1000""]",parser_inclusive_subprocess_wall_clock,1,timeout,2.010918514,124,-9,1,timeout,exceeded 2 seconds,,,"[""/net/scratch/hscra/plgrid/plgnasqret/codex-control/projects/euf-viper/runs/20260727T073625Z-staged-qg7-e9fef17/target/release/euf-viper"",""fabric-solve"",""--engine"",""quotient-portfolio"",""/net/scratch/hscra/plgrid/plgnasqret/codex-control/projects/euf-viper/corpora/9b39c70a794d52277a4e5d83731f0ebc50a2f3b804eb1dfc8cf32766a5ebeadc/smtlib-2025/QF_UF/QF_UF/QG-classification/qg7/iso_icl_nogen_sk007.smt2""]"
153,4,7322,QF_UF/QG-classification/qg7/iso_icl_nogen_sk007.smt2,fe3693b6f59618083ca4734c299a200c4cfd5b3edcd15457add15e04663781f7,6012899,unsat,1,williams_first_order_carryover,a5b163da70f7a4b586276cec20529dcaf9a596daf59a01894d95ec3f4fd69c3e,1,1,0,1,3,3,staged-100,staged-100,"[""staged-0"",""staged-10"",""baseline"",""staged-100"",""staged-10000"",""staged-1000""]",parser_inclusive_subprocess_wall_clock,1,timeout,2.017031892,124,-9,1,timeout,exceeded 2 seconds,,,"[""/net/scratch/hscra/plgrid/plgnasqret/codex-control/projects/euf-viper/runs/20260727T073625Z-staged-qg7-e9fef17/target/release/euf-viper"",""fabric-solve"",""--engine"",""quotient-portfolio"",""/net/scratch/hscra/plgrid/plgnasqret/codex-control/projects/euf-viper/corpora/9b39c70a794d52277a4e5d83731f0ebc50a2f3b804eb1dfc8cf32766a5ebeadc/smtlib-2025/QF_UF/QF_UF/QG-classification/qg7/iso_icl_nogen_sk007.smt2""]"
154,4,7322,QF_UF/QG-classification/qg7/iso_icl_nogen_sk007.smt2,fe3693b6f59618083ca4734c299a200c4cfd5b3edcd15457add15e04663781f7,6012899,unsat,1,williams_first_order_carryover,a5b163da70f7a4b586276cec20529dcaf9a596daf59a01894d95ec3f4fd69c3e,1,1,0,1,4,4,staged-10000,staged-10000,"[""staged-0"",""staged-10"",""baseline"",""staged-100"",""staged-10000"",""staged-1000""]",parser_inclusive_subprocess_wall_clock,1,timeout,2.013704528,124,-9,1,timeout,exceeded 2 seconds,,,"[""/net/scratch/hscra/plgrid/plgnasqret/codex-control/projects/euf-viper/runs/20260727T073625Z-staged-qg7-e9fef17/target/release/euf-viper"",""fabric-solve"",""--engine"",""quotient-portfolio"",""/net/scratch/hscra/plgrid/plgnasqret/codex-control/projects/euf-viper/corpora/9b39c70a794d52277a4e5d83731f0ebc50a2f3b804eb1dfc8cf32766a5ebeadc/smtlib-2025/QF_UF/QF_UF/QG-classification/qg7/iso_icl_nogen_sk007.smt2""]"
155,4,7322,QF_UF/QG-classification/qg7/iso_icl_nogen_sk007.smt2,fe3693b6f59618083ca4734c299a200c4cfd5b3edcd15457add15e04663781f7,6012899,unsat,1,williams_first_order_carryover,a5b163da70f7a4b586276cec20529dcaf9a596daf59a01894d95ec3f4fd69c3e,1,1,0,1,5,5,staged-1000,staged-1000,"[""staged-0"",""staged-10"",""baseline"",""staged-100"",""staged-10000"",""staged-1000""]",parser_inclusive_subprocess_wall_clock,1,timeout,2.010176435,124,-9,1,timeout,exceeded 2 seconds,,,"[""/net/scratch/hscra/plgrid/plgnasqret/codex-control/projects/euf-viper/runs/20260727T073625Z-staged-qg7-e9fef17/target/release/euf-viper"",""fabric-solve"",""--engine"",""quotient-portfolio"",""/net/scratch/hscra/plgrid/plgnasqret/codex-control/projects/euf-viper/corpora/9b39c70a794d52277a4e5d83731f0ebc50a2f3b804eb1dfc8cf32766a5ebeadc/smtlib-2025/QF_UF/QF_UF/QG-classification/qg7/iso_icl_nogen_sk007.smt2""]"
156,4,7322,QF_UF/QG-classification/qg7/iso_icl_nogen_sk007.smt2,fe3693b6f59618083ca4734c299a200c4cfd5b3edcd15457add15e04663781f7,6012899,unsat,1,williams_first_order_carryover,a5b163da70f7a4b586276cec20529dcaf9a596daf59a01894d95ec3f4fd69c3e,2,2,0,2,0,0,staged-10,staged-10,"[""staged-10"",""staged-100"",""staged-0"",""staged-1000"",""baseline"",""staged-10000""]",parser_inclusive_subprocess_wall_clock,1,timeout,2.026120076,124,-9,1,timeout,exceeded 2 seconds,,,"[""/net/scratch/hscra/plgrid/plgnasqret/codex-control/projects/euf-viper/runs/20260727T073625Z-staged-qg7-e9fef17/target/release/euf-viper"",""fabric-solve"",""--engine"",""quotient-portfolio"",""/net/scratch/hscra/plgrid/plgnasqret/codex-control/projects/euf-viper/corpora/9b39c70a794d52277a4e5d83731f0ebc50a2f3b804eb1dfc8cf32766a5ebeadc/smtlib-2025/QF_UF/QF_UF/QG-classification/qg7/iso_icl_nogen_sk007.smt2""]"
157,4,7322,QF_UF/QG-classification/qg7/iso_icl_nogen_sk007.smt2,fe3693b6f59618083ca4734c299a200c4cfd5b3edcd15457add15e04663781f7,6012899,unsat,1,williams_first_order_carryover,a5b163da70f7a4b586276cec20529dcaf9a596daf59a01894d95ec3f4fd69c3e,2,2,0,2,1,1,staged-100,staged-100,"[""staged-10"",""staged-100"",""staged-0"",""staged-1000"",""baseline"",""staged-10000""]",parser_inclusive_subprocess_wall_clock,1,timeout,2.021004942,124,-9,1,timeout,exceeded 2 seconds,,,"[""/net/scratch/hscra/plgrid/plgnasqret/codex-control/projects/euf-viper/runs/20260727T073625Z-staged-qg7-e9fef17/target/release/euf-viper"",""fabric-solve"",""--engine"",""quotient-portfolio"",""/net/scratch/hscra/plgrid/plgnasqret/codex-control/projects/euf-viper/corpora/9b39c70a794d52277a4e5d83731f0ebc50a2f3b804eb1dfc8cf32766a5ebeadc/smtlib-2025/QF_UF/QF_UF/QG-classification/qg7/iso_icl_nogen_sk007.smt2""]"
158,4,7322,QF_UF/QG-classification/qg7/iso_icl_nogen_sk007.smt2,fe3693b6f59618083ca4734c299a200c4cfd5b3edcd15457add15e04663781f7,6012899,unsat,1,williams_first_order_carryover,a5b163da70f7a4b586276cec20529dcaf9a596daf59a01894d95ec3f4fd69c3e,2,2,0,2,2,2,staged-0,staged-0,"[""staged-10"",""staged-100"",""staged-0"",""staged-1000"",""baseline"",""staged-10000""]",parser_inclusive_subprocess_wall_clock,1,timeout,2.018486212,124,-9,1,timeout,exceeded 2 seconds,,,"[""/net/scratch/hscra/plgrid/plgnasqret/codex-control/projects/euf-viper/runs/20260727T073625Z-staged-qg7-e9fef17/target/release/euf-viper"",""fabric-solve"",""--engine"",""quotient-portfolio"",""/net/scratch/hscra/plgrid/plgnasqret/codex-control/projects/euf-viper/corpora/9b39c70a794d52277a4e5d83731f0ebc50a2f3b804eb1dfc8cf32766a5ebeadc/smtlib-2025/QF_UF/QF_UF/QG-classification/qg7/iso_icl_nogen_sk007.smt2""]"
159,4,7322,QF_UF/QG-classification/qg7/iso_icl_nogen_sk007.smt2,fe3693b6f59618083ca4734c299a200c4cfd5b3edcd15457add15e04663781f7,6012899,unsat,1,williams_first_order_carryover,a5b163da70f7a4b586276cec20529dcaf9a596daf59a01894d95ec3f4fd69c3e,2,2,0,2,3,3,staged-1000,staged-1000,"[""staged-10"",""staged-100"",""staged-0"",""staged-1000"",""baseline"",""staged-10000""]",parser_inclusive_subprocess_wall_clock,1,timeout,2.014094757,124,-9,1,timeout,exceeded 2 seconds,,,"[""/net/scratch/hscra/plgrid/plgnasqret/codex-control/projects/euf-viper/runs/20260727T073625Z-staged-qg7-e9fef17/target/release/euf-viper"",""fabric-solve"",""--engine"",""quotient-portfolio"",""/net/scratch/hscra/plgrid/plgnasqret/codex-control/projects/euf-viper/corpora/9b39c70a794d52277a4e5d83731f0ebc50a2f3b804eb1dfc8cf32766a5ebeadc/smtlib-2025/QF_UF/QF_UF/QG-classification/qg7/iso_icl_nogen_sk007.smt2""]"
160,4,7322,QF_UF/QG-classification/qg7/iso_icl_nogen_sk007.smt2,fe3693b6f59618083ca4734c299a200c4cfd5b3edcd15457add15e04663781f7,6012899,unsat,1,williams_first_order_carryover,a5b163da70f7a4b586276cec20529dcaf9a596daf59a01894d95ec3f4fd69c3e,2,2,0,2,4,4,baseline,baseline,"[""staged-10"",""staged-100"",""staged-0"",""staged-1000"",""baseline"",""staged-10000""]",parser_inclusive_subprocess_wall_clock,1,timeout,2.012845123,124,-9,1,timeout,exceeded 2 seconds,,,"[""/net/scratch/hscra/plgrid/plgnasqret/codex-control/projects/euf-viper/runs/20260727T073625Z-staged-qg7-e9fef17/target/release/euf-viper"",""fabric-solve"",""--engine"",""quotient-portfolio"",""/net/scratch/hscra/plgrid/plgnasqret/codex-control/projects/euf-viper/corpora/9b39c70a794d52277a4e5d83731f0ebc50a2f3b804eb1dfc8cf32766a5ebeadc/smtlib-2025/QF_UF/QF_UF/QG-classification/qg7/iso_icl_nogen_sk007.smt2""]"
161,4,7322,QF_UF/QG-classification/qg7/iso_icl_nogen_sk007.smt2,fe3693b6f59618083ca4734c299a200c4cfd5b3edcd15457add15e04663781f7,6012899,unsat,1,williams_first_order_carryover,a5b163da70f7a4b586276cec20529dcaf9a596daf59a01894d95ec3f4fd69c3e,2,2,0,2,5,5,staged-10000,staged-10000,"[""staged-10"",""staged-100"",""staged-0"",""staged-1000"",""baseline"",""staged-10000""]",parser_inclusive_subprocess_wall_clock,1,timeout,2.014740172,124,-9,1,timeout,exceeded 2 seconds,,,"[""/net/scratch/hscra/plgrid/plgnasqret/codex-control/projects/euf-viper/runs/20260727T073625Z-staged-qg7-e9fef17/target/release/euf-viper"",""fabric-solve"",""--engine"",""quotient-portfolio"",""/net/scratch/hscra/plgrid/plgnasqret/codex-control/projects/euf-viper/corpora/9b39c70a794d52277a4e5d83731f0ebc50a2f3b804eb1dfc8cf32766a5ebeadc/smtlib-2025/QF_UF/QF_UF/QG-classification/qg7/iso_icl_nogen_sk007.smt2""]"
162,4,7322,QF_UF/QG-classification/qg7/iso_icl_nogen_sk007.smt2,fe3693b6f59618083ca4734c299a200c4cfd5b3edcd15457add15e04663781f7,6012899,unsat,1,williams_first_order_carryover,a5b163da70f7a4b586276cec20529dcaf9a596daf59a01894d95ec3f4fd69c3e,3,3,0,3,0,0,staged-100,staged-100,"[""staged-100"",""staged-1000"",""staged-10"",""staged-10000"",""staged-0"",""baseline""]",parser_inclusive_subprocess_wall_clock,1,timeout,2.021236710,124,-9,1,timeout,exceeded 2 seconds,,,"[""/net/scratch/hscra/plgrid/plgnasqret/codex-control/projects/euf-viper/runs/20260727T073625Z-staged-qg7-e9fef17/target/release/euf-viper"",""fabric-solve"",""--engine"",""quotient-portfolio"",""/net/scratch/hscra/plgrid/plgnasqret/codex-control/projects/euf-viper/corpora/9b39c70a794d52277a4e5d83731f0ebc50a2f3b804eb1dfc8cf32766a5ebeadc/smtlib-2025/QF_UF/QF_UF/QG-classification/qg7/iso_icl_nogen_sk007.smt2""]"
163,4,7322,QF_UF/QG-classification/qg7/iso_icl_nogen_sk007.smt2,fe3693b6f59618083ca4734c299a200c4cfd5b3edcd15457add15e04663781f7,6012899,unsat,1,williams_first_order_carryover,a5b163da70f7a4b586276cec20529dcaf9a596daf59a01894d95ec3f4fd69c3e,3,3,0,3,1,1,staged-1000,staged-1000,"[""staged-100"",""staged-1000"",""staged-10"",""staged-10000"",""staged-0"",""baseline""]",parser_inclusive_subprocess_wall_clock,1,timeout,2.010891932,124,-9,1,timeout,exceeded 2 seconds,,,"[""/net/scratch/hscra/plgrid/plgnasqret/codex-control/projects/euf-viper/runs/20260727T073625Z-staged-qg7-e9fef17/target/release/euf-viper"",""fabric-solve"",""--engine"",""quotient-portfolio"",""/net/scratch/hscra/plgrid/plgnasqret/codex-control/projects/euf-viper/corpora/9b39c70a794d52277a4e5d83731f0ebc50a2f3b804eb1dfc8cf32766a5ebeadc/smtlib-2025/QF_UF/QF_UF/QG-classification/qg7/iso_icl_nogen_sk007.smt2""]"
164,4,7322,QF_UF/QG-classification/qg7/iso_icl_nogen_sk007.smt2,fe3693b6f59618083ca4734c299a200c4cfd5b3edcd15457add15e04663781f7,6012899,unsat,1,williams_first_order_carryover,a5b163da70f7a4b586276cec20529dcaf9a596daf59a01894d95ec3f4fd69c3e,3,3,0,3,2,2,staged-10,staged-10,"[""staged-100"",""staged-1000"",""staged-10"",""staged-10000"",""staged-0"",""baseline""]",parser_inclusive_subprocess_wall_clock,1,timeout,2.026759090,124,-9,1,timeout,exceeded 2 seconds,,,"[""/net/scratch/hscra/plgrid/plgnasqret/codex-control/projects/euf-viper/runs/20260727T073625Z-staged-qg7-e9fef17/target/release/euf-viper"",""fabric-solve"",""--engine"",""quotient-portfolio"",""/net/scratch/hscra/plgrid/plgnasqret/codex-control/projects/euf-viper/corpora/9b39c70a794d52277a4e5d83731f0ebc50a2f3b804eb1dfc8cf32766a5ebeadc/smtlib-2025/QF_UF/QF_UF/QG-classification/qg7/iso_icl_nogen_sk007.smt2""]"
165,4,7322,QF_UF/QG-classification/qg7/iso_icl_nogen_sk007.smt2,fe3693b6f59618083ca4734c299a200c4cfd5b3edcd15457add15e04663781f7,6012899,unsat,1,williams_first_order_carryover,a5b163da70f7a4b586276cec20529dcaf9a596daf59a01894d95ec3f4fd69c3e,3,3,0,3,3,3,staged-10000,staged-10000,"[""staged-100"",""staged-1000"",""staged-10"",""staged-10000"",""staged-0"",""baseline""]",parser_inclusive_subprocess_wall_clock,1,timeout,2.014580509,124,-9,1,timeout,exceeded 2 seconds,,,"[""/net/scratch/hscra/plgrid/plgnasqret/codex-control/projects/euf-viper/runs/20260727T073625Z-staged-qg7-e9fef17/target/release/euf-viper"",""fabric-solve"",""--engine"",""quotient-portfolio"",""/net/scratch/hscra/plgrid/plgnasqret/codex-control/projects/euf-viper/corpora/9b39c70a794d52277a4e5d83731f0ebc50a2f3b804eb1dfc8cf32766a5ebeadc/smtlib-2025/QF_UF/QF_UF/QG-classification/qg7/iso_icl_nogen_sk007.smt2""]"
166,4,7322,QF_UF/QG-classification/qg7/iso_icl_nogen_sk007.smt2,fe3693b6f59618083ca4734c299a200c4cfd5b3edcd15457add15e04663781f7,6012899,unsat,1,williams_first_order_carryover,a5b163da70f7a4b586276cec20529dcaf9a596daf59a01894d95ec3f4fd69c3e,3,3,0,3,4,4,staged-0,staged-0,"[""staged-100"",""staged-1000"",""staged-10"",""staged-10000"",""staged-0"",""baseline""]",parser_inclusive_subprocess_wall_clock,1,timeout,2.021254869,124,-9,1,timeout,exceeded 2 seconds,,,"[""/net/scratch/hscra/plgrid/plgnasqret/codex-control/projects/euf-viper/runs/20260727T073625Z-staged-qg7-e9fef17/target/release/euf-viper"",""fabric-solve"",""--engine"",""quotient-portfolio"",""/net/scratch/hscra/plgrid/plgnasqret/codex-control/projects/euf-viper/corpora/9b39c70a794d52277a4e5d83731f0ebc50a2f3b804eb1dfc8cf32766a5ebeadc/smtlib-2025/QF_UF/QF_UF/QG-classification/qg7/iso_icl_nogen_sk007.smt2""]"
167,4,7322,QF_UF/QG-classification/qg7/iso_icl_nogen_sk007.smt2,fe3693b6f59618083ca4734c299a200c4cfd5b3edcd15457add15e04663781f7,6012899,unsat,1,williams_first_order_carryover,a5b163da70f7a4b586276cec20529dcaf9a596daf59a01894d95ec3f4fd69c3e,3,3,0,3,5,5,baseline,baseline,"[""staged-100"",""staged-1000"",""staged-10"",""staged-10000"",""staged-0"",""baseline""]",parser_inclusive_subprocess_wall_clock,1,timeout,2.009980092,124,-9,1,timeout,exceeded 2 seconds,,,"[""/net/scratch/hscra/plgrid/plgnasqret/codex-control/projects/euf-viper/runs/20260727T073625Z-staged-qg7-e9fef17/target/release/euf-viper"",""fabric-solve"",""--engine"",""quotient-portfolio"",""/net/scratch/hscra/plgrid/plgnasqret/codex-control/projects/euf-viper/corpora/9b39c70a794d52277a4e5d83731f0ebc50a2f3b804eb1dfc8cf32766a5ebeadc/smtlib-2025/QF_UF/QF_UF/QG-classification/qg7/iso_icl_nogen_sk007.smt2""]"
168,4,7322,QF_UF/QG-classification/qg7/iso_icl_nogen_sk007.smt2,fe3693b6f59618083ca4734c299a200c4cfd5b3edcd15457add15e04663781f7,6012899,unsat,1,williams_first_order_carryover,a5b163da70f7a4b586276cec20529dcaf9a596daf59a01894d95ec3f4fd69c3e,4,4,0,4,0,0,staged-1000,staged-1000,"[""staged-1000"",""staged-10000"",""staged-100"",""baseline"",""staged-10"",""staged-0""]",parser_inclusive_subprocess_wall_clock,1,timeout,2.012219199,124,-9,1,timeout,exceeded 2 seconds,,,"[""/net/scratch/hscra/plgrid/plgnasqret/codex-control/projects/euf-viper/runs/20260727T073625Z-staged-qg7-e9fef17/target/release/euf-viper"",""fabric-solve"",""--engine"",""quotient-portfolio"",""/net/scratch/hscra/plgrid/plgnasqret/codex-control/projects/euf-viper/corpora/9b39c70a794d52277a4e5d83731f0ebc50a2f3b804eb1dfc8cf32766a5ebeadc/smtlib-2025/QF_UF/QF_UF/QG-classification/qg7/iso_icl_nogen_sk007.smt2""]"
169,4,7322,QF_UF/QG-classification/qg7/iso_icl_nogen_sk007.smt2,fe3693b6f59618083ca4734c299a200c4cfd5b3edcd15457add15e04663781f7,6012899,unsat,1,williams_first_order_carryover,a5b163da70f7a4b586276cec20529dcaf9a596daf59a01894d95ec3f4fd69c3e,4,4,0,4,1,1,staged-10000,staged-10000,"[""staged-1000"",""staged-10000"",""staged-100"",""baseline"",""staged-10"",""staged-0""]",parser_inclusive_subprocess_wall_clock,1,timeout,2.010896288,124,-9,1,timeout,exceeded 2 seconds,,,"[""/net/scratch/hscra/plgrid/plgnasqret/codex-control/projects/euf-viper/runs/20260727T073625Z-staged-qg7-e9fef17/target/release/euf-viper"",""fabric-solve"",""--engine"",""quotient-portfolio"",""/net/scratch/hscra/plgrid/plgnasqret/codex-control/projects/euf-viper/corpora/9b39c70a794d52277a4e5d83731f0ebc50a2f3b804eb1dfc8cf32766a5ebeadc/smtlib-2025/QF_UF/QF_UF/QG-classification/qg7/iso_icl_nogen_sk007.smt2""]"
170,4,7322,QF_UF/QG-classification/qg7/iso_icl_nogen_sk007.smt2,fe3693b6f59618083ca4734c299a200c4cfd5b3edcd15457add15e04663781f7,6012899,unsat,1,williams_first_order_carryover,a5b163da70f7a4b586276cec20529dcaf9a596daf59a01894d95ec3f4fd69c3e,4,4,0,4,2,2,staged-100,staged-100,"[""staged-1000"",""staged-10000"",""staged-100"",""baseline"",""staged-10"",""staged-0""]",parser_inclusive_subprocess_wall_clock,1,timeout,2.027114975,124,-9,1,timeout,exceeded 2 seconds,,,"[""/net/scratch/hscra/plgrid/plgnasqret/codex-control/projects/euf-viper/runs/20260727T073625Z-staged-qg7-e9fef17/target/release/euf-viper"",""fabric-solve"",""--engine"",""quotient-portfolio"",""/net/scratch/hscra/plgrid/plgnasqret/codex-control/projects/euf-viper/corpora/9b39c70a794d52277a4e5d83731f0ebc50a2f3b804eb1dfc8cf32766a5ebeadc/smtlib-2025/QF_UF/QF_UF/QG-classification/qg7/iso_icl_nogen_sk007.smt2""]"
171,4,7322,QF_UF/QG-classification/qg7/iso_icl_nogen_sk007.smt2,fe3693b6f59618083ca4734c299a200c4cfd5b3edcd15457add15e04663781f7,6012899,unsat,1,williams_first_order_carryover,a5b163da70f7a4b586276cec20529dcaf9a596daf59a01894d95ec3f4fd69c3e,4,4,0,4,3,3,baseline,baseline,"[""staged-1000"",""staged-10000"",""staged-100"",""baseline"",""staged-10"",""staged-0""]",parser_inclusive_subprocess_wall_clock,1,timeout,2.010987182,124,-9,1,timeout,exceeded 2 seconds,,,"[""/net/scratch/hscra/plgrid/plgnasqret/codex-control/projects/euf-viper/runs/20260727T073625Z-staged-qg7-e9fef17/target/release/euf-viper"",""fabric-solve"",""--engine"",""quotient-portfolio"",""/net/scratch/hscra/plgrid/plgnasqret/codex-control/projects/euf-viper/corpora/9b39c70a794d52277a4e5d83731f0ebc50a2f3b804eb1dfc8cf32766a5ebeadc/smtlib-2025/QF_UF/QF_UF/QG-classification/qg7/iso_icl_nogen_sk007.smt2""]"
172,4,7322,QF_UF/QG-classification/qg7/iso_icl_nogen_sk007.smt2,fe3693b6f59618083ca4734c299a200c4cfd5b3edcd15457add15e04663781f7,6012899,unsat,1,williams_first_order_carryover,a5b163da70f7a4b586276cec20529dcaf9a596daf59a01894d95ec3f4fd69c3e,4,4,0,4,4,4,staged-10,staged-10,"[""staged-1000"",""staged-10000"",""staged-100"",""baseline"",""staged-10"",""staged-0""]",parser_inclusive_subprocess_wall_clock,1,timeout,2.020368581,124,-9,1,timeout,exceeded 2 seconds,,,"[""/net/scratch/hscra/plgrid/plgnasqret/codex-control/projects/euf-viper/runs/20260727T073625Z-staged-qg7-e9fef17/target/release/euf-viper"",""fabric-solve"",""--engine"",""quotient-portfolio"",""/net/scratch/hscra/plgrid/plgnasqret/codex-control/projects/euf-viper/corpora/9b39c70a794d52277a4e5d83731f0ebc50a2f3b804eb1dfc8cf32766a5ebeadc/smtlib-2025/QF_UF/QF_UF/QG-classification/qg7/iso_icl_nogen_sk007.smt2""]"
173,4,7322,QF_UF/QG-classification/qg7/iso_icl_nogen_sk007.smt2,fe3693b6f59618083ca4734c299a200c4cfd5b3edcd15457add15e04663781f7,6012899,unsat,1,williams_first_order_carryover,a5b163da70f7a4b586276cec20529dcaf9a596daf59a01894d95ec3f4fd69c3e,4,4,0,4,5,5,staged-0,staged-0,"[""staged-1000"",""staged-10000"",""staged-100"",""baseline"",""staged-10"",""staged-0""]",parser_inclusive_subprocess_wall_clock,1,timeout,2.026412269,124,-9,1,timeout,exceeded 2 seconds,,,"[""/net/scratch/hscra/plgrid/plgnasqret/codex-control/projects/euf-viper/runs/20260727T073625Z-staged-qg7-e9fef17/target/release/euf-viper"",""fabric-solve"",""--engine"",""quotient-portfolio"",""/net/scratch/hscra/plgrid/plgnasqret/codex-control/projects/euf-viper/corpora/9b39c70a794d52277a4e5d83731f0ebc50a2f3b804eb1dfc8cf32766a5ebeadc/smtlib-2025/QF_UF/QF_UF/QG-classification/qg7/iso_icl_nogen_sk007.smt2""]"
174,4,7322,QF_UF/QG-classification/qg7/iso_icl_nogen_sk007.smt2,fe3693b6f59618083ca4734c299a200c4cfd5b3edcd15457add15e04663781f7,6012899,unsat,1,williams_first_order_carryover,a5b163da70f7a4b586276cec20529dcaf9a596daf59a01894d95ec3f4fd69c3e,5,5,0,5,0,0,staged-10000,staged-10000,"[""staged-10000"",""baseline"",""staged-1000"",""staged-0"",""staged-100"",""staged-10""]",parser_inclusive_subprocess_wall_clock,1,timeout,2.012849970,124,-9,1,timeout,exceeded 2 seconds,,,"[""/net/scratch/hscra/plgrid/plgnasqret/codex-control/projects/euf-viper/runs/20260727T073625Z-staged-qg7-e9fef17/target/release/euf-viper"",""fabric-solve"",""--engine"",""quotient-portfolio"",""/net/scratch/hscra/plgrid/plgnasqret/codex-control/projects/euf-viper/corpora/9b39c70a794d52277a4e5d83731f0ebc50a2f3b804eb1dfc8cf32766a5ebeadc/smtlib-2025/QF_UF/QF_UF/QG-classification/qg7/iso_icl_nogen_sk007.smt2""]"
175,4,7322,QF_UF/QG-classification/qg7/iso_icl_nogen_sk007.smt2,fe3693b6f59618083ca4734c299a200c4cfd5b3edcd15457add15e04663781f7,6012899,unsat,1,williams_first_order_carryover,a5b163da70f7a4b586276cec20529dcaf9a596daf59a01894d95ec3f4fd69c3e,5,5,0,5,1,1,baseline,baseline,"[""staged-10000"",""baseline"",""staged-1000"",""staged-0"",""staged-100"",""staged-10""]",parser_inclusive_subprocess_wall_clock,1,timeout,2.014836857,124,-9,1,timeout,exceeded 2 seconds,,,"[""/net/scratch/hscra/plgrid/plgnasqret/codex-control/projects/euf-viper/runs/20260727T073625Z-staged-qg7-e9fef17/target/release/euf-viper"",""fabric-solve"",""--engine"",""quotient-portfolio"",""/net/scratch/hscra/plgrid/plgnasqret/codex-control/projects/euf-viper/corpora/9b39c70a794d52277a4e5d83731f0ebc50a2f3b804eb1dfc8cf32766a5ebeadc/smtlib-2025/QF_UF/QF_UF/QG-classification/qg7/iso_icl_nogen_sk007.smt2""]"
176,4,7322,QF_UF/QG-classification/qg7/iso_icl_nogen_sk007.smt2,fe3693b6f59618083ca4734c299a200c4cfd5b3edcd15457add15e04663781f7,6012899,unsat,1,williams_first_order_carryover,a5b163da70f7a4b586276cec20529dcaf9a596daf59a01894d95ec3f4fd69c3e,5,5,0,5,2,2,staged-1000,staged-1000,"[""staged-10000"",""baseline"",""staged-1000"",""staged-0"",""staged-100"",""staged-10""]",parser_inclusive_subprocess_wall_clock,1,timeout,2.011294741,124,-9,1,timeout,exceeded 2 seconds,,,"[""/net/scratch/hscra/plgrid/plgnasqret/codex-control/projects/euf-viper/runs/20260727T073625Z-staged-qg7-e9fef17/target/release/euf-viper"",""fabric-solve"",""--engine"",""quotient-portfolio"",""/net/scratch/hscra/plgrid/plgnasqret/codex-control/projects/euf-viper/corpora/9b39c70a794d52277a4e5d83731f0ebc50a2f3b804eb1dfc8cf32766a5ebeadc/smtlib-2025/QF_UF/QF_UF/QG-classification/qg7/iso_icl_nogen_sk007.smt2""]"
177,4,7322,QF_UF/QG-classification/qg7/iso_icl_nogen_sk007.smt2,fe3693b6f59618083ca4734c299a200c4cfd5b3edcd15457add15e04663781f7,6012899,unsat,1,williams_first_order_carryover,a5b163da70f7a4b586276cec20529dcaf9a596daf59a01894d95ec3f4fd69c3e,5,5,0,5,3,3,staged-0,staged-0,"[""staged-10000"",""baseline"",""staged-1000"",""staged-0"",""staged-100"",""staged-10""]",parser_inclusive_subprocess_wall_clock,1,timeout,2.020554697,124,-9,1,timeout,exceeded 2 seconds,,,"[""/net/scratch/hscra/plgrid/plgnasqret/codex-control/projects/euf-viper/runs/20260727T073625Z-staged-qg7-e9fef17/target/release/euf-viper"",""fabric-solve"",""--engine"",""quotient-portfolio"",""/net/scratch/hscra/plgrid/plgnasqret/codex-control/projects/euf-viper/corpora/9b39c70a794d52277a4e5d83731f0ebc50a2f3b804eb1dfc8cf32766a5ebeadc/smtlib-2025/QF_UF/QF_UF/QG-classification/qg7/iso_icl_nogen_sk007.smt2""]"
178,4,7322,QF_UF/QG-classification/qg7/iso_icl_nogen_sk007.smt2,fe3693b6f59618083ca4734c299a200c4cfd5b3edcd15457add15e04663781f7,6012899,unsat,1,williams_first_order_carryover,a5b163da70f7a4b586276cec20529dcaf9a596daf59a01894d95ec3f4fd69c3e,5,5,0,5,4,4,staged-100,staged-100,"[""staged-10000"",""baseline"",""staged-1000"",""staged-0"",""staged-100"",""staged-10""]",parser_inclusive_subprocess_wall_clock,1,timeout,2.024442601,124,-9,1,timeout,exceeded 2 seconds,,,"[""/net/scratch/hscra/plgrid/plgnasqret/codex-control/projects/euf-viper/runs/20260727T073625Z-staged-qg7-e9fef17/target/release/euf-viper"",""fabric-solve"",""--engine"",""quotient-portfolio"",""/net/scratch/hscra/plgrid/plgnasqret/codex-control/projects/euf-viper/corpora/9b39c70a794d52277a4e5d83731f0ebc50a2f3b804eb1dfc8cf32766a5ebeadc/smtlib-2025/QF_UF/QF_UF/QG-classification/qg7/iso_icl_nogen_sk007.smt2""]"
179,4,7322,QF_UF/QG-classification/qg7/iso_icl_nogen_sk007.smt2,fe3693b6f59618083ca4734c299a200c4cfd5b3edcd15457add15e04663781f7,6012899,unsat,1,williams_first_order_carryover,a5b163da70f7a4b586276cec20529dcaf9a596daf59a01894d95ec3f4fd69c3e,5,5,0,5,5,5,staged-10,staged-10,"[""staged-10000"",""baseline"",""staged-1000"",""staged-0"",""staged-100"",""staged-10""]",parser_inclusive_subprocess_wall_clock,1,timeout,2.027789146,124,-9,1,timeout,exceeded 2 seconds,,,"[""/net/scratch/hscra/plgrid/plgnasqret/codex-control/projects/euf-viper/runs/20260727T073625Z-staged-qg7-e9fef17/target/release/euf-viper"",""fabric-solve"",""--engine"",""quotient-portfolio"",""/net/scratch/hscra/plgrid/plgnasqret/codex-control/projects/euf-viper/corpora/9b39c70a794d52277a4e5d83731f0ebc50a2f3b804eb1dfc8cf32766a5ebeadc/smtlib-2025/QF_UF/QF_UF/QG-classification/qg7/iso_icl_nogen_sk007.smt2""]"
180,5,7330,QF_UF/QG-classification/qg7/iso_icl_repgen_sk001.smt2,cdb3c700e70d8f0296130ad5ceaff2fdfa368be068e47c26332ac1bc02810ce2,56130,unsat,1,williams_first_order_carryover,a5b163da70f7a4b586276cec20529dcaf9a596daf59a01894d95ec3f4fd69c3e,0,0,0,0,0,0,baseline,baseline,"[""baseline"",""staged-0"",""staged-10000"",""staged-10"",""staged-1000"",""staged-100""]",parser_inclusive_subprocess_wall_clock,1,timeout,2.007468074,124,-9,1,timeout,exceeded 2 seconds,,,"[""/net/scratch/hscra/plgrid/plgnasqret/codex-control/projects/euf-viper/runs/20260727T073625Z-staged-qg7-e9fef17/target/release/euf-viper"",""fabric-solve"",""--engine"",""quotient-portfolio"",""/net/scratch/hscra/plgrid/plgnasqret/codex-control/projects/euf-viper/corpora/9b39c70a794d52277a4e5d83731f0ebc50a2f3b804eb1dfc8cf32766a5ebeadc/smtlib-2025/QF_UF/QF_UF/QG-classification/qg7/iso_icl_repgen_sk001.smt2""]"
181,5,7330,QF_UF/QG-classification/qg7/iso_icl_repgen_sk001.smt2,cdb3c700e70d8f0296130ad5ceaff2fdfa368be068e47c26332ac1bc02810ce2,56130,unsat,1,williams_first_order_carryover,a5b163da70f7a4b586276cec20529dcaf9a596daf59a01894d95ec3f4fd69c3e,0,0,0,0,1,1,staged-0,staged-0,"[""baseline"",""staged-0"",""staged-10000"",""staged-10"",""staged-1000"",""staged-100""]",parser_inclusive_subprocess_wall_clock,1,timeout,2.007268907,124,-9,1,timeout,exceeded 2 seconds,,,"[""/net/scratch/hscra/plgrid/plgnasqret/codex-control/projects/euf-viper/runs/20260727T073625Z-staged-qg7-e9fef17/target/release/euf-viper"",""fabric-solve"",""--engine"",""quotient-portfolio"",""/net/scratch/hscra/plgrid/plgnasqret/codex-control/projects/euf-viper/corpora/9b39c70a794d52277a4e5d83731f0ebc50a2f3b804eb1dfc8cf32766a5ebeadc/smtlib-2025/QF_UF/QF_UF/QG-classification/qg7/iso_icl_repgen_sk001.smt2""]"
182,5,7330,QF_UF/QG-classification/qg7/iso_icl_repgen_sk001.smt2,cdb3c700e70d8f0296130ad5ceaff2fdfa368be068e47c26332ac1bc02810ce2,56130,unsat,1,williams_first_order_carryover,a5b163da70f7a4b586276cec20529dcaf9a596daf59a01894d95ec3f4fd69c3e,0,0,0,0,2,2,staged-10000,staged-10000,"[""baseline"",""staged-0"",""staged-10000"",""staged-10"",""staged-1000"",""staged-100""]",parser_inclusive_subprocess_wall_clock,1,timeout,2.008642188,124,-9,1,timeout,exceeded 2 seconds,,,"[""/net/scratch/hscra/plgrid/plgnasqret/codex-control/projects/euf-viper/runs/20260727T073625Z-staged-qg7-e9fef17/target/release/euf-viper"",""fabric-solve"",""--engine"",""quotient-portfolio"",""/net/scratch/hscra/plgrid/plgnasqret/codex-control/projects/euf-viper/corpora/9b39c70a794d52277a4e5d83731f0ebc50a2f3b804eb1dfc8cf32766a5ebeadc/smtlib-2025/QF_UF/QF_UF/QG-classification/qg7/iso_icl_repgen_sk001.smt2""]"
183,5,7330,QF_UF/QG-classification/qg7/iso_icl_repgen_sk001.smt2,cdb3c700e70d8f0296130ad5ceaff2fdfa368be068e47c26332ac1bc02810ce2,56130,unsat,1,williams_first_order_carryover,a5b163da70f7a4b586276cec20529dcaf9a596daf59a01894d95ec3f4fd69c3e,0,0,0,0,3,3,staged-10,staged-10,"[""baseline"",""staged-0"",""staged-10000"",""staged-10"",""staged-1000"",""staged-100""]",parser_inclusive_subprocess_wall_clock,1,timeout,2.010781085,124,-9,1,timeout,exceeded 2 seconds,,,"[""/net/scratch/hscra/plgrid/plgnasqret/codex-control/projects/euf-viper/runs/20260727T073625Z-staged-qg7-e9fef17/target/release/euf-viper"",""fabric-solve"",""--engine"",""quotient-portfolio"",""/net/scratch/hscra/plgrid/plgnasqret/codex-control/projects/euf-viper/corpora/9b39c70a794d52277a4e5d83731f0ebc50a2f3b804eb1dfc8cf32766a5ebeadc/smtlib-2025/QF_UF/QF_UF/QG-classification/qg7/iso_icl_repgen_sk001.smt2""]"
184,5,7330,QF_UF/QG-classification/qg7/iso_icl_repgen_sk001.smt2,cdb3c700e70d8f0296130ad5ceaff2fdfa368be068e47c26332ac1bc02810ce2,56130,unsat,1,williams_first_order_carryover,a5b163da70f7a4b586276cec20529dcaf9a596daf59a01894d95ec3f4fd69c3e,0,0,0,0,4,4,staged-1000,staged-1000,"[""baseline"",""staged-0"",""staged-10000"",""staged-10"",""staged-1000"",""staged-100""]",parser_inclusive_subprocess_wall_clock,1,timeout,2.011219571,124,-9,1,timeout,exceeded 2 seconds,,,"[""/net/scratch/hscra/plgrid/plgnasqret/codex-control/projects/euf-viper/runs/20260727T073625Z-staged-qg7-e9fef17/target/release/euf-viper"",""fabric-solve"",""--engine"",""quotient-portfolio"",""/net/scratch/hscra/plgrid/plgnasqret/codex-control/projects/euf-viper/corpora/9b39c70a794d52277a4e5d83731f0ebc50a2f3b804eb1dfc8cf32766a5ebeadc/smtlib-2025/QF_UF/QF_UF/QG-classification/qg7/iso_icl_repgen_sk001.smt2""]"
185,5,7330,QF_UF/QG-classification/qg7/iso_icl_repgen_sk001.smt2,cdb3c700e70d8f0296130ad5ceaff2fdfa368be068e47c26332ac1bc02810ce2,56130,unsat,1,williams_first_order_carryover,a5b163da70f7a4b586276cec20529dcaf9a596daf59a01894d95ec3f4fd69c3e,0,0,0,0,5,5,staged-100,staged-100,"[""baseline"",""staged-0"",""staged-10000"",""staged-10"",""staged-1000"",""staged-100""]",parser_inclusive_subprocess_wall_clock,1,timeout,2.008795852,124,-9,1,timeout,exceeded 2 seconds,,,"[""/net/scratch/hscra/plgrid/plgnasqret/codex-control/projects/euf-viper/runs/20260727T073625Z-staged-qg7-e9fef17/target/release/euf-viper"",""fabric-solve"",""--engine"",""quotient-portfolio"",""/net/scratch/hscra/plgrid/plgnasqret/codex-control/projects/euf-viper/corpora/9b39c70a794d52277a4e5d83731f0ebc50a2f3b804eb1dfc8cf32766a5ebeadc/smtlib-2025/QF_UF/QF_UF/QG-classification/qg7/iso_icl_repgen_sk001.smt2""]"
186,5,7330,QF_UF/QG-classification/qg7/iso_icl_repgen_sk001.smt2,cdb3c700e70d8f0296130ad5ceaff2fdfa368be068e47c26332ac1bc02810ce2,56130,unsat,1,williams_first_order_carryover,a5b163da70f7a4b586276cec20529dcaf9a596daf59a01894d95ec3f4fd69c3e,1,1,0,1,0,0,staged-0,staged-0,"[""staged-0"",""staged-10"",""baseline"",""staged-100"",""staged-10000"",""staged-1000""]",parser_inclusive_subprocess_wall_clock,1,timeout,2.006891007,124,-9,1,timeout,exceeded 2 seconds,,,"[""/net/scratch/hscra/plgrid/plgnasqret/codex-control/projects/euf-viper/runs/20260727T073625Z-staged-qg7-e9fef17/target/release/euf-viper"",""fabric-solve"",""--engine"",""quotient-portfolio"",""/net/scratch/hscra/plgrid/plgnasqret/codex-control/projects/euf-viper/corpora/9b39c70a794d52277a4e5d83731f0ebc50a2f3b804eb1dfc8cf32766a5ebeadc/smtlib-2025/QF_UF/QF_UF/QG-classification/qg7/iso_icl_repgen_sk001.smt2""]"
187,5,7330,QF_UF/QG-classification/qg7/iso_icl_repgen_sk001.smt2,cdb3c700e70d8f0296130ad5ceaff2fdfa368be068e47c26332ac1bc02810ce2,56130,unsat,1,williams_first_order_carryover,a5b163da70f7a4b586276cec20529dcaf9a596daf59a01894d95ec3f4fd69c3e,1,1,0,1,1,1,staged-10,staged-10,"[""staged-0"",""staged-10"",""baseline"",""staged-100"",""staged-10000"",""staged-1000""]",parser_inclusive_subprocess_wall_clock,1,timeout,2.008671475,124,-9,1,timeout,exceeded 2 seconds,,,"[""/net/scratch/hscra/plgrid/plgnasqret/codex-control/projects/euf-viper/runs/20260727T073625Z-staged-qg7-e9fef17/target/release/euf-viper"",""fabric-solve"",""--engine"",""quotient-portfolio"",""/net/scratch/hscra/plgrid/plgnasqret/codex-control/projects/euf-viper/corpora/9b39c70a794d52277a4e5d83731f0ebc50a2f3b804eb1dfc8cf32766a5ebeadc/smtlib-2025/QF_UF/QF_UF/QG-classification/qg7/iso_icl_repgen_sk001.smt2""]"
188,5,7330,QF_UF/QG-classification/qg7/iso_icl_repgen_sk001.smt2,cdb3c700e70d8f0296130ad5ceaff2fdfa368be068e47c26332ac1bc02810ce2,56130,unsat,1,williams_first_order_carryover,a5b163da70f7a4b586276cec20529dcaf9a596daf59a01894d95ec3f4fd69c3e,1,1,0,1,2,2,baseline,baseline,"[""staged-0"",""staged-10"",""baseline"",""staged-100"",""staged-10000"",""staged-1000""]",parser_inclusive_subprocess_wall_clock,1,timeout,2.008352428,124,-9,1,timeout,exceeded 2 seconds,,,"[""/net/scratch/hscra/plgrid/plgnasqret/codex-control/projects/euf-viper/runs/20260727T073625Z-staged-qg7-e9fef17/target/release/euf-viper"",""fabric-solve"",""--engine"",""quotient-portfolio"",""/net/scratch/hscra/plgrid/plgnasqret/codex-control/projects/euf-viper/corpora/9b39c70a794d52277a4e5d83731f0ebc50a2f3b804eb1dfc8cf32766a5ebeadc/smtlib-2025/QF_UF/QF_UF/QG-classification/qg7/iso_icl_repgen_sk001.smt2""]"
189,5,7330,QF_UF/QG-classification/qg7/iso_icl_repgen_sk001.smt2,cdb3c700e70d8f0296130ad5ceaff2fdfa368be068e47c26332ac1bc02810ce2,56130,unsat,1,williams_first_order_carryover,a5b163da70f7a4b586276cec20529dcaf9a596daf59a01894d95ec3f4fd69c3e,1,1,0,1,3,3,staged-100,staged-100,"[""staged-0"",""staged-10"",""baseline"",""staged-100"",""staged-10000"",""staged-1000""]",parser_inclusive_subprocess_wall_clock,1,timeout,2.009029714,124,-9,1,timeout,exceeded 2 seconds,,,"[""/net/scratch/hscra/plgrid/plgnasqret/codex-control/projects/euf-viper/runs/20260727T073625Z-staged-qg7-e9fef17/target/release/euf-viper"",""fabric-solve"",""--engine"",""quotient-portfolio"",""/net/scratch/hscra/plgrid/plgnasqret/codex-control/projects/euf-viper/corpora/9b39c70a794d52277a4e5d83731f0ebc50a2f3b804eb1dfc8cf32766a5ebeadc/smtlib-2025/QF_UF/QF_UF/QG-classification/qg7/iso_icl_repgen_sk001.smt2""]"
190,5,7330,QF_UF/QG-classification/qg7/iso_icl_repgen_sk001.smt2,cdb3c700e70d8f0296130ad5ceaff2fdfa368be068e47c26332ac1bc02810ce2,56130,unsat,1,williams_first_order_carryover,a5b163da70f7a4b586276cec20529dcaf9a596daf59a01894d95ec3f4fd69c3e,1,1,0,1,4,4,staged-10000,staged-10000,"[""staged-0"",""staged-10"",""baseline"",""staged-100"",""staged-10000"",""staged-1000""]",parser_inclusive_subprocess_wall_clock,1,timeout,2.008631631,124,-9,1,timeout,exceeded 2 seconds,,,"[""/net/scratch/hscra/plgrid/plgnasqret/codex-control/projects/euf-viper/runs/20260727T073625Z-staged-qg7-e9fef17/target/release/euf-viper"",""fabric-solve"",""--engine"",""quotient-portfolio"",""/net/scratch/hscra/plgrid/plgnasqret/codex-control/projects/euf-viper/corpora/9b39c70a794d52277a4e5d83731f0ebc50a2f3b804eb1dfc8cf32766a5ebeadc/smtlib-2025/QF_UF/QF_UF/QG-classification/qg7/iso_icl_repgen_sk001.smt2""]"
191,5,7330,QF_UF/QG-classification/qg7/iso_icl_repgen_sk001.smt2,cdb3c700e70d8f0296130ad5ceaff2fdfa368be068e47c26332ac1bc02810ce2,56130,unsat,1,williams_first_order_carryover,a5b163da70f7a4b586276cec20529dcaf9a596daf59a01894d95ec3f4fd69c3e,1,1,0,1,5,5,staged-1000,staged-1000,"[""staged-0"",""staged-10"",""baseline"",""staged-100"",""staged-10000"",""staged-1000""]",parser_inclusive_subprocess_wall_clock,1,timeout,2.007388878,124,-9,1,timeout,exceeded 2 seconds,,,"[""/net/scratch/hscra/plgrid/plgnasqret/codex-control/projects/euf-viper/runs/20260727T073625Z-staged-qg7-e9fef17/target/release/euf-viper"",""fabric-solve"",""--engine"",""quotient-portfolio"",""/net/scratch/hscra/plgrid/plgnasqret/codex-control/projects/euf-viper/corpora/9b39c70a794d52277a4e5d83731f0ebc50a2f3b804eb1dfc8cf32766a5ebeadc/smtlib-2025/QF_UF/QF_UF/QG-classification/qg7/iso_icl_repgen_sk001.smt2""]"
192,5,7330,QF_UF/QG-classification/qg7/iso_icl_repgen_sk001.smt2,cdb3c700e70d8f0296130ad5ceaff2fdfa368be068e47c26332ac1bc02810ce2,56130,unsat,1,williams_first_order_carryover,a5b163da70f7a4b586276cec20529dcaf9a596daf59a01894d95ec3f4fd69c3e,2,2,0,2,0,0,staged-10,staged-10,"[""staged-10"",""staged-100"",""staged-0"",""staged-1000"",""baseline"",""staged-10000""]",parser_inclusive_subprocess_wall_clock,1,timeout,2.009978770,124,-9,1,timeout,exceeded 2 seconds,,,"[""/net/scratch/hscra/plgrid/plgnasqret/codex-control/projects/euf-viper/runs/20260727T073625Z-staged-qg7-e9fef17/target/release/euf-viper"",""fabric-solve"",""--engine"",""quotient-portfolio"",""/net/scratch/hscra/plgrid/plgnasqret/codex-control/projects/euf-viper/corpora/9b39c70a794d52277a4e5d83731f0ebc50a2f3b804eb1dfc8cf32766a5ebeadc/smtlib-2025/QF_UF/QF_UF/QG-classification/qg7/iso_icl_repgen_sk001.smt2""]"
193,5,7330,QF_UF/QG-classification/qg7/iso_icl_repgen_sk001.smt2,cdb3c700e70d8f0296130ad5ceaff2fdfa368be068e47c26332ac1bc02810ce2,56130,unsat,1,williams_first_order_carryover,a5b163da70f7a4b586276cec20529dcaf9a596daf59a01894d95ec3f4fd69c3e,2,2,0,2,1,1,staged-100,staged-100,"[""staged-10"",""staged-100"",""staged-0"",""staged-1000"",""baseline"",""staged-10000""]",parser_inclusive_subprocess_wall_clock,1,timeout,2.010759832,124,-9,1,timeout,exceeded 2 seconds,,,"[""/net/scratch/hscra/plgrid/plgnasqret/codex-control/projects/euf-viper/runs/20260727T073625Z-staged-qg7-e9fef17/target/release/euf-viper"",""fabric-solve"",""--engine"",""quotient-portfolio"",""/net/scratch/hscra/plgrid/plgnasqret/codex-control/projects/euf-viper/corpora/9b39c70a794d52277a4e5d83731f0ebc50a2f3b804eb1dfc8cf32766a5ebeadc/smtlib-2025/QF_UF/QF_UF/QG-classification/qg7/iso_icl_repgen_sk001.smt2""]"
194,5,7330,QF_UF/QG-classification/qg7/iso_icl_repgen_sk001.smt2,cdb3c700e70d8f0296130ad5ceaff2fdfa368be068e47c26332ac1bc02810ce2,56130,unsat,1,williams_first_order_carryover,a5b163da70f7a4b586276cec20529dcaf9a596daf59a01894d95ec3f4fd69c3e,2,2,0,2,2,2,staged-0,staged-0,"[""staged-10"",""staged-100"",""staged-0"",""staged-1000"",""baseline"",""staged-10000""]",parser_inclusive_subprocess_wall_clock,1,timeout,2.010536417,124,-9,1,timeout,exceeded 2 seconds,,,"[""/net/scratch/hscra/plgrid/plgnasqret/codex-control/projects/euf-viper/runs/20260727T073625Z-staged-qg7-e9fef17/target/release/euf-viper"",""fabric-solve"",""--engine"",""quotient-portfolio"",""/net/scratch/hscra/plgrid/plgnasqret/codex-control/projects/euf-viper/corpora/9b39c70a794d52277a4e5d83731f0ebc50a2f3b804eb1dfc8cf32766a5ebeadc/smtlib-2025/QF_UF/QF_UF/QG-classification/qg7/iso_icl_repgen_sk001.smt2""]"
195,5,7330,QF_UF/QG-classification/qg7/iso_icl_repgen_sk001.smt2,cdb3c700e70d8f0296130ad5ceaff2fdfa368be068e47c26332ac1bc02810ce2,56130,unsat,1,williams_first_order_carryover,a5b163da70f7a4b586276cec20529dcaf9a596daf59a01894d95ec3f4fd69c3e,2,2,0,2,3,3,staged-1000,staged-1000,"[""staged-10"",""staged-100"",""staged-0"",""staged-1000"",""baseline"",""staged-10000""]",parser_inclusive_subprocess_wall_clock,1,timeout,2.008764662,124,-9,1,timeout,exceeded 2 seconds,,,"[""/net/scratch/hscra/plgrid/plgnasqret/codex-control/projects/euf-viper/runs/20260727T073625Z-staged-qg7-e9fef17/target/release/euf-viper"",""fabric-solve"",""--engine"",""quotient-portfolio"",""/net/scratch/hscra/plgrid/plgnasqret/codex-control/projects/euf-viper/corpora/9b39c70a794d52277a4e5d83731f0ebc50a2f3b804eb1dfc8cf32766a5ebeadc/smtlib-2025/QF_UF/QF_UF/QG-classification/qg7/iso_icl_repgen_sk001.smt2""]"
196,5,7330,QF_UF/QG-classification/qg7/iso_icl_repgen_sk001.smt2,cdb3c700e70d8f0296130ad5ceaff2fdfa368be068e47c26332ac1bc02810ce2,56130,unsat,1,williams_first_order_carryover,a5b163da70f7a4b586276cec20529dcaf9a596daf59a01894d95ec3f4fd69c3e,2,2,0,2,4,4,baseline,baseline,"[""staged-10"",""staged-100"",""staged-0"",""staged-1000"",""baseline"",""staged-10000""]",parser_inclusive_subprocess_wall_clock,1,timeout,2.006650746,124,-9,1,timeout,exceeded 2 seconds,,,"[""/net/scratch/hscra/plgrid/plgnasqret/codex-control/projects/euf-viper/runs/20260727T073625Z-staged-qg7-e9fef17/target/release/euf-viper"",""fabric-solve"",""--engine"",""quotient-portfolio"",""/net/scratch/hscra/plgrid/plgnasqret/codex-control/projects/euf-viper/corpora/9b39c70a794d52277a4e5d83731f0ebc50a2f3b804eb1dfc8cf32766a5ebeadc/smtlib-2025/QF_UF/QF_UF/QG-classification/qg7/iso_icl_repgen_sk001.smt2""]"
197,5,7330,QF_UF/QG-classification/qg7/iso_icl_repgen_sk001.smt2,cdb3c700e70d8f0296130ad5ceaff2fdfa368be068e47c26332ac1bc02810ce2,56130,unsat,1,williams_first_order_carryover,a5b163da70f7a4b586276cec20529dcaf9a596daf59a01894d95ec3f4fd69c3e,2,2,0,2,5,5,staged-10000,staged-10000,"[""staged-10"",""staged-100"",""staged-0"",""staged-1000"",""baseline"",""staged-10000""]",parser_inclusive_subprocess_wall_clock,1,timeout,2.009700438,124,-9,1,timeout,exceeded 2 seconds,,,"[""/net/scratch/hscra/plgrid/plgnasqret/codex-control/projects/euf-viper/runs/20260727T073625Z-staged-qg7-e9fef17/target/release/euf-viper"",""fabric-solve"",""--engine"",""quotient-portfolio"",""/net/scratch/hscra/plgrid/plgnasqret/codex-control/projects/euf-viper/corpora/9b39c70a794d52277a4e5d83731f0ebc50a2f3b804eb1dfc8cf32766a5ebeadc/smtlib-2025/QF_UF/QF_UF/QG-classification/qg7/iso_icl_repgen_sk001.smt2""]"
198,5,7330,QF_UF/QG-classification/qg7/iso_icl_repgen_sk001.smt2,cdb3c700e70d8f0296130ad5ceaff2fdfa368be068e47c26332ac1bc02810ce2,56130,unsat,1,williams_first_order_carryover,a5b163da70f7a4b586276cec20529dcaf9a596daf59a01894d95ec3f4fd69c3e,3,3,0,3,0,0,staged-100,staged-100,"[""staged-100"",""staged-1000"",""staged-10"",""staged-10000"",""staged-0"",""baseline""]",parser_inclusive_subprocess_wall_clock,1,timeout,2.009541486,124,-9,1,timeout,exceeded 2 seconds,,,"[""/net/scratch/hscra/plgrid/plgnasqret/codex-control/projects/euf-viper/runs/20260727T073625Z-staged-qg7-e9fef17/target/release/euf-viper"",""fabric-solve"",""--engine"",""quotient-portfolio"",""/net/scratch/hscra/plgrid/plgnasqret/codex-control/projects/euf-viper/corpora/9b39c70a794d52277a4e5d83731f0ebc50a2f3b804eb1dfc8cf32766a5ebeadc/smtlib-2025/QF_UF/QF_UF/QG-classification/qg7/iso_icl_repgen_sk001.smt2""]"
199,5,7330,QF_UF/QG-classification/qg7/iso_icl_repgen_sk001.smt2,cdb3c700e70d8f0296130ad5ceaff2fdfa368be068e47c26332ac1bc02810ce2,56130,unsat,1,williams_first_order_carryover,a5b163da70f7a4b586276cec20529dcaf9a596daf59a01894d95ec3f4fd69c3e,3,3,0,3,1,1,staged-1000,staged-1000,"[""staged-100"",""staged-1000"",""staged-10"",""staged-10000"",""staged-0"",""baseline""]",parser_inclusive_subprocess_wall_clock,1,timeout,2.007558588,124,-9,1,timeout,exceeded 2 seconds,,,"[""/net/scratch/hscra/plgrid/plgnasqret/codex-control/projects/euf-viper/runs/20260727T073625Z-staged-qg7-e9fef17/target/release/euf-viper"",""fabric-solve"",""--engine"",""quotient-portfolio"",""/net/scratch/hscra/plgrid/plgnasqret/codex-control/projects/euf-viper/corpora/9b39c70a794d52277a4e5d83731f0ebc50a2f3b804eb1dfc8cf32766a5ebeadc/smtlib-2025/QF_UF/QF_UF/QG-classification/qg7/iso_icl_repgen_sk001.smt2""]"
200,5,7330,QF_UF/QG-classification/qg7/iso_icl_repgen_sk001.smt2,cdb3c700e70d8f0296130ad5ceaff2fdfa368be068e47c26332ac1bc02810ce2,56130,unsat,1,williams_first_order_carryover,a5b163da70f7a4b586276cec20529dcaf9a596daf59a01894d95ec3f4fd69c3e,3,3,0,3,2,2,staged-10,staged-10,"[""staged-100"",""staged-1000"",""staged-10"",""staged-10000"",""staged-0"",""baseline""]",parser_inclusive_subprocess_wall_clock,1,timeout,2.006569756,124,-9,1,timeout,exceeded 2 seconds,,,"[""/net/scratch/hscra/plgrid/plgnasqret/codex-control/projects/euf-viper/runs/20260727T073625Z-staged-qg7-e9fef17/target/release/euf-viper"",""fabric-solve"",""--engine"",""quotient-portfolio"",""/net/scratch/hscra/plgrid/plgnasqret/codex-control/projects/euf-viper/corpora/9b39c70a794d52277a4e5d83731f0ebc50a2f3b804eb1dfc8cf32766a5ebeadc/smtlib-2025/QF_UF/QF_UF/QG-classification/qg7/iso_icl_repgen_sk001.smt2""]"
201,5,7330,QF_UF/QG-classification/qg7/iso_icl_repgen_sk001.smt2,cdb3c700e70d8f0296130ad5ceaff2fdfa368be068e47c26332ac1bc02810ce2,56130,unsat,1,williams_first_order_carryover,a5b163da70f7a4b586276cec20529dcaf9a596daf59a01894d95ec3f4fd69c3e,3,3,0,3,3,3,staged-10000,staged-10000,"[""staged-100"",""staged-1000"",""staged-10"",""staged-10000"",""staged-0"",""baseline""]",parser_inclusive_subprocess_wall_clock,1,timeout,2.008012969,124,-9,1,timeout,exceeded 2 seconds,,,"[""/net/scratch/hscra/plgrid/plgnasqret/codex-control/projects/euf-viper/runs/20260727T073625Z-staged-qg7-e9fef17/target/release/euf-viper"",""fabric-solve"",""--engine"",""quotient-portfolio"",""/net/scratch/hscra/plgrid/plgnasqret/codex-control/projects/euf-viper/corpora/9b39c70a794d52277a4e5d83731f0ebc50a2f3b804eb1dfc8cf32766a5ebeadc/smtlib-2025/QF_UF/QF_UF/QG-classification/qg7/iso_icl_repgen_sk001.smt2""]"
202,5,7330,QF_UF/QG-classification/qg7/iso_icl_repgen_sk001.smt2,cdb3c700e70d8f0296130ad5ceaff2fdfa368be068e47c26332ac1bc02810ce2,56130,unsat,1,williams_first_order_carryover,a5b163da70f7a4b586276cec20529dcaf9a596daf59a01894d95ec3f4fd69c3e,3,3,0,3,4,4,staged-0,staged-0,"[""staged-100"",""staged-1000"",""staged-10"",""staged-10000"",""staged-0"",""baseline""]",parser_inclusive_subprocess_wall_clock,1,timeout,2.008892005,124,-9,1,timeout,exceeded 2 seconds,,,"[""/net/scratch/hscra/plgrid/plgnasqret/codex-control/projects/euf-viper/runs/20260727T073625Z-staged-qg7-e9fef17/target/release/euf-viper"",""fabric-solve"",""--engine"",""quotient-portfolio"",""/net/scratch/hscra/plgrid/plgnasqret/codex-control/projects/euf-viper/corpora/9b39c70a794d52277a4e5d83731f0ebc50a2f3b804eb1dfc8cf32766a5ebeadc/smtlib-2025/QF_UF/QF_UF/QG-classification/qg7/iso_icl_repgen_sk001.smt2""]"
203,5,7330,QF_UF/QG-classification/qg7/iso_icl_repgen_sk001.smt2,cdb3c700e70d8f0296130ad5ceaff2fdfa368be068e47c26332ac1bc02810ce2,56130,unsat,1,williams_first_order_carryover,a5b163da70f7a4b586276cec20529dcaf9a596daf59a01894d95ec3f4fd69c3e,3,3,0,3,5,5,baseline,baseline,"[""staged-100"",""staged-1000"",""staged-10"",""staged-10000"",""staged-0"",""baseline""]",parser_inclusive_subprocess_wall_clock,1,timeout,2.007277211,124,-9,1,timeout,exceeded 2 seconds,,,"[""/net/scratch/hscra/plgrid/plgnasqret/codex-control/projects/euf-viper/runs/20260727T073625Z-staged-qg7-e9fef17/target/release/euf-viper"",""fabric-solve"",""--engine"",""quotient-portfolio"",""/net/scratch/hscra/plgrid/plgnasqret/codex-control/projects/euf-viper/corpora/9b39c70a794d52277a4e5d83731f0ebc50a2f3b804eb1dfc8cf32766a5ebeadc/smtlib-2025/QF_UF/QF_UF/QG-classification/qg7/iso_icl_repgen_sk001.smt2""]"
204,5,7330,QF_UF/QG-classification/qg7/iso_icl_repgen_sk001.smt2,cdb3c700e70d8f0296130ad5ceaff2fdfa368be068e47c26332ac1bc02810ce2,56130,unsat,1,williams_first_order_carryover,a5b163da70f7a4b586276cec20529dcaf9a596daf59a01894d95ec3f4fd69c3e,4,4,0,4,0,0,staged-1000,staged-1000,"[""staged-1000"",""staged-10000"",""staged-100"",""baseline"",""staged-10"",""staged-0""]",parser_inclusive_subprocess_wall_clock,1,timeout,2.008194728,124,-9,1,timeout,exceeded 2 seconds,,,"[""/net/scratch/hscra/plgrid/plgnasqret/codex-control/projects/euf-viper/runs/20260727T073625Z-staged-qg7-e9fef17/target/release/euf-viper"",""fabric-solve"",""--engine"",""quotient-portfolio"",""/net/scratch/hscra/plgrid/plgnasqret/codex-control/projects/euf-viper/corpora/9b39c70a794d52277a4e5d83731f0ebc50a2f3b804eb1dfc8cf32766a5ebeadc/smtlib-2025/QF_UF/QF_UF/QG-classification/qg7/iso_icl_repgen_sk001.smt2""]"
205,5,7330,QF_UF/QG-classification/qg7/iso_icl_repgen_sk001.smt2,cdb3c700e70d8f0296130ad5ceaff2fdfa368be068e47c26332ac1bc02810ce2,56130,unsat,1,williams_first_order_carryover,a5b163da70f7a4b586276cec20529dcaf9a596daf59a01894d95ec3f4fd69c3e,4,4,0,4,1,1,staged-10000,staged-10000,"[""staged-1000"",""staged-10000"",""staged-100"",""baseline"",""staged-10"",""staged-0""]",parser_inclusive_subprocess_wall_clock,1,timeout,2.006414172,124,-9,1,timeout,exceeded 2 seconds,,,"[""/net/scratch/hscra/plgrid/plgnasqret/codex-control/projects/euf-viper/runs/20260727T073625Z-staged-qg7-e9fef17/target/release/euf-viper"",""fabric-solve"",""--engine"",""quotient-portfolio"",""/net/scratch/hscra/plgrid/plgnasqret/codex-control/projects/euf-viper/corpora/9b39c70a794d52277a4e5d83731f0ebc50a2f3b804eb1dfc8cf32766a5ebeadc/smtlib-2025/QF_UF/QF_UF/QG-classification/qg7/iso_icl_repgen_sk001.smt2""]"
206,5,7330,QF_UF/QG-classification/qg7/iso_icl_repgen_sk001.smt2,cdb3c700e70d8f0296130ad5ceaff2fdfa368be068e47c26332ac1bc02810ce2,56130,unsat,1,williams_first_order_carryover,a5b163da70f7a4b586276cec20529dcaf9a596daf59a01894d95ec3f4fd69c3e,4,4,0,4,2,2,staged-100,staged-100,"[""staged-1000"",""staged-10000"",""staged-100"",""baseline"",""staged-10"",""staged-0""]",parser_inclusive_subprocess_wall_clock,1,timeout,2.007976815,124,-9,1,timeout,exceeded 2 seconds,,,"[""/net/scratch/hscra/plgrid/plgnasqret/codex-control/projects/euf-viper/runs/20260727T073625Z-staged-qg7-e9fef17/target/release/euf-viper"",""fabric-solve"",""--engine"",""quotient-portfolio"",""/net/scratch/hscra/plgrid/plgnasqret/codex-control/projects/euf-viper/corpora/9b39c70a794d52277a4e5d83731f0ebc50a2f3b804eb1dfc8cf32766a5ebeadc/smtlib-2025/QF_UF/QF_UF/QG-classification/qg7/iso_icl_repgen_sk001.smt2""]"
207,5,7330,QF_UF/QG-classification/qg7/iso_icl_repgen_sk001.smt2,cdb3c700e70d8f0296130ad5ceaff2fdfa368be068e47c26332ac1bc02810ce2,56130,unsat,1,williams_first_order_carryover,a5b163da70f7a4b586276cec20529dcaf9a596daf59a01894d95ec3f4fd69c3e,4,4,0,4,3,3,baseline,baseline,"[""staged-1000"",""staged-10000"",""staged-100"",""baseline"",""staged-10"",""staged-0""]",parser_inclusive_subprocess_wall_clock,1,timeout,2.007618185,124,-9,1,timeout,exceeded 2 seconds,,,"[""/net/scratch/hscra/plgrid/plgnasqret/codex-control/projects/euf-viper/runs/20260727T073625Z-staged-qg7-e9fef17/target/release/euf-viper"",""fabric-solve"",""--engine"",""quotient-portfolio"",""/net/scratch/hscra/plgrid/plgnasqret/codex-control/projects/euf-viper/corpora/9b39c70a794d52277a4e5d83731f0ebc50a2f3b804eb1dfc8cf32766a5ebeadc/smtlib-2025/QF_UF/QF_UF/QG-classification/qg7/iso_icl_repgen_sk001.smt2""]"
208,5,7330,QF_UF/QG-classification/qg7/iso_icl_repgen_sk001.smt2,cdb3c700e70d8f0296130ad5ceaff2fdfa368be068e47c26332ac1bc02810ce2,56130,unsat,1,williams_first_order_carryover,a5b163da70f7a4b586276cec20529dcaf9a596daf59a01894d95ec3f4fd69c3e,4,4,0,4,4,4,staged-10,staged-10,"[""staged-1000"",""staged-10000"",""staged-100"",""baseline"",""staged-10"",""staged-0""]",parser_inclusive_subprocess_wall_clock,1,timeout,2.008635541,124,-9,1,timeout,exceeded 2 seconds,,,"[""/net/scratch/hscra/plgrid/plgnasqret/codex-control/projects/euf-viper/runs/20260727T073625Z-staged-qg7-e9fef17/target/release/euf-viper"",""fabric-solve"",""--engine"",""quotient-portfolio"",""/net/scratch/hscra/plgrid/plgnasqret/codex-control/projects/euf-viper/corpora/9b39c70a794d52277a4e5d83731f0ebc50a2f3b804eb1dfc8cf32766a5ebeadc/smtlib-2025/QF_UF/QF_UF/QG-classification/qg7/iso_icl_repgen_sk001.smt2""]"
209,5,7330,QF_UF/QG-classification/qg7/iso_icl_repgen_sk001.smt2,cdb3c700e70d8f0296130ad5ceaff2fdfa368be068e47c26332ac1bc02810ce2,56130,unsat,1,williams_first_order_carryover,a5b163da70f7a4b586276cec20529dcaf9a596daf59a01894d95ec3f4fd69c3e,4,4,0,4,5,5,staged-0,staged-0,"[""staged-1000"",""staged-10000"",""staged-100"",""baseline"",""staged-10"",""staged-0""]",parser_inclusive_subprocess_wall_clock,1,timeout,2.008034055,124,-9,1,timeout,exceeded 2 seconds,,,"[""/net/scratch/hscra/plgrid/plgnasqret/codex-control/projects/euf-viper/runs/20260727T073625Z-staged-qg7-e9fef17/target/release/euf-viper"",""fabric-solve"",""--engine"",""quotient-portfolio"",""/net/scratch/hscra/plgrid/plgnasqret/codex-control/projects/euf-viper/corpora/9b39c70a794d52277a4e5d83731f0ebc50a2f3b804eb1dfc8cf32766a5ebeadc/smtlib-2025/QF_UF/QF_UF/QG-classification/qg7/iso_icl_repgen_sk001.smt2""]"
210,5,7330,QF_UF/QG-classification/qg7/iso_icl_repgen_sk001.smt2,cdb3c700e70d8f0296130ad5ceaff2fdfa368be068e47c26332ac1bc02810ce2,56130,unsat,1,williams_first_order_carryover,a5b163da70f7a4b586276cec20529dcaf9a596daf59a01894d95ec3f4fd69c3e,5,5,0,5,0,0,staged-10000,staged-10000,"[""staged-10000"",""baseline"",""staged-1000"",""staged-0"",""staged-100"",""staged-10""]",parser_inclusive_subprocess_wall_clock,1,timeout,2.006458032,124,-9,1,timeout,exceeded 2 seconds,,,"[""/net/scratch/hscra/plgrid/plgnasqret/codex-control/projects/euf-viper/runs/20260727T073625Z-staged-qg7-e9fef17/target/release/euf-viper"",""fabric-solve"",""--engine"",""quotient-portfolio"",""/net/scratch/hscra/plgrid/plgnasqret/codex-control/projects/euf-viper/corpora/9b39c70a794d52277a4e5d83731f0ebc50a2f3b804eb1dfc8cf32766a5ebeadc/smtlib-2025/QF_UF/QF_UF/QG-classification/qg7/iso_icl_repgen_sk001.smt2""]"
211,5,7330,QF_UF/QG-classification/qg7/iso_icl_repgen_sk001.smt2,cdb3c700e70d8f0296130ad5ceaff2fdfa368be068e47c26332ac1bc02810ce2,56130,unsat,1,williams_first_order_carryover,a5b163da70f7a4b586276cec20529dcaf9a596daf59a01894d95ec3f4fd69c3e,5,5,0,5,1,1,baseline,baseline,"[""staged-10000"",""baseline"",""staged-1000"",""staged-0"",""staged-100"",""staged-10""]",parser_inclusive_subprocess_wall_clock,1,timeout,2.006263423,124,-9,1,timeout,exceeded 2 seconds,,,"[""/net/scratch/hscra/plgrid/plgnasqret/codex-control/projects/euf-viper/runs/20260727T073625Z-staged-qg7-e9fef17/target/release/euf-viper"",""fabric-solve"",""--engine"",""quotient-portfolio"",""/net/scratch/hscra/plgrid/plgnasqret/codex-control/projects/euf-viper/corpora/9b39c70a794d52277a4e5d83731f0ebc50a2f3b804eb1dfc8cf32766a5ebeadc/smtlib-2025/QF_UF/QF_UF/QG-classification/qg7/iso_icl_repgen_sk001.smt2""]"
212,5,7330,QF_UF/QG-classification/qg7/iso_icl_repgen_sk001.smt2,cdb3c700e70d8f0296130ad5ceaff2fdfa368be068e47c26332ac1bc02810ce2,56130,unsat,1,williams_first_order_carryover,a5b163da70f7a4b586276cec20529dcaf9a596daf59a01894d95ec3f4fd69c3e,5,5,0,5,2,2,staged-1000,staged-1000,"[""staged-10000"",""baseline"",""staged-1000"",""staged-0"",""staged-100"",""staged-10""]",parser_inclusive_subprocess_wall_clock,1,timeout,2.008696628,124,-9,1,timeout,exceeded 2 seconds,,,"[""/net/scratch/hscra/plgrid/plgnasqret/codex-control/projects/euf-viper/runs/20260727T073625Z-staged-qg7-e9fef17/target/release/euf-viper"",""fabric-solve"",""--engine"",""quotient-portfolio"",""/net/scratch/hscra/plgrid/plgnasqret/codex-control/projects/euf-viper/corpora/9b39c70a794d52277a4e5d83731f0ebc50a2f3b804eb1dfc8cf32766a5ebeadc/smtlib-2025/QF_UF/QF_UF/QG-classification/qg7/iso_icl_repgen_sk001.smt2""]"
213,5,7330,QF_UF/QG-classification/qg7/iso_icl_repgen_sk001.smt2,cdb3c700e70d8f0296130ad5ceaff2fdfa368be068e47c26332ac1bc02810ce2,56130,unsat,1,williams_first_order_carryover,a5b163da70f7a4b586276cec20529dcaf9a596daf59a01894d95ec3f4fd69c3e,5,5,0,5,3,3,staged-0,staged-0,"[""staged-10000"",""baseline"",""staged-1000"",""staged-0"",""staged-100"",""staged-10""]",parser_inclusive_subprocess_wall_clock,1,timeout,2.008717922,124,-9,1,timeout,exceeded 2 seconds,,,"[""/net/scratch/hscra/plgrid/plgnasqret/codex-control/projects/euf-viper/runs/20260727T073625Z-staged-qg7-e9fef17/target/release/euf-viper"",""fabric-solve"",""--engine"",""quotient-portfolio"",""/net/scratch/hscra/plgrid/plgnasqret/codex-control/projects/euf-viper/corpora/9b39c70a794d52277a4e5d83731f0ebc50a2f3b804eb1dfc8cf32766a5ebeadc/smtlib-2025/QF_UF/QF_UF/QG-classification/qg7/iso_icl_repgen_sk001.smt2""]"
214,5,7330,QF_UF/QG-classification/qg7/iso_icl_repgen_sk001.smt2,cdb3c700e70d8f0296130ad5ceaff2fdfa368be068e47c26332ac1bc02810ce2,56130,unsat,1,williams_first_order_carryover,a5b163da70f7a4b586276cec20529dcaf9a596daf59a01894d95ec3f4fd69c3e,5,5,0,5,4,4,staged-100,staged-100,"[""staged-10000"",""baseline"",""staged-1000"",""staged-0"",""staged-100"",""staged-10""]",parser_inclusive_subprocess_wall_clock,1,timeout,2.008359422,124,-9,1,timeout,exceeded 2 seconds,,,"[""/net/scratch/hscra/plgrid/plgnasqret/codex-control/projects/euf-viper/runs/20260727T073625Z-staged-qg7-e9fef17/target/release/euf-viper"",""fabric-solve"",""--engine"",""quotient-portfolio"",""/net/scratch/hscra/plgrid/plgnasqret/codex-control/projects/euf-viper/corpora/9b39c70a794d52277a4e5d83731f0ebc50a2f3b804eb1dfc8cf32766a5ebeadc/smtlib-2025/QF_UF/QF_UF/QG-classification/qg7/iso_icl_repgen_sk001.smt2""]"
215,5,7330,QF_UF/QG-classification/qg7/iso_icl_repgen_sk001.smt2,cdb3c700e70d8f0296130ad5ceaff2fdfa368be068e47c26332ac1bc02810ce2,56130,unsat,1,williams_first_order_carryover,a5b163da70f7a4b586276cec20529dcaf9a596daf59a01894d95ec3f4fd69c3e,5,5,0,5,5,5,staged-10,staged-10,"[""staged-10000"",""baseline"",""staged-1000"",""staged-0"",""staged-100"",""staged-10""]",parser_inclusive_subprocess_wall_clock,1,timeout,2.007908046,124,-9,1,timeout,exceeded 2 seconds,,,"[""/net/scratch/hscra/plgrid/plgnasqret/codex-control/projects/euf-viper/runs/20260727T073625Z-staged-qg7-e9fef17/target/release/euf-viper"",""fabric-solve"",""--engine"",""quotient-portfolio"",""/net/scratch/hscra/plgrid/plgnasqret/codex-control/projects/euf-viper/corpora/9b39c70a794d52277a4e5d83731f0ebc50a2f3b804eb1dfc8cf32766a5ebeadc/smtlib-2025/QF_UF/QF_UF/QG-classification/qg7/iso_icl_repgen_sk001.smt2""]"
